system:index,B1,B11,B12,B2,B3,B4,B5,B6,B7,B8,B8A,B9,BSI,EVI,FAI,GNDVI,MNDWI,NBAI,NBI,NDAVI,NDBI,NDBSI,NDVI,NDWI,RENDVI,SAVI,VH,VV,WAVI,landcover,.geo
1_1_1_1_1_19_0,0.0465,0.1266,0.0522,0.0453,0.065,0.033,0.0985,0.3257,0.4076,0.3932,0.4338,0.2707,-0.46631,0.71956533,0.34361216,0.7162811,-0.32150313,-0.41610736,0.0043809763,0.7933866,-0.76560396,-0.4729494,0.84514314,-0.7162811,0.5993492,0.5833513,-13.929481,-7.1805844,0.5560469,0,"{""geodesic"":false,""type"":""Point"",""coordinates"":[110.4416521708724,-7.269370373456579]}"
1_1_1_1_1_28_0,0.0445,0.1428,0.0588,0.0465,0.0648,0.0374,0.0988,0.2951,0.3645,0.378,0.408,0.399,-0.40400198,0.6792167,0.32192096,0.70731705,-0.37572253,-0.41666666,0.005817778,0.7809187,-0.7307692,-0.50871634,0.8199326,-0.70731705,0.58557045,0.5581167,-12.116654,-5.738763,0.5378583,0,"{""geodesic"":false,""type"":""Point"",""coordinates"":[110.44897235582289,-7.283580682285972]}"
1_1_1_1_1_164_0,0.0442,0.1058,0.0489,0.045,0.0616,0.0364,0.0929,0.2391,0.2742,0.2944,0.298,0.2445,-0.40946844,0.54879606,0.2457009,0.6539326,-0.26403823,-0.36780867,0.00604606,0.73482615,-0.715118,-0.403183,0.77992743,-0.6539326,0.52026856,0.46581608,-13.7935705,-6.747148,0.4456755,0,"{""geodesic"":false,""type"":""Point"",""coordinates"":[110.44097636568593,-7.303018551327557]}"
1_1_1_1_1_8_0,0.0422,0.1319,0.0539,0.0424,0.0626,0.0346,0.0956,0.3067,0.3733,0.3788,0.4052,0.3644,-0.4333844,0.67841375,0.32695645,0.71635705,-0.35629818,-0.41980624,0.004923284,0.7986705,-0.75086665,-0.5134825,0.8326076,-0.71635705,0.5969646,0.5652507,-14.2668705,-7.3691664,0.54776376,0,"{""geodesic"":false,""type"":""Point"",""coordinates"":[110.44191901635585,-7.273350695638974]}"
1_1_1_1_1_87_0,0.0462,0.0766,0.0367,0.0464,0.0631,0.0379,0.0818,0.1965,0.2419,0.2812,0.2365,0.1421,-0.48201764,0.52408236,0.23644155,0.63345915,-0.096635625,-0.35216242,0.0049464083,0.71672773,-0.7691098,-0.24552846,0.7624569,-0.63345915,0.5493113,0.44555,-18.323545,-7.910891,0.4255679,0,"{""geodesic"":false,""type"":""Point"",""coordinates"":[110.42624330301358,-7.276587471038651]}"
1_1_1_1_1_196_0,0.048,0.0556,0.0268,0.0479,0.0656,0.0382,0.0779,0.1601,0.1533,0.2658,0.1578,0.0608,-0.5396319,0.5009905,0.22451636,0.6041038,0.082508266,-0.34951457,0.0038516175,0.6946127,-0.8168148,-0.07439613,0.7486842,-0.6041038,0.5466977,0.42462686,-16.953876,-8.840401,0.40168366,0,"{""geodesic"":false,""type"":""Point"",""coordinates"":[110.43866068388871,-7.271085312910026]}"
1_1_1_1_1_18_0,0.046,0.1149,0.0475,0.0445,0.0669,0.0375,0.1001,0.2697,0.3306,0.3575,0.3519,0.3324,-0.45021644,0.6406406,0.30628312,0.68473136,-0.2640264,-0.41502464,0.004982518,0.77860695,-0.7654321,-0.4416562,0.81012654,-0.68473136,0.5625,0.5363128,-15.425829,-5.372069,0.52050996,0,"{""geodesic"":false,""type"":""Point"",""coordinates"":[110.44119856770878,-7.269912541087905]}"
1_1_1_1_1_171_0,0.0471,0.1201,0.0511,0.0486,0.0672,0.0381,0.0952,0.2562,0.3294,0.3271,0.3402,0.3306,-0.40737966,0.60653126,0.27446792,0.6591428,-0.2824346,-0.40303737,0.005952033,0.74128294,-0.7297726,-0.4238293,0.7913472,-0.6591428,0.5491357,0.5010402,-14.419502,-2.778151,0.47704694,0,"{""geodesic"":false,""type"":""Point"",""coordinates"":[110.43181925976452,-7.308705727504142]}"
1_1_1_1_1_6_0,0.0416,0.0933,0.0474,0.0444,0.0591,0.0379,0.0856,0.1943,0.2277,0.2461,0.2506,0.2121,-0.37775669,0.45637876,0.19838198,0.612713,-0.22440946,-0.326226,0.007299716,0.69432014,-0.6770017,-0.35511982,0.73309857,-0.612713,0.48387095,0.39834183,-15.8305855,-11.1515875,0.38273245,0,"{""geodesic"":false,""type"":""Point"",""coordinates"":[110.44382090420578,-7.273714851299691]}"
1_1_1_1_1_17_0,0.0423,0.11,0.0551,0.0412,0.0594,0.0378,0.0853,0.1923,0.218,0.2475,0.2381,0.1862,-0.32279497,0.44988415,0.19690467,0.61290324,-0.2987013,-0.33252573,0.008415272,0.7145826,-0.6358229,-0.45502645,0.7350158,-0.61290324,0.48737982,0.40054756,-12.071803,-8.334316,0.39235452,0,"{""geodesic"":false,""type"":""Point"",""coordinates"":[110.44463774699865,-7.272449490933434]}"
1_1_1_1_1_114_0,0.0412,0.1011,0.0463,0.0448,0.0602,0.0358,0.0886,0.2218,0.2829,0.2899,0.2903,0.3006,-0.41942325,0.5435527,0.2425275,0.65609825,-0.25356477,-0.37177745,0.005717627,0.7322976,-0.7245687,-0.38588074,0.7801658,-0.65609825,0.5318362,0.46160835,-12.524541,-7.106625,0.44045767,0,"{""geodesic"":false,""type"":""Point"",""coordinates"":[110.43698664322048,-7.305908127168558]}"
1_1_1_1_1_86_0,0.0461,0.0796,0.0386,0.0485,0.0681,0.0378,0.0877,0.2136,0.2311,0.3341,0.244,0.0973,-0.53040004,0.61876124,0.28889218,0.6613625,-0.077860534,-0.34686968,0.0043671955,0.7464715,-0.7928629,-0.24277906,0.79671955,-0.6613625,0.5841631,0.5097488,-18.201345,-7.844176,0.4853841,0,"{""geodesic"":false,""type"":""Point"",""coordinates"":[110.42624261357751,-7.277130195018263]}"
1_1_1_1_1_74_0,0.0464,0.1306,0.0537,0.0491,0.0638,0.038,0.0976,0.3032,0.3759,0.382,0.4111,0.4073,-0.43771884,0.692571,0.3275894,0.713773,-0.34362143,-0.4172545,0.0053418847,0.7722106,-0.7535001,-0.45353368,0.81904763,-0.713773,0.59299415,0.5608696,-14.977741,-4.674199,0.53630114,0,"{""geodesic"":false,""type"":""Point"",""coordinates"":[110.43109381934106,-7.3092475376678925]}"
1_1_1_1_1_12_0,0.0384,0.1294,0.0544,0.0424,0.0564,0.0319,0.091,0.2898,0.3598,0.3632,0.3934,0.3906,-0.4309402,0.6697801,0.31402102,0.73117256,-0.39289558,-0.40805224,0.0047779735,0.79092705,-0.7394636,-0.5064028,0.8385219,-0.73117256,0.5992955,0.5551894,-12.492304,-5.106145,0.53136045,0,"{""geodesic"":false,""type"":""Point"",""coordinates"":[110.44553973356376,-7.275616500781922]}"
1_1_1_1_1_177_0,0.0439,0.0534,0.0288,0.043,0.0594,0.0363,0.0586,0.1072,0.149,0.223,0.1415,0.0663,-0.49564242,0.4173746,0.18366954,0.57932013,0.053191498,-0.29927006,0.0046880716,0.6766917,-0.771247,-0.10788379,0.7200154,-0.57932013,0.5838068,0.36882657,-18.675755,-10.601159,0.3524804,0,"{""geodesic"":false,""type"":""Point"",""coordinates"":[110.41896984281267,-7.297111256316171]}"
1_1_1_1_1_198_0,0.0452,0.0396,0.0205,0.0436,0.0561,0.0356,0.074,0.1427,0.1685,0.1686,0.1602,0.1008,-0.47668755,0.31510612,0.13229111,0.5006676,0.1724138,-0.31780365,0.0043285885,0.5890669,-0.7831835,0.04807693,0.65132225,-0.5006676,0.3899423,0.2833002,-23.483767,-11.781853,0.26326874,0,"{""geodesic"":false,""type"":""Point"",""coordinates"":[110.4383012587553,-7.268733054539446]}"
1_1_1_1_1_99_0,0.0419,0.1286,0.0558,0.0469,0.0622,0.037,0.0903,0.2659,0.3296,0.3155,0.3651,0.378,-0.37272725,0.5871811,0.26226658,0.6706381,-0.3480084,-0.39479396,0.0065438985,0.74117,-0.6994344,-0.46552706,0.7900709,-0.6706381,0.55495316,0.4900293,-12.011255,-2.1655872,0.4671846,0,"{""geodesic"":false,""type"":""Point"",""coordinates"":[110.44725824515253,-7.2777895076433134]}"
1_1_1_1_1_42_0,0.043,0.1342,0.057,0.0439,0.068,0.0357,0.1019,0.3013,0.3643,0.3631,0.3959,0.3985,-0.41098976,0.65582305,0.30994377,0.68452793,-0.32739863,-0.4037657,0.0056042415,0.7842752,-0.728636,-0.5070185,0.8209629,-0.68452793,0.56172043,0.5463952,-11.095469,-4.324211,0.52789414,0,"{""geodesic"":false,""type"":""Point"",""coordinates"":[110.44660070895983,-7.296874585013961]}"
1_1_1_1_1_83_0,0.0414,0.0728,0.0321,0.0435,0.0623,0.036,0.0762,0.1872,0.2202,0.2745,0.2575,0.0668,-0.49015933,0.5121323,0.2319783,0.6300475,-0.077720225,-0.3879886,0.0042098355,0.7264151,-0.7906067,-0.25193468,0.76811594,-0.6300475,0.56544054,0.4413942,-16.225702,-11.821401,0.42359415,0,"{""geodesic"":false,""type"":""Point"",""coordinates"":[110.42287918504692,-7.286261783511894]}"
1_1_1_1_1_154_0,0.0446,0.1095,0.0477,0.0464,0.0662,0.038,0.0954,0.2557,0.3011,0.328,0.3407,0.2838,-0.43475762,0.6001656,0.27732873,0.66412985,-0.24644276,-0.39312977,0.005526219,0.75213677,-0.746074,-0.40474662,0.79234976,-0.66412985,0.5493623,0.5023095,-17.610981,-3.5955267,0.48307413,0,"{""geodesic"":false,""type"":""Point"",""coordinates"":[110.44679765517478,-7.284030301496979]}"
1_1_1_1_1_110_0,0.0464,0.1314,0.0543,0.0478,0.067,0.0371,0.0992,0.3044,0.3755,0.3765,0.4098,0.4073,-0.43151146,0.6839433,0.3226881,0.697858,-0.32459676,-0.4151858,0.005350677,0.7746877,-0.74791086,-0.46651787,0.8205996,-0.697858,0.58293045,0.5572461,-9.932625,-5.220176,0.5334307,0,"{""geodesic"":false,""type"":""Point"",""coordinates"":[110.430821921872,-7.30933764871627]}"
1_1_1_1_1_182_0,0.0458,0.099,0.0605,0.0522,0.0725,0.0448,0.0885,0.1867,0.2414,0.2714,0.253,0.1377,-0.38468122,0.4931662,0.21699466,0.5783658,-0.15451896,-0.2413793,0.009986735,0.6773795,-0.63543236,-0.3095238,0.71663505,-0.5783658,0.5081967,0.41644207,-13.536748,-5.4208746,0.39922294,0,"{""geodesic"":false,""type"":""Point"",""coordinates"":[110.42478410366785,-7.284274219539982]}"
1_1_1_1_1_130_0,0.0415,0.0949,0.0433,0.0461,0.061,0.0358,0.083,0.1992,0.2426,0.3028,0.2649,0.293,-0.4549625,0.56961215,0.25652626,0.6646509,-0.21744706,-0.37337193,0.0051193526,0.7357409,-0.7497833,-0.34609926,0.7885411,-0.6646509,0.5697253,0.47758168,-15.351552,-6.3477206,0.453587,0,"{""geodesic"":false,""type"":""Point"",""coordinates"":[110.44246075422222,-7.274798632796183]}"
1_1_1_1_1_168_0,0.0442,0.1098,0.0481,0.0458,0.0612,0.0352,0.091,0.2485,0.2952,0.252,0.3186,0.3685,-0.34507677,0.48405823,0.20357935,0.6091954,-0.28421053,-0.39075366,0.0067187296,0.692411,-0.6794402,-0.41131106,0.75487465,-0.6091954,0.46938777,0.41310975,-13.647816,-9.981954,0.38769117,0,"{""geodesic"":false,""type"":""Point"",""coordinates"":[110.4350828117001,-7.306991197643602]}"
1_1_1_1_1_149_0,0.0446,0.0592,0.0266,0.0469,0.0612,0.0372,0.0683,0.137,0.1452,0.2184,0.1748,0.097,-0.46696156,0.41565353,0.17730115,0.5622318,0.016611299,-0.37995338,0.0045307693,0.646438,-0.7828571,-0.11592837,0.7089202,-0.5622318,0.5235438,0.35971415,-17.161669,-13.965765,0.3361427,0,"{""geodesic"":false,""type"":""Point"",""coordinates"":[110.44553018039463,-7.283395569539917]}"
1_1_1_1_1_121_0,0.0423,0.1284,0.0549,0.0461,0.0641,0.0358,0.0991,0.2966,0.3544,0.3584,0.3943,0.245,-0.42254263,0.65705323,0.30618936,0.6965681,-0.33402598,-0.40098196,0.0054838727,0.77206427,-0.7343334,-0.47163323,0.8183663,-0.6965681,0.5667759,0.5411541,-11.804342,-3.4365785,0.5179104,0,"{""geodesic"":false,""type"":""Point"",""coordinates"":[110.44742280445134,-7.2913578732212]}"
1_1_1_1_1_90_0,0.0436,0.1006,0.0442,0.0454,0.0654,0.0365,0.0938,0.2586,0.3423,0.3398,0.3529,0.1303,-0.47501436,0.62238365,0.29194015,0.67719644,-0.2120482,-0.38950276,0.0047477926,0.7642783,-0.76979166,-0.37808216,0.80600584,-0.67719644,0.5673432,0.51917154,-13.958382,-6.248093,0.4988703,0,"{""geodesic"":false,""type"":""Point"",""coordinates"":[110.42134902057394,-7.278571235243045]}"
1_1_1_1_1_126_0,0.0409,0.1106,0.0502,0.041,0.0582,0.0348,0.0904,0.2372,0.2825,0.2984,0.3049,0.3105,-0.40016502,0.549304,0.25016668,0.67358387,-0.31042653,-0.37562189,0.0058544236,0.75839716,-0.71199083,-0.4591029,0.7911165,-0.67358387,0.53497946,0.47455594,-15.701215,-8.89929,0.45997143,0,"{""geodesic"":false,""type"":""Point"",""coordinates"":[110.44626199628453,-7.277607381906284]}"
1_1_1_1_1_11_0,0.0395,0.1354,0.059,0.0416,0.0584,0.0326,0.0956,0.285,0.3453,0.3651,0.3843,0.3598,-0.41534713,0.6656923,0.31428173,0.72420305,-0.3973168,-0.3930041,0.005268146,0.7954266,-0.72176373,-0.52994347,0.8360573,-0.72420305,0.58497936,0.5555865,-15.141593,-4.213876,0.53518254,0,"{""geodesic"":false,""type"":""Point"",""coordinates"":[110.44445368129023,-7.274801080576994]}"
1_1_1_1_1_197_0,0.0457,0.0495,0.0239,0.0474,0.0602,0.037,0.0741,0.1264,0.1564,0.2259,0.1581,0.1327,-0.5191773,0.432305,0.18668474,0.57916814,0.09753873,-0.34877384,0.0039145644,0.6531284,-0.8086469,-0.02167181,0.71852416,-0.57916814,0.506,0.3714117,-15.528881,-6.1350574,0.34624335,0,"{""geodesic"":false,""type"":""Point"",""coordinates"":[110.43757589333593,-7.269274881596063]}"
1_1_1_1_1_185_0,0.0424,0.0677,0.0351,0.0471,0.0616,0.0386,0.0733,0.1474,0.1474,0.2389,0.1587,0.0719,-0.4580678,0.4481987,0.1951429,0.59001666,-0.0471771,-0.31712058,0.0056712436,0.6706294,-0.74379563,-0.1794425,0.7218018,-0.59001666,0.53042924,0.38643086,-15.1092415,-8.82009,0.36603054,0,"{""geodesic"":false,""type"":""Point"",""coordinates"":[110.42361129609532,-7.280473655957816]}"
1_1_1_1_1_146_0,0.0444,0.0646,0.032,0.0475,0.0629,0.0374,0.0788,0.1799,0.2055,0.2658,0.2011,0.0637,-0.5087888,0.5035495,0.2235796,0.6172802,-0.013333325,-0.33747408,0.0045026336,0.6967763,-0.7850907,-0.15254237,0.75329816,-0.6172802,0.54265815,0.42654383,-14.803924,-10.046067,0.40261897,0,"{""geodesic"":false,""type"":""Point"",""coordinates"":[110.44489739013065,-7.282309341068946]}"
1_1_1_1_1_23_0,0.0428,0.1229,0.0498,0.0451,0.0576,0.0306,0.0883,0.2925,0.3649,0.3704,0.4012,0.3633,-0.46045694,0.69874567,0.32344255,0.73084116,-0.36177287,-0.42327735,0.004114147,0.78291214,-0.76297003,-0.46309525,0.84738153,-0.73084116,0.61499894,0.56570476,-11.337423,-12.935112,0.5329875,0,"{""geodesic"":false,""type"":""Point"",""coordinates"":[110.44798107137866,-7.279328115044492]}"
1_1_1_1_1_147_0,0.0438,0.0574,0.0256,0.0467,0.063,0.0366,0.0696,0.1417,0.1853,0.2632,0.175,0.0513,-0.53453827,0.50019866,0.22291383,0.61373395,0.046511643,-0.38313255,0.0035598783,0.69861245,-0.8227147,-0.102785766,0.7558372,-0.61373395,0.5817308,0.42498127,-10.633278,-9.413359,0.40097544,0,"{""geodesic"":false,""type"":""Point"",""coordinates"":[110.44535078040498,-7.281948079187775]}"
1_1_1_1_1_5_0,0.0414,0.0295,0.016,0.0469,0.0531,0.0363,0.0541,0.0864,0.0959,0.113,0.0961,0.0364,-0.41692513,0.19585311,0.077905096,0.3606261,0.2857143,-0.29670328,0.0051398235,0.41338336,-0.751938,0.22774869,0.51373076,-0.3606261,0.35248354,0.17719081,-19.112852,-15.281369,0.15025003,0,"{""geodesic"":false,""type"":""Point"",""coordinates"":[110.4479029725833,-7.269106663601863]}"
1_1_1_1_1_158_0,0.0432,0.1023,0.0437,0.0425,0.0624,0.0362,0.0948,0.2468,0.2899,0.2977,0.2897,0.2884,-0.42134947,0.54654515,0.2497857,0.6534296,-0.24225868,-0.4013699,0.0053138733,0.750147,-0.7439953,-0.41298345,0.7831686,-0.6534296,0.5169427,0.47038013,-15.948166,-3.7511709,0.4556058,0,"{""geodesic"":false,""type"":""Point"",""coordinates"":[110.445604975543,-7.296240183719143]}"
1_1_1_1_1_73_0,0.0408,0.1325,0.0546,0.0439,0.0647,0.0345,0.0997,0.3051,0.3728,0.3771,0.4099,0.41,-0.4319728,0.6825517,0.3252324,0.7071073,-0.34381336,-0.41635486,0.004995227,0.7914489,-0.74704653,-0.50226754,0.8323615,-0.7071073,0.5817953,0.5637341,-12.121974,-8.954707,0.542671,0,"{""geodesic"":false,""type"":""Point"",""coordinates"":[110.4349875578278,-7.31069969848886]}"
1_1_1_1_1_119_0,0.0441,0.1204,0.0522,0.0492,0.0631,0.0359,0.0984,0.2724,0.3258,0.3131,0.3408,0.3078,-0.39722332,0.5976714,0.26222488,0.6645401,-0.31226155,-0.39513323,0.005985244,0.7284019,-0.71420753,-0.4198113,0.7942693,-0.6645401,0.52174973,0.48975265,-13.119005,-4.668279,0.459063,0,"{""geodesic"":false,""type"":""Point"",""coordinates"":[110.44723895992087,-7.293528554044112]}"
1_1_1_1_1_125_0,0.0419,0.1161,0.0508,0.0447,0.062,0.0356,0.0949,0.2726,0.3237,0.316,0.3436,0.2915,-0.40788448,0.58693016,0.26613376,0.6719577,-0.30376193,-0.39125225,0.0057230373,0.7521486,-0.7230098,-0.44402984,0.79749715,-0.6719577,0.5380871,0.49389386,-11.345648,-7.667592,0.47281283,0,"{""geodesic"":false,""type"":""Point"",""coordinates"":[110.44671382905534,-7.278512478520165]}"
1_1_1_1_1_54_0,0.0409,0.1777,0.0828,0.046,0.0706,0.0382,0.1136,0.3168,0.3828,0.3908,0.4208,0.4416,-0.33844033,0.6913726,0.32787773,0.69397485,-0.43133304,-0.36429942,0.008093552,0.7893773,-0.6503378,-0.5887349,0.82191145,-0.69397485,0.5495638,0.5693219,-11.787341,-9.108254,0.55209225,0,"{""geodesic"":false,""type"":""Point"",""coordinates"":[110.45094306355676,-7.301854876588824]}"
1_1_1_1_1_180_0,0.0423,0.0994,0.0461,0.0416,0.061,0.0346,0.0923,0.2388,0.2818,0.298,0.2851,0.1883,-0.43412164,0.55169237,0.2519161,0.66016716,-0.23940149,-0.366323,0.0053525507,0.7550059,-0.73205465,-0.40992907,0.7919423,-0.66016716,0.5270305,0.4745376,-15.6629715,-8.2829,0.45807528,0,"{""geodesic"":false,""type"":""Point"",""coordinates"":[110.4174373861352,-7.291229776873377]}"
1_1_1_1_1_22_0,0.0415,0.1282,0.0524,0.0425,0.0583,0.033,0.0915,0.2957,0.3664,0.3724,0.4032,0.3862,-0.44037494,0.67790514,0.3225286,0.7292779,-0.37479892,-0.41971204,0.0046433946,0.7951313,-0.75329566,-0.50205034,0.83719784,-0.7292779,0.6055184,0.5622929,-11.681894,-6.5995913,0.5408788,0,"{""geodesic"":false,""type"":""Point"",""coordinates"":[110.4475291246116,-7.278513473797134]}"
1_1_1_1_1_184_0,0.0458,0.0934,0.0454,0.0474,0.0647,0.0388,0.083,0.1917,0.2586,0.2598,0.29,0.1377,-0.39827034,0.4858851,0.21132374,0.60123265,-0.18153068,-0.34582132,0.0067802933,0.69140625,-0.70249015,-0.32670453,0.74012053,-0.60123265,0.5157526,0.4151014,-16.111567,-7.0529475,0.3946977,0,"{""geodesic"":false,""type"":""Point"",""coordinates"":[110.42505587127866,-7.284274564892307]}"
1_1_1_1_1_167_0,0.0423,0.1052,0.0482,0.0443,0.0615,0.0343,0.0873,0.2253,0.2801,0.2644,0.293,0.333,-0.37751004,0.5055143,0.21753506,0.6225836,-0.26214755,-0.37157756,0.006252874,0.71299,-0.6916187,-0.40735784,0.7703381,-0.6225836,0.50355417,0.43213972,-13.721132,-4.9081206,0.4082478,0,"{""geodesic"":false,""type"":""Point"",""coordinates"":[110.43888911216868,-7.3059104968904975]}"
1_1_1_1_1_67_0,0.0431,0.1291,0.052,0.0447,0.0582,0.034,0.0937,0.2927,0.3539,0.3536,0.3881,0.366,-0.4189526,0.6536589,0.30274633,0.7173385,-0.3785371,-0.42573163,0.0050000004,0.7755461,-0.74358976,-0.48561564,0.8245614,-0.7173385,0.5810418,0.54010814,-10.999601,-5.8707204,0.5158076,0,"{""geodesic"":false,""type"":""Point"",""coordinates"":[110.44006649358171,-7.306183322134368]}"
1_1_1_1_1_81_0,0.0431,0.1268,0.0549,0.0422,0.0642,0.0356,0.1057,0.3038,0.3643,0.3601,0.3831,0.3609,-0.42482734,0.64528316,0.30833748,0.69738394,-0.3277487,-0.3957072,0.0054274923,0.7902063,-0.73542166,-0.50059175,0.82006574,-0.69738394,0.5461571,0.54342973,-14.213942,-7.580251,0.5284828,0,"{""geodesic"":false,""type"":""Point"",""coordinates"":[110.41716619946634,-7.290777157640798]}"
1_1_1_1_1_186_0,0.0434,0.0714,0.0368,0.0453,0.0598,0.0364,0.0799,0.1727,0.208,0.2019,0.2003,0.0593,-0.39267606,0.38290685,0.15929729,0.5429882,-0.088414654,-0.31977817,0.0066345716,0.63349515,-0.6916632,-0.2236504,0.6945027,-0.5429882,0.43293115,0.33624545,-15.914081,-9.88589,0.31437367,0,"{""geodesic"":false,""type"":""Point"",""coordinates"":[110.42370176904228,-7.280564225209789]}"
1_1_1_1_1_122_0,0.0434,0.1371,0.057,0.045,0.0659,0.036,0.1026,0.3105,0.3759,0.3802,0.4105,0.3958,-0.42136052,0.68364185,0.326283,0.70455056,-0.3507389,-0.41267386,0.005397159,0.7883349,-0.73924977,-0.50576603,0.8270063,-0.70455056,0.5749793,0.56352323,-10.142796,-3.7899642,0.54345006,0,"{""geodesic"":false,""type"":""Point"",""coordinates"":[110.44751683169616,-7.288553901357321]}"
1_1_1_1_1_38_0,0.0429,0.1328,0.054,0.0429,0.0604,0.0356,0.0914,0.2995,0.3764,0.3804,0.4078,0.4003,-0.43079263,0.6775398,0.32757416,0.7259528,-0.3747412,-0.42184153,0.005053628,0.7973069,-0.7513812,-0.5116676,0.82884616,-0.7259528,0.6125477,0.56462884,-14.294783,-5.018868,0.548305,0,"{""geodesic"":false,""type"":""Point"",""coordinates"":[110.45123214070809,-7.287653879713171]}"
1_1_1_1_1_95_0,0.0475,0.0669,0.0309,0.054,0.0753,0.0416,0.0939,0.1911,0.1801,0.2525,0.1853,0.0678,-0.47710842,0.4805852,0.20641632,0.54057354,0.059071735,-0.36809817,0.0050908513,0.64763457,-0.78193367,-0.10669974,0.717103,-0.54057354,0.45785218,0.3983755,-12.589319,-10.51345,0.36918783,0,"{""geodesic"":false,""type"":""Point"",""coordinates"":[110.43965769913055,-7.270634274469177]}"
1_1_1_1_1_128_0,0.04,0.1049,0.05,0.0418,0.0578,0.0344,0.0928,0.2292,0.2734,0.3245,0.2997,0.2907,-0.4489715,0.5957368,0.27760595,0.6976197,-0.28948987,-0.3544222,0.0053004627,0.7717718,-0.7329773,-0.43012953,0.8083031,-0.6976197,0.55523604,0.5066364,-15.777413,-4.9974627,0.48949555,0,"{""geodesic"":false,""type"":""Point"",""coordinates"":[110.44445323636978,-7.275162897734039]}"
1_1_1_1_1_175_0,0.0442,0.0945,0.0513,0.0436,0.0608,0.0377,0.0858,0.1874,0.2073,0.2846,0.2326,0.2109,-0.42571676,0.52141404,0.23683387,0.6479444,-0.21699934,-0.29629627,0.006795538,0.73430836,-0.69455194,-0.3685735,0.7660565,-0.6479444,0.53671706,0.45038307,-16.099201,-10.615002,0.43648875,0,"{""geodesic"":false,""type"":""Point"",""coordinates"":[110.42168166883488,-7.3017278890323345]}"
1_1_1_1_1_155_0,0.0436,0.1181,0.0503,0.0434,0.061,0.0344,0.0976,0.2679,0.3269,0.3064,0.3584,0.2297,-0.39279315,0.57272804,0.25716665,0.66793686,-0.3188163,-0.40261284,0.0056472584,0.7518582,-0.7179703,-0.4625387,0.79812205,-0.66793686,0.5168317,0.48525214,-15.400438,-7.2292852,0.46422687,0,"{""geodesic"":false,""type"":""Point"",""coordinates"":[110.44688369732816,-7.287739037833758]}"
1_1_1_1_1_56_0,0.0399,0.1752,0.0824,0.0429,0.0658,0.0388,0.1055,0.2906,0.3464,0.3521,0.3724,0.373,-0.29720855,0.62007684,0.28912714,0.68509215,-0.45394188,-0.36024845,0.009080147,0.7827848,-0.6207135,-0.6066025,0.80148375,-0.68509215,0.5388986,0.5275003,-14.603287,-7.7645617,0.5182123,0,"{""geodesic"":false,""type"":""Point"",""coordinates"":[110.45284387034519,-7.3032140008103905]}"
1_1_1_1_1_49_0,0.0425,0.14,0.0576,0.0446,0.0662,0.0351,0.1024,0.3201,0.3927,0.3974,0.4271,0.4287,-0.43250686,0.71122885,0.34370956,0.71440893,-0.35790494,-0.41700405,0.005087469,0.79819006,-0.7468132,-0.5167931,0.83768785,-0.71440893,0.59023607,0.58278817,-13.480329,-9.532524,0.56178343,0,"{""geodesic"":false,""type"":""Point"",""coordinates"":[110.44714259585722,-7.2982320641044005]}"
1_1_1_1_1_142_0,0.0439,0.0719,0.0331,0.0471,0.0638,0.0384,0.0773,0.1774,0.2245,0.2909,0.2252,0.2583,-0.5079188,0.5404306,0.2465631,0.6402594,-0.059690516,-0.3695238,0.004369337,0.7213018,-0.795679,-0.20840338,0.766778,-0.6402594,0.5801195,0.45671046,-12.216738,-7.88338,0.43639618,0,"{""geodesic"":false,""type"":""Point"",""coordinates"":[110.4478894872718,-7.280142093516735]}"
1_1_1_1_1_170_0,0.0474,0.0837,0.0391,0.0498,0.0614,0.0354,0.0779,0.2065,0.2402,0.3233,0.2614,0.1779,-0.5160504,0.6192996,0.27934027,0.68079025,-0.15368712,-0.3631922,0.0042812866,0.7330474,-0.78421634,-0.2539326,0.8026206,-0.68079025,0.611665,0.5029114,-11.087277,-6.4115295,0.46987745,0,"{""geodesic"":false,""type"":""Point"",""coordinates"":[110.43299778318864,-7.3080740316278785]}"
1_1_1_1_1_30_0,0.0448,0.1339,0.0586,0.046,0.0626,0.0383,0.0994,0.2724,0.3279,0.3273,0.3687,0.372,-0.3686526,0.596073,0.27205774,0.678892,-0.36284986,-0.39116883,0.0068572564,0.75354946,-0.69629437,-0.48860478,0.7904814,-0.678892,0.5340989,0.5008087,-12.141855,-8.1556225,0.48316732,0,"{""geodesic"":false,""type"":""Point"",""coordinates"":[110.44833723445831,-7.284393998611901]}"
1_1_1_1_1_94_0,0.0469,0.1392,0.0616,0.0493,0.0696,0.0375,0.0995,0.322,0.3711,0.43,0.4033,0.3273,-0.4612805,0.7634702,0.37447667,0.7213771,-0.33333334,-0.3864542,0.005372093,0.79428333,-0.74938977,-0.47692308,0.8395722,-0.7213771,0.62417376,0.6085271,-15.72926,-5.241853,0.5831206,0,"{""geodesic"":false,""type"":""Point"",""coordinates"":[110.43032282997052,-7.274150355827912]}"
1_1_1_1_1_44_0,0.0438,0.1366,0.0572,0.0449,0.0655,0.0364,0.1017,0.3106,0.3692,0.3775,0.4052,0.3933,-0.41887805,0.6772426,0.3233425,0.70428896,-0.35180604,-0.40970072,0.005515444,0.7874053,-0.73683,-0.5052342,0.8241121,-0.70428896,0.57554257,0.5598534,-13.3181925,-4.4918,0.5408716,0,"{""geodesic"":false,""type"":""Point"",""coordinates"":[110.44814487411509,-7.293529661032538]}"
1_1_1_1_1_129_0,0.0413,0.1294,0.0641,0.0433,0.0587,0.0344,0.11,0.2516,0.2924,0.3208,0.3293,0.2706,-0.37942794,0.59545094,0.26956406,0.6906456,-0.3758639,-0.33746773,0.0068735657,0.76215327,-0.6669265,-0.4985524,0.8063063,-0.6906456,0.4893222,0.50233865,-14.632296,-5.0479984,0.48171508,0,"{""geodesic"":false,""type"":""Point"",""coordinates"":[110.44409144216215,-7.274710181893235]}"
1_1_1_1_1_71_0,0.043,0.1264,0.0566,0.0452,0.0636,0.0381,0.0985,0.2584,0.3052,0.324,0.3393,0.3444,-0.38354883,0.5889502,0.27025142,0.6718266,-0.33052626,-0.38142073,0.006655741,0.75514627,-0.7025749,-0.47319344,0.7895609,-0.6718266,0.5337278,0.4974481,-11.067394,-4.483873,0.48113206,0,"{""geodesic"":false,""type"":""Point"",""coordinates"":[110.43843320696075,-7.308261739163395]}"
1_1_1_1_1_199_0,0.0446,0.0802,0.0375,0.0466,0.0662,0.0373,0.0948,0.2261,0.2583,0.292,0.2634,0.1988,-0.4847621,0.54595727,0.24709724,0.6303741,-0.0956284,-0.36278674,0.0047902404,0.72474897,-0.7723824,-0.26498425,0.77345884,-0.6303741,0.5098242,0.46068972,-12.346735,-10.803982,0.43894586,0,"{""geodesic"":false,""type"":""Point"",""coordinates"":[110.44065728620616,-7.268102785837373]}"
1_1_1_1_1_2_0,0.0397,0.0307,0.0147,0.0457,0.0467,0.0359,0.0496,0.0912,0.1033,0.1496,0.1012,0.0434,-0.4914089,0.2780631,0.11462154,0.52419764,0.20671836,-0.3524229,0.003527607,0.53200203,-0.82105905,0.19633506,0.612938,-0.52419764,0.502008,0.2487965,-17.473022,-4.2362394,0.22414786,0,"{""geodesic"":false,""type"":""Point"",""coordinates"":[110.44962631856284,-7.26729966789908]}"
1_1_1_1_1_78_0,0.0411,0.142,0.0582,0.046,0.0662,0.0376,0.1092,0.3171,0.3839,0.3882,0.4235,0.4162,-0.4147931,0.69081026,0.3320982,0.70862675,-0.364073,-0.41858143,0.0056370944,0.7881161,-0.7392473,-0.5106383,0.82339126,-0.70862675,0.5609168,0.56804925,-13.270984,-5.4080343,0.5494541,0,"{""geodesic"":false,""type"":""Point"",""coordinates"":[110.42059490632683,-7.3014551338036044]}"
1_1_1_1_1_92_0,0.0474,0.1288,0.0573,0.0496,0.063,0.0381,0.1037,0.3088,0.4089,0.3851,0.4246,0.3609,-0.44514626,0.698639,0.3309261,0.71881276,-0.3430657,-0.38420203,0.005668995,0.77179664,-0.7409584,-0.44394618,0.8199433,-0.71881276,0.5756956,0.56379986,-12.302934,-5.0831327,0.53840804,0,"{""geodesic"":false,""type"":""Point"",""coordinates"":[110.43059402177572,-7.2746029677588755]}"
1_1_1_1_1_98_0,0.0386,0.1106,0.0552,0.0424,0.0563,0.0316,0.0792,0.2,0.2468,0.2455,0.2654,0.2873,-0.3387584,0.47869483,0.19989958,0.62690526,-0.32534453,-0.33413753,0.0071051726,0.7054533,-0.63285667,-0.44575167,0.7719235,-0.62690526,0.51216507,0.41288123,-12.344375,-7.641607,0.38666075,0,"{""geodesic"":false,""type"":""Point"",""coordinates"":[110.44644583321269,-7.275436699829138]}"
1_1_1_1_1_91_0,0.0461,0.0802,0.0396,0.0462,0.0612,0.0346,0.0831,0.2091,0.2517,0.333,0.2633,0.1338,-0.53522265,0.6247383,0.29031876,0.6894977,-0.13437058,-0.33889818,0.004114595,0.7563291,-0.78743964,-0.26898736,0.8117519,-0.6894977,0.6005768,0.515906,-12.470446,-6.7255955,0.48930848,0,"{""geodesic"":false,""type"":""Point"",""coordinates"":[110.4238860622138,-7.278122199153712]}"
1_1_1_1_1_58_0,0.0399,0.1719,0.0728,0.0446,0.0682,0.0367,0.1148,0.3417,0.413,0.4238,0.4561,0.4513,-0.38375184,0.7390225,0.36313978,0.72276425,-0.4319034,-0.4049857,0.006304295,0.8095645,-0.70680624,-0.58799076,0.84060806,-0.72276425,0.5737096,0.6045289,-14.165554,-8.595624,0.58736056,0,"{""geodesic"":false,""type"":""Point"",""coordinates"":[110.45139481645607,-7.302850424372053]}"
1_1_1_1_1_0_0,0.0436,0.0855,0.0377,0.0447,0.0556,0.0311,0.077,0.2258,0.2752,0.2732,0.2896,0.1472,-0.46329114,0.5382153,0.2324592,0.6618005,-0.21190648,-0.38798702,0.004291618,0.7187795,-0.7574783,-0.31336406,0.7955965,-0.6618005,0.5602513,0.45151064,-14.660372,-9.458817,0.419061,0,"{""geodesic"":false,""type"":""Point"",""coordinates"":[110.44844406390428,-7.271097321144334]}"
1_1_1_1_1_51_0,0.0437,0.1337,0.0566,0.0464,0.0642,0.0351,0.0983,0.2896,0.3511,0.3675,0.3786,0.3768,-0.42062813,0.6755548,0.31492606,0.7025712,-0.35118747,-0.40514976,0.0054058777,0.7757913,-0.7330818,-0.4847307,0.8256334,-0.7025712,0.57793045,0.55240417,-12.152715,-8.657408,0.527027,0,"{""geodesic"":false,""type"":""Point"",""coordinates"":[110.44433200092786,-7.300037701917089]}"
1_1_1_1_1_77_0,0.0402,0.1361,0.055,0.0444,0.0652,0.0344,0.1019,0.3091,0.3804,0.3965,0.4136,0.4091,-0.44226366,0.7128514,0.34407666,0.71756554,-0.3522106,-0.42438513,0.004771753,0.79859376,-0.7563677,-0.5080332,0.8403342,-0.71756554,0.5910915,0.5834676,-13.382479,-6.990656,0.56132424,0,"{""geodesic"":false,""type"":""Point"",""coordinates"":[110.4201429920674,-7.300640468078098]}"
1_1_1_1_1_136_0,0.0483,0.0929,0.0411,0.0466,0.0652,0.0366,0.0973,0.2467,0.2879,0.318,0.3014,0.1346,-0.47581458,0.59212184,0.27142248,0.6597077,-0.17520556,-0.38656718,0.0047303773,0.7443774,-0.7710944,-0.33189964,0.7935702,-0.6597077,0.53142303,0.49391526,-14.671552,-8.693738,0.47085357,0,"{""geodesic"":false,""type"":""Point"",""coordinates"":[110.44011130481461,-7.270092108592841]}"
1_1_1_1_1_102_0,0.0488,0.1261,0.06,0.048,0.0648,0.0387,0.0988,0.2544,0.3095,0.3208,0.3369,0.3143,-0.38230884,0.5911568,0.26661092,0.66390043,-0.32111052,-0.35518542,0.0072381543,0.7396963,-0.68487394,-0.44859278,0.784701,-0.66390043,0.5290753,0.49232113,-13.273519,-5.1642222,0.47099447,0,"{""geodesic"":false,""type"":""Point"",""coordinates"":[110.4505159005478,-7.280688015321334]}"
1_1_1_1_1_93_0,0.0464,0.1369,0.0548,0.0459,0.0676,0.036,0.1038,0.3553,0.4356,0.4504,0.4615,0.2647,-0.4832636,0.7835722,0.39651844,0.73899615,-0.3388753,-0.42827332,0.0043801065,0.81503123,-0.7830562,-0.49781182,0.8519737,-0.73899615,0.62540597,0.6301703,-15.343843,-5.6894674,0.6090033,0,"{""geodesic"":false,""type"":""Point"",""coordinates"":[110.43014119911582,-7.274511944308949]}"
1_1_1_1_1_103_0,0.0438,0.1328,0.0557,0.0443,0.0623,0.0346,0.0944,0.2791,0.339,0.3537,0.3792,0.3765,-0.40785286,0.64907855,0.30169696,0.70048076,-0.36135313,-0.40901855,0.005448742,0.77738696,-0.7278945,-0.49971765,0.8217873,-0.70048076,0.5786655,0.53883827,-12.80424,-7.426522,0.5168151,0,"{""geodesic"":false,""type"":""Point"",""coordinates"":[110.44824819333856,-7.283127527795547]}"
1_1_1_1_1_106_0,0.0426,0.1039,0.0448,0.046,0.0624,0.037,0.0934,0.2429,0.2849,0.2514,0.3192,0.3299,-0.35706136,0.47500885,0.20254394,0.60229445,-0.24954902,-0.39744455,0.0065934765,0.6906523,-0.6975017,-0.3862575,0.7434119,-0.60229445,0.45823663,0.40791476,-12.529763,-7.3940153,0.38638073,0,"{""geodesic"":false,""type"":""Point"",""coordinates"":[110.44164647212207,-7.273983540671016]}"
1_1_1_1_1_140_0,0.039,0.1213,0.0579,0.0418,0.059,0.033,0.0898,0.238,0.2873,0.2885,0.3172,0.2704,-0.36318615,0.5445439,0.23985144,0.6604317,-0.34553522,-0.35379463,0.0066228765,0.74689674,-0.66570437,-0.48743102,0.7947123,-0.6604317,0.52524453,0.46652466,-12.343289,-5.9652925,0.4456823,0,"{""geodesic"":false,""type"":""Point"",""coordinates"":[110.44699024563478,-7.27471372892976]}"
1_1_1_1_1_72_0,0.0453,0.1275,0.0556,0.0472,0.065,0.0372,0.0989,0.2872,0.3488,0.3564,0.3758,0.3728,-0.42037657,0.6511097,0.303197,0.69150454,-0.32467532,-0.3926816,0.0058033667,0.76610506,-0.7300971,-0.4596451,0.8109756,-0.69150454,0.5655612,0.53581023,-13.926683,-3.750225,0.5132802,0,"{""geodesic"":false,""type"":""Point"",""coordinates"":[110.43481023422596,-7.307624035332988]}"
1_1_1_1_1_124_0,0.0444,0.0738,0.0337,0.0482,0.0634,0.0364,0.0744,0.1598,0.1957,0.2775,0.2074,0.2113,-0.49437946,0.53133816,0.23447196,0.6280434,-0.07580173,-0.37302324,0.0044204686,0.7040221,-0.783419,-0.20983605,0.768079,-0.6280434,0.5771526,0.44434205,-15.159189,-8.14185,0.41655564,0,"{""geodesic"":false,""type"":""Point"",""coordinates"":[110.44734672997217,-7.279508250245817]}"
1_1_1_1_1_62_0,0.0437,0.231,0.0986,0.0499,0.0754,0.0377,0.118,0.4211,0.5154,0.4996,0.523,0.4378,-0.34319237,0.85438937,0.42764327,0.73773915,-0.5078329,-0.40169904,0.007440393,0.81838036,-0.67034435,-0.64471346,0.85966873,-0.73773915,0.61787564,0.66793597,-14.27625,-7.490682,0.64273465,0,"{""geodesic"":false,""type"":""Point"",""coordinates"":[110.45402114628214,-7.303577244106087]}"
1_1_1_1_1_190_0,0.0443,0.0349,0.0189,0.0455,0.0598,0.0362,0.0601,0.1149,0.1398,0.2599,0.1174,0.0366,-0.62231076,0.49236253,0.22393039,0.6258993,0.2629356,-0.29739776,0.002632474,0.7020301,-0.8644189,0.13184081,0.755488,-0.6258993,0.624375,0.42149228,-18.898333,-11.017686,0.3993047,0,"{""geodesic"":false,""type"":""Point"",""coordinates"":[110.42108085087449,-7.275766816637766]}"
1_1_1_1_1_63_0,0.043,0.1294,0.056,0.0426,0.062,0.0334,0.0991,0.2835,0.3431,0.3402,0.3707,0.3764,-0.4032258,0.6281222,0.28978685,0.6916957,-0.35214213,-0.39590076,0.005497942,0.77742946,-0.7173145,-0.5046512,0.8211992,-0.6916957,0.5488277,0.52678573,-12.153894,-5.769322,0.5056638,0,"{""geodesic"":false,""type"":""Point"",""coordinates"":[110.44179450928038,-7.300758206778602]}"
1_1_1_1_1_188_0,0.046,0.1111,0.0552,0.0482,0.0641,0.0398,0.0972,0.2861,0.3208,0.322,0.3572,0.1944,-0.42084053,0.5882598,0.26956418,0.66796166,-0.26826486,-0.33613953,0.006822857,0.73960024,-0.70731705,-0.3948525,0.77998894,-0.66796166,0.53625953,0.49118125,-16.278122,-13.1852045,0.47196046,0,"{""geodesic"":false,""type"":""Point"",""coordinates"":[110.42388583141434,-7.278303107060959]}"
1_1_1_1_1_120_0,0.0437,0.0644,0.0331,0.0465,0.0585,0.0366,0.0721,0.1511,0.1984,0.2489,0.1922,0.1166,-0.4904137,0.47398973,0.20737326,0.6193884,-0.048006535,-0.32102564,0.004867256,0.6851726,-0.76524824,-0.16140668,0.7436077,-0.6193884,0.5507788,0.40541056,-11.118284,-5.118326,0.38169473,0,"{""geodesic"":false,""type"":""Point"",""coordinates"":[110.44696796274057,-7.292895041807044]}"
1_1_1_1_1_189_0,0.0434,0.0978,0.0405,0.0461,0.0593,0.0349,0.0875,0.2537,0.294,0.3689,0.3169,0.097,-0.5154282,0.67745733,0.32285282,0.72302663,-0.24506684,-0.4143167,0.003831526,0.7778313,-0.8021495,-0.35927728,0.8271422,-0.72302663,0.6165644,0.5543262,-15.064087,-6.962853,0.52918035,0,"{""geodesic"":false,""type"":""Point"",""coordinates"":[110.42053639799529,-7.276489753069802]}"
1_1_1_1_1_162_0,0.0423,0.1146,0.0512,0.0462,0.0626,0.0358,0.0951,0.2559,0.3023,0.294,0.3281,0.2947,-0.38687322,0.5553644,0.24423502,0.64890635,-0.29345372,-0.38238844,0.0062345574,0.72839504,-0.7033604,-0.42537314,0.7828987,-0.64890635,0.5111796,0.46673897,-12.022831,-5.451993,0.44239467,0,"{""geodesic"":false,""type"":""Point"",""coordinates"":[110.44333738267657,-7.29849875365846]}"
1_1_1_1_1_52_0,0.0418,0.1341,0.0511,0.0421,0.0674,0.0334,0.101,0.3391,0.4269,0.4266,0.4577,0.4453,-0.47343603,0.7496664,0.3753539,0.7271255,-0.33101737,-0.44816417,0.004000797,0.82035416,-0.7860582,-0.52213395,0.85478264,-0.7271255,0.6171342,0.614375,-14.489092,-7.7525363,0.59538555,0,"{""geodesic"":false,""type"":""Point"",""coordinates"":[110.44623266711858,-7.301487306223207]}"
1_1_1_1_1_88_0,0.0462,0.0912,0.0414,0.0482,0.0644,0.036,0.0899,0.228,0.27,0.3388,0.2977,0.2006,-0.5052509,0.6343753,0.29301745,0.6805556,-0.17223649,-0.37556562,0.004399055,0.7509044,-0.7822199,-0.30846485,0.80789757,-0.6805556,0.5805925,0.5192044,-12.467197,-4.6419683,0.4914318,0,"{""geodesic"":false,""type"":""Point"",""coordinates"":[110.42343254500675,-7.27857389251869]}"
1_1_1_1_1_143_0,0.0454,0.0959,0.0419,0.0506,0.0614,0.037,0.0896,0.2314,0.2722,0.269,0.2756,0.2729,-0.41259667,0.5218173,0.2215617,0.6283293,-0.21932612,-0.39187226,0.0057631973,0.6833542,-0.7304599,-0.309215,0.75816995,-0.6283293,0.50027883,0.43176177,-12.259063,-7.973812,0.39970717,0,"{""geodesic"":false,""type"":""Point"",""coordinates"":[110.44779757076215,-7.28122743486543]}"
1_1_1_1_1_134_0,0.0424,0.0544,0.0266,0.0485,0.0563,0.0364,0.0652,0.1189,0.1634,0.1317,0.16,0.2871,-0.32988927,0.24154711,0.09211002,0.40106383,0.017163493,-0.3432099,0.007351861,0.46170917,-0.6639292,-0.057337213,0.5669244,-0.40106383,0.33773488,0.21396495,-18.557943,-9.453491,0.18347543,0,"{""geodesic"":false,""type"":""Point"",""coordinates"":[110.44173828878188,-7.2729886554882714]}"
1_1_1_1_1_13_0,0.0404,0.1309,0.0599,0.0426,0.0568,0.0352,0.0968,0.2712,0.3306,0.3211,0.3679,0.2196,-0.37297094,0.5893387,0.26894,0.69939137,-0.39477888,-0.37211737,0.006566428,0.765741,-0.6855643,-0.5089337,0.8024137,-0.69939137,0.53673124,0.5008175,-14.4069,-6.080227,0.48367488,0,"{""geodesic"":false,""type"":""Point"",""coordinates"":[110.44572457091758,-7.27263173016034]}"
1_1_1_1_1_137_0,0.0468,0.0817,0.0364,0.0468,0.0652,0.0388,0.0881,0.1816,0.2124,0.3029,0.2237,0.191,-0.48745215,0.55731404,0.25649723,0.64574844,-0.11232128,-0.3835732,0.0046626613,0.732342,-0.7854406,-0.27159533,0.77290016,-0.64574844,0.5493606,0.4706546,-16.69385,-8.529909,0.45210072,0,"{""geodesic"":false,""type"":""Point"",""coordinates"":[110.44092725539484,-7.269550389064827]}"
1_1_1_1_1_156_0,0.0421,0.0747,0.0324,0.0446,0.06,0.0358,0.0753,0.1652,0.217,0.2877,0.2242,0.2379,-0.50090337,0.5391695,0.24500611,0.6548749,-0.1091314,-0.39495796,0.0040316996,0.73156786,-0.79756325,-0.25230512,0.7786708,-0.6548749,0.58512396,0.45883423,-11.824162,-5.8515873,0.4381233,0,"{""geodesic"":false,""type"":""Point"",""coordinates"":[110.44679133157629,-7.2891861953950725]}"
1_1_1_1_1_69_0,0.0419,0.1317,0.0554,0.0446,0.062,0.034,0.0966,0.3014,0.367,0.3726,0.4013,0.4043,-0.43146336,0.6815071,0.32128555,0.71468014,-0.3598348,-0.4078033,0.0050552874,0.78619367,-0.7411215,-0.49404424,0.83275944,-0.71468014,0.58823526,0.560225,-13.662577,-5.384292,0.53641516,0,"{""geodesic"":false,""type"":""Point"",""coordinates"":[110.43644092746483,-7.307626075355396]}"
1_1_1_1_1_135_0,0.046,0.1216,0.0503,0.0476,0.0653,0.0342,0.1026,0.2951,0.3553,0.3879,0.3746,0.3324,-0.47302553,0.71535474,0.3382109,0.711827,-0.30123058,-0.41477606,0.004434803,0.7814007,-0.7704245,-0.43735224,0.8379531,-0.711827,0.5816514,0.57537144,-12.765382,-8.077082,0.54564404,0,"{""geodesic"":false,""type"":""Point"",""coordinates"":[110.44156124922306,-7.269641624705917]}"
1_1_1_1_1_187_0,0.0458,0.0689,0.0401,0.0483,0.0632,0.038,0.0698,0.1277,0.1458,0.2349,0.1432,0.0954,-0.4519354,0.44723573,0.19142388,0.5759812,-0.04314913,-0.26422015,0.0064870156,0.6588983,-0.70836365,-0.17576788,0.7215097,-0.5759812,0.5418444,0.38213223,-14.548028,-8.267989,0.35737997,0,"{""geodesic"":false,""type"":""Point"",""coordinates"":[110.42343312247002,-7.278121622789475]}"
1_1_1_1_1_60_0,0.0426,0.1989,0.0876,0.0445,0.0634,0.0385,0.1092,0.3576,0.4417,0.4016,0.4662,0.4756,-0.30534017,0.69888747,0.33467382,0.72731185,-0.51658404,-0.38848168,0.008397908,0.8004932,-0.64186424,-0.6343467,0.82503974,-0.72731185,0.5724354,0.5793533,-13.546565,-7.4270816,0.56616634,0,"{""geodesic"":false,""type"":""Point"",""coordinates"":[110.452841010393,-7.305565812615175]}"
1_1_1_1_1_15_0,0.0423,0.1366,0.0567,0.0439,0.06,0.0346,0.0959,0.2988,0.3611,0.364,0.3982,0.3393,-0.4087377,0.6628567,0.3113235,0.7169811,-0.3896236,-0.41334715,0.0053896154,0.7847512,-0.73044926,-0.5135734,0.82639235,-0.7169811,0.5829528,0.5498553,-12.950392,-10.261618,0.52885777,0,"{""geodesic"":false,""type"":""Point"",""coordinates"":[110.44662556820623,-7.276612827283564]}"
1_1_1_1_1_35_0,0.0437,0.1463,0.0628,0.046,0.0645,0.0381,0.1023,0.2881,0.3488,0.3587,0.3852,0.3747,-0.3739603,0.64517426,0.30142474,0.6951796,-0.38804558,-0.3993305,0.0066704205,0.7726711,-0.70201665,-0.5215809,0.8079637,-0.6951796,0.5561822,0.53624,-14.7867565,-5.5730743,0.51845914,0,"{""geodesic"":false,""type"":""Point"",""coordinates"":[110.4502363091427,-7.287109943731618]}"
1_1_1_1_1_173_0,0.0498,0.0874,0.0416,0.0443,0.0611,0.0356,0.0853,0.2171,0.2445,0.3211,0.2533,0.1748,-0.4963145,0.59357977,0.27631998,0.6802721,-0.17710437,-0.35503873,0.0046121455,0.757526,-0.7706093,-0.32725888,0.8003925,-0.6802721,0.5802165,0.49988326,-13.483437,-6.83993,0.47977814,0,"{""geodesic"":false,""type"":""Point"",""coordinates"":[110.43046252301892,-7.306985388866103]}"
1_1_1_1_1_139_0,0.0396,0.1275,0.0624,0.0406,0.0585,0.0344,0.0883,0.2232,0.2617,0.305,0.2967,0.2767,-0.36197045,0.56052697,0.25410077,0.6781293,-0.37096775,-0.342812,0.0070379013,0.7650463,-0.66031575,-0.5169542,0.7972893,-0.6781293,0.5509789,0.4835597,-13.034542,-9.824594,0.46901608,0,"{""geodesic"":false,""type"":""Point"",""coordinates"":[110.44635779476748,-7.273356139765234]}"
1_1_1_1_1_20_0,0.0476,0.1122,0.0473,0.0454,0.0624,0.0338,0.0976,0.2897,0.3518,0.3592,0.3723,0.1584,-0.46966946,0.66598445,0.3115059,0.70398486,-0.28522336,-0.40689656,0.004450835,0.7755808,-0.76728165,-0.42385787,0.8279898,-0.70398486,0.5726795,0.54658455,-17.066658,-1.8903137,0.5203405,0,"{""geodesic"":false,""type"":""Point"",""coordinates"":[110.44219613613416,-7.269009225265696]}"
1_1_1_1_1_53_0,0.0433,0.139,0.0569,0.0445,0.0654,0.0363,0.1025,0.3187,0.3873,0.3896,0.4257,0.4175,-0.42468002,0.69347936,0.33509946,0.7125275,-0.3600783,-0.41909137,0.005301514,0.79497814,-0.7451288,-0.51498634,0.82953745,-0.7125275,0.583418,0.572362,-13.211256,-8.02103,0.5541698,0,"{""geodesic"":false,""type"":""Point"",""coordinates"":[110.44695930026346,-7.29995047270893]}"
1_1_1_1_1_169_0,0.0474,0.0771,0.0364,0.048,0.0612,0.0372,0.0762,0.1824,0.2271,0.2427,0.2378,0.2055,-0.43555555,0.46455374,0.1984289,0.5972359,-0.114967465,-0.3585903,0.005579234,0.6697626,-0.73916155,-0.2326139,0.73419076,-0.5972359,0.52210724,0.39524296,-15.103864,-10.800519,0.36935624,0,"{""geodesic"":false,""type"":""Point"",""coordinates"":[110.43399374932986,-7.30852755305661]}"
1_1_1_1_1_59_0,0.0406,0.1803,0.0809,0.0438,0.063,0.0334,0.097,0.3098,0.3943,0.3874,0.4084,0.4189,-0.3372616,0.70277137,0.3279663,0.72024864,-0.4821208,-0.3805513,0.0069748578,0.79684603,-0.654495,-0.6091031,0.8412548,-0.72024864,0.59950453,0.57667243,-13.229958,-5.448946,0.5534794,0,"{""geodesic"":false,""type"":""Point"",""coordinates"":[110.45293303417112,-7.304390016563318]}"
1_1_1_1_1_68_0,0.0416,0.1274,0.0518,0.0418,0.0618,0.0329,0.0954,0.3156,0.3776,0.3988,0.4263,0.3983,-0.46646696,0.7131441,0.34915265,0.73165435,-0.34672305,-0.42187497,0.004273371,0.81025875,-0.7700843,-0.50591016,0.8475793,-0.73165435,0.61392146,0.58908445,-12.34432,-8.367705,0.56931746,0,"{""geodesic"":false,""type"":""Point"",""coordinates"":[110.43598625535392,-7.308982319645801]}"
1_1_1_1_1_133_0,0.0434,0.1234,0.0544,0.0456,0.0629,0.0357,0.0953,0.2619,0.3274,0.305,0.3546,0.255,-0.3757112,0.57190794,0.25375777,0.65805924,-0.32474506,-0.38807648,0.0063674753,0.7398745,-0.69727325,-0.46035504,0.79043144,-0.65805924,0.5238571,0.48049244,-10.447234,-7.811397,0.4574418,0,"{""geodesic"":false,""type"":""Point"",""coordinates"":[110.44273564041647,-7.272266247582536]}"
1_1_1_1_1_160_0,0.0421,0.0771,0.0362,0.0434,0.06,0.0346,0.0705,0.1657,0.2014,0.2236,0.2188,0.2779,-0.41008714,0.4273311,0.18146813,0.57686883,-0.1247265,-0.3609885,0.0056016105,0.6749064,-0.7213241,-0.27966806,0.7319907,-0.57686883,0.52057123,0.3739119,-13.141065,-2.3063052,0.352412,0,"{""geodesic"":false,""type"":""Point"",""coordinates"":[110.44515001013815,-7.297867803516579]}"
1_1_1_1_1_27_0,0.0445,0.136,0.0592,0.0464,0.0652,0.0374,0.0996,0.2779,0.3432,0.3312,0.376,0.3744,-0.37059888,0.6082312,0.27632606,0.67103934,-0.3518887,-0.39344266,0.006685024,0.7542373,-0.6967213,-0.4912281,0.79707,-0.67103934,0.53760445,0.5073682,-10.710709,-5.905122,0.48678213,0,"{""geodesic"":false,""type"":""Point"",""coordinates"":[110.4477038823685,-7.283760045024371]}"
1_1_1_1_1_1_0,0.0401,0.0166,0.0107,0.0382,0.0398,0.0285,0.0396,0.0563,0.0629,0.0752,0.0577,0.0435,-0.43091482,0.121652596,0.048808925,0.30782607,0.4113475,-0.21611719,0.004055186,0.32627866,-0.7508731,0.39416057,0.4503375,-0.30782607,0.31010452,0.11603445,-21.003046,-8.598819,0.0904793,0,"{""geodesic"":false,""type"":""Point"",""coordinates"":[110.44953650300792,-7.266666377179938]}"
1_1_1_1_1_26_0,0.0438,0.1343,0.0558,0.0472,0.0624,0.0358,0.0967,0.2924,0.3578,0.3651,0.3969,0.3801,-0.4158654,0.6715475,0.31184378,0.70807016,-0.36553127,-0.41294056,0.005471487,0.7710405,-0.73485386,-0.47988978,0.82140183,-0.70807016,0.581204,0.54828507,-14.911179,-6.65551,0.5226899,0,"{""geodesic"":false,""type"":""Point"",""coordinates"":[110.4480681209109,-7.2822227637571055]}"
1_1_1_1_1_113_0,0.0424,0.1302,0.0513,0.0461,0.0614,0.0335,0.0963,0.3146,0.3918,0.4005,0.4223,0.3924,-0.46354252,0.73063904,0.34986278,0.7341416,-0.35908142,-0.43471074,0.0042910115,0.79355127,-0.7729084,-0.47702777,0.8456221,-0.7341416,0.6123188,0.5894004,-13.418635,-4.646689,0.5615888,0,"{""geodesic"":false,""type"":""Point"",""coordinates"":[110.43789099821302,-7.307175613470174]}"
1_1_1_1_1_157_0,0.0413,0.1151,0.05,0.0437,0.0608,0.0336,0.0958,0.2681,0.3187,0.3123,0.3589,0.3111,-0.41073906,0.5874046,0.26425654,0.674082,-0.3086981,-0.39430645,0.0053794426,0.75449437,-0.7239856,-0.44962215,0.8057242,-0.674082,0.5305072,0.49420735,-11.752841,-6.525539,0.47067758,0,"{""geodesic"":false,""type"":""Point"",""coordinates"":[110.44724273166264,-7.290453109058564]}"
1_1_1_1_1_40_0,0.0446,0.1342,0.0569,0.045,0.0658,0.0383,0.1028,0.3001,0.3598,0.3551,0.3913,0.3849,-0.39748514,0.63492066,0.29980457,0.6873366,-0.342,-0.4045003,0.0061370595,0.77505624,-0.7237864,-0.49776787,0.80528724,-0.6873366,0.5509937,0.5319006,-14.63986,-3.4355838,0.5167759,0,"{""geodesic"":false,""type"":""Point"",""coordinates"":[110.4476997849766,-7.287106854032242]}"
1_1_1_1_1_37_0,0.0455,0.1332,0.067,0.0482,0.0659,0.05,0.0976,0.2272,0.2724,0.3042,0.3003,0.3676,-0.31590736,0.51138645,0.23945524,0.64388,-0.33802113,-0.33066934,0.011012493,0.7264472,-0.6390086,-0.46857774,0.7176736,-0.64388,0.51418614,0.44638258,-10.957059,-3.5408816,0.4504927,0,"{""geodesic"":false,""type"":""Point"",""coordinates"":[110.45367862698997,-7.2872045685306075]}"
1_1_1_1_1_172_0,0.0492,0.0859,0.0413,0.0487,0.0658,0.0382,0.0802,0.1898,0.2375,0.2833,0.237,0.1347,-0.4558211,0.53410333,0.2366466,0.62303066,-0.13249832,-0.35062894,0.005568866,0.70662653,-0.745533,-0.27637443,0.7623639,-0.62303066,0.55873454,0.447535,-15.768255,-10.876654,0.42295673,0,"{""geodesic"":false,""type"":""Point"",""coordinates"":[110.43000989762535,-7.306713455021817]}"
1_1_1_1_1_174_0,0.0522,0.0724,0.0382,0.0516,0.0632,0.0412,0.0724,0.1669,0.1975,0.2409,0.214,0.0779,-0.44053188,0.4534102,0.19417071,0.58434725,-0.067846656,-0.30922246,0.0065331673,0.6471795,-0.726263,-0.16774194,0.707905,-0.58434725,0.53782314,0.3830073,-15.324593,-7.8752055,0.3582965,0,"{""geodesic"":false,""type"":""Point"",""coordinates"":[110.42847072272225,-7.305987875462649]}"
1_1_1_1_1_159_0,0.0426,0.0821,0.0354,0.0438,0.0598,0.0345,0.0761,0.1856,0.2169,0.2448,0.227,0.2988,-0.42448175,0.46804062,0.2018643,0.6073539,-0.1571529,-0.3974468,0.0049889702,0.6964657,-0.74732333,-0.30420968,0.7529538,-0.6073539,0.525709,0.40478635,-14.279577,-3.4635634,0.38232312,0,"{""geodesic"":false,""type"":""Point"",""coordinates"":[110.44551349280108,-7.296963706306701]}"
1_1_1_1_1_183_0,0.043,0.0775,0.0368,0.0456,0.0628,0.0346,0.0819,0.2097,0.2199,0.3152,0.2393,0.1438,-0.525904,0.59408873,0.27299723,0.6677249,-0.1047755,-0.35608047,0.004039594,0.7472284,-0.7909091,-0.2591389,0.80217266,-0.6677249,0.58750945,0.49529302,-17.352188,-7.7739735,0.46979553,0,"{""geodesic"":false,""type"":""Point"",""coordinates"":[110.4239686854339,-7.284363636434514]}"
1_1_1_1_1_31_0,0.0452,0.1476,0.0688,0.0468,0.0669,0.0375,0.1037,0.2884,0.355,0.3747,0.4031,0.3612,-0.38971317,0.6751021,0.31768802,0.6970109,-0.37622377,-0.36414045,0.0068855085,0.777936,-0.6897407,-0.5185185,0.8180495,-0.6970109,0.5664716,0.55448365,-13.348798,-6.1346517,0.53374934,0,"{""geodesic"":false,""type"":""Point"",""coordinates"":[110.44869716096937,-7.286384435078697]}"
1_1_1_1_1_3_0,0.0397,0.0245,0.0129,0.0392,0.0424,0.0286,0.0451,0.0681,0.066,0.096,0.065,0.0434,-0.4360064,0.17306903,0.068126604,0.38728327,0.26756352,-0.3101604,0.0038431252,0.42011833,-0.76308537,0.23076925,0.540931,-0.38728327,0.36073706,0.1618636,-19.760424,-13.6107435,0.13413098,0,"{""geodesic"":false,""type"":""Point"",""coordinates"":[110.44926397383074,-7.267299228087586]}"
1_1_1_1_1_161_0,0.0425,0.0871,0.0387,0.0485,0.0555,0.033,0.078,0.1991,0.236,0.2178,0.2398,0.2139,-0.3783644,0.43914264,0.17521238,0.59385294,-0.22159886,-0.38473767,0.0058636363,0.63574916,-0.69824564,-0.28466076,0.7368421,-0.59385294,0.47261664,0.3692062,-16.421055,-7.768908,0.33139762,0,"{""geodesic"":false,""type"":""Point"",""coordinates"":[110.44397219929033,-7.297956809608966]}"
1_1_1_1_1_97_0,0.0392,0.1381,0.0616,0.0434,0.0588,0.0335,0.0968,0.273,0.332,0.3364,0.3691,0.2853,-0.37758434,0.62484527,0.28436273,0.7024292,-0.4027425,-0.3830746,0.006134364,0.7714587,-0.6904523,-0.5217631,0.81886995,-0.7024292,0.55309325,0.52230144,-12.238309,-7.7409387,0.49954537,0,"{""geodesic"":false,""type"":""Point"",""coordinates"":[110.44662878140117,-7.273989651962482]}"
1_1_1_1_1_107_0,0.0428,0.0351,0.0176,0.0471,0.0555,0.0352,0.0574,0.0847,0.1029,0.1612,0.1022,0.0918,-0.49533382,0.3090811,0.12601772,0.48777112,0.22516555,-0.33206832,0.0038431762,0.54776764,-0.803132,0.14598538,0.64154786,-0.48777112,0.4748399,0.27139574,-19.44766,-9.027848,0.2416349,0,"{""geodesic"":false,""type"":""Point"",""coordinates"":[110.4419170053049,-7.274978872199473]}"
1_1_1_1_1_181_0,0.0427,0.0566,0.0274,0.0448,0.0606,0.0366,0.0653,0.1268,0.1507,0.2548,0.1595,0.1203,-0.5254582,0.4791813,0.21465558,0.61572605,0.034129698,-0.34761906,0.003935793,0.7009346,-0.80581146,-0.116370834,0.7487989,-0.61572605,0.5920025,0.41357088,-14.414872,-6.5396743,0.39394698,0,"{""geodesic"":false,""type"":""Point"",""coordinates"":[110.41798034505952,-7.291682745932198]}"
1_1_1_1_1_108_0,0.0429,0.0857,0.0445,0.0454,0.0563,0.0355,0.076,0.177,0.2138,0.2473,0.2302,0.1204,-0.41435128,0.4728523,0.20290352,0.62911725,-0.20704225,-0.31643623,0.0063879904,0.68978477,-0.6949966,-0.30739892,0.74893916,-0.62911725,0.52984846,0.4058508,-13.263144,-5.2348285,0.3820487,0,"{""geodesic"":false,""type"":""Point"",""coordinates"":[110.44807983844855,-7.272634604234817]}"
1_1_1_1_1_163_0,0.0429,0.0979,0.0462,0.0462,0.061,0.0362,0.0859,0.2273,0.2806,0.3145,0.2969,0.2,-0.4579628,0.5870317,0.2673655,0.67509985,-0.23222153,-0.35877866,0.0053177746,0.74383146,-0.74383146,-0.35877866,0.79355574,-0.67509985,0.57092905,0.49071354,-15.5292845,-6.8725476,0.46758452,0,"{""geodesic"":false,""type"":""Point"",""coordinates"":[110.4405246364799,-7.3020229948468165]}"
1_1_1_1_1_43_0,0.0441,0.137,0.0563,0.0436,0.067,0.0381,0.102,0.3104,0.3816,0.3838,0.414,0.4135,-0.4187552,0.6723588,0.3281729,0.7027507,-0.34313723,-0.41748577,0.0055889264,0.7959757,-0.7441491,-0.517165,0.81938845,-0.7027507,0.58007413,0.5624797,-14.093417,-6.1327205,0.550248,0,"{""geodesic"":false,""type"":""Point"",""coordinates"":[110.44759944033464,-7.295066719487208]}"
1_1_1_1_1_61_0,0.0441,0.1993,0.0948,0.046,0.0678,0.0388,0.1091,0.3048,0.363,0.3212,0.3826,0.4208,-0.21328267,0.5839537,0.2539561,0.6514139,-0.49232498,-0.35532132,0.011451557,0.74945533,-0.54423076,-0.62494904,0.78444445,-0.6514139,0.49291193,0.49255815,-15.8632765,-9.607323,0.47601476,0,"{""geodesic"":false,""type"":""Point"",""coordinates"":[110.45392791793364,-7.305748038090455]}"
1_1_1_1_1_41_0,0.0434,0.1387,0.0642,0.0443,0.0634,0.0405,0.102,0.2611,0.3259,0.322,0.3545,0.3414,-0.3429881,0.5708781,0.26409695,0.6709912,-0.3725878,-0.36717594,0.008074844,0.7581217,-0.66752976,-0.51584697,0.7765517,-0.6709912,0.5188679,0.48956522,-12.9564,-8.20281,0.48083803,0,"{""geodesic"":false,""type"":""Point"",""coordinates"":[110.44887635140022,-7.288012833374117]}"
1_1_1_1_1_127_0,0.0399,0.0694,0.0315,0.0406,0.0582,0.0324,0.0718,0.1633,0.1902,0.2777,0.2026,0.3235,-0.5153535,0.5252227,0.23874284,0.6534683,-0.08777426,-0.3756194,0.003675189,0.74489474,-0.7962484,-0.26181814,0.7910352,-0.6534683,0.58912736,0.4542032,-10.55141,-5.5347075,0.43462056,0,"{""geodesic"":false,""type"":""Point"",""coordinates"":[110.44553873430462,-7.276430589498355]}"
1_1_1_1_1_34_0,0.0464,0.1278,0.0641,0.0501,0.064,0.048,0.0983,0.2443,0.2993,0.2564,0.3267,0.328,-0.27099314,0.4458135,0.1942578,0.60049933,-0.33263814,-0.33194375,0.012,0.6730832,-0.6,-0.43676224,0.6846255,-0.60049933,0.44572878,0.38861263,-16.838095,-6.22564,0.38369498,0,"{""geodesic"":false,""type"":""Point"",""coordinates"":[110.4498756032786,-7.285752688315406]}"
1_1_1_1_1_80_0,0.0445,0.0717,0.0347,0.0462,0.0614,0.0376,0.0826,0.1754,0.1976,0.2125,0.2102,0.1644,-0.40597826,0.40055883,0.16885678,0.5516612,-0.07738542,-0.34774438,0.006139858,0.64282954,-0.7192557,-0.21628499,0.69932026,-0.5516612,0.44018978,0.34975338,-11.817689,-9.001829,0.3287861,0,"{""geodesic"":false,""type"":""Point"",""coordinates"":[110.43210245898996,-7.2996606717473025]}"
1_1_1_1_1_109_0,0.0405,0.1379,0.0611,0.0441,0.0654,0.0372,0.1058,0.2966,0.3592,0.362,0.3967,0.3975,-0.39745355,0.6472956,0.30695388,0.6939635,-0.35661584,-0.38592964,0.0062787845,0.7828121,-0.7111794,-0.5153846,0.81362724,-0.6939635,0.54766995,0.5418149,-13.5962715,-6.9200354,0.5262664,0,"{""geodesic"":false,""type"":""Point"",""coordinates"":[110.41996099136757,-7.301273411975439]}"
1_1_1_1_1_25_0,0.0443,0.1456,0.0625,0.0455,0.0639,0.0387,0.1003,0.2959,0.3551,0.3461,0.3936,0.3957,-0.35995832,0.621236,0.28845513,0.6882927,-0.38997614,-0.39932728,0.006988587,0.76762,-0.6940773,-0.52380955,0.79885656,-0.6882927,0.55062723,0.52113473,-15.684748,-9.108769,0.5057201,0,"{""geodesic"":false,""type"":""Point"",""coordinates"":[110.44834099394019,-7.281318551815431]}"
1_1_1_1_1_193_0,0.0464,0.0258,0.0148,0.0482,0.0626,0.0374,0.0591,0.0888,0.1244,0.1449,0.107,0.0351,-0.50682795,0.26666996,0.10955575,0.39662647,0.4162896,-0.27093598,0.003820014,0.50077677,-0.81465244,0.3027027,0.5896873,-0.39662647,0.42058823,0.23633298,-18.84358,-22.40317,0.20927715,0,"{""geodesic"":false,""type"":""Point"",""coordinates"":[110.43276914069037,-7.273791607498753]}"
1_1_1_1_1_96_0,0.0451,0.1395,0.0611,0.0471,0.0641,0.0369,0.1017,0.2802,0.3422,0.3501,0.384,0.3884,-0.38493723,0.6427252,0.29501718,0.6904877,-0.37033403,-0.39082754,0.006439845,0.7628399,-0.702821,-0.49517688,0.80930233,-0.6904877,0.5498008,0.5296505,-11.586036,-3.3189511,0.506576,0,"{""geodesic"":false,""type"":""Point"",""coordinates"":[110.44906139897975,-7.284847153093931]}"
1_1_1_1_1_153_0,0.0444,0.1315,0.0559,0.0501,0.0647,0.0367,0.103,0.305,0.3552,0.3471,0.3973,0.2642,-0.40502298,0.65125257,0.2935995,0.6857698,-0.34046894,-0.40341517,0.005910487,0.7477341,-0.7225806,-0.44823793,0.80875456,-0.6857698,0.54232395,0.526816,-15.36406,-8.302143,0.4965448,0,"{""geodesic"":false,""type"":""Point"",""coordinates"":[110.44688680308923,-7.285206317970028]}"
1_1_1_1_1_115_0,0.0436,0.099,0.0453,0.0472,0.0567,0.0351,0.0895,0.2275,0.2722,0.2171,0.2916,0.2317,-0.32680723,0.42376825,0.1706756,0.5858291,-0.2716763,-0.37214136,0.0073239524,0.6428301,-0.6547256,-0.35430914,0.72164947,-0.5858291,0.41617742,0.36293536,-13.244757,-8.379945,0.33344236,0,"{""geodesic"":false,""type"":""Point"",""coordinates"":[110.4356268293102,-7.306630061818374]}"
1_1_1_1_1_178_0,0.0431,0.0676,0.0333,0.0466,0.065,0.0351,0.0735,0.1949,0.2326,0.3341,0.2066,0.0616,-0.5750931,0.62541837,0.29324034,0.6742671,-0.019607838,-0.3399405,0.0034984439,0.7551878,-0.8187262,-0.1838879,0.80985916,-0.6742671,0.6393523,0.51599175,-19.64875,-9.296112,0.48966733,0,"{""geodesic"":false,""type"":""Point"",""coordinates"":[110.41834410802123,-7.29059776652746]}"
1_1_1_1_1_21_0,0.0418,0.1359,0.0565,0.0429,0.0576,0.0338,0.0938,0.294,0.3571,0.3731,0.3957,0.3848,-0.42052245,0.6763545,0.3212058,0.73252845,-0.4046512,-0.41268194,0.0051184664,0.79375,-0.73696464,-0.52013427,0.8338658,-0.73252845,0.5982009,0.5611975,-13.573451,-8.0028,0.5407205,0,"{""geodesic"":false,""type"":""Point"",""coordinates"":[110.44689633528124,-7.277427248040784]}"
1_1_1_1_1_75_0,0.0461,0.1372,0.0574,0.0483,0.0658,0.0372,0.1051,0.3075,0.3807,0.3752,0.4155,0.4069,-0.41662487,0.683574,0.32027796,0.7015873,-0.35172412,-0.41007194,0.0056910445,0.77190083,-0.73462784,-0.47924528,0.81959265,-0.7015873,0.5623569,0.55567735,-13.073938,-5.459517,0.53096914,0,"{""geodesic"":false,""type"":""Point"",""coordinates"":[110.43163658491304,-7.309881400619438]}"
1_1_1_1_1_194_0,0.0477,0.0533,0.0328,0.0514,0.0666,0.0409,0.0712,0.1177,0.143,0.1975,0.1376,0.0497,-0.45088896,0.37024778,0.15440246,0.49564558,0.11092578,-0.23809524,0.006792506,0.5869827,-0.7151542,-0.01814711,0.6568792,-0.49564558,0.47004095,0.31812027,-15.76907,-11.467259,0.2926292,0,"{""geodesic"":false,""type"":""Point"",""coordinates"":[110.43621348756363,-7.272167727963868]}"
1_1_1_1_1_45_0,0.0435,0.1359,0.0572,0.0444,0.0652,0.0349,0.1038,0.3067,0.3714,0.3756,0.4018,0.3873,-0.42180094,0.6803115,0.32280073,0.7041742,-0.3515664,-0.40756086,0.005314909,0.7885714,-0.7356747,-0.50748754,0.82996345,-0.7041742,0.5669587,0.561285,-11.915298,-8.873342,0.54,0,"{""geodesic"":false,""type"":""Point"",""coordinates"":[110.4494147013832,-7.292264847651581]}"
1_1_1_1_1_14_0,0.04,0.1329,0.0612,0.0433,0.0594,0.0339,0.0964,0.2601,0.3167,0.3271,0.3498,0.2909,-0.37900224,0.6079204,0.27565518,0.6926261,-0.3822153,-0.36939722,0.0063426476,0.7661987,-0.6847798,-0.50851303,0.8121884,-0.6926261,0.54474616,0.5108014,-15.453423,-8.3185625,0.4890855,0,"{""geodesic"":false,""type"":""Point"",""coordinates"":[110.44617717435437,-7.272903646791143]}"
1_1_1_1_1_33_0,0.0453,0.1469,0.0628,0.0485,0.0641,0.0374,0.1017,0.3039,0.3736,0.3796,0.41,0.4027,-0.3981058,0.6897803,0.32279435,0.71106607,-0.39241707,-0.40104914,0.006187355,0.7734174,-0.716094,-0.50358236,0.8206235,-0.71106607,0.57739455,0.5597601,-8.88733,-4.048525,0.5351255,0,"{""geodesic"":false,""type"":""Point"",""coordinates"":[110.44969640949505,-7.284124290051147]}"
1_1_1_1_1_148_0,0.0453,0.0418,0.0189,0.0488,0.0584,0.037,0.0604,0.1123,0.124,0.1748,0.1312,0.0657,-0.47883597,0.33420643,0.13694933,0.49914235,0.16566868,-0.37726524,0.004000572,0.56350625,-0.80485284,0.077262685,0.6506138,-0.49914235,0.48639455,0.29039055,-18.256973,-8.790956,0.26119402,0,"{""geodesic"":false,""type"":""Point"",""coordinates"":[110.44616497196056,-7.282853620247003]}"
1_1_1_1_1_145_0,0.0439,0.091,0.0374,0.0482,0.0628,0.0362,0.0842,0.2115,0.2328,0.2745,0.2586,0.2516,-0.43454102,0.5271191,0.22858833,0.6276312,-0.18335502,-0.41744548,0.0049321675,0.7012705,-0.7601796,-0.30747125,0.7669778,-0.6276312,0.53052694,0.44091526,-13.822282,-9.478695,0.41260487,0,"{""geodesic"":false,""type"":""Point"",""coordinates"":[110.44725259701669,-7.282402677552709]}"
1_1_1_1_1_85_0,0.0438,0.1206,0.0516,0.0472,0.0705,0.0369,0.1067,0.3186,0.3778,0.3823,0.3991,0.1833,-0.46337306,0.69096583,0.33056664,0.68860424,-0.2621664,-0.40069684,0.004980487,0.78020954,-0.76215714,-0.4374255,0.8239504,-0.68860424,0.56359917,0.56364226,-16.129005,-5.692577,0.5407746,0,"{""geodesic"":false,""type"":""Point"",""coordinates"":[110.42496585845771,-7.2838221800550125]}"
1_1_1_1_1_57_0,0.0401,0.1808,0.0825,0.0465,0.0678,0.043,0.1159,0.3238,0.3986,0.3963,0.433,0.4409,-0.32853281,0.6765348,0.328879,0.7078216,-0.45454547,-0.3733384,0.008951553,0.7899729,-0.6553885,-0.5908491,0.80423397,-0.7078216,0.5474424,0.5641967,-10.311157,-6.2379813,0.5565337,0,"{""geodesic"":false,""type"":""Point"",""coordinates"":[110.45121241634867,-7.303845201218329]}"
1_1_1_1_1_118_0,0.0449,0.0677,0.0289,0.0456,0.0536,0.0346,0.0695,0.1589,0.1904,0.0835,0.1767,0.1755,-0.115816765,0.12880623,0.043034,0.21808898,-0.11624073,-0.40165633,0.011975329,0.29357085,-0.48576513,-0.19505735,0.41405585,-0.21808898,0.091503255,0.11867011,-11.428272,-8.593249,0.09036718,0,"{""geodesic"":false,""type"":""Point"",""coordinates"":[110.44687537286349,-7.294523107496582]}"
1_1_1_1_1_76_0,0.0562,0.1782,0.1044,0.06,0.0818,0.0558,0.1211,0.2465,0.2812,0.3312,0.3054,0.2924,-0.25143954,0.5662007,0.2537082,0.6038741,-0.37076926,-0.26114652,0.01758913,0.69325155,-0.5206612,-0.4962217,0.7116279,-0.6038741,0.4645147,0.46572718,-13.874223,-6.2488866,0.45646322,0,"{""geodesic"":false,""type"":""Point"",""coordinates"":[110.42266994709371,-7.308151386144781]}"
1_1_1_1_1_70_0,0.0426,0.1307,0.0541,0.046,0.064,0.0344,0.0975,0.2978,0.356,0.3571,0.3866,0.392,-0.41886657,0.6620845,0.30563366,0.6960342,-0.34257832,-0.4145022,0.0052115372,0.7717688,-0.7368677,-0.47934353,0.82426566,-0.6960342,0.5710515,0.5429613,-11.510014,-3.3348768,0.5167202,0,"{""geodesic"":false,""type"":""Point"",""coordinates"":[110.43780130867896,-7.306451868115559]}"
1_1_1_1_1_36_0,0.0494,0.1089,0.0514,0.053,0.0645,0.0431,0.096,0.2188,0.2557,0.25,0.2837,0.2459,-0.3318681,0.46552965,0.19523889,0.58982515,-0.2560554,-0.35870245,0.008861359,0.650165,-0.658925,-0.34527487,0.7059024,-0.58982515,0.44508672,0.39131257,-13.361037,-7.0019155,0.36799502,0,"{""geodesic"":false,""type"":""Point"",""coordinates"":[110.45232153083145,-7.285755655600911]}"
1_1_1_1_1_24_0,0.0435,0.1329,0.0544,0.0448,0.0603,0.0344,0.0952,0.2876,0.3564,0.3544,0.3863,0.3874,-0.4093557,0.65316784,0.3025438,0.7091874,-0.3757764,-0.41911373,0.0052803615,0.77555114,-0.7338552,-0.49577942,0.82304525,-0.7091874,0.57651246,0.540054,-13.516531,-8.0274315,0.5164591,0,"{""geodesic"":false,""type"":""Point"",""coordinates"":[110.44834198882428,-7.280504462887439]}"
1_1_1_1_1_111_0,0.0419,0.13,0.0528,0.0449,0.0628,0.0334,0.097,0.297,0.3744,0.3748,0.4097,0.4119,-0.43954727,0.6891679,0.3242805,0.7129799,-0.34854773,-0.42231947,0.0047052293,0.7860376,-0.7530402,-0.48656374,0.83635473,-0.7129799,0.58880883,0.56386256,-11.333009,-7.302203,0.5380559,0,"{""geodesic"":false,""type"":""Point"",""coordinates"":[110.43562296967411,-7.309705498487636]}"
1_1_1_1_1_66_0,0.0428,0.128,0.0576,0.0444,0.063,0.036,0.0959,0.2694,0.3344,0.3296,0.3553,0.3517,-0.39033458,0.6053109,0.2772957,0.67906266,-0.34031415,-0.37931037,0.0062912614,0.76256686,-0.70247936,-0.48491883,0.80306345,-0.67906266,0.5492362,0.50878006,-14.417088,-4.082341,0.4894737,0,"{""geodesic"":false,""type"":""Point"",""coordinates"":[110.4418790441788,-7.305642842155752]}"
1_1_1_1_1_141_0,0.0476,0.1239,0.0599,0.0476,0.062,0.0371,0.0947,0.2169,0.2513,0.2642,0.2781,0.2806,-0.31895095,0.5025226,0.21171726,0.6198651,-0.3329747,-0.34820455,0.008411393,0.69467604,-0.630361,-0.44489795,0.7537338,-0.6198651,0.4722764,0.4251217,-14.171375,-5.867947,0.40022174,0,"{""geodesic"":false,""type"":""Point"",""coordinates"":[110.44934166502931,-7.277882499809765]}"
1_1_1_1_1_165_0,0.0423,0.1145,0.0495,0.0433,0.0612,0.035,0.0954,0.256,0.2946,0.3094,0.3163,0.1897,-0.40461966,0.57422674,0.26031095,0.66972476,-0.303358,-0.39634147,0.0055995476,0.7544656,-0.72415715,-0.45120406,0.796748,-0.66972476,0.5286561,0.4874467,-12.530675,-4.272086,0.46810132,0,"{""geodesic"":false,""type"":""Point"",""coordinates"":[110.4397982034781,-7.303378907743439]}"
1_1_1_1_1_50_0,0.0429,0.1352,0.0567,0.0467,0.0636,0.0349,0.0989,0.2962,0.3598,0.3685,0.3954,0.3804,-0.4187596,0.67934674,0.31582478,0.7056237,-0.36016092,-0.4090672,0.005369959,0.77504814,-0.733302,-0.48653105,0.82697076,-0.7056237,0.57680786,0.55390745,-13.95301,-5.083853,0.5274257,0,"{""geodesic"":false,""type"":""Point"",""coordinates"":[110.44270155691245,-7.299854784168911]}"
1_1_1_1_1_112_0,0.0425,0.1389,0.0608,0.0465,0.0637,0.0368,0.0994,0.2951,0.3573,0.3571,0.3877,0.3996,-0.39340585,0.6514665,0.3022058,0.69724333,-0.37117472,-0.3910866,0.006265584,0.7695738,-0.7090213,-0.49838185,0.8131505,-0.69724333,0.5645126,0.53747624,-9.616438,-5.042596,0.51560426,0,"{""geodesic"":false,""type"":""Point"",""coordinates"":[110.43562558078696,-7.307625056080898]}"
1_1_1_1_1_132_0,0.0386,0.1131,0.0601,0.04,0.0554,0.0339,0.0769,0.1777,0.2102,0.2269,0.2225,0.2319,-0.2896835,0.4268778,0.17896414,0.60750973,-0.34243324,-0.3060046,0.008979242,0.70026225,-0.5811847,-0.47746572,0.74003065,-0.60750973,0.4937459,0.3805205,-14.616479,-9.107002,0.36556265,0,"{""geodesic"":false,""type"":""Point"",""coordinates"":[110.44554139874054,-7.274259686189373]}"
1_1_1_1_1_138_0,0.0458,0.1029,0.0458,0.0464,0.0668,0.0367,0.0956,0.257,0.2878,0.3363,0.306,0.2753,-0.46544132,0.61977655,0.287868,0.6685686,-0.21272835,-0.3839946,0.004998097,0.7575124,-0.76027215,-0.3784327,0.8032172,-0.6685686,0.5573049,0.51477665,-13.403205,-6.9796615,0.4926362,0,"{""geodesic"":false,""type"":""Point"",""coordinates"":[110.4412898249724,-7.269369927148712]}"
1_1_1_1_1_84_0,0.0419,0.0724,0.033,0.0429,0.0574,0.0358,0.0856,0.1987,0.2308,0.2494,0.2326,0.14,-0.4596754,0.46741652,0.20711373,0.62581486,-0.11556243,-0.37381408,0.0047369683,0.70646596,-0.76628894,-0.2558543,0.7489481,-0.62581486,0.48895523,0.40804893,-18.669168,-9.036416,0.3909504,0,"{""geodesic"":false,""type"":""Point"",""coordinates"":[110.42296908031648,-7.28680462249489]}"
1_1_1_1_1_46_0,0.0417,0.1207,0.0515,0.0455,0.0584,0.036,0.0936,0.2602,0.3173,0.2562,0.3401,0.4044,-0.31631762,0.4867589,0.2051894,0.6287349,-0.34785035,-0.4018583,0.0072365343,0.6983759,-0.66525835,-0.45246693,0.75359344,-0.6287349,0.464837,0.41694015,-13.067391,-5.413401,0.39422476,0,"{""geodesic"":false,""type"":""Point"",""coordinates"":[110.44814775380853,-7.291177849838286]}"
1_1_1_1_1_131_0,0.0392,0.116,0.061,0.0409,0.0528,0.0321,0.0744,0.1781,0.212,0.1932,0.2228,0.2629,-0.2250131,0.373245,0.1462312,0.5707317,-0.37440756,-0.31073445,0.010135093,0.6505767,-0.5200629,-0.4786488,0.71504664,-0.5707317,0.4439462,0.3331725,-17.668758,-7.718204,0.3111974,0,"{""geodesic"":false,""type"":""Point"",""coordinates"":[110.44617506789206,-7.274622278882877]}"
1_1_1_1_1_89_0,0.0436,0.1211,0.0498,0.0424,0.0599,0.0321,0.0968,0.3219,0.4041,0.3846,0.4345,0.243,-0.47190624,0.6998491,0.33672738,0.7304837,-0.33812153,-0.41720304,0.004156474,0.8014052,-0.7707182,-0.4813456,0.8459323,-0.7304837,0.59783965,0.57679725,-11.451665,-11.402534,0.5537217,0,"{""geodesic"":false,""type"":""Point"",""coordinates"":[110.42189359079472,-7.277757844072109]}"
1_1_1_1_1_39_0,0.0433,0.1538,0.0765,0.0464,0.0624,0.0426,0.1051,0.254,0.3071,0.31,0.3464,0.3574,-0.28943563,0.5490309,0.24769308,0.66487646,-0.4227567,-0.33564916,0.01051258,0.7396184,-0.60413975,-0.53646356,0.7583664,-0.66487646,0.49361598,0.47044337,-11.62314,-9.056855,0.46170014,0,"{""geodesic"":false,""type"":""Point"",""coordinates"":[110.45023487567262,-7.2882858499852174]}"
1_1_1_1_1_123_0,0.0418,0.1423,0.0599,0.0475,0.0684,0.037,0.1017,0.3025,0.3758,0.3763,0.411,0.378,-0.40540543,0.6829435,0.3206387,0.69237685,-0.3507356,-0.40751728,0.0058897156,0.77583766,-0.7253553,-0.49947312,0.8209533,-0.69237685,0.574477,0.55726486,-12.817683,-8.494056,0.5338818,0,"{""geodesic"":false,""type"":""Point"",""coordinates"":[110.44787742115133,-7.2900016124055105]}"
1_1_1_1_1_47_0,0.0424,0.12,0.0551,0.0472,0.0612,0.0384,0.0949,0.2209,0.2763,0.2724,0.2985,0.3081,-0.3372385,0.509227,0.2195388,0.63309354,-0.3245033,-0.3706453,0.0077674016,0.7046308,-0.66351146,-0.43540668,0.7528957,-0.63309354,0.4832562,0.43290576,-12.8346615,-5.268057,0.41215226,0,"{""geodesic"":false,""type"":""Point"",""coordinates"":[110.4518619840981,-7.291182368037181]}"
1_1_1_1_1_64_0,0.0433,0.1217,0.0498,0.0424,0.0583,0.0324,0.09,0.3029,0.3667,0.3913,0.4231,0.3689,-0.475672,0.70777786,0.3430742,0.74065834,-0.3522222,-0.41924196,0.004123486,0.80447316,-0.77420086,-0.48324192,0.8470616,-0.74065834,0.62601286,0.5828191,-11.984445,-7.0226097,0.56051195,0,"{""geodesic"":false,""type"":""Point"",""coordinates"":[110.44442147729897,-7.300942355249162]}"
1_1_1_1_1_191_0,0.0467,0.0345,0.0187,0.0511,0.0652,0.0428,0.0659,0.1017,0.1001,0.1635,0.0882,0.0593,-0.47036657,0.29096955,0.122170925,0.42982072,0.3079238,-0.29699248,0.0048951684,0.52376515,-0.7947311,0.19392525,0.58507025,-0.42982072,0.42545772,0.25633582,-19.07523,-19.520304,0.23593618,0,"{""geodesic"":false,""type"":""Point"",""coordinates"":[110.43086760676856,-7.2731560438630165]}"
1_1_1_1_1_166_0,0.0416,0.0989,0.0438,0.0429,0.0572,0.0351,0.0854,0.2282,0.2767,0.2957,0.2834,0.2505,-0.43292427,0.5499979,0.24929334,0.6758289,-0.26713645,-0.38612473,0.005199121,0.74660367,-0.7419735,-0.3949224,0.7877872,-0.6758289,0.5518237,0.47051036,-14.0213,-7.944901,0.45218223,0,"{""geodesic"":false,""type"":""Point"",""coordinates"":[110.44052092526144,-7.305007980629357]}"
1_1_1_1_1_32_0,0.0443,0.1394,0.0576,0.0483,0.066,0.0361,0.1029,0.3173,0.3873,0.3937,0.4242,0.4057,-0.43157893,0.7163175,0.33929312,0.71285623,-0.35735154,-0.41522846,0.005281585,0.78144795,-0.74473745,-0.48534897,0.8320149,-0.71285623,0.58558196,0.5768983,-13.566976,-6.7178855,0.55,0,"{""geodesic"":false,""type"":""Point"",""coordinates"":[110.44742923354069,-7.28611152497458]}"
1_1_1_1_1_48_0,0.0431,0.1428,0.0668,0.047,0.064,0.038,0.1029,0.2713,0.3251,0.3225,0.3632,0.3231,-0.34290385,0.5936978,0.26592728,0.66882277,-0.38104448,-0.36259544,0.007871008,0.7456022,-0.65681994,-0.50474185,0.7891817,-0.66882277,0.51622003,0.49593258,-10.645821,-9.333132,0.47527313,0,"{""geodesic"":false,""type"":""Point"",""coordinates"":[110.45068176540248,-7.2932613880079264]}"
1_1_1_1_1_82_0,0.0434,0.1236,0.0525,0.0451,0.0634,0.036,0.1036,0.306,0.3643,0.3592,0.396,0.3174,-0.4339422,0.65321964,0.30767548,0.69995266,-0.32192513,-0.4037479,0.005261692,0.7768983,-0.74495995,-0.46532306,0.81781375,-0.69995266,0.5522904,0.541555,-15.474518,-4.472712,0.52101076,0,"{""geodesic"":false,""type"":""Point"",""coordinates"":[110.43094462906686,-7.283920191286584]}"
1_1_1_1_1_144_0,0.0443,0.1075,0.0468,0.0466,0.0622,0.0361,0.0949,0.2512,0.3152,0.3152,0.3225,0.157,-0.43173724,0.59016323,0.26644644,0.67037624,-0.26694167,-0.39338952,0.0053600254,0.7423991,-0.7414365,-0.39519793,0.79447764,-0.67037624,0.537186,0.49177727,-15.127253,-6.975421,0.46750987,0,"{""geodesic"":false,""type"":""Point"",""coordinates"":[110.44743432909462,-7.281950627222189]}"
1_1_1_1_1_29_0,0.045,0.1384,0.06,0.0453,0.0631,0.037,0.0992,0.2778,0.3409,0.3496,0.3791,0.3928,-0.38488513,0.63441163,0.2946298,0.69420886,-0.37369725,-0.3951613,0.0063501145,0.7705748,-0.70703125,-0.5068046,0.8085877,-0.69420886,0.55793226,0.52887434,-14.642953,-7.1049743,0.510057,0,"{""geodesic"":false,""type"":""Point"",""coordinates"":[110.44824553864314,-7.285298431252879]}"
1_1_1_1_1_55_0,0.0397,0.1547,0.067,0.0446,0.0689,0.0387,0.1091,0.32,0.3903,0.3923,0.4275,0.4231,-0.386324,0.6852713,0.33304244,0.70121425,-0.38372093,-0.39557958,0.006609482,0.7958343,-0.7082517,-0.5524335,0.82041764,-0.70121425,0.5648185,0.56971,-14.992862,-6.4270945,0.55667627,0,"{""geodesic"":false,""type"":""Point"",""coordinates"":[110.45239222388203,-7.302127999925314]}"
1_1_1_1_1_179_0,0.0435,0.0874,0.0411,0.0483,0.0631,0.0363,0.0917,0.2247,0.2641,0.2975,0.2803,0.1811,-0.47305647,0.5663241,0.25214404,0.65002775,-0.16146176,-0.36031127,0.0050148903,0.72064775,-0.7572357,-0.28813556,0.7825045,-0.65002775,0.528777,0.46989688,-11.320828,-7.7258368,0.44194847,0,"{""geodesic"":false,""type"":""Point"",""coordinates"":[110.41852423863588,-7.291412083908557]}"
1_1_1_1_1_116_0,0.0428,0.0925,0.0447,0.0457,0.0609,0.0356,0.0805,0.189,0.2255,0.2614,0.2403,0.2931,-0.41130516,0.49856484,0.21571617,0.62209123,-0.2059974,-0.3483965,0.0060876813,0.7023771,-0.7079386,-0.33863968,0.7602694,-0.62209123,0.5291021,0.42496866,-15.093636,-5.300865,0.4008797,0,"{""geodesic"":false,""type"":""Point"",""coordinates"":[110.44288386137424,-7.298950466047148]}"
1_1_1_1_1_150_0,0.0445,0.0785,0.0362,0.0451,0.0614,0.0366,0.0851,0.194,0.2126,0.2684,0.2319,0.1781,-0.4629025,0.50402266,0.22437447,0.6276531,-0.12223018,-0.36878812,0.004936364,0.7122807,-0.7623112,-0.27022657,0.76,-0.6276531,0.518529,0.43192548,-16.395618,-10.042226,0.4117394,0,"{""geodesic"":false,""type"":""Point"",""coordinates"":[110.44516693322315,-7.284118759602829]}"
1_1_1_1_1_7_0,0.0421,0.1323,0.0566,0.0458,0.0622,0.0338,0.1002,0.2929,0.3583,0.3575,0.3909,0.3884,-0.41657883,0.6650641,0.30624378,0.7035978,-0.36041135,-0.40074113,0.005351273,0.77287376,-0.72663605,-0.48568222,0.82724255,-0.7035978,0.5621586,0.54476607,-15.353306,-4.7107205,0.5176021,0,"{""geodesic"":false,""type"":""Point"",""coordinates"":[110.44219144812253,-7.272808304630566]}"
1_1_1_1_1_105_0,0.0426,0.0635,0.0284,0.0429,0.056,0.0343,0.069,0.1522,0.1771,0.2237,0.1803,0.254,-0.4632272,0.42744303,0.18422516,0.599571,-0.06276151,-0.3819369,0.004354582,0.67816955,-0.7746926,-0.19360904,0.7341085,-0.599571,0.5285275,0.3748021,-11.304004,-9.045601,0.3537699,0,"{""geodesic"":false,""type"":""Point"",""coordinates"":[110.44705933087603,-7.292261972818307]}"
1_1_1_1_1_16_0,0.0411,0.1233,0.0588,0.0434,0.0585,0.0352,0.0917,0.2426,0.2836,0.2972,0.3101,0.277,-0.36485672,0.5537239,0.24638687,0.6710711,-0.35643566,-0.354201,0.0069641992,0.7451556,-0.6696629,-0.47930413,0.788207,-0.6710711,0.5284135,0.47212878,-12.860746,-6.4632764,0.45289078,0,"{""geodesic"":false,""type"":""Point"",""coordinates"":[110.4472605697873,-7.275889966818606]}"
1_1_1_1_1_195_0,0.0476,0.0361,0.0179,0.0479,0.0598,0.0394,0.0657,0.0951,0.1395,0.1834,0.1427,0.044,-0.5078227,0.3394465,0.14458483,0.5082237,0.24713242,-0.33703706,0.0038454742,0.5858193,-0.822156,0.14047618,0.64631957,-0.5082237,0.472501,0.29883787,-18.246105,-9.735821,0.27792972,0,"{""geodesic"":false,""type"":""Point"",""coordinates"":[110.43675734748587,-7.271897041115167]}"
1_1_1_1_1_176_0,0.044,0.0399,0.0197,0.0445,0.0546,0.0345,0.0582,0.1038,0.1106,0.2218,0.1234,0.0578,-0.56325215,0.42760605,0.18634301,0.6049204,0.15555555,-0.3389262,0.003064247,0.66579044,-0.836853,0.054502364,0.73078424,-0.6049204,0.58428574,0.37147957,-15.622642,-8.4252405,0.34705728,0,"{""geodesic"":false,""type"":""Point"",""coordinates"":[110.41851688439306,-7.297110673527757]}"
1_1_1_1_1_100_0,0.049,0.1337,0.0631,0.0483,0.0676,0.0405,0.1048,0.2462,0.2989,0.298,0.3335,0.2832,-0.33064362,0.5461294,0.24098305,0.6301969,-0.32836562,-0.35873982,0.008575671,0.7210511,-0.65051234,-0.46923074,0.760709,-0.6301969,0.4796425,0.460644,-13.596321,-6.2173247,0.44257355,0,"{""geodesic"":false,""type"":""Point"",""coordinates"":[110.44997391010868,-7.279420994403306]}"
1_1_1_1_1_79_0,0.0413,0.1298,0.0524,0.0443,0.0628,0.0321,0.0991,0.3241,0.4012,0.4021,0.4375,0.3775,-0.46769685,0.7327023,0.35268554,0.7298344,-0.34787127,-0.42480794,0.0041831387,0.80152327,-0.7694169,-0.4910971,0.85214186,-0.7298344,0.60454905,0.5940912,-15.499405,-9.025839,0.56709635,0,"{""geodesic"":false,""type"":""Point"",""coordinates"":[110.42095878925434,-7.300279699066831]}"
1_1_1_1_1_192_0,0.0471,0.0622,0.0285,0.0468,0.0626,0.0359,0.0841,0.1807,0.1886,0.2486,0.2145,0.0532,-0.5013977,0.47776282,0.2080391,0.59768635,0.0032051527,-0.37155455,0.0041156476,0.6831415,-0.7942981,-0.1412844,0.74762744,-0.59768635,0.49443945,0.40669218,-15.427334,-12.840167,0.38056326,0,"{""geodesic"":false,""type"":""Point"",""coordinates"":[110.4313208836102,-7.2728852501297645]}"
1_1_1_1_1_10_0,0.0423,0.1305,0.0561,0.0439,0.0602,0.0342,0.0969,0.2808,0.3319,0.334,0.3659,0.2466,-0.39292294,0.61944705,0.28273365,0.69457126,-0.36864188,-0.39871383,0.0057443716,0.76766336,-0.7123814,-0.49655962,0.8142314,-0.69457126,0.5502437,0.5179682,-13.016597,-8.268069,0.49567148,0,"{""geodesic"":false,""type"":""Point"",""coordinates"":[110.44373109627655,-7.273081560126089]}"
1_1_1_1_1_4_0,0.04,0.024,0.0146,0.041,0.0442,0.0347,0.0453,0.0621,0.071,0.0803,0.0678,0.0346,-0.3477778,0.116207965,0.047496263,0.28995988,0.29618767,-0.24352331,0.0063090906,0.3239901,-0.6923077,0.26153848,0.39652178,-0.28995988,0.27866244,0.111219525,-17.372318,-9.298261,0.094881706,0,"{""geodesic"":false,""type"":""Point"",""coordinates"":[110.44862854718903,-7.268383910302472]}"
1_1_1_1_1_9_0,0.0415,0.1318,0.0571,0.0419,0.0599,0.0333,0.0997,0.2895,0.3537,0.3627,0.3868,0.293,-0.4203967,0.6597236,0.31194377,0.7165168,-0.37506518,-0.3954473,0.0052424325,0.79288185,-0.72796565,-0.517559,0.83181816,-0.7165168,0.5687716,0.55145085,-14.092719,-6.032725,0.5319478,0,"{""geodesic"":false,""type"":""Point"",""coordinates"":[110.44218943820475,-7.274436481305826]}"
1_1_1_1_1_65_0,0.0447,0.1188,0.0517,0.0458,0.0622,0.0372,0.0948,0.2657,0.3164,0.3142,0.3395,0.2993,-0.39534885,0.5800319,0.26253882,0.6695005,-0.3127072,-0.3935484,0.006121069,0.7455556,-0.71740913,-0.4434994,0.7882755,-0.6695005,0.53643036,0.48801973,-13.516255,-6.4445558,0.46813956,0,"{""geodesic"":false,""type"":""Point"",""coordinates"":[110.44260760411719,-7.302568297048925]}"
1_1_1_1_1_151_0,0.044,0.03,0.0149,0.0447,0.0575,0.0344,0.0573,0.0872,0.0859,0.1594,0.0843,0.0508,-0.52029794,0.30323613,0.12577978,0.46980175,0.31428573,-0.33630288,0.0032155584,0.5619794,-0.8290304,0.19678716,0.64499485,-0.46980175,0.4711583,0.2702508,-13.058894,-13.405438,0.2443545,0,"{""geodesic"":false,""type"":""Point"",""coordinates"":[110.44570935892494,-7.285023968353765]}"
1_1_1_1_1_104_0,0.0426,0.0969,0.0444,0.0435,0.0598,0.0339,0.0893,0.2195,0.2675,0.2621,0.2841,0.254,-0.40054998,0.50076807,0.21703511,0.62845606,-0.23675814,-0.3715499,0.0057426933,0.71531415,-0.7102773,-0.3803419,0.77094597,-0.62845606,0.49174732,0.43002513,-14.572427,-5.8069453,0.40702584,0,"{""geodesic"":false,""type"":""Point"",""coordinates"":[110.44724062412597,-7.292171740131598]}"
1_1_1_1_1_117_0,0.0427,0.0712,0.0304,0.0459,0.0586,0.0348,0.0727,0.1556,0.1761,0.2374,0.1986,0.1588,-0.45543283,0.45963973,0.19614917,0.60405403,-0.0970724,-0.4015748,0.0044562765,0.6759619,-0.7729649,-0.21605466,0.7443057,-0.60405403,0.531119,0.39355087,-12.649389,-6.8492594,0.36671773,0,"{""geodesic"":false,""type"":""Point"",""coordinates"":[110.44188633556699,-7.2997633231242895]}"
1_1_1_1_1_101_0,0.0464,0.1361,0.0586,0.0458,0.0632,0.0378,0.0974,0.2766,0.3375,0.3432,0.3656,0.3376,-0.38212827,0.62250304,0.28797922,0.6889764,-0.36578023,-0.39804825,0.006454196,0.7645244,-0.7083126,-0.49642658,0.8015748,-0.6889764,0.55787563,0.5199773,-17.261621,-7.0751014,0.50179976,0,"{""geodesic"":false,""type"":""Point"",""coordinates"":[110.44988166816638,-7.280777699646511]}"
1_1_1_1_1_152_0,0.0441,0.0958,0.0404,0.0471,0.0639,0.0356,0.0903,0.2368,0.2689,0.3152,0.2946,0.3281,-0.46769294,0.5946153,0.26893133,0.6628858,-0.19974951,-0.4067548,0.0045629437,0.73999447,-0.7727784,-0.34079775,0.79703534,-0.6628858,0.5546239,0.49294782,-13.223374,-6.2604594,0.466369,0,"{""geodesic"":false,""type"":""Point"",""coordinates"":[110.4466135913599,-7.286381891317317]}"
1_1_1_1_2_199_0,0.0492,0.0682,0.05,0.0486,0.0512,0.0435,0.0593,0.068,0.0788,0.0606,0.0715,0.052,0.011317328,0.044666186,0.012722655,0.08407874,-0.14237857,-0.1539763,0.03589109,0.109890126,-0.09584087,-0.16780822,0.16426516,-0.08407874,0.01084238,0.042459864,-18.582684,-11.02193,0.029546952,1,"{""geodesic"":false,""type"":""Point"",""coordinates"":[110.42729242988786,-7.306438651711575]}"
1_1_1_1_2_119_0,0.0435,0.0522,0.0257,0.0412,0.0517,0.0352,0.0565,0.1086,0.1175,0.1306,0.1101,0.1492,-0.32561728,0.23092565,0.09238726,0.4328031,-0.004812329,-0.34017974,0.0069267987,0.5203725,-0.67114526,-0.11777302,0.57539207,-0.4328031,0.3960449,0.21492942,-19.66746,-6.614818,0.19961299,1,"{""geodesic"":false,""type"":""Point"",""coordinates"":[110.44007155888191,-7.302112887407152]}"
1_1_1_1_2_117_0,0.045,0.0789,0.0425,0.058,0.0642,0.0517,0.0749,0.1556,0.1736,0.0897,0.1728,0.2064,-0.06144447,0.098455794,0.0331796,0.165692,-0.10272539,-0.29983526,0.024495542,0.21462424,-0.35703477,-0.15266621,0.26874116,-0.165692,0.08991494,0.0888681,-13.181039,-7.1414948,0.07341362,1,"{""geodesic"":false,""type"":""Point"",""coordinates"":[110.44088678382825,-7.302204352013851]}"
1_1_1_1_2_71_0,0.0423,0.0691,0.0412,0.0552,0.055,0.0504,0.0642,0.1179,0.1142,0.0804,0.1287,0.1897,-0.06311249,0.077415355,0.026685974,0.18759231,-0.11361805,-0.2529465,0.025826868,0.1858407,-0.3223684,-0.11182623,0.22935778,-0.18759231,0.11203318,0.071337976,-17.745955,-10.235877,0.05947136,1,"{""geodesic"":false,""type"":""Point"",""coordinates"":[110.43943571769553,-7.303468911969349]}"
1_1_1_1_2_196_0,0.0487,0.0477,0.0324,0.0498,0.0487,0.0378,0.0544,0.0719,0.0851,0.0719,0.0885,0.093,-0.17471045,0.09214225,0.032345522,0.19237149,0.010373465,-0.19101122,0.017033657,0.18159409,-0.37871525,0.021538483,0.3108478,-0.19237149,0.138559,0.083893724,-22.767975,-13.163661,0.05332154,1,"{""geodesic"":false,""type"":""Point"",""coordinates"":[110.43000875130234,-7.3076179943753825]}"
1_1_1_1_2_118_0,0.0435,0.0389,0.0261,0.0501,0.0533,0.0482,0.0487,0.0586,0.0606,0.0664,0.0559,0.1492,-0.14440078,0.046435677,0.01984815,0.10944025,0.15618223,-0.19692306,0.018946085,0.13991417,-0.43567565,0.12584269,0.15881325,-0.10944025,0.15377931,0.044419132,-14.234475,-8.519421,0.03965937,1,"{""geodesic"":false,""type"":""Point"",""coordinates"":[110.44025229495563,-7.3024749285469674]}"
1_1_1_1_2_197_0,0.051,0.059,0.0453,0.062,0.0569,0.0484,0.0599,0.0896,0.0934,0.0708,0.1042,0.088,-0.105745204,0.06248605,0.020521462,0.10884887,-0.018119086,-0.13135187,0.030967796,0.06626506,-0.21963824,0.024793377,0.18791945,-0.10884887,0.08339708,0.054263566,-19.73457,-13.337216,0.020859672,1,"{""geodesic"":false,""type"":""Point"",""coordinates"":[110.42883091482253,-7.307706958742189]}"
1_1_1_1_2_107_0,0.0447,0.1042,0.0508,0.0684,0.063,0.0618,0.0833,0.2104,0.2542,0.1522,0.2485,0.32,-0.14123125,0.22376238,0.08288585,0.41449812,-0.24641147,-0.34451613,0.02062707,0.37987304,-0.4995074,-0.20741597,0.42242992,-0.41449812,0.292569,0.18991597,-19.208551,-7.658769,0.17443796,1,"{""geodesic"":false,""type"":""Point"",""coordinates"":[110.44841221842337,-7.297148163530422]}"
1_1_1_1_2_69_0,0.0423,0.0825,0.0456,0.0738,0.072,0.0646,0.0789,0.1415,0.1819,0.1257,0.1551,0.1623,-0.1511829,0.15914774,0.05792775,0.27162367,-0.06796121,-0.28805622,0.023434846,0.26015037,-0.46760067,-0.055662226,0.32107198,-0.27162367,0.228739,0.13276836,-15.172493,-6.6774597,0.11129378,1,"{""geodesic"":false,""type"":""Point"",""coordinates"":[110.43925295296,-7.304735044217258]}"
1_1_1_1_2_43_0,0.0442,0.0275,0.0219,0.055,0.0593,0.047,0.0486,0.0402,0.0479,0.0516,0.0432,0.0454,-0.17725016,0.012485081,0.008055803,-0.069431916,0.36635947,-0.11336032,0.019947672,-0.031894915,-0.40408164,0.33333334,0.046653178,0.069431916,0.029940138,0.011526904,-20.207678,-10.745011,-0.008407513,1,"{""geodesic"":false,""type"":""Point"",""coordinates"":[110.41915953793983,-7.290508360771987]}"
1_1_1_1_2_56_0,0.0524,0.0318,0.0245,0.05,0.0493,0.0408,0.046,0.0466,0.0556,0.0548,0.0494,0.0652,-0.18151069,0.037854202,0.0155949835,0.052833814,0.21578296,-0.12966256,0.018240876,0.04580152,-0.38209334,0.22249387,0.1464435,-0.052833814,0.08730159,0.035258558,-27.907423,-12.697782,0.01190476,1,"{""geodesic"":false,""type"":""Point"",""coordinates"":[110.42846945848089,-7.306982868513484]}"
1_1_1_1_2_172_0,0.0476,0.0225,0.0158,0.051,0.0548,0.0398,0.0531,0.0443,0.0493,0.0426,0.0445,0.103,-0.20076971,0.007787293,0.005865914,-0.12525669,0.41785252,-0.17493477,0.014761502,-0.0897436,-0.45890412,0.38775507,0.03398057,0.12525669,-0.10971788,0.0072115357,-26.395967,-11.409681,-0.021226417,1,"{""geodesic"":false,""type"":""Point"",""coordinates"":[110.4310476419842,-7.274060812191753]}"
1_1_1_1_2_173_0,0.0486,0.0251,0.0173,0.0473,0.0558,0.0415,0.0569,0.0563,0.0475,0.0413,0.0432,0.0511,-0.14175259,-5.3444406E-4,0.0027064166,-0.14933059,0.37948084,-0.18396226,0.017383777,-0.0677201,-0.4095563,0.30662984,-0.002415455,0.14933059,-0.15885949,-5.147555E-4,-22.009306,-13.693728,-0.015290522,1,"{""geodesic"":false,""type"":""Point"",""coordinates"":[110.43150069206982,-7.273970926534673]}"
1_1_1_1_2_190_0,0.0419,0.0595,0.0327,0.042,0.0498,0.0358,0.0583,0.0903,0.122,0.0925,0.1023,0.1496,-0.17058311,0.14284995,0.052499875,0.30007026,-0.08874657,-0.29067248,0.0126557825,0.3754647,-0.4776358,-0.17241381,0.44193298,-0.30007026,0.22679046,0.13536528,-15.020247,-5.3856344,0.11938535,1,"{""geodesic"":false,""type"":""Point"",""coordinates"":[110.44043179406182,-7.303831964884137]}"
1_1_1_1_2_180_0,0.0467,0.0178,0.0127,0.049,0.0532,0.0429,0.0509,0.0433,0.0481,0.0381,0.0416,0.0341,-0.17861976,-0.012931032,-3.517641E-4,-0.16538881,0.49859154,-0.16721311,0.0143,-0.1251435,-0.5,0.46706587,-0.05925925,0.16538881,-0.14382021,-0.012392425,-21.352846,-12.259793,-0.027848743,1,"{""geodesic"":false,""type"":""Point"",""coordinates"":[110.44092591307238,-7.270635840115375]}"
1_1_1_1_2_164_0,0.0444,0.0252,0.0176,0.0434,0.0471,0.0358,0.0533,0.0478,0.0534,0.0261,0.0482,0.0521,-0.065134116,-0.026491148,-0.007821461,-0.28688523,0.30290458,-0.17757009,0.024140995,-0.24892086,-0.19450802,0.26530614,-0.15670434,0.28688523,-0.34256926,-0.025894282,-25.248545,-13.775361,-0.045566287,1,"{""geodesic"":false,""type"":""Point"",""coordinates"":[110.42234803403558,-7.276582520816111]}"
1_1_1_1_2_128_0,0.0484,0.0477,0.0284,0.0556,0.0656,0.0496,0.0615,0.095,0.1065,0.1168,0.1046,0.2179,-0.27845755,0.16843794,0.06753672,0.28070176,0.15798765,-0.25361365,0.012060274,0.35498843,-0.60881543,0.07647628,0.40384614,-0.28070176,0.31015143,0.15126051,-18.509695,-12.753757,0.13652588,1,"{""geodesic"":false,""type"":""Point"",""coordinates"":[110.43281591043703,-7.308616527702477]}"
1_1_1_1_2_183_0,0.0467,0.0243,0.0159,0.0482,0.0562,0.0464,0.0561,0.0409,0.0502,0.045,0.0448,0.05,-0.13727884,-0.0036386256,0.0025165759,-0.11067193,0.39627331,-0.20895518,0.016394667,-0.034334745,-0.4778325,0.32965517,-0.01531726,0.11067193,-0.10979226,-0.0035508901,-22.248232,-14.21132,-0.008091701,1,"{""geodesic"":false,""type"":""Point"",""coordinates"":[110.44283001813868,-7.26919091338394]}"
1_1_1_1_2_38_0,0.0434,0.0514,0.0386,0.0544,0.0554,0.0437,0.0671,0.0763,0.0988,0.077,0.0918,0.0509,-0.16026492,0.089400776,0.031935405,0.163142,0.03745319,-0.14222218,0.021906754,0.1719939,-0.3321799,0.02835541,0.27589065,-0.163142,0.06870229,0.08047366,-20.43623,-6.3882065,0.05369021,1,"{""geodesic"":false,""type"":""Point"",""coordinates"":[110.41717087625051,-7.287159005529622]}"
1_1_1_1_2_106_0,0.0451,0.046,0.0276,0.0467,0.0496,0.0389,0.0534,0.0965,0.1012,0.1069,0.0939,0.1864,-0.28805032,0.1717085,0.066741735,0.36613417,0.03765692,-0.25,0.010043405,0.39192706,-0.5895911,0.0075512477,0.46639234,-0.36613417,0.3337492,0.15794364,-24.695093,-7.580796,0.13815789,1,"{""geodesic"":false,""type"":""Point"",""coordinates"":[110.44904713808288,-7.296515757440426]}"
1_1_1_1_2_25_0,0.0458,0.0689,0.0401,0.0542,0.0612,0.0442,0.0698,0.1277,0.1458,0.1096,0.1432,0.0954,-0.18309861,0.16885263,0.061022654,0.28337237,-0.059185214,-0.26422015,0.016171716,0.33821732,-0.46426186,-0.119415075,0.42522758,-0.28337237,0.22185062,0.15004589,-12.932005,-8.172627,0.1251883,1,"{""geodesic"":false,""type"":""Point"",""coordinates"":[110.42343323795825,-7.278031168842545]}"
1_1_1_1_2_49_0,0.0442,0.0742,0.0484,0.0447,0.0493,0.0396,0.0726,0.126,0.151,0.0936,0.1629,0.2109,-0.09718367,0.13554896,0.04786817,0.31000698,-0.20161942,-0.21044044,0.020476924,0.35357916,-0.31830984,-0.24810763,0.4054054,-0.31000698,0.12635377,0.12792166,-22.608315,-12.229482,0.11491461,1,"{""geodesic"":false,""type"":""Point"",""coordinates"":[110.42177191288506,-7.301999366540888]}"
1_1_1_1_2_156_0,0.0447,0.0279,0.0238,0.0478,0.0518,0.0414,0.0482,0.0401,0.0456,0.0462,0.0399,0.0382,-0.15125537,0.012819141,0.0071924767,-0.057142872,0.29987454,-0.07930365,0.021327274,-0.017021287,-0.32,0.26287982,0.054794513,0.057142872,-0.021186443,0.012253231,-24.338997,-15.002945,-0.0040404066,1,"{""geodesic"":false,""type"":""Point"",""coordinates"":[110.42469835723902,-7.280475038487579]}"
1_1_1_1_2_195_0,0.0421,0.0393,0.027,0.0507,0.0478,0.0409,0.0484,0.0595,0.0851,0.0655,0.0632,0.1356,-0.1832994,0.06608284,0.024883552,0.1562224,0.09758901,-0.18552034,0.016859543,0.12736659,-0.4162162,0.1266667,0.231203,-0.1562224,0.15013169,0.060850922,-17.294788,-7.2314754,0.036027256,1,"{""geodesic"":false,""type"":""Point"",""coordinates"":[110.43898196183129,-7.304101527840286]}"
1_1_1_1_2_75_0,0.0473,0.0382,0.0317,0.047,0.0489,0.0397,0.0483,0.048,0.0551,0.049,0.0463,0.0689,-0.10408279,0.024874283,0.009565828,0.0010214297,0.122847326,-0.092989966,0.025683472,0.020833338,-0.21437421,0.103286386,0.104847774,-0.0010214297,0.0071942317,0.023696274,-27.193213,-16.588783,0.005033558,1,"{""geodesic"":false,""type"":""Point"",""coordinates"":[110.42656606582537,-7.307704085550694]}"
1_1_1_1_2_47_0,0.0439,0.0407,0.0288,0.0532,0.0596,0.053,0.0542,0.0526,0.0616,0.0638,0.0619,0.0663,-0.11058377,0.027472528,0.012979813,0.03403566,0.18843469,-0.17122303,0.023924764,0.0905983,-0.37796977,0.13312033,0.09246576,-0.03403566,0.08135593,0.026264593,-22.341225,-14.628489,0.025769856,1,"{""geodesic"":false,""type"":""Point"",""coordinates"":[110.41887960124333,-7.296839778399538]}"
1_1_1_1_2_60_0,0.0595,0.1587,0.139,0.1078,0.1378,0.1532,0.0985,0.0972,0.1113,0.1449,0.0978,0.0494,0.10485301,-0.016525976,-0.00927472,0.025114967,-0.07048908,-0.066174015,0.14696205,0.14681439,-0.020781951,0.19099438,-0.027843028,-0.025114967,0.19063269,-0.015599561,-19.664658,-6.582888,0.073933825,1,"{""geodesic"":false,""type"":""Point"",""coordinates"":[110.42720287279886,-7.30562445165441]}"
1_1_1_1_2_182_0,0.0476,0.0336,0.0233,0.048,0.0562,0.0443,0.06,0.071,0.0966,0.0455,0.0915,0.1584,-0.09101517,0.003153574,0.003096258,-0.10521143,0.25167042,-0.18101932,0.022685494,-0.026737982,-0.32267442,0.17647061,0.0133630065,0.10521143,-0.13744077,0.0030518768,-22.250856,-15.1964855,-0.0063184532,1,"{""geodesic"":false,""type"":""Point"",""coordinates"":[110.44246733768944,-7.26946183087154]}"
1_1_1_1_2_51_0,0.0474,0.0467,0.0384,0.0578,0.0585,0.0514,0.0568,0.0567,0.0641,0.0601,0.0612,0.0415,-0.09166667,0.023262037,0.009532938,0.013490734,0.112167284,-0.0975323,0.032841265,0.019508071,-0.22030455,0.106220074,0.07802693,-0.013490734,0.028229259,0.02134097,-19.127428,-11.882778,0.005583432,1,"{""geodesic"":false,""type"":""Point"",""coordinates"":[110.4268381934862,-7.30743306928354]}"
1_1_1_1_2_79_0,0.0547,0.0652,0.0574,0.0534,0.0522,0.0488,0.0489,0.0569,0.069,0.0602,0.0608,0.063,0.0017574826,0.029921258,0.008493583,0.07117435,-0.11073254,-0.06362154,0.04653023,0.059859153,-0.023809515,-0.099494115,0.10458715,-0.07117435,0.103574686,0.028078817,-24.306213,-14.258964,0.016623206,1,"{""geodesic"":false,""type"":""Point"",""coordinates"":[110.4281073132072,-7.306801501509083]}"
1_1_1_1_2_45_0,0.0433,0.0454,0.0277,0.0892,0.072,0.0655,0.0634,0.0778,0.0903,0.1661,0.1023,0.1685,-0.39432004,0.2825525,0.10416213,0.3952121,0.22657578,-0.24213408,0.0109232385,0.30121425,-0.71413827,0.3254086,0.4343696,-0.3952121,0.44749454,0.20626025,-18.154943,-10.75721,0.15272076,1,"{""geodesic"":false,""type"":""Point"",""coordinates"":[110.41770939127575,-7.291049219363841]}"
1_1_1_1_2_184_0,0.0459,0.0264,0.0175,0.0502,0.0565,0.0432,0.0553,0.0532,0.0518,0.0464,0.0503,0.0456,-0.16245487,0.008610479,0.0061773034,-0.09815355,0.36308804,-0.20273349,0.016293105,-0.039337486,-0.45226917,0.31070498,0.035714265,0.09815355,-0.0875123,0.008141108,-24.486767,-16.7052,-0.009554143,1,"{""geodesic"":false,""type"":""Point"",""coordinates"":[110.44328350731338,-7.268739198195721]}"
1_1_1_1_2_129_0,0.0481,0.0488,0.0297,0.0584,0.0534,0.0489,0.0592,0.0906,0.1057,0.0966,0.1027,0.1604,-0.2267511,0.12526262,0.047717724,0.28800002,0.04500978,-0.24331209,0.015034472,0.24645162,-0.5296912,0.08955226,0.32783505,-0.28800002,0.24005136,0.110844314,-21.394358,-12.072156,0.08748092,1,"{""geodesic"":false,""type"":""Point"",""coordinates"":[110.43245387603548,-7.308344709994376]}"
1_1_1_1_2_23_0,0.0467,0.0338,0.0241,0.0529,0.0566,0.0448,0.0522,0.0451,0.0477,0.0429,0.0495,0.0547,-0.09862388,-0.005191537,4.9427126E-5,-0.13768846,0.2522124,-0.16753021,0.025167365,-0.10438415,-0.280597,0.22029991,-0.021664752,0.13768846,-0.0977918,-0.0048494097,-27.799408,-0.9732519,-0.025176238,1,"{""geodesic"":false,""type"":""Point"",""coordinates"":[110.4259694705272,-7.278215298582893]}"
1_1_1_1_2_126_0,0.0414,0.0684,0.038,0.0499,0.0508,0.0399,0.0707,0.1184,0.1514,0.0975,0.1712,0.2005,-0.15291354,0.14958706,0.05254921,0.31490222,-0.14765103,-0.28571433,0.01555077,0.32293078,-0.4391144,-0.15638211,0.41921395,-0.31490222,0.15933411,0.13555066,-14.495495,-14.645174,0.1102873,1,"{""geodesic"":false,""type"":""Point"",""coordinates"":[110.4402493694893,-7.304826735403343]}"
1_1_1_1_2_122_0,0.0437,0.0757,0.043,0.0508,0.0532,0.0436,0.0637,0.1222,0.1579,0.1011,0.1432,0.1765,-0.120206475,0.14642966,0.05181122,0.31043422,-0.17455393,-0.2754844,0.018544016,0.3311389,-0.4031922,-0.19683795,0.39737386,-0.31043422,0.22694173,0.13378315,-10.45884,-4.2880616,0.11573861,1,"{""geodesic"":false,""type"":""Point"",""coordinates"":[110.44016091419448,-7.303107994994494]}"
1_1_1_1_2_14_0,0.0482,0.0266,0.0181,0.0576,0.0634,0.0506,0.0601,0.0556,0.0539,0.0663,0.0484,0.0283,-0.23222277,0.041848805,0.01995329,0.022359267,0.4088889,-0.19015656,0.0138138775,0.07021791,-0.57109004,0.36817104,0.13430281,-0.022359267,0.04905061,0.038174737,-20.815578,-12.198396,0.02091681,1,"{""geodesic"":false,""type"":""Point"",""coordinates"":[110.43440016386168,-7.273431828920576]}"
1_1_1_1_2_169_0,0.0461,0.0196,0.0145,0.0474,0.0525,0.036,0.0495,0.0445,0.06,0.0565,0.0499,0.0289,-0.30282134,0.055888772,0.023406416,0.036697254,0.45631066,-0.14956014,0.009238938,0.08758419,-0.5915493,0.41492537,0.22162163,-0.036697254,0.06603773,0.051898737,-32.432274,-17.623768,0.022603074,1,"{""geodesic"":false,""type"":""Point"",""coordinates"":[110.42651862562556,-7.27378374091696]}"
1_1_1_1_2_112_0,0.0454,0.0625,0.0348,0.0583,0.0653,0.0536,0.0617,0.1111,0.1323,0.098,0.1427,0.1827,-0.14757709,0.11299435,0.042822737,0.20024492,0.021909254,-0.28468654,0.01903347,0.2539987,-0.4759036,-0.034768216,0.292876,-0.20024492,0.22730118,0.10220994,-20.050976,-12.957513,0.09073594,1,"{""geodesic"":false,""type"":""Point"",""coordinates"":[110.44242832268036,-7.301030352734758]}"
1_1_1_1_2_194_0,0.0423,0.0549,0.0312,0.0487,0.049,0.0423,0.0589,0.0904,0.1118,0.073,0.1034,0.1623,-0.11192324,0.07981904,0.02846702,0.19672132,-0.0567854,-0.27526134,0.018078905,0.1996713,-0.40115163,-0.059845563,0.2662619,-0.19672132,0.10689916,0.07484154,-15.105889,-7.3664813,0.058629557,1,"{""geodesic"":false,""type"":""Point"",""coordinates"":[110.43889080441119,-7.304553685654718]}"
1_1_1_1_2_108_0,0.0442,0.0672,0.0377,0.0446,0.0444,0.0379,0.0666,0.1277,0.1583,0.0819,0.1626,0.1548,-0.09240069,0.112843655,0.03880744,0.29691213,-0.20430107,-0.28122017,0.017446032,0.29486167,-0.36956522,-0.2021467,0.36727878,-0.29691213,0.10303031,0.10648596,-10.77214,-9.351754,0.08930567,1,"{""geodesic"":false,""type"":""Point"",""coordinates"":[110.44949943498185,-7.297059035252435]}"
1_1_1_1_2_78_0,0.052,0.0541,0.0411,0.0516,0.0518,0.0436,0.0553,0.0653,0.0667,0.0575,0.0658,0.0946,-0.05512574,0.03728141,0.0120391855,0.05215004,-0.021718582,-0.13655463,0.031164521,0.054078817,-0.16632862,-0.023651822,0.13748764,-0.05215004,0.019503554,0.03468641,-23.612192,-12.876705,0.014529632,1,"{""geodesic"":false,""type"":""Point"",""coordinates"":[110.42846865387159,-7.30761604588656]}"
1_1_1_1_2_0_0,0.0481,0.0265,0.0223,0.0558,0.0638,0.0503,0.0559,0.0444,0.0461,0.047,0.0434,0.0468,-0.14476614,-0.008868107,9.1784826E-4,-0.15162456,0.41306755,-0.08606558,0.023865744,-0.08560312,-0.35642135,0.35601458,-0.033915725,0.15162456,-0.086491756,-0.008287293,-23.325544,-11.874274,-0.02189781,1,"{""geodesic"":false,""type"":""Point"",""coordinates"":[110.43920386789698,-7.271357348241194]}"
1_1_1_1_2_63_0,0.0544,0.0481,0.0332,0.0548,0.0564,0.0506,0.058,0.0627,0.065,0.0612,0.0633,0.056,-0.08057756,0.027783604,0.011043052,0.04081632,0.079425864,-0.18327183,0.027449673,0.055172417,-0.29661018,0.06511178,0.09481217,-0.04081632,0.02684564,0.025988886,-25.53334,-14.269245,0.015584417,1,"{""geodesic"":false,""type"":""Point"",""coordinates"":[110.42729289054455,-7.306076836127815]}"
1_1_1_1_2_31_0,0.0437,0.0381,0.0305,0.0607,0.0587,0.047,0.055,0.0561,0.0514,0.0631,0.0497,0.0685,-0.18525612,0.045232356,0.017677266,0.036124825,0.2128099,-0.110787176,0.022717906,0.019386133,-0.34829062,0.22874492,0.14623074,-0.036124825,0.06858596,0.039583687,-18.784237,-9.962372,0.0057710884,1,"{""geodesic"":false,""type"":""Point"",""coordinates"":[110.42523808666793,-7.2834607094626485]}"
1_1_1_1_2_155_0,0.0447,0.0287,0.0206,0.0471,0.049,0.0364,0.0486,0.0479,0.0488,0.0423,0.0416,0.0382,-0.15728155,0.016254338,0.007264598,-0.07338443,0.26126125,-0.16430019,0.017726714,-0.053691268,-0.34499204,0.24274407,0.074968226,0.07338443,-0.069306925,0.015292896,-25.095825,-14.766789,-0.012215811,1,"{""geodesic"":false,""type"":""Point"",""coordinates"":[110.424426361275,-7.280655601005544]}"
1_1_1_1_2_188_0,0.0429,0.0516,0.0278,0.0432,0.047,0.0336,0.0494,0.0897,0.0985,0.05,0.0997,0.1563,-0.044843055,0.044200093,0.013210032,0.03092786,-0.046653178,-0.29974812,0.018681599,0.07296137,-0.28534707,-0.0886076,0.19617227,-0.03092786,0.006036225,0.042152163,-14.243587,-14.274944,0.017194875,1,"{""geodesic"":false,""type"":""Point"",""coordinates"":[110.44169976482732,-7.30410489785602]}"
1_1_1_1_2_13_0,0.0476,0.0169,0.0148,0.0534,0.0626,0.045,0.0535,0.0413,0.0397,0.0389,0.0378,0.027,-0.19714655,-0.016787766,-0.0011201055,-0.23349756,0.5748428,-0.06624603,0.017120823,-0.15709643,-0.44878957,0.5192034,-0.072705634,0.23349756,-0.15800866,-0.015670499,-20.192726,-17.07784,-0.036721256,1,"{""geodesic"":false,""type"":""Point"",""coordinates"":[110.4344003902958,-7.273250920641583]}"
1_1_1_1_2_35_0,0.0439,0.0292,0.0205,0.0475,0.0514,0.0417,0.0573,0.0483,0.0526,0.0397,0.0468,0.0477,-0.103099294,-0.0053553265,2.1525643E-4,-0.12843026,0.27543423,-0.1750503,0.021532746,-0.08944952,-0.31893688,0.2385919,-0.024570027,0.12843026,-0.18144327,-0.0051599597,-28.599144,-20.331621,-0.019925063,1,"{""geodesic"":false,""type"":""Point"",""coordinates"":[110.41952609144955,-7.287252487824046]}"
1_1_1_1_2_149_0,0.0448,0.0334,0.0247,0.0406,0.0501,0.0389,0.0502,0.0471,0.045,0.048,0.0473,0.0533,-0.10130518,0.023287956,0.010074714,-0.02140671,0.2,-0.1497418,0.020017292,0.083521426,-0.3204952,0.09729733,0.10471808,0.02140671,-0.022403255,0.0232578,-26.076302,-7.762311,0.018858304,1,"{""geodesic"":false,""type"":""Point"",""coordinates"":[110.42487400105156,-7.284817058340506]}"
1_1_1_1_2_61_0,0.054,0.0706,0.0514,0.0526,0.0536,0.0443,0.0525,0.0562,0.0788,0.0532,0.0647,0.0519,0.041232463,0.024067057,0.0042390977,-0.003745312,-0.13687605,-0.15737708,0.042801127,0.005671068,-0.01720842,-0.14610392,0.09128203,0.003745312,0.0066225077,0.022343092,-24.74031,-6.713532,0.0014856363,1,"{""geodesic"":false,""type"":""Point"",""coordinates"":[110.42756513184207,-7.305715365390013]}"
1_1_1_1_2_110_0,0.0449,0.0929,0.0519,0.0526,0.0553,0.0449,0.0716,0.1456,0.1561,0.1429,0.1492,0.2517,-0.17311732,0.24071528,0.089493416,0.4419778,-0.2537112,-0.28314918,0.016307278,0.4618926,-0.4671458,-0.27697596,0.52183175,-0.4419778,0.33240095,0.21372493,-16.261953,-8.128763,0.194752,1,"{""geodesic"":false,""type"":""Point"",""coordinates"":[110.44832085066048,-7.297781232725102]}"
1_1_1_1_2_176_0,0.0491,0.0268,0.019,0.0548,0.0616,0.0478,0.0566,0.0497,0.0509,0.0459,0.0431,0.0475,-0.14888762,-0.005153527,0.0018216289,-0.14604652,0.39366516,-0.17030568,0.019786492,-0.08838135,-0.41448382,0.34313726,-0.020277508,0.14604652,-0.10439026,-0.00480041,-22.869482,-11.271969,-0.022224076,1,"{""geodesic"":false,""type"":""Point"",""coordinates"":[110.43621303620925,-7.272529544651236]}"
1_1_1_1_2_175_0,0.0491,0.0254,0.0176,0.052,0.0584,0.0466,0.0576,0.0483,0.0519,0.052,0.0509,0.0475,-0.1818182,0.014337304,0.009157077,-0.057971016,0.39379478,-0.18139535,0.015772307,0.0,-0.4942529,0.34366927,0.054766756,0.057971016,-0.05109488,0.013531579,-19.828144,-14.649592,0.0,1,"{""geodesic"":false,""type"":""Point"",""coordinates"":[110.43666619685689,-7.272349199447769]}"
1_1_1_1_2_142_0,0.0476,0.0521,0.0394,0.0499,0.0505,0.0432,0.058,0.0626,0.0752,0.0634,0.0718,0.1646,-0.08628955,0.05325038,0.018622737,0.11325723,-0.015594515,-0.1387978,0.026846688,0.1191527,-0.23346303,-0.021568628,0.18949342,-0.11325723,0.044481058,0.049950544,-21.955824,-15.993135,0.0330181,1,"{""geodesic"":false,""type"":""Point"",""coordinates"":[110.42638430107786,-7.308156124578315]}"
1_1_1_1_2_9_0,0.0487,0.0229,0.017,0.0502,0.0588,0.0414,0.0542,0.047,0.0474,0.0441,0.0421,0.0529,-0.18915512,0.007368998,0.0059785806,-0.14285713,0.43941247,-0.14786965,0.015959185,-0.064687155,-0.44353518,0.373461,0.031578958,0.14285713,-0.10274668,0.0069171675,-23.27763,-12.819746,-0.015396262,1,"{""geodesic"":false,""type"":""Point"",""coordinates"":[110.43077451268327,-7.275145919843079]}"
1_1_1_1_2_4_0,0.0526,0.066,0.0487,0.0652,0.0698,0.0634,0.0756,0.0803,0.081,0.0734,0.0846,0.0612,-0.034328356,0.0259121,0.009539224,0.025139675,0.027982308,-0.15082823,0.042065125,0.05916304,-0.20229319,-0.0060975505,0.0730994,-0.025139675,-0.014765113,0.023555271,-19.68525,-5.838137,0.019260876,1,"{""geodesic"":false,""type"":""Point"",""coordinates"":[110.43548845303184,-7.272438188504131]}"
1_1_1_1_2_103_0,0.0479,0.115,0.0659,0.0878,0.0908,0.096,0.1159,0.1573,0.1676,0.1392,0.159,0.2857,-0.036529686,0.102204986,0.03983281,0.21043478,-0.11758989,-0.2714207,0.045448273,0.22643171,-0.35738665,0.13412228,0.18367347,-0.21043478,0.091336735,0.08813928,-12.766363,-9.024681,0.106052265,1,"{""geodesic"":false,""type"":""Point"",""coordinates"":[110.44886761399803,-7.295158722352542]}"
1_1_1_1_2_165_0,0.0431,0.0344,0.0211,0.049,0.049,0.0378,0.0554,0.0604,0.073,0.0509,0.0543,0.0413,-0.16095293,0.035981108,0.013702552,0.019019043,0.17505993,-0.23963967,0.015669547,0.019019043,-0.4138889,0.17505993,0.14768887,-0.019019043,-0.04233301,0.033378635,-41.625923,-9.904213,0.0047507975,1,"{""geodesic"":false,""type"":""Point"",""coordinates"":[110.42044488188928,-7.277213268420361]}"
1_1_1_1_2_68_0,0.0492,0.0398,0.0227,0.0488,0.0536,0.0445,0.0493,0.0591,0.062,0.0713,0.0557,0.052,-0.17514676,0.06890877,0.027632935,0.14171338,0.1477516,-0.27359998,0.014167602,0.1873439,-0.51702124,0.101580136,0.2314335,-0.14171338,0.18242122,0.06528094,-20.196589,-10.93935,0.054426707,1,"{""geodesic"":false,""type"":""Point"",""coordinates"":[110.42729196920774,-7.306800467289518]}"
1_1_1_1_2_80_0,0.0503,0.0477,0.0398,0.053,0.0534,0.0456,0.0521,0.0597,0.0641,0.0677,0.0637,0.1128,-0.12803738,0.05853994,0.021727836,0.11808423,0.05637982,-0.09028571,0.02680768,0.12178956,-0.2595349,0.052631583,0.19505735,-0.11808423,0.13021702,0.054051846,-21.871439,-13.310214,0.035524406,1,"{""geodesic"":false,""type"":""Point"",""coordinates"":[110.42792509017328,-7.3076153569295]}"
1_1_1_1_2_105_0,0.043,0.0443,0.028,0.0405,0.043,0.0338,0.0485,0.0678,0.074,0.0651,0.0778,0.0964,-0.1497006,0.08115958,0.029439185,0.20444031,-0.014891176,-0.22544952,0.014537634,0.23295453,-0.3984962,-0.04481133,0.31648132,-0.20444031,0.14612676,0.07839373,-20.434986,-15.087804,0.060931306,1,"{""geodesic"":false,""type"":""Point"",""coordinates"":[110.44940961682403,-7.2964257449042895]}"
1_1_1_1_2_44_0,0.0427,0.0341,0.0246,0.0509,0.0497,0.0442,0.0559,0.0624,0.0679,0.0595,0.0615,0.1203,-0.1701113,0.040564194,0.01708993,0.08974361,0.18615751,-0.16183987,0.018274285,0.077898555,-0.4149822,0.19764706,0.147541,-0.08974361,0.031195853,0.038015574,-21.055916,-14.894146,0.021133684,1,"{""geodesic"":false,""type"":""Point"",""coordinates"":[110.41816211002612,-7.291230710100174]}"
1_1_1_1_2_170_0,0.0487,0.0231,0.0182,0.0507,0.0564,0.0412,0.054,0.0471,0.0471,0.0393,0.0408,0.0529,-0.16655865,-0.0052413857,0.0013076894,-0.17868342,0.41886795,-0.118644044,0.0190799,-0.1266667,-0.36695647,0.37398374,-0.023602514,0.17868342,-0.1575563,-0.0049095666,-23.337126,-10.331672,-0.028983058,1,"{""geodesic"":false,""type"":""Point"",""coordinates"":[110.4308648722397,-7.275326941790223]}"
1_1_1_1_2_123_0,0.0444,0.0703,0.0444,0.0548,0.0656,0.0468,0.0729,0.1064,0.1232,0.1334,0.1669,0.2135,-0.23288569,0.2158094,0.08243531,0.3407035,-0.034584235,-0.22580644,0.015576612,0.41764078,-0.5005624,-0.12390087,0.48057714,-0.3407035,0.2932622,0.19097324,-22.455994,-12.586825,0.17131646,1,"{""geodesic"":false,""type"":""Point"",""coordinates"":[110.44161074276077,-7.302838427942679]}"
1_1_1_1_2_146_0,0.0502,0.0517,0.0422,0.0492,0.0514,0.0427,0.0578,0.0677,0.0745,0.0529,0.0721,0.1076,-0.03918575,0.027124777,0.008605016,0.014381621,-0.0029098096,-0.101171464,0.034063138,0.03623901,-0.11251317,-0.024777021,0.10669457,-0.014381621,-0.04426376,0.025688386,-18.404276,-9.409867,0.009217746,1,"{""geodesic"":false,""type"":""Point"",""coordinates"":[110.42964694894242,-7.307165266736775]}"
1_1_1_1_2_62_0,0.0565,0.0364,0.0304,0.0505,0.0478,0.0376,0.0489,0.045,0.0481,0.0457,0.0434,0.065,-0.13043478,0.022687804,0.008312664,-0.022459915,0.1353919,-0.08982037,0.025011817,-0.04989608,-0.20105122,0.16225547,0.09723889,0.022459915,-0.033826653,0.02082976,-20.422533,-11.069616,-0.012076492,1,"{""geodesic"":false,""type"":""Point"",""coordinates"":[110.42756467142738,-7.306077180996848]}"
1_1_1_1_2_87_0,0.0467,0.0178,0.0132,0.0497,0.0552,0.042,0.0524,0.0393,0.0451,0.0345,0.0331,0.0341,-0.16944444,-0.020519836,-0.0032112636,-0.23076923,0.51232874,-0.14838709,0.016069565,-0.18052258,-0.44654086,0.4725926,-0.098039225,0.23076923,-0.2059839,-0.019514311,-32.911728,-12.48434,-0.039027732,1,"{""geodesic"":false,""type"":""Point"",""coordinates"":[110.44065404099452,-7.270725959166013]}"
1_1_1_1_2_11_0,0.0486,0.0185,0.0121,0.053,0.0588,0.046,0.0507,0.0425,0.0428,0.0475,0.0374,0.0303,-0.2181818,0.004049674,0.006373564,-0.10630293,0.52134544,-0.20915033,0.011717895,-0.05472637,-0.59395975,0.48251748,0.016042773,0.10630293,-0.032586563,0.0037910682,-27.133558,-17.400806,-0.013738551,1,"{""geodesic"":false,""type"":""Point"",""coordinates"":[110.43385641415867,-7.273612058541807]}"
1_1_1_1_2_100_0,0.0445,0.1008,0.0498,0.0534,0.0592,0.0521,0.0855,0.2142,0.2502,0.1174,0.2791,0.3573,-0.05529811,0.15857212,0.05666936,0.3295583,-0.26,-0.3386454,0.02210034,0.37470725,-0.4043062,-0.307393,0.38525075,-0.3295583,0.1572203,0.1463032,-19.875235,-13.797828,0.1431127,1,"{""geodesic"":false,""type"":""Point"",""coordinates"":[110.44896041823199,-7.293349747200245]}"
1_1_1_1_2_59_0,0.0522,0.0543,0.0356,0.0514,0.0548,0.0409,0.0568,0.0783,0.0968,0.0728,0.0898,0.0779,-0.13217868,0.08550446,0.029525248,0.14106585,0.0045829606,-0.2080089,0.020000547,0.17230277,-0.34317347,-0.027436147,0.2805629,-0.14106585,0.12345681,0.0779697,-20.13369,-13.246032,0.051425837,1,"{""geodesic"":false,""type"":""Point"",""coordinates"":[110.42819882687184,-7.306077985054735]}"
1_1_1_1_2_151_0,0.0458,0.0882,0.0415,0.0466,0.0604,0.0378,0.0825,0.2059,0.2445,0.2764,0.2631,0.1377,-0.43875277,0.51703215,0.22966808,0.6413302,-0.18707941,-0.3600617,0.00567547,0.7114551,-0.7389116,-0.30860537,0.7593889,-0.6413302,0.5402619,0.4395726,-17.16066,-8.086796,0.41883352,1,"{""geodesic"":false,""type"":""Point"",""coordinates"":[110.42505575601557,-7.284365018840261]}"
1_1_1_1_2_158_0,0.0438,0.0218,0.0153,0.0457,0.0486,0.0364,0.0469,0.0439,0.0428,0.0433,0.0353,0.0336,-0.20923911,0.018771417,0.0094874175,-0.057671387,0.3806818,-0.17520216,0.012861894,-0.026966289,-0.4778157,0.35407406,0.08657462,0.057671387,-0.03991132,0.017854055,-22.651062,-12.631375,-0.0061120535,1,"{""geodesic"":false,""type"":""Point"",""coordinates"":[110.42442751450737,-7.279751061462234]}"
1_1_1_1_2_140_0,0.0517,0.0467,0.0379,0.0512,0.0524,0.0408,0.0546,0.0621,0.0619,0.0536,0.0623,0.0627,-0.08996357,0.034995615,0.011754396,0.011320735,0.057517655,-0.10401891,0.028849257,0.02290076,-0.17158468,0.04596525,0.13559319,-0.011320735,-0.009242159,0.032301474,-22.646214,-14.996257,0.00595238,1,"{""geodesic"":false,""type"":""Point"",""coordinates"":[110.42783507159453,-7.307162972539553]}"
1_1_1_1_2_99_0,0.0517,0.0516,0.0383,0.0502,0.0486,0.0398,0.0571,0.0671,0.07,0.0647,0.0707,0.0627,-0.11391178,0.067152105,0.022808798,0.14210062,-0.029940143,-0.14794217,0.023560124,0.12619668,-0.25631067,-0.013752469,0.23827752,-0.14210062,0.062397372,0.061786603,-26.343777,-13.455673,0.035371605,1,"{""geodesic"":false,""type"":""Point"",""coordinates"":[110.42774413247271,-7.307434219335551]}"
1_1_1_1_2_161_0,0.046,0.0311,0.0223,0.0579,0.063,0.0455,0.0575,0.0563,0.0529,0.057,0.047,0.0741,-0.20000002,0.032096013,0.014051977,-0.05000001,0.3390011,-0.16479401,0.017800877,-0.007832901,-0.43757883,0.30112362,0.112195134,0.05000001,-0.004366812,0.028630707,-22.596268,-13.247888,-0.0021954798,1,"{""geodesic"":false,""type"":""Point"",""coordinates"":[110.42633435021872,-7.276225769762226]}"
1_1_1_1_2_101_0,0.0457,0.0433,0.0319,0.0562,0.0577,0.0489,0.058,0.0774,0.086,0.0754,0.0704,0.1859,-0.17605005,0.06993561,0.027492438,0.13298273,0.14257428,-0.15159574,0.020688461,0.14589666,-0.40540543,0.12964827,0.2131939,-0.13298273,0.1304348,0.06367131,-22.761742,-7.41481,0.04559848,1,"{""geodesic"":false,""type"":""Point"",""coordinates"":[110.44923152909276,-7.293892804173701]}"
1_1_1_1_2_137_0,0.0474,0.0465,0.0295,0.0718,0.057,0.0494,0.056,0.0869,0.0885,0.0782,0.0882,0.2432,-0.22000812,0.086114086,0.029313935,0.15680473,0.101449266,-0.22368422,0.01863555,0.042666644,-0.45218197,0.21386306,0.2257053,-0.15680473,0.16542472,0.06883364,-23.152058,-9.702536,0.014769223,1,"{""geodesic"":false,""type"":""Point"",""coordinates"":[110.43363057492856,-7.309160276106195]}"
1_1_1_1_2_186_0,0.0455,0.0262,0.0237,0.0498,0.0536,0.0436,0.0506,0.0378,0.0436,0.0462,0.0387,0.0349,-0.15802172,0.0069570784,0.0056836363,-0.07414828,0.34335837,-0.05010019,0.022366235,-0.037500013,-0.3218884,0.3105263,0.028953223,0.07414828,-0.045454547,0.0066124094,-36.510403,-13.938402,-0.009060406,1,"{""geodesic"":false,""type"":""Point"",""coordinates"":[110.44509556814059,-7.268470055709539]}"
1_1_1_1_2_147_0,0.0442,0.1095,0.0599,0.0534,0.0607,0.0454,0.0888,0.186,0.2364,0.1855,0.2542,0.2109,-0.21330623,0.331237,0.12874016,0.50690496,-0.2867215,-0.2927981,0.014660163,0.55295104,-0.51181746,-0.34438306,0.60675615,-0.50690496,0.3525337,0.28752223,-14.872442,-5.869683,0.2681689,1,"{""geodesic"":false,""type"":""Point"",""coordinates"":[110.42150071602649,-7.3015467492691934]}"
1_1_1_1_2_46_0,0.0439,0.0408,0.0256,0.0546,0.0623,0.0524,0.0579,0.0661,0.0614,0.0805,0.0562,0.0663,-0.18353043,0.07129084,0.030155757,0.12745097,0.20853539,-0.22891569,0.016663851,0.19170983,-0.5174364,0.14465408,0.21143717,-0.12745097,0.16329479,0.0665982,-23.851362,-13.162869,0.061171465,1,"{""geodesic"":false,""type"":""Point"",""coordinates"":[110.41897019287566,-7.2968398949165145]}"
1_1_1_1_2_64_0,0.0546,0.0422,0.041,0.0488,0.051,0.0431,0.0607,0.053,0.0559,0.0534,0.0569,0.0614,-0.09013333,0.027219871,0.010459498,0.022988504,0.094420604,-0.014423053,0.03309176,0.04500978,-0.13135591,0.072527476,0.10673574,-0.022988504,-0.06397898,0.025901088,-22.705868,-16.988098,0.011457986,1,"{""geodesic"":false,""type"":""Point"",""coordinates"":[110.4279265858116,-7.306439456191632]}"
1_1_1_1_2_65_0,0.0546,0.0684,0.0485,0.0818,0.078,0.0714,0.0598,0.0607,0.0808,0.0837,0.0682,0.0614,-0.084179476,0.034219895,0.012831661,0.035250463,0.06557376,-0.17023097,0.04137276,0.011480377,-0.26626322,0.089214355,0.079303674,-0.035250463,0.16655053,0.028163638,-22.239733,-11.753741,0.0042824997,1,"{""geodesic"":false,""type"":""Point"",""coordinates"":[110.42774505316285,-7.306710588136695]}"
1_1_1_1_2_125_0,0.0427,0.0288,0.0213,0.0401,0.0447,0.0312,0.0436,0.0446,0.0631,0.0558,0.0441,0.1171,-0.23027582,0.0652693,0.025025329,0.11044774,0.21632655,-0.14970061,0.011909677,0.16371217,-0.4474708,0.16400583,0.28275862,-0.11044774,0.1227364,0.06286201,-16.608997,-8.821818,0.039520048,1,"{""geodesic"":false,""type"":""Point"",""coordinates"":[110.43979718997798,-7.304192994663986]}"
1_1_1_1_2_178_0,0.0466,0.0192,0.0142,0.0467,0.052,0.0395,0.0494,0.0423,0.0435,0.0383,0.034,0.032,-0.18302016,-0.0032430724,0.0023975752,-0.15171652,0.46067414,-0.14970061,0.01464491,-0.09882353,-0.45904762,0.4172989,-0.015424185,0.15171652,-0.12656784,-0.0031152691,-24.649883,-15.166992,-0.021538462,1,"{""geodesic"":false,""type"":""Point"",""coordinates"":[110.43956632741161,-7.271267342109388]}"
1_1_1_1_2_152_0,0.0427,0.0355,0.0242,0.0482,0.0597,0.0461,0.054,0.0726,0.0613,0.0772,0.0673,0.0503,-0.2115942,0.07835332,0.03297854,0.12783055,0.25420168,-0.18927975,0.014451036,0.23125999,-0.5226825,0.15173236,0.25223035,-0.12783055,0.1768293,0.07484358,-26.126688,-13.287059,0.06955549,1,"{""geodesic"":false,""type"":""Point"",""coordinates"":[110.42532775410982,-7.2841844561288065]}"
1_1_1_1_2_36_0,0.0439,0.0292,0.0205,0.0615,0.0604,0.0499,0.0573,0.0483,0.0526,0.057,0.0468,0.0477,-0.19939272,0.019829081,0.010768466,-0.028960831,0.3482143,-0.1750503,0.017946491,-0.037974697,-0.47096774,0.35611907,0.066417225,0.028960831,-0.0026246717,0.017548198,-47.137627,-17.731619,-0.010913504,1,"{""geodesic"":false,""type"":""Point"",""coordinates"":[110.41961656476383,-7.287343057908281]}"
1_1_1_1_2_148_0,0.0442,0.0477,0.0331,0.0491,0.0508,0.0416,0.0635,0.0641,0.0775,0.065,0.078,0.0628,-0.12192723,0.061816446,0.022318952,0.1226252,0.031472083,-0.18069303,0.021184001,0.13935143,-0.32517835,0.014462824,0.21951218,-0.1226252,0.011673134,0.057863496,-20.054892,-10.593663,0.038837317,1,"{""geodesic"":false,""type"":""Point"",""coordinates"":[110.41879647676515,-7.291050618080039]}"
1_1_1_1_2_132_0,0.0474,0.0435,0.0248,0.0502,0.0545,0.0456,0.0602,0.0971,0.0995,0.1031,0.1058,0.1779,-0.26485148,0.14372125,0.057872165,0.30837566,0.1122449,-0.27379206,0.010968768,0.345075,-0.61219704,0.071504824,0.3866846,-0.30837566,0.2627067,0.13295823,-17.184008,-8.358164,0.12146028,1,"{""geodesic"":false,""type"":""Point"",""coordinates"":[110.43299755509447,-7.308254939584836]}"
1_1_1_1_2_24_0,0.0458,0.0449,0.0315,0.0451,0.0494,0.0378,0.059,0.0748,0.0714,0.0607,0.0805,0.0954,-0.12254642,0.060310774,0.021641735,0.102633946,0.04772006,-0.17539266,0.019616146,0.14744802,-0.3167028,0.0022222186,0.23248732,-0.102633946,0.014202166,0.057393484,-12.70194,-8.504002,0.038626608,1,"{""geodesic"":false,""type"":""Point"",""coordinates"":[110.42325206210734,-7.278030938172936]}"
1_1_1_1_2_22_0,0.0467,0.0284,0.0218,0.0478,0.0524,0.0436,0.0568,0.0569,0.0565,0.0418,0.0527,0.0547,-0.10891089,-0.0047624107,8.9375133E-4,-0.11252654,0.2970297,-0.13147411,0.022738757,-0.0669643,-0.3144654,0.2545932,-0.021077292,0.11252654,-0.15212981,-0.0046122326,-21.98541,-9.564042,-0.015264588,1,"{""geodesic"":false,""type"":""Point"",""coordinates"":[110.42615064653893,-7.2782155281713266]}"
1_1_1_1_2_42_0,0.0442,0.0403,0.0317,0.0568,0.0639,0.0472,0.054,0.0685,0.0699,0.0598,0.066,0.0454,-0.14257716,0.034351137,0.013822819,-0.033144724,0.22648753,-0.119444445,0.025020737,0.025728976,-0.3071038,0.16992791,0.117756985,0.033144724,0.050966598,0.03113673,-22.309578,-11.946174,0.007298083,1,"{""geodesic"":false,""type"":""Point"",""coordinates"":[110.41925024483001,-7.2904180233019575]}"
1_1_1_1_2_52_0,0.0502,0.0519,0.0402,0.0562,0.0571,0.0518,0.0539,0.0583,0.0627,0.0635,0.0586,0.1076,-0.07162042,0.030698994,0.0116822785,0.053067993,0.047706444,-0.12703584,0.03279307,0.0609858,-0.22468662,0.039778,0.10147442,-0.053067993,0.08177174,0.028522674,-20.893972,-11.634884,0.017669842,1,"{""geodesic"":false,""type"":""Point"",""coordinates"":[110.42964706364685,-7.307074812806963]}"
1_1_1_1_2_174_0,0.0471,0.0302,0.0202,0.0504,0.0578,0.0426,0.0567,0.0503,0.056,0.0676,0.0558,0.0285,-0.23689726,0.06612357,0.027197532,0.07814991,0.31363633,-0.19841273,0.012729585,0.14576268,-0.53986335,0.25062034,0.22686026,-0.07814991,0.08769105,0.061455257,-23.756433,-15.963969,0.041747566,1,"{""geodesic"":false,""type"":""Point"",""coordinates"":[110.43277027612449,-7.27288706635987]}"
1_1_1_1_2_16_0,0.0484,0.0266,0.02,0.0576,0.06,0.0463,0.0564,0.0572,0.0482,0.051,0.0502,0.0491,-0.1966942,0.013102134,0.008191242,-0.08108108,0.3856813,-0.1416309,0.018156864,-0.06077348,-0.43661973,0.36817104,0.04830419,0.08108108,-0.050279338,0.011803108,-33.812634,-12.161386,-0.016266841,1,"{""geodesic"":false,""type"":""Point"",""coordinates"":[110.43141090157276,-7.2733376342469045]}"
1_1_1_1_2_141_0,0.052,0.0547,0.0488,0.0594,0.052,0.0428,0.064,0.0738,0.0838,0.0615,0.0816,0.0946,-0.107142866,0.053563245,0.016591076,0.08370044,-0.025304567,-0.057004824,0.033961628,0.017369743,-0.11514055,0.04119195,0.1792905,-0.08370044,-0.019920304,0.04641734,-22.77224,-13.390568,0.0050732857,1,"{""geodesic"":false,""type"":""Point"",""coordinates"":[110.42828735097983,-7.3077062702130835]}"
1_1_1_1_2_166_0,0.0428,0.0282,0.0212,0.0486,0.0548,0.0344,0.0532,0.0506,0.0511,0.0392,0.0507,0.056,-0.16755317,0.013619337,0.0058987667,-0.16595744,0.32048193,-0.14170043,0.018604081,-0.10706149,-0.29801327,0.265625,0.06521738,0.16595744,-0.15151514,0.0125523,-25.472536,-19.226366,-0.023987748,1,"{""geodesic"":false,""type"":""Point"",""coordinates"":[110.42126028729214,-7.277123856883678]}"
1_1_1_1_2_189_0,0.0442,0.0748,0.0415,0.0462,0.0565,0.0404,0.0753,0.164,0.1744,0.1209,0.2071,0.2013,-0.18384697,0.19792487,0.074403614,0.36302143,-0.13937548,-0.28632846,0.013867659,0.4470377,-0.48891628,-0.23636363,0.49907005,-0.36302143,0.2324159,0.1825949,-18.86987,-8.349355,0.16796581,1,"{""geodesic"":false,""type"":""Point"",""coordinates"":[110.44133795253519,-7.30365217883699]}"
1_1_1_1_2_191_0,0.0432,0.0825,0.047,0.0502,0.051,0.0442,0.0759,0.1434,0.1545,0.1195,0.1873,0.2096,-0.1450742,0.1867189,0.06851245,0.40175954,-0.23595509,-0.2741313,0.0173841,0.4083677,-0.43543544,-0.24340619,0.4599878,-0.40175954,0.22313203,0.1701823,-14.973602,-8.429819,0.15521875,1,"{""geodesic"":false,""type"":""Point"",""coordinates"":[110.4408848733724,-7.303742072095027]}"
1_1_1_1_2_153_0,0.044,0.029,0.0217,0.0487,0.0497,0.0388,0.0485,0.0425,0.0521,0.0408,0.0502,0.0485,-0.13795297,0.005504487,0.0037367619,-0.098342516,0.26302415,-0.1439842,0.020636275,-0.088268146,-0.30560002,0.25353926,0.025125632,0.098342516,-0.08622619,0.0051759845,-25.436096,-14.416368,-0.02010178,1,"{""geodesic"":false,""type"":""Point"",""coordinates"":[110.42541972545573,-7.283099123676781]}"
1_1_1_1_2_198_0,0.051,0.0318,0.0225,0.0472,0.0485,0.0397,0.0463,0.0486,0.0496,0.0504,0.0455,0.0631,-0.15434653,0.028621867,0.012100041,0.01921131,0.2079701,-0.17127073,0.017723216,0.03278687,-0.38271603,0.1949367,0.11875692,-0.01921131,0.04239917,0.027198777,-21.07362,-16.145412,0.0080321245,1,"{""geodesic"":false,""type"":""Point"",""coordinates"":[110.4286505312336,-7.307073551914621]}"
1_1_1_1_2_133_0,0.047,0.0533,0.0323,0.0569,0.0628,0.0482,0.0622,0.109,0.1028,0.0856,0.1131,0.1576,-0.1680328,0.0986235,0.036496177,0.15363885,0.08182599,-0.24532712,0.018187616,0.20140354,-0.45207807,0.032667857,0.2795217,-0.15363885,0.15832208,0.08851373,-17.135305,-10.488116,0.067003906,1,"{""geodesic"":false,""type"":""Point"",""coordinates"":[110.43381290254291,-7.308255963696654]}"
1_1_1_1_2_177_0,0.0482,0.0208,0.0137,0.0503,0.0606,0.0432,0.0579,0.0527,0.0579,0.0837,0.0543,0.0314,-0.35353535,0.104851656,0.04446974,0.16008316,0.4889435,-0.2057971,0.007070968,0.24925375,-0.7186858,0.41490856,0.31914893,-0.16008316,0.1822034,0.09690541,-22.722578,-12.511653,0.07902209,1,"{""geodesic"":false,""type"":""Point"",""coordinates"":[110.43558039552842,-7.271352851349655]}"
1_1_1_1_2_162_0,0.046,0.0484,0.0292,0.0545,0.059,0.0453,0.0637,0.0966,0.1029,0.1142,0.098,0.0741,-0.28582317,0.17625992,0.06835062,0.31870672,0.09869647,-0.24742267,0.0115828365,0.35388267,-0.59274757,0.059280846,0.43197495,-0.31870672,0.28386736,0.15670964,-16.449427,-7.827163,0.13391657,1,"{""geodesic"":false,""type"":""Point"",""coordinates"":[110.4263340055793,-7.276497131762332]}"
1_1_1_1_2_121_0,0.0449,0.0801,0.0439,0.0547,0.0536,0.0462,0.0735,0.1537,0.1762,0.0948,0.188,0.2131,-0.08411893,0.12633221,0.042592227,0.27762806,-0.19820495,-0.29193547,0.021394303,0.26822746,-0.3669791,-0.18842731,0.34468088,-0.27762806,0.12655973,0.11372855,-18.897423,-11.965985,0.09260971,1,"{""geodesic"":false,""type"":""Point"",""coordinates"":[110.44115777678707,-7.302837867417043]}"
1_1_1_1_2_10_0,0.0485,0.0245,0.0182,0.0495,0.0542,0.0436,0.0539,0.0487,0.0472,0.0433,0.0448,0.1235,-0.1535115,-8.033025E-4,0.0030849108,-0.11179489,0.3773825,-0.14754096,0.018326098,-0.066810355,-0.40813005,0.33783785,-0.0034522596,0.11179489,-0.10905351,-7.6674396E-4,-24.150736,-15.533014,-0.015688261,1,"{""geodesic"":false,""type"":""Point"",""coordinates"":[110.43113731813908,-7.274784558585699]}"
1_1_1_1_2_168_0,0.0466,0.0247,0.0166,0.0463,0.0538,0.043,0.0556,0.0491,0.0506,0.0421,0.0433,0.0295,-0.1326073,-0.002361338,0.0023431354,-0.12200209,0.37070063,-0.19612594,0.016954869,-0.047511313,-0.43441227,0.30422536,-0.0105757965,0.12200209,-0.13817808,-0.0023072988,-26.46448,-19.058264,-0.010707003,1,"{""geodesic"":false,""type"":""Point"",""coordinates"":[110.42724171733093,-7.275051013713089]}"
1_1_1_1_2_150_0,0.0458,0.0534,0.0404,0.0432,0.05,0.0408,0.0619,0.0639,0.073,0.0496,0.0624,0.1377,0.007486618,0.022671062,0.006567022,-0.004016057,-0.032881994,-0.13859276,0.033232257,0.06896552,-0.10222226,-0.10559004,0.09734513,0.004016057,-0.110313885,0.022357723,-20.000708,-16.21377,0.016194332,1,"{""geodesic"":false,""type"":""Point"",""coordinates"":[110.42523658877735,-7.284636610837727]}"
1_1_1_1_2_74_0,0.0443,0.0344,0.0283,0.0474,0.049,0.0413,0.0483,0.0486,0.0481,0.0482,0.0502,0.0461,-0.116170466,0.018341312,0.008122822,-0.008230438,0.17505993,-0.09728869,0.024248755,0.008368187,-0.2601307,0.1589242,0.07709499,0.008230438,-0.0010362687,0.017557256,-28.992933,-19.435041,0.0020147716,1,"{""geodesic"":false,""type"":""Point"",""coordinates"":[110.42629428400721,-7.307703740003718]}"
1_1_1_1_2_86_0,0.0481,0.0224,0.0144,0.0517,0.0521,0.0384,0.0512,0.0399,0.044,0.0366,0.0388,0.0468,-0.18443997,-0.0051180003,0.0010355281,-0.1747463,0.39865774,-0.2173913,0.015108197,-0.17100792,-0.43529415,0.3954116,-0.024000008,0.1747463,-0.166287,-0.004695654,-21.051802,-14.684288,-0.03850076,1,"{""geodesic"":false,""type"":""Point"",""coordinates"":[110.4389321073896,-7.271357011978829]}"
1_1_1_1_2_102_0,0.0472,0.0891,0.049,0.06,0.071,0.053,0.0775,0.1483,0.1738,0.1414,0.2095,0.2935,-0.17263462,0.21894193,0.082002334,0.33145007,-0.11305434,-0.29036933,0.018366337,0.4041708,-0.4852941,-0.19517106,0.4547325,-0.33145007,0.2919141,0.1909562,-13.874715,-7.2296834,0.1740804,1,"{""geodesic"":false,""type"":""Point"",""coordinates"":[110.4487776862515,-7.29461588619828]}"
1_1_1_1_2_67_0,0.0492,0.0554,0.0424,0.0503,0.0548,0.0424,0.0566,0.0572,0.0606,0.0538,0.0566,0.052,-0.031203577,0.030613897,0.009096136,-0.009208087,-0.005444637,-0.13292435,0.03341561,0.03362155,-0.118503146,-0.04824977,0.118503146,0.009208087,-0.025362303,0.028681658,-22.71636,-17.232275,0.008690623,1,"{""geodesic"":false,""type"":""Point"",""coordinates"":[110.42702018790094,-7.306800122222277]}"
1_1_1_1_2_88_0,0.0484,0.0401,0.0246,0.0509,0.053,0.0402,0.0629,0.0657,0.0949,0.0383,0.0924,0.0967,-0.052507386,-0.0052910014,-0.001882277,-0.16100766,0.13856067,-0.23956726,0.025820363,-0.14125562,-0.21780606,0.11868132,-0.024203805,0.16100766,-0.243083,-0.0049265306,-20.48938,-10.219639,-0.032077394,1,"{""geodesic"":false,""type"":""Point"",""coordinates"":[110.43992957130476,-7.270544156026633]}"
1_1_1_1_2_7_0,0.0467,0.0291,0.0299,0.0628,0.0744,0.0661,0.055,0.0431,0.0544,0.0511,0.0517,0.0288,-0.089430876,-0.038394593,-0.0084428415,-0.18565737,0.43768114,0.013559299,0.038676906,-0.10272166,-0.2617284,0.3667029,-0.12798636,0.18565737,-0.036757767,-0.03645496,-17.803564,-4.749794,-0.02858771,1,"{""geodesic"":false,""type"":""Point"",""coordinates"":[110.42887160445787,-7.275595796196682]}"
1_1_1_1_2_135_0,0.0457,0.0878,0.0463,0.0564,0.0651,0.0483,0.0739,0.1448,0.1574,0.1664,0.1691,0.2721,-0.24157146,0.28576267,0.11109979,0.437581,-0.14846307,-0.30947053,0.013439244,0.49371633,-0.56464505,-0.21775313,0.55006987,-0.437581,0.3849355,0.24786623,-14.59056,-4.7058625,0.22827892,1,"{""geodesic"":false,""type"":""Point"",""coordinates"":[110.4349902858925,-7.308528802394381]}"
1_1_1_1_2_26_0,0.0453,0.0507,0.0357,0.0592,0.068,0.0556,0.0662,0.0677,0.0666,0.0813,0.0642,0.0339,-0.13857374,0.066175714,0.02656838,0.089082345,0.14574559,-0.17361112,0.024414761,0.15729536,-0.38974357,0.077343024,0.18772827,-0.089082345,0.10237287,0.060527552,-23.078812,-5.9540033,0.051756434,1,"{""geodesic"":false,""type"":""Point"",""coordinates"":[110.42578668411535,-7.279481424661941]}"
1_1_1_1_2_163_0,0.0455,0.0275,0.0268,0.0618,0.0704,0.0559,0.0544,0.0411,0.0479,0.0537,0.042,0.0306,-0.16138764,-0.0059420913,0.002833063,-0.1345689,0.43820226,-0.012891357,0.02789795,-0.070129864,-0.3341615,0.38409853,-0.020072993,0.1345689,-0.0064754854,-0.0054133856,-33.179993,-19.778152,-0.019740047,1,"{""geodesic"":false,""type"":""Point"",""coordinates"":[110.42289179091853,-7.276402305666124]}"
1_1_1_1_2_98_0,0.0517,0.0426,0.0311,0.0504,0.0483,0.0413,0.0486,0.0527,0.0588,0.0551,0.056,0.0627,-0.114044376,0.037301335,0.013569616,0.06576402,0.06270631,-0.15603799,0.023310887,0.044549774,-0.2784223,0.083870985,0.14315355,-0.06576402,0.062680826,0.034708258,-21.547653,-9.269277,0.011643273,1,"{""geodesic"":false,""type"":""Point"",""coordinates"":[110.4276539989971,-7.307072288821433]}"
1_1_1_1_2_28_0,0.0439,0.0261,0.0204,0.048,0.0554,0.0416,0.0504,0.0487,0.0507,0.0554,0.0493,0.0393,-0.2086499,0.036507934,0.016546916,0.0,0.3595092,-0.12258063,0.015318412,0.071566716,-0.46174142,0.29554656,0.14226803,0.0,0.04725897,0.034673363,-31.05853,-14.120715,0.018395754,1,"{""geodesic"":false,""type"":""Point"",""coordinates"":[110.42451625784392,-7.281198439873092]}"
1_1_1_1_2_89_0,0.0483,0.0227,0.0174,0.0516,0.0575,0.0454,0.0553,0.0445,0.0509,0.0496,0.0443,0.1346,-0.19551092,0.011229947,0.008222906,-0.073762834,0.4339152,-0.13216957,0.015926613,-0.019762848,-0.48059702,0.38896367,0.044210527,0.073762834,-0.05433745,0.010588236,-23.09693,-11.852917,-0.0049900208,1,"{""geodesic"":false,""type"":""Point"",""coordinates"":[110.44038261672945,-7.270454261070535]}"
1_1_1_1_2_50_0,0.0474,0.0554,0.052,0.0701,0.0636,0.0562,0.0604,0.0605,0.0691,0.0713,0.0645,0.0415,-0.117786564,0.042764086,0.015241776,0.05707929,0.0689076,-0.03165734,0.04098738,0.008486548,-0.15652879,0.117131494,0.11843136,-0.05707929,0.08276386,0.036095615,-23.5982,-15.920831,0.0028063564,1,"{""geodesic"":false,""type"":""Point"",""coordinates"":[110.42674794546657,-7.307161592528927]}"
1_1_1_1_2_55_0,0.0505,0.052,0.0404,0.0568,0.0561,0.0546,0.0598,0.0607,0.0681,0.0678,0.0685,0.0647,-0.07785467,0.034041677,0.013660774,0.094431,0.037927832,-0.12554115,0.032534514,0.0882825,-0.25323477,0.04411764,0.10784314,-0.094431,0.06269593,0.03181234,-22.847967,-13.759941,0.026416907,1,"{""geodesic"":false,""type"":""Point"",""coordinates"":[110.42901313629572,-7.306893102834928]}"
1_1_1_1_2_57_0,0.0507,0.047,0.0398,0.0482,0.0492,0.0406,0.0527,0.0573,0.0607,0.052,0.0603,0.0749,-0.06709266,0.03051065,0.010265788,0.02766801,0.022869024,-0.082949296,0.031074615,0.037924163,-0.13289762,0.01260506,0.12311014,-0.02766801,-0.0066857585,0.028855888,-24.894701,-12.510505,0.009496837,1,"{""geodesic"":false,""type"":""Point"",""coordinates"":[110.42937516730301,-7.307164923071012]}"
1_1_1_1_2_96_0,0.0487,0.0227,0.0176,0.0523,0.0518,0.0453,0.0516,0.0435,0.0485,0.0413,0.0395,0.0529,-0.15841582,-0.010859533,5.183001E-6,-0.11278199,0.39060402,-0.12655088,0.019304601,-0.11752137,-0.4023769,0.39466664,-0.046189386,0.11278199,-0.11087192,-0.010228436,-48.445778,-9.64046,-0.027796496,1,"{""geodesic"":false,""type"":""Point"",""coordinates"":[110.4310463890014,-7.275055807092563]}"
1_1_1_1_2_70_0,0.0421,0.0667,0.037,0.0558,0.0581,0.0486,0.0689,0.1337,0.1456,0.0944,0.1738,0.1356,-0.13145012,0.11834626,0.042592313,0.2380328,-0.06891023,-0.28640306,0.019048728,0.2569907,-0.4368341,-0.08897958,0.32027975,-0.2380328,0.15615433,0.106842935,-21.379852,-12.013468,0.08904953,1,"{""geodesic"":false,""type"":""Point"",""coordinates"":[110.43934467360474,-7.303830615837603]}"
1_1_1_1_2_91_0,0.049,0.065,0.0506,0.056,0.0577,0.0476,0.0666,0.0659,0.071,0.0673,0.0719,0.0768,-0.04535821,0.052792363,0.016616361,0.07679999,-0.059494678,-0.12456746,0.03578841,0.09164637,-0.14164546,-0.07438013,0.17145342,-0.07679999,0.0052277767,0.04805659,-14.516342,-10.114935,0.027193962,1,"{""geodesic"":false,""type"":""Point"",""coordinates"":[110.43920465343405,-7.270724168675339]}"
1_1_1_1_2_85_0,0.0484,0.0651,0.0572,0.0602,0.0706,0.0543,0.0713,0.0896,0.0987,0.0761,0.0969,0.064,-0.06609307,0.057344276,0.019886019,0.037491452,0.040530607,-0.06459525,0.04081419,0.11665445,-0.14178544,-0.039106153,0.16717792,-0.037491452,0.032564446,0.05187183,-16.483639,-10.991156,0.03748232,1,"{""geodesic"":false,""type"":""Point"",""coordinates"":[110.4391142911862,-7.270543148168017]}"
1_1_1_1_2_160_0,0.0465,0.0471,0.0314,0.0474,0.0514,0.0414,0.0574,0.0704,0.0661,0.0703,0.0849,0.0931,-0.14161009,0.075010374,0.02788984,0.15529992,0.043654807,-0.20000002,0.018491607,0.19456242,-0.38249755,0.0031746174,0.2587287,-0.15529992,0.101018,0.07086807,-26.12544,-9.383251,0.05560951,1,"{""geodesic"":false,""type"":""Point"",""coordinates"":[110.42297995160078,-7.278301953850628]}"
1_1_1_1_2_124_0,0.0444,0.0784,0.0413,0.0572,0.0675,0.0504,0.0716,0.1435,0.1747,0.1108,0.1717,0.2963,-0.13207546,0.1534241,0.055437822,0.2428491,-0.07470869,-0.30994153,0.018786281,0.3190476,-0.45693624,-0.1563422,0.37468982,-0.2428491,0.21491227,0.13702358,-20.585415,-10.722248,0.12035928,1,"{""geodesic"":false,""type"":""Point"",""coordinates"":[110.44315082733817,-7.302840330330496]}"
1_1_1_1_2_97_0,0.0449,0.0267,0.0219,0.0514,0.0534,0.0429,0.0502,0.0458,0.0471,0.0474,0.0452,0.0346,-0.17339668,0.012237577,0.0073709744,-0.059523784,0.33333334,-0.09876542,0.019820886,-0.0404858,-0.36796537,0.3162612,0.049833905,0.059523784,-0.028688509,0.011434868,-32.3224,-11.939477,-0.0100200325,1,"{""geodesic"":false,""type"":""Point"",""coordinates"":[110.42515129944478,-7.280475613771468]}"
1_1_1_1_2_167_0,0.0463,0.0235,0.0185,0.0532,0.0594,0.0451,0.0525,0.0424,0.0467,0.0515,0.0382,0.0269,-0.2083093,0.0173329,0.010227963,-0.071235344,0.43305188,-0.1190476,0.01620097,-0.016236858,-0.47142857,0.38722295,0.06625259,0.071235344,-0.009615384,0.016091185,-22.67649,-16.13289,-0.0042169644,1,"{""geodesic"":false,""type"":""Point"",""coordinates"":[110.42678923945873,-7.274688624892112]}"
1_1_1_1_2_66_0,0.0546,0.083,0.0797,0.0652,0.0678,0.0662,0.091,0.0879,0.0836,0.089,0.094,0.0614,-0.016479904,0.057160042,0.019822694,0.13520409,-0.10079574,-0.020282706,0.059282474,0.154345,-0.05512745,-0.120107934,0.1469072,-0.13520409,-0.011111102,0.0521978,-18.714527,-5.056404,0.05457047,1,"{""geodesic"":false,""type"":""Point"",""coordinates"":[110.42756421098926,-7.3064389965978656]}"
1_1_1_1_2_145_0,0.0507,0.0534,0.0407,0.0601,0.064,0.0597,0.0564,0.0606,0.0634,0.0666,0.0639,0.0749,-0.05671394,0.017709566,0.008016491,0.01990811,0.090289645,-0.1349628,0.036483333,0.051302303,-0.24137934,0.059030853,0.054631837,-0.01990811,0.08292685,0.01652563,-20.70499,-13.879293,0.015557688,1,"{""geodesic"":false,""type"":""Point"",""coordinates"":[110.42946553169523,-7.307345945497252]}"
1_1_1_1_2_192_0,0.0419,0.0606,0.0344,0.0438,0.0506,0.0348,0.063,0.1162,0.1363,0.1086,0.1513,0.1496,-0.2300242,0.18657093,0.06922771,0.3643216,-0.08992807,-0.27578947,0.011023205,0.42519686,-0.5188811,-0.16091955,0.5146443,-0.3643216,0.26573426,0.17205471,-15.608916,-8.37854,0.14898835,1,"{""geodesic"":false,""type"":""Point"",""coordinates"":[110.44034075066072,-7.3041936690028395]}"
1_1_1_1_2_93_0,0.048,0.0405,0.0329,0.0508,0.058,0.047,0.06,0.044,0.0547,0.0513,0.0511,0.0608,-0.077004224,0.011288465,0.0054519353,-0.06129916,0.17766497,-0.10354221,0.0301423,0.00489717,-0.21852729,0.11281489,0.043743663,0.06129916,-0.07816711,0.01078055,-13.492375,-9.872664,0.0012456428,1,"{""geodesic"":false,""type"":""Point"",""coordinates"":[110.43875183220109,-7.270633153978789]}"
1_1_1_1_2_40_0,0.0433,0.0553,0.0475,0.0718,0.0814,0.0842,0.0708,0.0683,0.0777,0.1042,0.0734,0.0393,-0.11568937,0.04668969,0.025121668,0.12284482,0.19092903,-0.075875506,0.038382918,0.1840909,-0.373764,-0.12981904,0.10615709,-0.12284482,0.19085713,0.043579306,-20.13424,-7.0177355,0.07189348,1,"{""geodesic"":false,""type"":""Point"",""coordinates"":[110.41698794287728,-7.288515579130108]}"
1_1_1_1_2_3_0,0.0475,0.0219,0.0178,0.0517,0.057,0.041,0.0544,0.0465,0.045,0.0457,0.0408,0.1133,-0.21522145,0.0129985,0.00808491,-0.11002923,0.44486693,-0.10327457,0.015969366,-0.061601654,-0.43937007,0.4048913,0.05420989,0.11002923,-0.0869131,0.012016357,-24.000364,-10.094654,-0.015065285,1,"{""geodesic"":false,""type"":""Point"",""coordinates"":[110.4408355501239,-7.270454819899138]}"
1_1_1_1_2_94_0,0.0526,0.0592,0.0485,0.067,0.0762,0.0674,0.0719,0.0617,0.0772,0.0776,0.0787,0.0612,-0.066371694,0.026033694,0.01165321,0.009102739,0.12555392,-0.099350035,0.042125,0.073305674,-0.23076923,0.061806668,0.070344836,-0.009102739,0.038127106,0.023720933,-20.075893,-8.14485,0.02466646,1,"{""geodesic"":false,""type"":""Point"",""coordinates"":[110.43539775303215,-7.272528529834244]}"
1_1_1_1_2_21_0,0.047,0.0341,0.0264,0.0639,0.0648,0.049,0.0585,0.0596,0.0649,0.0597,0.0646,0.0877,-0.19593616,0.030590665,0.013340588,-0.04096386,0.31041458,-0.12727273,0.021668341,-0.033980586,-0.38675958,0.30408165,0.09843609,0.04096386,0.010152292,0.026367674,-26.224623,-13.566558,-0.010102631,1,"{""geodesic"":false,""type"":""Point"",""coordinates"":[110.42678579593917,-7.2774022451472105]}"
1_1_1_1_2_17_0,0.0484,0.0266,0.02,0.0598,0.0654,0.054,0.0564,0.0572,0.0482,0.0547,0.0502,0.0491,-0.17375703,0.0018813076,0.0055558397,-0.08909241,0.42173913,-0.1416309,0.01974406,-0.044541493,-0.46452478,0.38425925,0.006439714,0.08909241,-0.015301545,0.0017249802,-31.65127,-12.950242,-0.012449147,1,"{""geodesic"":false,""type"":""Point"",""coordinates"":[110.43141078775666,-7.273428088339218]}"
1_1_1_1_2_113_0,0.0437,0.0535,0.036,0.0536,0.0535,0.0482,0.0568,0.0973,0.1131,0.0976,0.1184,0.2866,-0.19572952,0.12540616,0.04846073,0.2918597,0.0,-0.19553076,0.017778689,0.29100528,-0.46107784,9.3368784E-4,0.33882028,-0.2918597,0.2642487,0.1147414,-21.013231,-7.234993,0.10135135,1,"{""geodesic"":false,""type"":""Point"",""coordinates"":[110.44279091801077,-7.30084989174156]}"
1_1_1_1_2_82_0,0.0497,0.0413,0.0319,0.052,0.0469,0.0366,0.0476,0.051,0.057,0.0494,0.0496,0.0585,-0.13106526,0.03640501,0.011967065,0.025960553,0.06349208,-0.12841529,0.023634413,-0.025641019,-0.21525218,0.114683844,0.14883721,-0.025960553,0.01855672,0.032764506,-22.979149,-18.516212,-0.006484867,1,"{""geodesic"":false,""type"":""Point"",""coordinates"":[110.42720091466093,-7.307162167851662]}"
1_1_1_1_2_37_0,0.0429,0.0269,0.0202,0.056,0.0601,0.042,0.0566,0.0473,0.0553,0.0658,0.0542,0.0243,-0.27739906,0.06627312,0.026476033,0.045274053,0.38160917,-0.14225057,0.012893615,0.08045978,-0.5302326,0.35102534,0.22077926,-0.045274053,0.075163424,0.058736436,-25.285608,-17.175215,0.023641046,1,"{""geodesic"":false,""type"":""Point"",""coordinates"":[110.41970517575473,-7.2888808895280395]}"
1_1_1_1_2_84_0,0.0477,0.0191,0.0164,0.0496,0.0524,0.0394,0.0513,0.0412,0.0437,0.0373,0.0393,0.0483,-0.19532327,-0.0058223307,0.0014975786,-0.16833888,0.46573427,-0.07605632,0.017323324,-0.14154199,-0.3891993,0.44395927,-0.027379377,0.16833888,-0.15801352,-0.0054621077,-24.41579,-12.902904,-0.031436358,1,"{""geodesic"":false,""type"":""Point"",""coordinates"":[110.44001948567448,-7.27108699334403]}"
1_1_1_1_2_30_0,0.044,0.0351,0.0247,0.052,0.0616,0.0532,0.0549,0.0459,0.0524,0.0599,0.0476,0.0485,-0.11788212,0.016934592,0.009907693,-0.013991761,0.2740434,-0.17391305,0.021937229,0.070598744,-0.41607565,0.19402984,0.059239626,0.013991761,0.04355401,0.01639211,-20.583988,-16.378809,0.019365909,1,"{""geodesic"":false,""type"":""Point"",""coordinates"":[110.42541914958429,-7.283551393465361]}"
1_1_1_1_2_12_0,0.0476,0.0219,0.0167,0.0598,0.0648,0.0533,0.0562,0.0458,0.0487,0.0562,0.0398,0.0269,-0.21338911,0.007816713,0.008464726,-0.07107438,0.4948097,-0.13471504,0.015838256,-0.031034462,-0.54183817,0.46389228,0.026484024,0.07107438,1.2355767E-8,0.007136999,-29.396982,-14.068884,-0.008766228,1,"{""geodesic"":false,""type"":""Point"",""coordinates"":[110.4337662803349,-7.273250128852317]}"
1_1_1_1_2_143_0,0.0565,0.0305,0.0208,0.0482,0.0456,0.037,0.0438,0.046,0.054,0.0427,0.0473,0.065,-0.14772727,0.015777236,0.006851933,-0.032842588,0.19842313,-0.18908383,0.01802342,-0.06050605,-0.3448819,0.2249047,0.07151819,0.032842588,-0.012716762,0.014749007,-39.558178,-17.490635,-0.013961753,1,"{""geodesic"":false,""type"":""Point"",""coordinates"":[110.42783656737458,-7.305987071796727]}"
1_1_1_1_2_77_0,0.049,0.0647,0.0396,0.0534,0.0527,0.0448,0.064,0.1225,0.1391,0.0728,0.1456,0.1077,-0.070852794,0.07438105,0.024473315,0.16015936,-0.102214634,-0.24065197,0.024369229,0.15372428,-0.29537368,-0.09568164,0.23809527,-0.16015936,0.06432751,0.06800519,-13.845297,-9.07262,0.046470787,1,"{""geodesic"":false,""type"":""Point"",""coordinates"":[110.42710939905024,-7.3078856839272675]}"
1_1_1_1_2_90_0,0.049,0.0717,0.0482,0.053,0.0636,0.0472,0.0746,0.1069,0.1232,0.1193,0.1337,0.0768,-0.18337911,0.17935322,0.0677581,0.30453798,-0.059866928,-0.19599666,0.019069908,0.38479397,-0.4244776,-0.1499599,0.43303302,-0.30453798,0.2305312,0.16226557,-20.195328,-9.453742,0.14792503,1,"{""geodesic"":false,""type"":""Point"",""coordinates"":[110.43920442900205,-7.270905077124535]}"
1_1_1_1_2_48_0,0.0433,0.0822,0.0553,0.0537,0.0639,0.0517,0.075,0.1394,0.1367,0.1088,0.1565,0.1951,-0.09649124,0.1404674,0.051694777,0.25998843,-0.12525666,-0.19563635,0.026277665,0.33907694,-0.32602072,-0.20971301,0.35576326,-0.25998843,0.18389554,0.1296745,-15.887841,-9.096907,0.12475472,1,"{""geodesic"":false,""type"":""Point"",""coordinates"":[110.42168097149094,-7.302270611972743]}"
1_1_1_1_2_159_0,0.047,0.0479,0.0387,0.0548,0.059,0.0484,0.058,0.0596,0.0616,0.0645,0.0629,0.0457,-0.10667903,0.04264222,0.016188607,0.044534385,0.103835374,-0.10623556,0.029040001,0.081307605,-0.24999999,0.06718599,0.14260405,-0.044534385,0.0530612,0.03940283,-24.675766,-14.390625,0.02349426,1,"{""geodesic"":false,""type"":""Point"",""coordinates"":[110.4243378488454,-7.279027314659119]}"
1_1_1_1_2_138_0,0.046,0.0605,0.033,0.0563,0.0524,0.0408,0.0619,0.1136,0.1216,0.0962,0.1283,0.2336,-0.20173363,0.15074828,0.05190875,0.294751,-0.071744904,-0.29411766,0.013995843,0.26163933,-0.48916408,-0.03595891,0.40437955,-0.294751,0.21695128,0.13045526,-14.74613,-4.3536158,0.091724135,1,"{""geodesic"":false,""type"":""Point"",""coordinates"":[110.43399261073296,-7.309432092965191]}"
1_1_1_1_2_73_0,0.0446,0.0994,0.0604,0.0769,0.0782,0.0897,0.0783,0.1341,0.1747,0.1338,0.1727,0.2858,-0.054027017,0.10066195,0.042380963,0.26226416,-0.11936938,-0.24405505,0.04049238,0.27005222,-0.37796086,0.12762338,0.19731544,-0.26226416,0.261669,0.09143055,-16.917528,-7.4353533,0.12009287,1,"{""geodesic"":false,""type"":""Point"",""coordinates"":[110.44315138693266,-7.30238805953593]}"
1_1_1_1_2_109_0,0.0441,0.0645,0.0377,0.0531,0.0462,0.0456,0.0657,0.1213,0.1516,0.0696,0.1316,0.1508,-0.054123733,0.06349543,0.020650534,0.20207255,-0.16531163,-0.26223087,0.0247,0.13447432,-0.2972973,-0.09693874,0.20833333,-0.20207255,0.028824842,0.058517557,-24.085833,-12.104618,0.039746266,1,"{""geodesic"":false,""type"":""Point"",""coordinates"":[110.44950120372863,-7.29561176674842]}"
1_1_1_1_2_58_0,0.0502,0.0465,0.0335,0.0469,0.0456,0.038,0.0515,0.0644,0.0687,0.0612,0.0676,0.1076,-0.12253375,0.06186997,0.021693626,0.14606741,-0.009771991,-0.1625,0.020800654,0.13228492,-0.29250264,0.0042826477,0.23387098,-0.14606741,0.08606921,0.05807744,-22.325642,-11.895625,0.035273805,1,"{""geodesic"":false,""type"":""Point"",""coordinates"":[110.42982790736893,-7.3073464036205955]}"
1_1_1_1_2_81_0,0.0524,0.049,0.04,0.056,0.0572,0.0504,0.0548,0.0568,0.0661,0.0642,0.0621,0.0652,-0.094717674,0.036446225,0.014048108,0.05766062,0.07721282,-0.101123594,0.03140187,0.06821961,-0.23224568,0.06666669,0.12041884,-0.05766062,0.07899159,0.03368044,-22.758968,-10.723986,0.019832306,1,"{""geodesic"":false,""type"":""Point"",""coordinates"":[110.42810673814387,-7.307253771038014]}"
1_1_1_1_2_104_0,0.0456,0.07,0.0356,0.049,0.0564,0.0434,0.0668,0.1261,0.1437,0.1638,0.158,0.221,-0.30472103,0.28484905,0.11568593,0.4877384,-0.10759493,-0.3257576,0.009432479,0.5394737,-0.6429288,-0.17647061,0.5810811,-0.4877384,0.4206418,0.2553733,-17.196682,-13.3917265,0.2415825,1,"{""geodesic"":false,""type"":""Point"",""coordinates"":[110.44868831203199,-7.293620778634273]}"
1_1_1_1_2_41_0,0.0442,0.0477,0.0331,0.0471,0.0483,0.0406,0.0635,0.0641,0.0775,0.0544,0.078,0.0628,-0.06954689,0.036517594,0.012541734,0.05939629,0.006250028,-0.18069303,0.02470331,0.071921185,-0.24342856,-0.0063291034,0.14526314,-0.05939629,-0.07718405,0.034789912,-20.170986,-10.457929,0.01820449,1,"{""geodesic"":false,""type"":""Point"",""coordinates"":[110.41888706723226,-7.291050734521758]}"
1_1_1_1_2_29_0,0.0434,0.0743,0.0406,0.0493,0.0541,0.0497,0.0732,0.1366,0.1574,0.0889,0.1544,0.0593,-0.05415714,0.0963287,0.034840375,0.24335665,-0.15732087,-0.29329848,0.022697639,0.28654125,-0.37297297,-0.20226537,0.2828283,-0.24335665,0.09685379,0.09207642,-19.222782,-6.9729967,0.09307427,1,"{""geodesic"":false,""type"":""Point"",""coordinates"":[110.42379258839183,-7.280383432617359]}"
1_1_1_1_2_76_0,0.0473,0.0448,0.0364,0.0474,0.047,0.0382,0.0495,0.0558,0.0578,0.0523,0.0594,0.0689,-0.091406696,0.038066957,0.012930345,0.05337362,0.023965143,-0.103448234,0.026586616,0.049147416,-0.17925589,0.028199598,0.15580112,-0.05337362,0.027504899,0.035817105,-24.99321,-16.632242,0.012256121,1,"{""geodesic"":false,""type"":""Point"",""coordinates"":[110.42683750181403,-7.3079757925810975]}"
1_1_1_1_2_6_0,0.0482,0.0247,0.0187,0.0501,0.0572,0.044,0.054,0.0453,0.0535,0.0426,0.043,0.0539,-0.14869887,-0.003760008,0.0020203546,-0.1462926,0.39682537,-0.13824886,0.019314554,-0.08090615,-0.38988578,0.33957216,-0.016166298,0.1462926,-0.11801244,-0.0035799558,-22.828238,-13.598272,-0.018980935,1,"{""geodesic"":false,""type"":""Point"",""coordinates"":[110.43177131619657,-7.27487580831219]}"
1_1_1_1_2_139_0,0.0507,0.0548,0.0411,0.0502,0.0512,0.042,0.0557,0.0562,0.0591,0.0517,0.0569,0.0749,-0.025666839,0.026154013,0.0074315774,0.0048590964,-0.033962276,-0.14285715,0.033388782,0.014720308,-0.11422414,-0.043809522,0.10352188,-0.0048590964,-0.03724395,0.024507327,-30.994541,-13.645864,0.0037381607,1,"{""geodesic"":false,""type"":""Point"",""coordinates"":[110.42910350049046,-7.307074125320336]}"
1_1_1_1_2_181_0,0.0458,0.0287,0.019,0.0497,0.0546,0.0401,0.0555,0.0575,0.0614,0.0513,0.0527,0.0599,-0.18963486,0.030462926,0.013220314,-0.031161472,0.31092438,-0.20335431,0.014851851,0.015841594,-0.45945948,0.26785713,0.12253829,0.031161472,-0.039325837,0.028407168,-26.468708,-9.960011,0.003993347,1,"{""geodesic"":false,""type"":""Point"",""coordinates"":[110.44165127719626,-7.270094007591665]}"
1_1_1_1_2_179_0,0.0475,0.0292,0.0193,0.0514,0.0554,0.0432,0.0598,0.0644,0.0798,0.0361,0.0729,0.0678,-0.094434,-0.019509785,-0.0046189134,-0.21092895,0.30969265,-0.2041237,0.023095846,-0.17485712,-0.3032491,0.27543423,-0.089533426,0.21092895,-0.24713242,-0.01838426,-22.919254,-11.2738905,-0.039063826,1,"{""geodesic"":false,""type"":""Point"",""coordinates"":[110.43974794951177,-7.2709057491183575]}"
1_1_1_1_2_2_0,0.0477,0.027,0.0206,0.0524,0.0568,0.0421,0.0547,0.0463,0.0498,0.0413,0.0411,0.0483,-0.15110563,-0.0022200088,0.0018760277,-0.15800206,0.35560858,-0.13445379,0.020999033,-0.118463196,-0.3344103,0.31989923,-0.009592354,0.15800206,-0.13958335,-0.002056914,-20.729403,-13.988209,-0.028044472,1,"{""geodesic"":false,""type"":""Point"",""coordinates"":[110.44029158207226,-7.2708159662193514]}"
1_1_1_1_2_27_0,0.0453,0.0507,0.0357,0.054,0.0642,0.0509,0.0662,0.0677,0.0666,0.0748,0.0642,0.0339,-0.118055545,0.06126948,0.023935443,0.076258995,0.11749345,-0.17361112,0.024293182,0.16149066,-0.35384613,0.031518623,0.19013523,-0.076258995,0.060992904,0.057295825,-25.810453,-9.436038,0.049618315,1,"{""geodesic"":false,""type"":""Point"",""coordinates"":[110.42578656907534,-7.279571878640647]}"
1_1_1_1_2_1_0,0.0466,0.0169,0.0146,0.0484,0.0532,0.0397,0.0485,0.0394,0.0411,0.0334,0.0352,0.032,-0.18208091,-0.017334366,-0.002259374,-0.22863741,0.5178317,-0.07301584,0.017353894,-0.18337409,-0.39166665,0.482389,-0.08618334,0.22863741,-0.1843712,-0.016489275,-18.122435,-15.03881,-0.038673084,1,"{""geodesic"":false,""type"":""Point"",""coordinates"":[110.43974761317926,-7.271177111814778]}"
1_1_1_1_2_72_0,0.0436,0.0654,0.0405,0.0704,0.0838,0.0647,0.0704,0.0984,0.1084,0.1244,0.1166,0.118,-0.1991382,0.15158439,0.059575945,0.19500478,0.12332444,-0.23512745,0.021063907,0.27720737,-0.5087932,0.036818873,0.31570596,-0.19500478,0.27720737,0.1299521,-24.167698,-11.399036,0.11658031,1,"{""geodesic"":false,""type"":""Point"",""coordinates"":[110.43970828591141,-7.302836070681055]}"
1_1_1_1_2_154_0,0.0449,0.0261,0.02,0.0474,0.05,0.0398,0.0485,0.0413,0.0431,0.0454,0.0404,0.0346,-0.16950221,0.015074841,0.008027922,-0.048218023,0.31406045,-0.13232106,0.017533038,-0.021551726,-0.38837922,0.28979594,0.06572772,0.048218023,-0.03301383,0.014354072,-23.70275,-15.794442,-0.0050607296,1,"{""geodesic"":false,""type"":""Point"",""coordinates"":[110.42478871516418,-7.280656061497924]}"
1_1_1_1_2_95_0,0.0471,0.0264,0.0192,0.0504,0.0561,0.044,0.0552,0.0481,0.0479,0.0422,0.0428,0.036,-0.13619632,-0.004848095,0.0013190806,-0.14140387,0.36,-0.15789472,0.02001896,-0.08855293,-0.3745928,0.3125,-0.020881679,0.14140387,-0.13347024,-0.004605938,-27.003788,-9.974888,-0.020755993,1,"{""geodesic"":false,""type"":""Point"",""coordinates"":[110.43140873881838,-7.275056261938931]}"
1_1_1_1_2_111_0,0.0431,0.1088,0.0531,0.0558,0.0626,0.0511,0.0813,0.2216,0.2884,0.1614,0.2994,0.4174,-0.1519491,0.26274416,0.10007438,0.44107142,-0.26954493,-0.34403953,0.01681171,0.48618788,-0.5048951,-0.32199273,0.5190588,-0.44107142,0.3300371,0.23221053,-13.344376,-9.0141,0.2208589,1,"{""geodesic"":false,""type"":""Point"",""coordinates"":[110.44741170865402,-7.300403298366361]}"
1_1_1_1_2_39_0,0.0434,0.0514,0.0386,0.0522,0.0524,0.0448,0.0671,0.0763,0.0988,0.0822,0.0918,0.0509,-0.16565482,0.09744659,0.036230344,0.22139671,0.009633931,-0.14222218,0.02103747,0.22321427,-0.36092713,0.007722031,0.2944882,-0.22139671,0.10113864,0.08947369,-20.468178,-6.8028502,0.070933156,1,"{""geodesic"":false,""type"":""Point"",""coordinates"":[110.4172614659095,-7.28715912223507]}"
1_1_1_1_2_185_0,0.06,0.0242,0.0178,0.0484,0.0504,0.0398,0.0511,0.0431,0.0482,0.0413,0.043,0.115,-0.16720885,0.004088974,0.004264639,-0.09923666,0.35120645,-0.15238096,0.01715351,-0.07915274,-0.39763114,0.33333334,0.018495677,0.09923666,-0.106060624,0.0038719652,-26.753176,-17.894047,-0.018060032,1,"{""geodesic"":false,""type"":""Point"",""coordinates"":[110.44428040220491,-7.268378603110744]}"
1_1_1_1_2_187_0,0.043,0.0227,0.019,0.0488,0.0522,0.0418,0.0509,0.0356,0.0459,0.0406,0.0422,0.0328,-0.16179338,-0.0032418359,0.002184914,-0.124999985,0.39385846,-0.08872905,0.019561574,-0.09172256,-0.36241615,0.36503494,-0.014563082,0.124999985,-0.11256828,-0.003090654,-29.558659,-12.835423,-0.020868672,1,"{""geodesic"":false,""type"":""Point"",""coordinates"":[110.44554849991194,-7.268470609679709]}"
1_1_1_1_2_116_0,0.0454,0.0821,0.0429,0.05,0.0656,0.0472,0.067,0.1371,0.1772,0.1922,0.1424,0.2112,-0.3039031,0.32942566,0.138815,0.49107838,-0.11171291,-0.31359997,0.010535276,0.5871181,-0.6350489,-0.2429977,0.6056809,-0.49107838,0.4830247,0.29415742,-16.857473,-10.807385,0.28738886,1,"{""geodesic"":false,""type"":""Point"",""coordinates"":[110.4419736763433,-7.302386605332421]}"
1_1_1_1_2_8_0,0.0469,0.0316,0.025,0.058,0.0662,0.0548,0.0563,0.0488,0.0509,0.0534,0.0485,0.0342,-0.1263903,-0.003695105,0.0027115152,-0.10702345,0.35378328,-0.11660774,0.025655432,-0.041292638,-0.36224487,0.29464287,-0.0129390145,0.10702345,-0.026435746,-0.0034528149,-37.095825,-16.205257,-0.011285573,1,"{""geodesic"":false,""type"":""Point"",""coordinates"":[110.42851074186231,-7.274419436768]}"
1_1_1_1_2_134_0,0.0467,0.0759,0.041,0.0662,0.0709,0.0532,0.0768,0.1714,0.1976,0.1093,0.2119,0.2112,-0.15233094,0.15048285,0.052077096,0.21309656,-0.034059964,-0.29854578,0.019956084,0.24558404,-0.45442447,-0.06826179,0.3452308,-0.21309656,0.1746373,0.12701887,-22.521898,-6.435463,0.09570688,1,"{""geodesic"":false,""type"":""Point"",""coordinates"":[110.43390383830356,-7.307984715417222]}"
1_1_1_1_2_136_0,0.0445,0.0962,0.0514,0.054,0.0594,0.0474,0.0783,0.1734,0.2081,0.1296,0.2199,0.3761,-0.12224941,0.203667,0.07355164,0.37142858,-0.23650384,-0.30352303,0.018799074,0.4117647,-0.4320442,-0.28095868,0.4644068,-0.37142858,0.24675326,0.18212703,-15.956309,-9.002762,0.16588649,1,"{""geodesic"":false,""type"":""Point"",""coordinates"":[110.43508156191096,-7.307986191796522]}"
1_1_1_1_2_144_0,0.0517,0.0507,0.0409,0.0542,0.0576,0.0526,0.0582,0.0644,0.0709,0.0642,0.0717,0.0627,-0.06811005,0.029795539,0.011936718,0.054187194,0.06371189,-0.10698692,0.03350997,0.08445944,-0.22169362,0.033365104,0.09931506,-0.054187194,0.0490196,0.028210115,-26.649862,-14.419676,0.02425614,1,"{""geodesic"":false,""type"":""Point"",""coordinates"":[110.42747246590743,-7.307343420616668]}"
1_1_1_1_2_130_0,0.047,0.0556,0.0296,0.0495,0.0528,0.0374,0.0691,0.1184,0.1377,0.115,0.1308,0.1192,-0.2776699,0.20038217,0.07437459,0.37067938,-0.025830248,-0.3051643,0.009626434,0.3981763,-0.59059477,-0.058039952,0.5091864,-0.37067938,0.24932103,0.17841816,-14.82026,-7.4414864,0.14785554,1,"{""geodesic"":false,""type"":""Point"",""coordinates"":[110.43227360123002,-7.307620850250267]}"
1_1_1_1_2_193_0,0.0425,0.0728,0.0373,0.0461,0.0521,0.0338,0.0671,0.141,0.1453,0.1471,0.1712,0.2023,-0.28885925,0.2820794,0.106388405,0.47690764,-0.16573262,-0.32243416,0.008570632,0.52277434,-0.5954447,-0.22455846,0.6263129,-0.47690764,0.37348273,0.24959613,-13.325633,-11.324024,0.21855164,1,"{""geodesic"":false,""type"":""Point"",""coordinates"":[110.44070267472452,-7.304555934654362]}"
1_1_1_1_2_92_0,0.049,0.0516,0.0421,0.0542,0.0638,0.0498,0.066,0.0682,0.0719,0.0767,0.0685,0.0768,-0.12699096,0.06940145,0.026581004,0.091814965,0.105719216,-0.10138741,0.027334811,0.17188694,-0.2912458,0.024574662,0.21264823,-0.091814965,0.074982494,0.06440543,-17.48182,-14.037045,0.05349501,1,"{""geodesic"":false,""type"":""Point"",""coordinates"":[110.4389330055755,-7.270633378221645]}"
1_1_1_1_2_131_0,0.047,0.0414,0.0242,0.0478,0.0494,0.0354,0.0558,0.0991,0.1252,0.0846,0.1152,0.1192,-0.2657744,0.13106021,0.048136678,0.26268655,0.08810574,-0.26219514,0.010126241,0.2779456,-0.55514705,0.07174888,0.41000003,-0.26268655,0.20512821,0.119032264,-11.849744,-9.811669,0.08728653,1,"{""geodesic"":false,""type"":""Point"",""coordinates"":[110.43200193342878,-7.307530054180396]}"
1_1_1_1_2_114_0,0.0454,0.05,0.0332,0.06,0.0655,0.055,0.0595,0.0746,0.0911,0.0801,0.1018,0.1827,-0.14320685,0.065357774,0.025986103,0.100274734,0.13419911,-0.20192309,0.022796504,0.14346896,-0.4139453,0.09090907,0.1857883,-0.100274734,0.14756447,0.059282005,-25.693062,-15.593178,0.04710202,1,"{""geodesic"":false,""type"":""Point"",""coordinates"":[110.44260906035319,-7.301392393059138]}"
1_1_1_1_2_20_0,0.047,0.0377,0.0231,0.0495,0.0542,0.0394,0.0621,0.091,0.0849,0.1083,0.0963,0.0877,-0.34355044,0.17694797,0.069201276,0.33292308,0.17954297,-0.2401316,0.008403878,0.3726236,-0.64840186,0.13532108,0.46648613,-0.33292308,0.27112678,0.15956461,-22.89235,-16.512978,0.13408332,1,"{""geodesic"":false,""type"":""Point"",""coordinates"":[110.42678602554815,-7.277221337140343]}"
1_1_1_1_2_33_0,0.043,0.0468,0.0296,0.0722,0.067,0.0518,0.0631,0.0812,0.0797,0.0897,0.0909,0.0698,-0.24299423,0.11030267,0.0387861,0.14486277,0.17750442,-0.22513087,0.017093424,0.10809141,-0.503772,0.2134454,0.2678445,-0.14486277,0.17408375,0.08862042,-25.63883,-18.763386,0.039658554,1,"{""geodesic"":false,""type"":""Point"",""coordinates"":[110.42433219628815,-7.2834595581462835]}"
1_1_1_1_2_115_0,0.0458,0.0955,0.0513,0.0504,0.0568,0.0532,0.0802,0.1718,0.2034,0.1813,0.2179,0.208,-0.21819139,0.28530067,0.12060357,0.52288955,-0.25410375,-0.3010899,0.015053282,0.5649547,-0.5588994,-0.30911583,0.54626864,-0.52288955,0.38661566,0.26160654,-16.048124,-7.1602,0.26834768,1,"{""geodesic"":false,""type"":""Point"",""coordinates"":[110.44224624033546,-7.301753762160838]}"
1_1_1_1_2_15_0,0.0486,0.0207,0.0175,0.0529,0.061,0.0442,0.0552,0.0476,0.0513,0.0532,0.0464,0.0303,-0.24093568,0.024412738,0.013164681,-0.06830124,0.49326804,-0.083769634,0.014539474,0.0028274988,-0.50495046,0.4375,0.09240246,0.06830124,-0.018450193,0.022597924,-22.792961,-25.085945,7.424459E-4,1,"{""geodesic"":false,""type"":""Point"",""coordinates"":[110.4338561874954,-7.273792966800846]}"
1_1_1_1_2_32_0,0.0437,0.0381,0.0305,0.0534,0.0646,0.057,0.055,0.0561,0.0514,0.0723,0.0497,0.0685,-0.13858695,0.037729338,0.01864947,0.05624546,0.2580331,-0.110787176,0.024045642,0.15035802,-0.40661478,0.1672131,0.11832948,-0.05624546,0.13589947,0.0364691,-24.944492,-9.988435,0.04530926,1,"{""geodesic"":false,""type"":""Point"",""coordinates"":[110.42514749762334,-7.283460594412595]}"
1_1_1_1_2_34_0,0.043,0.0351,0.0245,0.0582,0.0767,0.0588,0.0502,0.054,0.0609,0.0943,0.0562,0.0698,-0.23782468,0.08781912,0.03970013,0.102923974,0.37209302,-0.17785239,0.015276776,0.2367213,-0.5875421,0.24758841,0.2318746,-0.102923974,0.30519032,0.08153422,-34.4755,-17.908985,0.08298851,1,"{""geodesic"":false,""type"":""Point"",""coordinates"":[110.42442278531952,-7.283459673359501]}"
1_1_1_1_2_171_0,0.0485,0.0387,0.0286,0.0525,0.0565,0.0492,0.0602,0.0488,0.0676,0.0613,0.0606,0.1235,-0.12840852,0.03142041,0.013960815,0.040747024,0.1869748,-0.15007429,0.022954648,0.07732865,-0.36373746,0.15131578,0.10950226,-0.040747024,0.009053485,0.02972973,-30.608318,-17.592838,0.021505376,1,"{""geodesic"":false,""type"":""Point"",""coordinates"":[110.43095625727379,-7.274693877018918]}"
1_1_1_1_2_127_0,0.0476,0.0637,0.0333,0.0481,0.053,0.0488,0.0632,0.1153,0.1446,0.1006,0.1425,0.2878,-0.13859111,0.1254055,0.04915941,0.3098958,-0.09168808,-0.31340203,0.016153479,0.35305986,-0.50261384,-0.13953489,0.34672022,-0.3098958,0.22832721,0.1196489,-17.692245,-12.174695,0.12139664,1,"{""geodesic"":false,""type"":""Point"",""coordinates"":[110.43317760321281,-7.309159707084028]}"
1_1_1_1_2_157_0,0.0447,0.0277,0.0197,0.0454,0.0472,0.0346,0.047,0.0426,0.0436,0.0391,0.0362,0.0382,-0.15122615,0.012414472,0.00572282,-0.09385867,0.26034716,-0.16877636,0.017432738,-0.07455624,-0.32993194,0.24213408,0.061058316,0.09385867,-0.09175379,0.011765726,-37.317047,-13.891141,-0.01616767,1,"{""geodesic"":false,""type"":""Point"",""coordinates"":[110.42442659193323,-7.280474693099783]}"
1_1_1_1_2_83_0,0.0475,0.0183,0.0153,0.0476,0.0586,0.0446,0.0538,0.0438,0.0526,0.0369,0.0456,0.0678,-0.14654003,-0.020316623,-0.0030391004,-0.22722515,0.5240572,-0.089285724,0.018492684,-0.12662725,-0.4137931,0.44461304,-0.09447853,0.22722515,-0.18632858,-0.019862425,-17.629333,-12.34022,-0.027459374,1,"{""geodesic"":false,""type"":""Point"",""coordinates"":[110.43992912302646,-7.270905972971515]}"
1_1_1_1_2_120_0,0.0431,0.0834,0.0441,0.0444,0.0498,0.0385,0.0754,0.1547,0.2032,0.1047,0.2157,0.2466,-0.100368984,0.16505435,0.058242798,0.3553398,-0.25225225,-0.3082353,0.016216332,0.40442657,-0.40725803,-0.30516434,0.4622905,-0.3553398,0.16268739,0.15438433,-15.964173,-9.860839,0.1393468,1,"{""geodesic"":false,""type"":""Point"",""coordinates"":[110.44061376792541,-7.3031990106585]}"
1_1_1_1_2_54_0,0.0524,0.0734,0.0666,0.0772,0.0634,0.059,0.0705,0.0744,0.074,0.0773,0.075,0.0652,-0.07703033,0.053678274,0.015748022,0.09879173,-0.0730994,-0.0485714,0.05083312,6.472119E-4,-0.07435716,0.025232434,0.13426264,-0.09879173,0.046008103,0.04314002,-21.85026,-7.5221763,2.2916938E-4,1,"{""geodesic"":false,""type"":""Point"",""coordinates"":[110.42828781091694,-7.307344454586446]}"
1_1_1_1_2_5_0,0.0486,0.0324,0.0239,0.0499,0.0561,0.0417,0.0581,0.0516,0.0548,0.0503,0.0523,0.0511,-0.1497418,0.023211867,0.010248148,-0.05451129,0.2677966,-0.15097691,0.01981372,0.0039920094,-0.35579512,0.21263668,0.093478225,0.05451129,-0.07195573,0.021790532,-25.271717,-11.2409725,9.996651E-4,1,"{""geodesic"":false,""type"":""Point"",""coordinates"":[110.43168141145851,-7.274332970152802]}"
1_1_1_1_2_18_0,0.0456,0.0321,0.0255,0.0535,0.0586,0.0492,0.054,0.0519,0.0669,0.0628,0.0563,0.0366,-0.17712551,0.03553697,0.01663047,0.034596346,0.292172,-0.114583336,0.019977707,0.079965584,-0.42242354,0.25,0.12142857,-0.034596346,0.07534245,0.03333333,-24.028261,-10.014957,0.022635074,1,"{""geodesic"":false,""type"":""Point"",""coordinates"":[110.42570058198359,-7.275953604388227]}"
1_1_1_1_2_53_0,0.0443,0.0518,0.041,0.0482,0.0472,0.0408,0.0512,0.0474,0.0618,0.0541,0.0571,0.0461,-0.049769092,0.035470445,0.011350572,0.06811449,-0.04646464,-0.11637931,0.03092052,0.057673503,-0.13774972,-0.036000013,0.1401475,-0.06811449,0.027540356,0.03353504,-24.061373,-9.416756,0.014693673,1,"{""geodesic"":false,""type"":""Point"",""coordinates"":[110.42620334384549,-7.307974986401905]}"
1_1_1_1_2_19_0,0.0456,0.0321,0.0255,0.0548,0.0602,0.0483,0.054,0.0519,0.0669,0.0582,0.0563,0.0366,-0.16856256,0.026414087,0.012770973,-0.016891863,0.30444202,-0.114583336,0.02116237,0.03008851,-0.39068103,0.2612198,0.09295774,0.016891863,0.03743317,0.024484748,-29.02298,-11.91867,0.008319743,1,"{""geodesic"":false,""type"":""Point"",""coordinates"":[110.4257911695308,-7.2759537192097925]}"
1_1_1_2_179_0,0.0505,0.0334,0.0253,0.0451,0.0456,0.0336,0.0485,0.0592,0.0633,0.056,0.0636,0.0647,-0.20285547,0.06091261,0.022435447,0.10236221,0.1544304,-0.13798977,0.015179999,0.107814066,-0.37761378,0.1490446,0.25000003,-0.10236221,0.07177035,0.056987796,-37.82577,-18.716248,0.027200138,2,"{""geodesic"":false,""type"":""Point"",""coordinates"":[110.42883240811166,-7.306531057822394]}"
1_1_1_2_60_0,0.0437,0.0084,0.006,0.0448,0.0504,0.0347,0.0437,0.0332,0.0344,0.0278,0.0282,0.0221,-0.25496975,-0.019166665,-0.0022390997,-0.28900257,0.71428573,-0.16666664,0.0074892086,-0.23415977,-0.6449704,0.68421054,-0.11039999,0.28900257,-0.22237763,-0.018399999,-46.789986,-23.348366,-0.044533703,2,"{""geodesic"":false,""type"":""Point"",""coordinates"":[110.43011949607563,-7.291698210645687]}"
1_1_1_2_74_0,0.0447,0.0088,0.0063,0.0466,0.0501,0.0314,0.0419,0.0313,0.0304,0.0274,0.0287,0.0263,-0.295972,-0.011543342,5.1848638E-6,-0.2929032,0.70118845,-0.16556291,0.0072197076,-0.25945944,-0.62611276,0.68231046,-0.06802719,0.2929032,-0.2092352,-0.010737291,-31.17368,-36.670307,-0.050174214,2,"{""geodesic"":false,""type"":""Point"",""coordinates"":[110.43191956207158,-7.301017253766207]}"
1_1_1_2_49_0,0.0441,0.0089,0.0051,0.0444,0.0483,0.0328,0.0435,0.034,0.0404,0.0303,0.0266,0.0297,-0.28350514,-0.006990268,0.0017355711,-0.22900765,0.6888112,-0.27142856,0.005520792,-0.188755,-0.7118644,0.66604125,-0.039619643,0.22900765,-0.17886178,-0.006659562,-48.45799,-20.59278,-0.036801804,2,"{""geodesic"":false,""type"":""Point"",""coordinates"":[110.44542568466048,-7.294702239584005]}"
1_1_1_2_110_0,0.0433,0.0147,0.0077,0.0471,0.0516,0.0382,0.05,0.0423,0.037,0.0379,0.0272,0.0744,-0.23277739,-8.206971E-4,0.0038646844,-0.15307263,0.5565611,-0.3125,0.0077609494,-0.108235285,-0.66228074,0.52427185,-0.00394215,0.15307263,-0.13765642,-7.811082E-4,-24.903938,-14.444973,-0.023589741,2,"{""geodesic"":false,""type"":""Point"",""coordinates"":[110.44146652717542,-7.272988320670498]}"
1_1_1_2_95_0,0.0407,0.0103,0.0072,0.0429,0.0408,0.0287,0.0361,0.0352,0.039,0.0318,0.0293,0.043,-0.3139842,0.008784364,0.0063608596,-0.12396693,0.5968689,-0.17714287,0.006498113,-0.14859435,-0.63076925,0.61278194,0.051239703,0.12396693,-0.06332839,0.00829617,-47.19167,-27.135685,-0.028971631,2,"{""geodesic"":false,""type"":""Point"",""coordinates"":[110.44744694432431,-7.271638833836935]}"
1_1_1_2_109_0,0.0441,0.0145,0.0083,0.0456,0.0516,0.0371,0.0505,0.0419,0.0432,0.0412,0.0327,0.0673,-0.25433528,0.011119556,0.008105186,-0.11206897,0.56127083,-0.27192983,0.0074740285,-0.050691243,-0.66464645,0.5174709,0.052362736,0.11206897,-0.10141765,0.010634624,-21.0321,-8.600663,-0.011247444,2,"{""geodesic"":false,""type"":""Point"",""coordinates"":[110.44246399078368,-7.27217545912622]}"
1_1_1_2_155_0,0.0457,0.0274,0.0162,0.0455,0.049,0.0374,0.0467,0.0587,0.069,0.0502,0.0542,0.1859,-0.19252336,0.034285102,0.014572206,0.0120967915,0.2827225,-0.25688073,0.012069323,0.04911182,-0.5120482,0.24828531,0.14611873,-0.0120967915,0.036119714,0.032675292,-28.15823,-12.422372,0.01183482,2,"{""geodesic"":false,""type"":""Point"",""coordinates"":[110.44932256277848,-7.293531097403323]}"
1_1_1_2_86_0,0.0438,0.0163,0.0096,0.049,0.0459,0.0337,0.0418,0.0361,0.0456,0.0436,0.0414,0.0974,-0.2987377,0.028179437,0.012983637,-0.025698302,0.47588423,-0.25868726,0.007420184,-0.058315318,-0.63909775,0.5007657,0.12807244,0.025698302,0.021077288,0.025723195,-32.5293,-20.976467,-0.013668574,2,"{""geodesic"":false,""type"":""Point"",""coordinates"":[110.44889104134097,-7.2759824075783355]}"
1_1_1_2_57_0,0.0472,0.0087,0.0049,0.0524,0.0596,0.0428,0.0545,0.0403,0.0414,0.0344,0.0334,0.0499,-0.25524223,-0.023380095,-0.0023567805,-0.2680851,0.7452416,-0.27941176,0.0060965116,-0.20737326,-0.75063616,0.7152209,-0.108808294,0.2680851,-0.22609672,-0.021829523,-48.450397,-20.250427,-0.046012267,2,"{""geodesic"":false,""type"":""Point"",""coordinates"":[110.43947843222507,-7.269096328561322]}"
1_1_1_2_152_0,0.048,0.0201,0.0127,0.0511,0.0588,0.0482,0.0595,0.0475,0.0615,0.0447,0.0538,0.1264,-0.16758075,-0.0092042275,0.0014798972,-0.13623188,0.4904943,-0.22560975,0.0136944065,-0.06680585,-0.5574913,0.43539327,-0.037674915,0.13623188,-0.14203455,-0.00885478,-25.498657,-15.32623,-0.01611279,2,"{""geodesic"":false,""type"":""Point"",""coordinates"":[110.45150160103452,-7.289553750535706]}"
1_1_1_2_93_0,0.0449,0.0079,0.0062,0.0457,0.053,0.0363,0.0464,0.0337,0.0347,0.0299,0.0272,0.0223,-0.2621035,-0.017680535,-0.0013669374,-0.27864897,0.7405583,-0.12056734,0.0075270906,-0.2089947,-0.6565097,0.70522386,-0.096676745,0.27864897,-0.21625164,-0.016955141,-28.766945,-28.804996,-0.041174427,2,"{""geodesic"":false,""type"":""Point"",""coordinates"":[110.44110585627122,-7.271631060271018]}"
1_1_1_2_61_0,0.0426,0.0075,0.0042,0.0448,0.0507,0.0325,0.0414,0.03,0.0334,0.0306,0.0281,0.0218,-0.30675912,-0.0053394744,0.0025305143,-0.24723248,0.742268,-0.2820513,0.004460784,-0.18832889,-0.7586207,0.7131931,-0.030110914,0.24723248,-0.14999999,-0.005061264,-37.39176,-19.499393,-0.03701772,2,"{""geodesic"":false,""type"":""Point"",""coordinates"":[110.42758777828972,-7.287895939560755]}"
1_1_1_2_42_0,0.0428,0.0082,0.0049,0.044,0.05,0.0345,0.0439,0.0324,0.0352,0.0299,0.0277,0.0234,-0.2675815,-0.012680559,6.09E-5,-0.25156447,0.7182131,-0.2519084,0.005653846,-0.19079839,-0.7183908,0.68582374,-0.07142857,0.25156447,-0.1897019,-0.012225371,-35.95342,-29.922043,-0.036853112,2,"{""geodesic"":false,""type"":""Point"",""coordinates"":[110.43647023577377,-7.284198468207076]}"
1_1_1_2_187_0,0.0443,0.0127,0.0087,0.044,0.042,0.031,0.0393,0.0311,0.0364,0.0294,0.0276,0.0461,-0.2536294,-0.00451773,0.0016431364,-0.17647058,0.535649,-0.18691587,0.00917347,-0.19891007,-0.54330707,0.55202824,-0.026490051,0.17647058,-0.1441048,-0.004282653,-40.198956,-20.305527,-0.038193233,2,"{""geodesic"":false,""type"":""Point"",""coordinates"":[110.42584096789574,-7.307974525327878]}"
1_1_1_2_89_0,0.0448,0.0085,0.0052,0.049,0.0493,0.0341,0.0445,0.0319,0.035,0.0286,0.0259,0.0231,-0.29118136,-0.0158831,-9.6315466E-4,-0.26572528,0.7058823,-0.24087593,0.0062,-0.26288658,-0.6923077,0.7043478,-0.0877193,0.26572528,-0.21751027,-0.014661454,-48.451668,-35.488113,-0.052977838,2,"{""geodesic"":false,""type"":""Point"",""coordinates"":[110.439740771623,-7.276694819268897]}"
1_1_1_2_133_0,0.0564,0.0228,0.0139,0.0697,0.0918,0.0994,0.1264,0.1115,0.1239,0.1081,0.0947,0.1371,-0.18533334,0.018404905,0.02227509,0.08154077,0.60209423,-0.24250683,0.012781314,0.21597297,-0.77213115,-0.50702703,0.041927703,-0.08154077,-0.078038394,0.018445225,-28.070446,-18.398012,0.08498081,2,"{""geodesic"":false,""type"":""Point"",""coordinates"":[110.44997578318265,-7.2778832702953675]}"
1_1_1_2_87_0,0.0428,0.0148,0.0084,0.0452,0.0436,0.029,0.0376,0.0409,0.0434,0.035,0.0362,0.0548,-0.2935484,0.017241383,0.008516532,-0.109414764,0.49315068,-0.2758621,0.0069599994,-0.12718205,-0.61290324,0.50666666,0.093750015,0.109414764,-0.03581267,0.015957449,-29.43674,-19.16376,-0.02637022,2,"{""geodesic"":false,""type"":""Point"",""coordinates"":[110.4482584726097,-7.274715274927581]}"
1_1_1_2_177_0,0.0524,0.0346,0.0268,0.046,0.0473,0.0338,0.0466,0.0448,0.047,0.0369,0.0422,0.0652,-0.09583609,0.008662122,0.0029582235,-0.12351545,0.15506715,-0.12703586,0.024548508,-0.10977083,-0.15855573,0.1414392,0.043847248,0.12351545,-0.11616768,0.00814789,-25.095705,-15.521837,-0.023417398,2,"{""geodesic"":false,""type"":""Point"",""coordinates"":[110.4282881558544,-7.307073092862651]}"
1_1_1_2_160_0,0.0452,0.0353,0.0224,0.041,0.0415,0.0327,0.0486,0.0643,0.0654,0.0547,0.056,0.1686,-0.16921197,0.05829977,0.021539226,0.13721414,0.08072913,-0.22357023,0.013390859,0.14315566,-0.41893646,0.0747051,0.25171626,-0.13721414,0.05905129,0.056179777,-24.929266,-13.000704,0.034497224,2,"{""geodesic"":false,""type"":""Point"",""coordinates"":[110.44868421634763,-7.296967586743458]}"
1_1_1_2_193_0,0.0467,0.0181,0.0115,0.0432,0.044,0.031,0.0421,0.0476,0.0443,0.0267,0.0494,0.0492,-0.17478992,-0.012096321,-0.0020138556,-0.2446959,0.41706923,-0.22297299,0.01335206,-0.23605153,-0.39790574,0.40946165,-0.074523404,0.2446959,-0.22383723,-0.011565358,-18.90939,-16.482977,-0.043428678,2,"{""geodesic"":false,""type"":""Point"",""coordinates"":[110.42819951672011,-7.305535261581945]}"
1_1_1_2_114_0,0.0421,0.0158,0.0094,0.0451,0.0493,0.0362,0.045,0.033,0.0426,0.045,0.0422,0.1813,-0.26812103,0.023810811,0.012415299,-0.045599133,0.51459295,-0.25396824,0.0075617777,-0.0011098554,-0.6544118,0.4811166,0.10837438,0.045599133,1.9868214E-8,0.02271163,-35.282566,-15.300976,-2.5418904E-4,2,"{""geodesic"":false,""type"":""Point"",""coordinates"":[110.44336796731307,-7.273714295205527]}"
1_1_1_2_176_0,0.0546,0.0274,0.0213,0.0439,0.0423,0.0342,0.0461,0.0463,0.0462,0.0371,0.0428,0.0614,-0.13604487,0.007940412,0.0041050967,-0.065491214,0.21377333,-0.12525669,0.019635042,-0.08395066,-0.27054796,0.23141657,0.04067317,0.065491214,-0.108173095,0.007614205,-27.75529,-15.622565,-0.017555946,2,"{""geodesic"":false,""type"":""Point"",""coordinates"":[110.42756375052772,-7.3068008121930665]}"
1_1_1_2_154_0,0.0456,0.0301,0.0183,0.0428,0.0484,0.0353,0.0522,0.0555,0.0691,0.0541,0.0675,0.221,-0.19408503,0.04974071,0.019721545,0.05560975,0.23312102,-0.24380162,0.0119406665,0.11661504,-0.49447513,0.17421128,0.2102908,-0.05560975,0.017873935,0.04784526,-23.257574,-13.101045,0.02839671,2,"{""geodesic"":false,""type"":""Point"",""coordinates"":[110.4490504566622,-7.293802129061338]}"
1_1_1_2_119_0,0.041,0.0492,0.0268,0.0416,0.0437,0.0316,0.0557,0.0946,0.1086,0.0923,0.1164,0.1624,-0.24732186,0.15645944,0.057580918,0.35735294,-0.059203446,-0.29473683,0.009175298,0.37864077,-0.54995805,-0.083700426,0.48991123,-0.35735294,0.24729729,0.14593685,-19.758274,-12.851694,0.119971596,2,"{""geodesic"":false,""type"":""Point"",""coordinates"":[110.44672025492653,-7.273266127933889]}"
1_1_1_2_13_0,0.0444,0.0098,0.0067,0.0412,0.0446,0.0313,0.0445,0.0316,0.0344,0.027,0.0272,0.0286,-0.24794145,-0.011867963,-4.8975874E-4,-0.24581003,0.6397059,-0.1878788,0.007767037,-0.20821114,-0.6023739,0.6156863,-0.073756434,0.24581003,-0.24475524,-0.011552929,-23.835207,-16.983585,-0.0374868,2,"{""geodesic"":false,""type"":""Point"",""coordinates"":[110.41980960584873,-7.278116995571272]}"
1_1_1_2_59_0,0.0442,0.0095,0.0065,0.0432,0.0546,0.0365,0.0485,0.0325,0.0361,0.0299,0.0268,0.0198,-0.2275399,-0.017839767,-0.0018150458,-0.2923077,0.7035881,-0.18749997,0.007934783,-0.18194257,-0.64285713,0.6394687,-0.09939759,0.2923077,-0.2372449,-0.017478814,-26.444021,-21.629917,-0.034810685,2,"{""geodesic"":false,""type"":""Point"",""coordinates"":[110.44382502270736,-7.270368042523424]}"
1_1_1_2_170_0,0.0461,0.0329,0.0197,0.0433,0.0449,0.0325,0.0507,0.0824,0.0862,0.0888,0.0848,0.116,-0.3377215,0.14675981,0.05622911,0.32834703,0.15424162,-0.2509506,0.0072100223,0.34443602,-0.63686633,0.1364829,0.4641385,-0.32834703,0.27311826,0.13592467,-24.731829,-15.689357,0.10797342,2,"{""geodesic"":false,""type"":""Point"",""coordinates"":[110.43363103065886,-7.308798460165518]}"
1_1_1_2_67_0,0.0455,0.0075,0.0064,0.0462,0.0526,0.0362,0.046,0.0315,0.0339,0.0288,0.0269,0.0251,-0.26368997,-0.020566989,-0.002313773,-0.2923833,0.750416,-0.07913669,0.008044445,-0.23200001,-0.6363636,0.7206704,-0.11384619,0.2923833,-0.22994654,-0.019646024,-32.97108,-25.937986,-0.045391306,2,"{""geodesic"":false,""type"":""Point"",""coordinates"":[110.4316799322353,-7.2755088733285325]}"
1_1_1_2_195_0,0.0489,0.0262,0.0159,0.0448,0.0417,0.0344,0.0464,0.0494,0.0582,0.034,0.0502,0.1224,-0.13055953,-0.0011057035,0.0010532092,-0.1017173,0.2282769,-0.24465556,0.016087059,-0.1370558,-0.36272544,0.2619718,-0.005847943,0.1017173,-0.15422884,-0.0010555929,-28.79536,-16.418715,-0.027988933,2,"{""geodesic"":false,""type"":""Point"",""coordinates"":[110.43028202272669,-7.306442436458096]}"
1_1_1_2_164_0,0.0424,0.0371,0.0167,0.0438,0.0439,0.0304,0.0463,0.0791,0.0836,0.0548,0.0967,0.2267,-0.1872366,0.06712887,0.023212623,0.11043564,0.08395066,-0.37918216,0.0092642335,0.111561865,-0.53286713,0.082818314,0.28638497,-0.11043564,0.084075175,0.06254272,-24.238697,-17.102282,0.027564317,2,"{""geodesic"":false,""type"":""Point"",""coordinates"":[110.44569211620933,-7.299044375625078]}"
1_1_1_2_11_0,0.0429,0.0101,0.0068,0.0442,0.046,0.0322,0.0421,0.0312,0.0407,0.028,0.0295,0.0522,-0.26113537,-0.011801732,-2.8342643E-4,-0.24324323,0.6399287,-0.19526625,0.00782,-0.22437671,-0.6091954,0.62799263,-0.069767445,0.24324323,-0.20114121,-0.011245985,-23.099976,-20.22956,-0.042467665,2,"{""geodesic"":false,""type"":""Point"",""coordinates"":[110.42279680992092,-7.279839439848798]}"
1_1_1_2_117_0,0.0462,0.0115,0.0062,0.0473,0.0538,0.0382,0.0511,0.0349,0.0367,0.0297,0.0294,0.0341,-0.21546963,-0.023502734,-0.0037682108,-0.28862277,0.64777946,-0.29943502,0.00797441,-0.22857143,-0.6545961,0.6088435,-0.12518407,0.28862277,-0.26485148,-0.022451133,-26.694452,-22.440166,-0.0457539,2,"{""geodesic"":false,""type"":""Point"",""coordinates"":[110.44391438540272,-7.271363150907123]}"
1_1_1_2_63_0,0.0437,0.0096,0.0054,0.0432,0.0504,0.0331,0.0444,0.034,0.0353,0.0277,0.0277,0.0413,-0.24823941,-0.01496177,-0.0012353195,-0.29065302,0.68,-0.28,0.006452708,-0.2186178,-0.673716,0.6363636,-0.08881582,0.29065302,-0.23162276,-0.014443657,-31.834726,-24.067081,-0.040725175,2,"{""geodesic"":false,""type"":""Point"",""coordinates"":[110.43156221580196,-7.297036822051667]}"
1_1_1_2_39_0,0.0431,0.0097,0.0061,0.044,0.0438,0.033,0.0393,0.0321,0.0352,0.0302,0.0327,0.0283,-0.2694611,-0.007793362,0.0013292392,-0.18378377,0.63738316,-0.22784813,0.0066655627,-0.1859838,-0.6639119,0.6387337,-0.044303782,0.18378377,-0.13093524,-0.0074573834,-31.03828,-20.846565,-0.036050152,2,"{""geodesic"":false,""type"":""Point"",""coordinates"":[110.44188824155084,-7.2982256025090155]}"
1_1_1_2_25_0,0.0428,0.0073,0.0054,0.0428,0.0468,0.0307,0.0399,0.0298,0.0304,0.0254,0.0255,0.0206,-0.2843691,-0.0149110975,-0.0011530401,-0.29639888,0.73012936,-0.1496063,0.006526772,-0.255132,-0.64935064,0.7085828,-0.09447416,0.29639888,-0.22205207,-0.014295991,-27.889025,-23.192022,-0.045934536,2,"{""geodesic"":false,""type"":""Point"",""coordinates"":[110.42051292711268,-7.294761434850371]}"
1_1_1_2_135_0,0.0438,0.0468,0.0255,0.0463,0.045,0.0324,0.0474,0.0636,0.0828,0.0457,0.092,0.2164,-0.07476636,0.037240293,0.010748023,0.007717717,-0.01960781,-0.2946058,0.018078776,-0.0065217684,-0.28370786,-0.00537054,0.17029446,-0.007717717,-0.01825995,0.034509595,-16.838055,-11.837476,-0.0015202771,2,"{""geodesic"":false,""type"":""Point"",""coordinates"":[110.44879813523848,-7.277881838687022]}"
1_1_1_2_69_0,0.0454,0.0168,0.0103,0.0451,0.0493,0.036,0.0497,0.0383,0.0453,0.0282,0.0404,0.0359,-0.1625694,-0.02152436,-0.004397364,-0.27225804,0.49167928,-0.23985237,0.0131489355,-0.23055933,-0.46493506,0.45718902,-0.1214953,0.27225804,-0.27599487,-0.020737322,-30.007727,-21.79247,-0.044217683,2,"{""geodesic"":false,""type"":""Point"",""coordinates"":[110.42506658432056,-7.275862346148526]}"
1_1_1_2_44_0,0.051,0.0137,0.0076,0.0612,0.0818,0.078,0.0949,0.0651,0.0748,0.0582,0.0501,0.1308,-0.13121744,-0.046383057,-0.00840472,-0.16857141,0.713089,-0.28638497,0.010185567,-0.025125615,-0.76899695,0.6341789,-0.14537445,0.16857141,-0.2397126,-0.04668343,-23.746603,-16.754416,-0.007265092,2,"{""geodesic"":false,""type"":""Point"",""coordinates"":[110.45141519160494,-7.286116375556595]}"
1_1_1_2_166_0,0.0403,0.0364,0.0147,0.043,0.0424,0.0276,0.0431,0.0812,0.0894,0.0516,0.0833,0.1634,-0.19293822,0.06706159,0.022440461,0.09787237,0.076142095,-0.42465755,0.0078627905,0.09090909,-0.5565611,0.08312342,0.3030303,-0.09787237,0.089757144,0.062154703,-17.30105,-11.510924,0.021695258,2,"{""geodesic"":false,""type"":""Point"",""coordinates"":[110.44976645851389,-7.300948900162028]}"
1_1_1_2_175_0,0.0544,0.0162,0.0098,0.0457,0.0438,0.0322,0.0344,0.0319,0.0366,0.0249,0.0275,0.056,-0.1865546,-0.020848805,-0.004464472,-0.27510917,0.45999998,-0.24615385,0.012673093,-0.29461753,-0.4351585,0.4765751,-0.1278459,0.27510917,-0.16020235,-0.01965536,-25.28489,-20.04772,-0.054679282,2,"{""geodesic"":false,""type"":""Point"",""coordinates"":[110.4269304008198,-7.3061668299385625]}"
1_1_1_2_124_0,0.0417,0.014,0.0073,0.0472,0.0494,0.0333,0.0457,0.041,0.0461,0.0434,0.0361,0.1681,-0.31399566,0.02839631,0.013520356,-0.064655185,0.5583596,-0.314554,0.0056011523,-0.041942615,-0.71203154,0.5424837,0.13168187,0.064655185,-0.025813684,0.026270157,-40.509983,-21.505701,-0.009651205,2,"{""geodesic"":false,""type"":""Point"",""coordinates"":[110.4460804870462,-7.2778785232908785]}"
1_1_1_2_58_0,0.0463,0.0106,0.008,0.0456,0.0538,0.0367,0.0496,0.0338,0.0337,0.0285,0.0246,0.0318,-0.22075784,-0.022609461,-0.0035745434,-0.3074119,0.6708075,-0.1397849,0.010301755,-0.23076923,-0.56164384,0.6227758,-0.12576686,0.3074119,-0.27016646,-0.021762205,-43.45343,-21.20079,-0.04467863,2,"{""geodesic"":false,""type"":""Point"",""coordinates"":[110.4440986735557,-7.268830652619104]}"
1_1_1_2_48_0,0.0441,0.0109,0.0058,0.0461,0.0496,0.0332,0.0426,0.0323,0.037,0.0301,0.0267,0.0308,-0.26683292,-0.008771434,8.5201726E-4,-0.24466753,0.6396694,-0.30538923,0.0063973423,-0.20997378,-0.67688024,0.6175439,-0.04897315,0.24466753,-0.17193949,-0.008254928,-31.847359,-24.898033,-0.04165221,2,"{""geodesic"":false,""type"":""Point"",""coordinates"":[110.44542813379047,-7.292712246533376]}"
1_1_1_2_169_0,0.0467,0.0314,0.0168,0.045,0.0421,0.0313,0.0445,0.0711,0.0815,0.0473,0.0842,0.1509,-0.19096775,0.04456328,0.015982278,0.05816553,0.14557827,-0.30290458,0.011117125,0.02491872,-0.47581905,0.17801051,0.20356232,-0.05816553,0.030501086,0.04147943,-28.418736,-19.563854,0.0058247456,2,"{""geodesic"":false,""type"":""Point"",""coordinates"":[110.43417448250715,-7.308889596351833]}"
1_1_1_2_65_0,0.0456,0.0085,0.0068,0.0483,0.0549,0.036,0.048,0.0327,0.0341,0.0269,0.0257,0.0226,-0.25647455,-0.025833186,-0.0042264336,-0.3422983,0.7318612,-0.111111134,0.009100371,-0.28457448,-0.5964392,0.7007042,-0.14467405,0.3422983,-0.28170893,-0.024249416,-45.62992,-19.592602,-0.055806678,2,"{""geodesic"":false,""type"":""Point"",""coordinates"":[110.43249987798193,-7.2718012768065945]}"
1_1_1_2_107_0,0.0431,0.042,0.0232,0.044,0.0428,0.0299,0.0502,0.0936,0.1137,0.0754,0.1202,0.2345,-0.24830112,0.12299957,0.043355636,0.27580371,0.00943399,-0.28834355,0.009199999,0.2629816,-0.5294118,0.023255818,0.43209878,-0.27580371,0.20063695,0.11275401,-24.234938,-15.417934,0.07604133,2,"{""geodesic"":false,""type"":""Point"",""coordinates"":[110.44887425080282,-7.289731465107329]}"
1_1_1_2_62_0,0.0436,0.0082,0.0047,0.046,0.0525,0.0346,0.0462,0.0329,0.0356,0.0301,0.0282,0.0225,-0.28006727,-0.012602222,1.7862032E-4,-0.27118644,0.72981876,-0.27131784,0.005402658,-0.20893562,-0.72988504,0.69741696,-0.0695518,0.27118644,-0.21100919,-0.011953254,-48.451344,-20.678596,-0.041399065,2,"{""geodesic"":false,""type"":""Point"",""coordinates"":[110.43682841497326,-7.287545722000122]}"
1_1_1_2_27_0,0.0419,0.0081,0.0051,0.0435,0.0469,0.0318,0.0417,0.0299,0.0318,0.0268,0.0252,0.0184,-0.27586204,-0.014023679,-7.9987594E-4,-0.27272728,0.7054545,-0.22727272,0.0060514933,-0.23755334,-0.68025076,0.6860465,-0.08532428,0.27272728,-0.21751827,-0.0134264305,-26.980305,-20.04475,-0.04392425,2,"{""geodesic"":false,""type"":""Point"",""coordinates"":[110.42277249214328,-7.298834757094019]}"
1_1_1_2_115_0,0.0427,0.0384,0.0189,0.0408,0.0469,0.0321,0.0526,0.0695,0.0763,0.0637,0.0715,0.2652,-0.1942857,0.08313164,0.030483508,0.15189871,0.09964828,-0.34031418,0.009524176,0.21913873,-0.5423729,0.030303024,0.32985386,-0.15189871,0.0954428,0.0795569,-20.427921,-14.515445,0.056823812,2,"{""geodesic"":false,""type"":""Point"",""coordinates"":[110.44309698553509,-7.273080781409289]}"
1_1_1_2_35_0,0.0442,0.009,0.0051,0.0436,0.0459,0.0326,0.0426,0.0336,0.0325,0.0273,0.0268,0.0335,-0.26044443,-0.014789598,-0.0011175958,-0.25409836,0.6721311,-0.2765957,0.00609011,-0.22990127,-0.6851852,0.6577947,-0.08848081,0.25409836,-0.21888411,-0.014198964,-30.155865,-32.90705,-0.042827114,2,"{""geodesic"":false,""type"":""Point"",""coordinates"":[110.43554485821625,-7.299755441582588]}"
1_1_1_2_26_0,0.0427,0.0086,0.0043,0.044,0.047,0.0319,0.0414,0.0327,0.0337,0.0268,0.027,0.0213,-0.27223718,-0.014354877,-9.707625E-4,-0.27371272,0.6906475,-0.33333334,0.005118284,-0.24293786,-0.72347265,0.6730038,-0.086882465,0.27371272,-0.21407627,-0.013692502,-31.581482,-20.780779,-0.045199722,2,"{""geodesic"":false,""type"":""Point"",""coordinates"":[110.42078190951138,-7.296932675271222]}"
1_1_1_2_6_0,0.0432,0.0085,0.0069,0.0456,0.0493,0.0364,0.046,0.0324,0.0335,0.0266,0.0229,0.019,-0.23313406,-0.027131788,-0.004855549,-0.29907775,0.7058823,-0.10389613,0.009442106,-0.2631579,-0.5880597,0.6857671,-0.15555559,0.29907775,-0.26721764,-0.02611013,-33.302345,-26.228693,-0.049807765,2,"{""geodesic"":false,""type"":""Point"",""coordinates"":[110.4204475511733,-7.275132828567997]}"
1_1_1_2_36_0,0.0433,0.0093,0.0049,0.0438,0.0482,0.0322,0.044,0.0339,0.0345,0.0299,0.0274,0.0234,-0.27951387,-0.0064274585,0.0017583485,-0.234315,0.6765217,-0.30985916,0.0052769235,-0.18860245,-0.7183908,0.6497175,-0.037037063,0.234315,-0.19079839,-0.0061377026,-48.447163,-27.496672,-0.036343038,2,"{""geodesic"":false,""type"":""Point"",""coordinates"":[110.42875650667703,-7.294952838671511]}"
1_1_1_2_100_0,0.0484,0.0124,0.0078,0.0648,0.0804,0.0788,0.094,0.0667,0.0762,0.0593,0.0578,0.2069,-0.15281004,-0.04660166,-0.0077325557,-0.15103792,0.7327586,-0.2277228,0.010364924,-0.044319097,-0.7675112,0.6787565,-0.14120202,0.15103792,-0.22635354,-0.045839205,-47.833397,-20.117397,-0.013219035,2,"{""geodesic"":false,""type"":""Point"",""coordinates"":[110.45123368149996,-7.286387518881849]}"
1_1_1_2_108_0,0.0435,0.02,0.0117,0.046,0.0482,0.0339,0.0492,0.0556,0.0697,0.0483,0.0591,0.0822,-0.2726046,0.039704427,0.016863367,0.0010362869,0.41348976,-0.26182964,0.008211801,0.024390262,-0.61,0.3939394,0.17518249,-0.0010362869,-0.009230751,0.037100658,-44.129963,-22.984814,0.005805153,2,"{""geodesic"":false,""type"":""Point"",""coordinates"":[110.44615908650987,-7.287647696801843]}"
1_1_1_2_168_0,0.0416,0.0218,0.0099,0.0426,0.0421,0.0272,0.0419,0.061,0.0611,0.0493,0.0494,0.2005,-0.30447125,0.061870098,0.023056991,0.0787746,0.31768388,-0.3753943,0.005462069,0.072905354,-0.6655405,0.32298136,0.28888887,-0.0787746,0.081140354,0.05750217,-40.389465,-15.804912,0.016979223,2,"{""geodesic"":false,""type"":""Point"",""coordinates"":[110.4493148215705,-7.29986289681308]}"
1_1_1_2_17_0,0.0429,0.0082,0.0054,0.0429,0.047,0.0334,0.0446,0.0321,0.0341,0.0281,0.0257,0.0208,-0.26110125,-0.0146126235,-8.340414E-4,-0.25166443,0.70289856,-0.20588234,0.006418505,-0.20845069,-0.67761195,0.67906064,-0.08617884,0.25166443,-0.2269601,-0.014158499,-36.470966,-22.042267,-0.038879156,2,"{""geodesic"":false,""type"":""Point"",""coordinates"":[110.42895464227288,-7.281565876546645]}"
1_1_1_2_153_0,0.0443,0.0271,0.0154,0.0479,0.0479,0.0353,0.0495,0.0583,0.0641,0.0556,0.0635,0.2158,-0.24773957,0.05588283,0.021753205,0.07439613,0.27733332,-0.27529413,0.009777339,0.07439613,-0.56619716,0.27733332,0.2233223,-0.07439613,0.05803995,0.051531553,-25.529577,-15.085505,0.01913836,2,"{""geodesic"":false,""type"":""Point"",""coordinates"":[110.45032315035236,-7.290185500857306]}"
1_1_1_2_72_0,0.0416,0.0081,0.003,0.0429,0.0483,0.0322,0.0412,0.0333,0.0353,0.0308,0.0291,0.0409,-0.29298243,-0.0038791946,0.0028710135,-0.22123896,0.71276593,-0.45945945,0.0031363638,-0.1641791,-0.8224852,0.68235296,-0.022222243,0.22123896,-0.14444445,-0.0037300214,-48.446392,-31.044418,-0.031636745,2,"{""geodesic"":false,""type"":""Point"",""coordinates"":[110.42712333079064,-7.2969407609976775]}"
1_1_1_2_92_0,0.0452,0.0086,0.0071,0.0483,0.0542,0.0373,0.0471,0.0326,0.0335,0.0283,0.0252,0.0243,-0.25061223,-0.025285164,-0.0039137723,-0.3139394,0.72611463,-0.09554142,0.009357951,-0.26109663,-0.59887004,0.6977153,-0.13719514,0.3139394,-0.24933687,-0.023868462,-32.202694,-23.72938,-0.05202914,2,"{""geodesic"":false,""type"":""Point"",""coordinates"":[110.4387493611714,-7.272623146693303]}"
1_1_1_2_46_0,0.0447,0.0151,0.0098,0.0442,0.0501,0.0381,0.0509,0.0502,0.0568,0.0464,0.0481,0.1634,-0.26008344,0.021992577,0.012376071,-0.03834196,0.5368098,-0.21285142,0.008046983,0.024282562,-0.65124553,0.4907251,0.09822484,0.03834196,-0.046248723,0.021300254,-30.991747,-18.45962,0.0055875382,2,"{""geodesic"":false,""type"":""Point"",""coordinates"":[110.45014274101163,-7.289552100358668]}"
1_1_1_2_105_0,0.0417,0.0219,0.0101,0.0434,0.0467,0.0316,0.0469,0.0575,0.0632,0.049,0.0556,0.0806,-0.266621,0.04763991,0.01911904,0.024033416,0.36151603,-0.36875,0.006513469,0.06060604,-0.65820646,0.32924962,0.2158809,-0.024033416,0.021897797,0.0449535,-20.922482,-18.400284,0.014179603,2,"{""geodesic"":false,""type"":""Point"",""coordinates"":[110.44633826785778,-7.28927609536124]}"
1_1_1_2_161_0,0.0442,0.0421,0.0261,0.0422,0.042,0.0302,0.0522,0.0686,0.0704,0.0561,0.0804,0.1548,-0.15240327,0.07031928,0.023791075,0.1437309,-0.0011890808,-0.2346041,0.014050268,0.14140387,-0.3649635,0.0011862156,0.30011585,-0.1437309,0.036011077,0.066263005,-22.584064,-10.610088,0.03484874,2,"{""geodesic"":false,""type"":""Point"",""coordinates"":[110.44931847185666,-7.296877905884381]}"
1_1_1_2_94_0,0.0459,0.0099,0.0053,0.0444,0.0538,0.0367,0.0466,0.0344,0.035,0.0288,0.028,0.0328,-0.22203673,-0.021561135,-0.0031504896,-0.30266348,0.689168,-0.3026316,0.006753819,-0.21311475,-0.68914956,0.6353591,-0.120610684,0.30266348,-0.23607428,-0.020954907,-33.73562,-25.045967,-0.040823445,2,"{""geodesic"":false,""type"":""Point"",""coordinates"":[110.4414688746009,-7.271088781318555]}"
1_1_1_2_189_0,0.0474,0.0155,0.0128,0.046,0.0432,0.0308,0.0392,0.0349,0.0386,0.0301,0.027,0.0415,-0.24346405,-0.0020117275,0.0020114733,-0.17871763,0.471891,-0.09540637,0.013097675,-0.20893562,-0.4032634,0.49593496,-0.011494264,0.17871763,-0.13131315,-0.0018719933,-28.690062,-21.467937,-0.041399065,2,"{""geodesic"":false,""type"":""Point"",""coordinates"":[110.42638533941256,-7.3073420396984226]}"
1_1_1_2_139_0,0.0453,0.0647,0.0299,0.0469,0.0451,0.0326,0.0669,0.1295,0.1488,0.0895,0.141,0.2504,-0.16730852,0.152408,0.051211223,0.3298663,-0.17850637,-0.3678647,0.0108909495,0.31231672,-0.4991625,-0.1594982,0.46601146,-0.3298663,0.1445013,0.1371966,-20.752468,-9.8377695,0.100408554,2,"{""geodesic"":false,""type"":""Point"",""coordinates"":[110.44897423339138,-7.282042958719865]}"
1_1_1_2_56_0,0.0466,0.0088,0.0057,0.051,0.059,0.0418,0.0535,0.0358,0.0358,0.0305,0.0316,0.0415,-0.2339137,-0.031430796,-0.005451722,-0.31843576,0.740413,-0.2137931,0.0078118034,-0.25153372,-0.68508285,0.7056856,-0.15629321,0.31843576,-0.27380952,-0.029617332,-28.094086,-20.8075,-0.052880477,2,"{""geodesic"":false,""type"":""Point"",""coordinates"":[110.43884399074578,-7.269366906998211]}"
1_1_1_2_75_0,0.0403,0.0168,0.0073,0.0397,0.0422,0.0282,0.036,0.0434,0.0457,0.0419,0.0411,0.1031,-0.28909954,0.03749932,0.015720315,-0.0035671536,0.4305085,-0.39419085,0.0049131266,0.026960783,-0.703252,0.40530977,0.1954351,0.0035671536,0.07573815,0.03604631,-34.562965,-21.460283,0.0056740027,2,"{""geodesic"":false,""type"":""Point"",""coordinates"":[110.45012982466196,-7.300135253126435]}"
1_1_1_2_34_0,0.0457,0.0087,0.0058,0.0466,0.046,0.0332,0.0422,0.0342,0.0364,0.0302,0.0293,0.0239,-0.29401854,-0.008523692,0.0013419042,-0.20734906,0.6819013,-0.20000002,0.0063761584,-0.21354164,-0.67777777,0.6853526,-0.04731859,0.20734906,-0.16574584,-0.007987217,-28.143139,-27.188992,-0.042649094,2,"{""geodesic"":false,""type"":""Point"",""coordinates"":[110.43109896799012,-7.305177109812665]}"
1_1_1_2_55_0,0.0489,0.016,0.0131,0.0481,0.0604,0.0417,0.0581,0.0452,0.06,0.0372,0.0496,0.0674,-0.19300696,-0.012140511,5.4566E-5,-0.23770493,0.58115184,-0.09965638,0.014684678,-0.12778427,-0.47912526,0.50078,-0.05703424,0.23770493,-0.21930745,-0.011660049,-38.961052,-18.333628,-0.027934387,2,"{""geodesic"":false,""type"":""Point"",""coordinates"":[110.43621439020323,-7.271444094571759]}"
1_1_1_2_5_0,0.0448,0.008,0.0055,0.0472,0.0522,0.0358,0.0457,0.0335,0.0346,0.0291,0.0268,0.0215,-0.27060786,-0.018822335,-0.0017732676,-0.28413284,0.73421925,-0.18518521,0.0067663225,-0.2372215,-0.6820809,0.71014494,-0.103235714,0.28413284,-0.22192512,-0.017790753,-45.55765,-19.983858,-0.04711088,2,"{""geodesic"":false,""type"":""Point"",""coordinates"":[110.43629831894724,-7.276781003027482]}"
1_1_1_2_3_0,0.044,0.0082,0.005,0.0452,0.052,0.0332,0.0433,0.0304,0.0317,0.0263,0.025,0.0199,-0.26660764,-0.019458544,-0.0024694863,-0.32822478,0.72757477,-0.24242425,0.006311787,-0.2643357,-0.6805112,0.6928839,-0.11596638,0.32822478,-0.24425288,-0.018498657,-26.371777,-20.62536,-0.049606305,2,"{""geodesic"":false,""type"":""Point"",""coordinates"":[110.44172576464143,-7.283119529806809]}"
1_1_1_2_53_0,0.0441,0.0098,0.0069,0.0478,0.0586,0.0394,0.0511,0.0369,0.0399,0.0335,0.0315,0.0673,-0.24597701,-0.01618389,-6.5427175E-4,-0.27252987,0.7134503,-0.17365271,0.008115224,-0.17589176,-0.65841585,0.6597222,-0.08093277,0.27252987,-0.20803781,-0.01544772,-48.452736,-24.207842,-0.03690005,2,"{""geodesic"":false,""type"":""Point"",""coordinates"":[110.44246443711188,-7.2718136420444095]}"
1_1_1_2_8_0,0.0451,0.0077,0.0061,0.0447,0.0514,0.0344,0.0452,0.0308,0.0335,0.0256,0.0256,0.0177,-0.25088966,-0.02453304,-0.0040682135,-0.33506492,0.7394247,-0.11594204,0.008196875,-0.27169275,-0.6151419,0.7061069,-0.14666669,0.33506492,-0.27683616,-0.023571433,-29.108437,-19.622456,-0.05023672,2,"{""geodesic"":false,""type"":""Point"",""coordinates"":[110.424434430812,-7.27432382344163]}"
1_1_1_2_84_0,0.0564,0.0225,0.0128,0.0764,0.0956,0.1032,0.1302,0.1117,0.1218,0.1078,0.0965,0.1371,-0.18877055,0.0099653285,0.018901693,0.059980325,0.618967,-0.27478758,0.012253803,0.1704669,-0.787728,-0.5449949,0.021800928,-0.059980325,-0.09411765,0.009704633,-25.430374,-23.731182,0.06883953,2,"{""geodesic"":false,""type"":""Point"",""coordinates"":[110.45015695981056,-7.277883490271071]}"
1_1_1_2_10_0,0.0476,0.0092,0.0069,0.0535,0.061,0.0471,0.0578,0.0386,0.0374,0.0334,0.0268,0.0242,-0.21368715,-0.037441928,-0.006983343,-0.2923729,0.73789173,-0.14285716,0.009730239,-0.23130035,-0.6575682,0.7065391,-0.17018636,0.2923729,-0.26754388,-0.03540052,-40.22306,-17.97192,-0.051371615,2,"{""geodesic"":false,""type"":""Point"",""coordinates"":[110.42679164913781,-7.272789090519647]}"
1_1_1_2_1_0,0.0428,0.0084,0.0053,0.0422,0.0456,0.0353,0.0421,0.0325,0.0337,0.0278,0.0263,0.0217,-0.23131044,-0.020311998,-0.0027327698,-0.24250683,0.6888889,-0.22627737,0.006729856,-0.20571429,-0.6797583,0.6679842,-0.118858986,0.24250683,-0.20457798,-0.019978695,-30.63149,-26.597403,-0.037894737,2,"{""geodesic"":false,""type"":""Point"",""coordinates"":[110.43031621285061,-7.279396691399586]}"
1_1_1_2_118_0,0.0446,0.0095,0.0069,0.0472,0.0527,0.0416,0.0537,0.0355,0.039,0.0311,0.0279,0.0266,-0.21020094,-0.028326321,-0.0048112217,-0.2577566,0.69453377,-0.15853657,0.009229582,-0.20561944,-0.63684213,0.66490304,-0.14442918,0.2577566,-0.26650944,-0.027501311,-28.343904,-24.425867,-0.041760337,2,"{""geodesic"":false,""type"":""Point"",""coordinates"":[110.44518304641421,-7.271002887539058]}"
1_1_1_2_97_0,0.0425,0.0077,0.0057,0.043,0.0516,0.0372,0.0473,0.0296,0.0328,0.0258,0.0239,0.0227,-0.2102023,-0.030760927,-0.006171994,-0.33333334,0.7403036,-0.14925373,0.008218604,-0.25,-0.63809526,0.69625247,-0.18095237,0.33333334,-0.29411763,-0.030373,-26.770555,-24.942112,-0.04535865,2,"{""geodesic"":false,""type"":""Point"",""coordinates"":[110.44545580565615,-7.2701891311388644]}"
1_1_1_2_126_0,0.0434,0.0339,0.0153,0.0435,0.0458,0.0326,0.0477,0.0677,0.0664,0.065,0.0655,0.145,-0.23999998,0.086691275,0.03216961,0.17328517,0.14930992,-0.37804878,0.0076735388,0.19815668,-0.618929,0.12403099,0.3319672,-0.17328517,0.15350486,0.08132529,-32.83215,-15.759099,0.052999176,2,"{""geodesic"":false,""type"":""Point"",""coordinates"":[110.44789413212705,-7.276343011695128]}"
1_1_1_2_173_0,0.0481,0.0384,0.022,0.0456,0.0465,0.033,0.0511,0.0724,0.0744,0.0586,0.0781,0.1604,-0.18678816,0.06997595,0.02464301,0.11512844,0.095406346,-0.2715232,0.012389078,0.12476008,-0.4540943,0.08571427,0.279476,-0.11512844,0.068368286,0.06490873,-23.416561,-20.554178,0.032274082,2,"{""geodesic"":false,""type"":""Point"",""coordinates"":[110.43263506436627,-7.308344937923276]}"
1_1_1_2_24_0,0.0439,0.0069,0.0048,0.047,0.0486,0.0332,0.0401,0.0293,0.0311,0.0238,0.0223,0.0176,-0.27682596,-0.026995976,-0.004739099,-0.34254143,0.75135136,-0.17948715,0.0066957986,-0.3276836,-0.66433567,0.74397033,-0.16491227,0.34254143,-0.25508606,-0.02531418,-28.445547,-25.841572,-0.060967058,2,"{""geodesic"":false,""type"":""Point"",""coordinates"":[110.42096948640649,-7.291957946211352]}"
1_1_1_2_37_0,0.0419,0.0074,0.0063,0.043,0.049,0.0312,0.0428,0.0324,0.0355,0.0296,0.0299,0.0302,-0.3057554,-0.00447277,0.0026178493,-0.24681933,0.73758864,-0.08029197,0.0066405404,-0.18457302,-0.6490251,0.7063492,-0.026315777,0.24681933,-0.18232045,-0.004279598,-45.91331,-20.167967,-0.03510304,2,"{""geodesic"":false,""type"":""Point"",""coordinates"":[110.42594955660539,-7.293863832882359]}"
1_1_1_2_167_0,0.0429,0.0208,0.0123,0.0374,0.0413,0.0276,0.0393,0.0468,0.0532,0.0436,0.049,0.1694,-0.251932,0.04307096,0.0172051,0.027090715,0.3301127,-0.2567976,0.007786238,0.07654322,-0.5599285,0.28522336,0.2247191,-0.027090715,0.051869728,0.042016808,-25.408672,-17.947374,0.016006887,2,"{""geodesic"":false,""type"":""Point"",""coordinates"":[110.44904193642638,-7.300767107910774]}"
1_1_1_2_172_0,0.0472,0.0274,0.0145,0.0448,0.0435,0.0308,0.0418,0.0608,0.0815,0.0581,0.0678,0.1253,-0.2774674,0.07525637,0.02790255,0.14370081,0.22708037,-0.3078759,0.007686747,0.12925172,-0.60055095,0.24099721,0.30708662,-0.14370081,0.16316317,0.069536425,-31.38484,-15.278862,0.03309007,2,"{""geodesic"":false,""type"":""Point"",""coordinates"":[110.43308746504164,-7.308797777318493]}"
1_1_1_2_76_0,0.0449,0.0092,0.007,0.0475,0.0525,0.0322,0.0432,0.0346,0.036,0.0295,0.0308,0.0269,-0.30067566,-0.007790412,0.0013760712,-0.28048778,0.7017828,-0.13580246,0.0076406784,-0.23376623,-0.6164383,0.675485,-0.043760143,0.28048778,-0.18844566,-0.0072102575,-32.61916,-29.918404,-0.04679376,2,"{""geodesic"":false,""type"":""Point"",""coordinates"":[110.43329324432712,-7.289259936806044]}"
1_1_1_2_113_0,0.0418,0.016,0.0093,0.0454,0.0486,0.0349,0.0477,0.0361,0.0288,0.0365,0.029,0.1447,-0.23343374,0.0044179396,0.0049494687,-0.14218566,0.5046439,-0.26482216,0.0088923285,-0.108669125,-0.59388644,0.47882736,0.022408979,0.14218566,-0.13301663,0.0042002127,-26.261757,-21.125069,-0.02294209,2,"{""geodesic"":false,""type"":""Point"",""coordinates"":[110.44291447284579,-7.274166010007092]}"
1_1_1_2_40_0,0.0436,0.0082,0.0053,0.0443,0.0498,0.0331,0.0431,0.0347,0.0335,0.0301,0.0268,0.0232,-0.28608468,-0.008366341,0.001412789,-0.24655822,0.7172414,-0.21481483,0.0058282395,-0.19086024,-0.700565,0.68761903,-0.04746839,0.24655822,-0.17759565,-0.007990063,-48.452976,-28.037733,-0.037082177,2,"{""geodesic"":false,""type"":""Point"",""coordinates"":[110.43808968568483,-7.29315545522377]}"
1_1_1_2_30_0,0.0439,0.0075,0.0049,0.0454,0.0458,0.0314,0.04,0.0283,0.0295,0.0238,0.0217,0.0212,-0.28029606,-0.021796485,-0.003364428,-0.31609195,0.7185741,-0.2096774,0.0064647053,-0.31213874,-0.6585366,0.71644616,-0.13768113,0.31609195,-0.2539185,-0.020533137,-48.446762,-23.902924,-0.056921996,2,"{""geodesic"":false,""type"":""Point"",""coordinates"":[110.42620888186542,-7.303633200138909]}"
1_1_1_2_43_0,0.0567,0.0157,0.0093,0.0616,0.0874,0.08,0.1041,0.0795,0.0857,0.0697,0.0661,0.0852,-0.15682821,-0.023673797,0.001095284,-0.112667054,0.6954413,-0.25599998,0.010674318,0.061690807,-0.76455694,0.5937904,-0.06880424,0.112667054,-0.19792864,-0.023780195,-30.638386,-19.414385,0.019246008,2,"{""geodesic"":false,""type"":""Point"",""coordinates"":[110.4506029659798,-7.283582664612657]}"
1_1_1_2_33_0,0.0427,0.0092,0.0058,0.0422,0.0451,0.0318,0.0383,0.0321,0.0347,0.0278,0.0277,0.0259,-0.26126122,-0.011085252,5.1816337E-6,-0.2373114,0.6611418,-0.22666669,0.006634533,-0.20571429,-0.6547619,0.6420233,-0.06711414,0.2373114,-0.15885024,-0.010721951,-33.3181,-15.004608,-0.037894737,2,"{""geodesic"":false,""type"":""Point"",""coordinates"":[110.43417892045707,-7.305361890306779]}"
1_1_1_2_122_0,0.0417,0.0179,0.0102,0.0436,0.047,0.0348,0.0469,0.0464,0.0475,0.0396,0.0461,0.1066,-0.22442973,0.013023658,0.0077950265,-0.08545033,0.44838214,-0.27402133,0.008963637,-0.04807693,-0.5903614,0.4178862,0.06451612,0.08545033,-0.08439307,0.012534817,-46.968857,-19.228422,-0.010288067,2,"{""geodesic"":false,""type"":""Point"",""coordinates"":[110.44454337918204,-7.2755248259509795]}"
1_1_1_2_51_0,0.0408,0.0097,0.0059,0.0454,0.0467,0.0357,0.0439,0.0318,0.0336,0.0273,0.024,0.0188,-0.23116003,-0.023307439,-0.0037922668,-0.26216218,0.6560284,-0.24358974,0.007715385,-0.24896838,-0.6445783,0.64791286,-0.13333334,0.26216218,-0.23314607,-0.022380108,-25.83357,-24.995245,-0.04740702,2,"{""geodesic"":false,""type"":""Point"",""coordinates"":[110.44654472850848,-7.268652735515956]}"
1_1_1_2_9_0,0.0465,0.0078,0.006,0.0488,0.0572,0.0413,0.0539,0.0352,0.0377,0.0298,0.0264,0.0209,-0.23101018,-0.031537954,-0.0055631115,-0.31494254,0.76,-0.13043477,0.008315437,-0.24173027,-0.66480446,0.7243816,-0.16174401,0.31494254,-0.2879331,-0.030204866,-39.623142,-20.833403,-0.049256824,2,"{""geodesic"":false,""type"":""Point"",""coordinates"":[110.42371134833627,-7.273056546833334]}"
1_1_1_2_99_0,0.0433,0.0104,0.0074,0.0432,0.0445,0.0301,0.0383,0.0347,0.042,0.0279,0.0256,0.0393,-0.27419356,-0.0062182024,0.0012912442,-0.22928178,0.62112933,-0.16853933,0.007983512,-0.2151899,-0.5807365,0.6119403,-0.037931036,0.22928178,-0.15709971,-0.0059139784,-23.549908,-28.174835,-0.04018561,2,"{""geodesic"":false,""type"":""Point"",""coordinates"":[110.41662558317812,-7.288515111893936]}"
1_1_1_2_121_0,0.0419,0.0114,0.0081,0.048,0.0507,0.0371,0.0439,0.0413,0.0381,0.0404,0.0301,0.0951,-0.29145363,0.009136213,0.007854567,-0.113062605,0.6328502,-0.16923076,0.0074383663,-0.085972875,-0.6659794,0.6161616,0.042580646,0.113062605,-0.041518405,0.008571428,-19.661089,-18.493284,-0.019374581,2,"{""geodesic"":false,""type"":""Point"",""coordinates"":[110.44372987139187,-7.2740765572468105]}"
1_1_1_2_142_0,0.045,0.0123,0.0064,0.0486,0.0512,0.0355,0.0435,0.0316,0.0339,0.0344,0.0324,0.0475,-0.26911315,-0.0031147355,0.0030115165,-0.19626166,0.6125984,-0.315508,0.006604651,-0.17108431,-0.6862745,0.59605914,-0.015736766,0.19626166,-0.11681642,-0.0028952449,-32.884136,-28.626635,-0.03653516,2,"{""geodesic"":false,""type"":""Point"",""coordinates"":[110.4461659709817,-7.282039531674313]}"
1_1_1_2_180_0,0.0492,0.0859,0.0413,0.0487,0.0658,0.0382,0.0802,0.1898,0.2375,0.2833,0.237,0.1347,-0.4558211,0.53410333,0.2366466,0.62303066,-0.13249832,-0.35062894,0.005568866,0.70662653,-0.745533,-0.27637443,0.7623639,-0.62303066,0.55873454,0.447535,-15.768255,-10.876654,0.42295673,2,"{""geodesic"":false,""type"":""Point"",""coordinates"":[110.43000989762535,-7.306713455021817]}"
1_1_1_2_102_0,0.0444,0.0407,0.02,0.0452,0.0516,0.0351,0.0535,0.0839,0.1176,0.0518,0.1209,0.3015,-0.12268519,0.04521334,0.015707565,0.0019342327,0.11809319,-0.34102142,0.013552124,0.068041235,-0.44289696,0.052386515,0.1921749,-0.0019342327,-0.016144335,0.042681888,-27.197712,-11.819494,0.016582914,2,"{""geodesic"":false,""type"":""Point"",""coordinates"":[110.44652433318734,-7.285296329167437]}"
1_1_1_2_96_0,0.0415,0.0093,0.006,0.0446,0.0482,0.0339,0.0446,0.03,0.0317,0.0271,0.0231,0.0239,-0.24804176,-0.018973213,-0.0024403748,-0.28021246,0.6765217,-0.21568628,0.007505535,-0.2440725,-0.63746226,0.6549165,-0.1114754,0.28021246,-0.24407251,-0.018181818,-29.470827,-26.438807,-0.045915686,2,"{""geodesic"":false,""type"":""Point"",""coordinates"":[110.44636322343503,-7.268923877404519]}"
1_1_1_2_111_0,0.0435,0.0183,0.0096,0.0464,0.0488,0.0352,0.0479,0.0375,0.0559,0.0384,0.0505,0.0933,-0.2263196,0.00887312,0.006195029,-0.119266026,0.45454544,-0.31182796,0.0088,-0.094339594,-0.6,0.4343122,0.043478288,0.119266026,-0.11008109,0.008368206,-35.24407,-14.0636835,-0.02051983,2,"{""geodesic"":false,""type"":""Point"",""coordinates"":[110.44146485005744,-7.274345134395607]}"
1_1_1_2_194_0,0.0481,0.0169,0.0111,0.0459,0.0449,0.0323,0.0425,0.0421,0.0417,0.0297,0.0358,0.0616,-0.21153846,-0.007392662,1.2919676E-4,-0.20375335,0.45307446,-0.20714284,0.012071717,-0.2142857,-0.45588237,0.46178344,-0.041935474,0.20375335,-0.17728533,-0.0069395,-20.1168,-19.981031,-0.042216815,2,"{""geodesic"":false,""type"":""Point"",""coordinates"":[110.4291954717787,-7.305988792846823]}"
1_1_1_2_120_0,0.0424,0.0174,0.0105,0.0468,0.05,0.0337,0.0459,0.0311,0.0417,0.043,0.0386,0.0636,-0.27466288,0.026000896,0.012188695,-0.075268805,0.48367953,-0.24731185,0.008229069,-0.04231623,-0.60747665,0.45794392,0.12125164,0.075268805,-0.032620907,0.024189355,-24.140125,-21.448729,-0.009664286,2,"{""geodesic"":false,""type"":""Point"",""coordinates"":[110.44372920320043,-7.274619282930563]}"
1_1_1_2_178_0,0.051,0.029,0.0213,0.0464,0.0433,0.0321,0.044,0.0468,0.0506,0.0386,0.0458,0.0631,-0.1635866,0.01839901,0.0070493855,-0.057387028,0.197787,-0.15308152,0.017713211,-0.09176468,-0.28881472,0.23076923,0.091937795,0.057387028,-0.06537528,0.017084287,-29.005445,-16.78033,-0.019999994,2,"{""geodesic"":false,""type"":""Point"",""coordinates"":[110.42865030142248,-7.307254459742334]}"
1_1_1_2_134_0,0.0588,0.0251,0.0138,0.0762,0.0956,0.1026,0.1267,0.1248,0.134,0.1144,0.1012,0.1468,-0.19761232,0.02546396,0.025534589,0.0895238,0.5840928,-0.29048845,0.012376574,0.20041972,-0.78471136,-0.5044423,0.054377872,-0.0895238,-0.051016178,0.02468619,-33.934326,-19.791094,0.08297133,2,"{""geodesic"":false,""type"":""Point"",""coordinates"":[110.45033659495816,-7.27915007128932]}"
1_1_1_2_15_0,0.0421,0.0081,0.0054,0.043,0.048,0.0342,0.0451,0.032,0.0333,0.027,0.0264,0.0205,-0.24666072,-0.019786745,-0.0025745449,-0.28,0.7112299,-0.2,0.0068400004,-0.22857143,-0.6666667,0.6829746,-0.11764707,0.28,-0.25104022,-0.019244479,-48.444355,-22.904787,-0.042105265,2,"{""geodesic"":false,""type"":""Point"",""coordinates"":[110.42750579649615,-7.281111775951546]}"
1_1_1_2_52_0,0.0387,0.0101,0.007,0.0397,0.0366,0.0282,0.0349,0.0355,0.0367,0.0331,0.0313,0.0347,-0.31053108,0.013542648,0.008107693,-0.0502152,0.56745183,-0.18128651,0.0059637465,-0.090659335,-0.6508728,0.5943775,0.07993476,0.0502152,-0.026470566,0.013094604,-21.361938,-20.152027,-0.01728352,2,"{""geodesic"":false,""type"":""Point"",""coordinates"":[110.44872100804719,-7.266846295896446]}"
1_1_1_2_2_0,0.0432,0.0086,0.0059,0.0429,0.0469,0.0336,0.0429,0.0309,0.0333,0.027,0.0257,0.0196,-0.24710082,-0.018194845,-0.0021694852,-0.26928282,0.69009006,-0.18620689,0.007342222,-0.22746779,-0.6413374,0.6660194,-0.10891086,0.26928282,-0.2274678,-0.017659646,-48.454445,-19.095812,-0.041849446,2,"{""geodesic"":false,""type"":""Point"",""coordinates"":[110.44363404755057,-7.278327796815417]}"
1_1_1_2_123_0,0.0407,0.0219,0.0117,0.0425,0.0486,0.0336,0.0468,0.0573,0.0685,0.0421,0.0647,0.1395,-0.20770879,0.022974221,0.010573482,-0.07166481,0.3787234,-0.30357143,0.009337766,-0.0047281245,-0.5650558,0.31987578,0.11228537,0.07166481,-0.052868377,0.022146957,-29.366049,-17.652441,-0.0010263411,2,"{""geodesic"":false,""type"":""Point"",""coordinates"":[110.44526685936133,-7.27652071109864]}"
1_1_1_2_19_0,0.0421,0.0077,0.0053,0.0427,0.0472,0.0325,0.0409,0.0304,0.0328,0.0268,0.0251,0.0207,-0.26709208,-0.01580611,-0.0013049308,-0.2756757,0.71949,-0.1846154,0.0064272387,-0.22877699,-0.6697819,0.6944444,-0.096121415,0.2756757,-0.2082718,-0.015286965,-48.44556,-19.050621,-0.04187884,2,"{""geodesic"":false,""type"":""Point"",""coordinates"":[110.42849734553305,-7.285002557241887]}"
1_1_1_2_137_0,0.0445,0.0569,0.0311,0.0472,0.047,0.0353,0.0581,0.1043,0.1289,0.065,0.1143,0.1804,-0.09784736,0.08046163,0.025872033,0.16071428,-0.09528393,-0.2931818,0.016889693,0.15864524,-0.35275754,-0.0931796,0.29611164,-0.16071428,0.056051973,0.07421289,-18.107126,-13.363259,0.043613188,2,"{""geodesic"":false,""type"":""Point"",""coordinates"":[110.44907111389558,-7.2768871714740415]}"
1_1_1_2_91_0,0.0447,0.0081,0.0048,0.0474,0.053,0.037,0.0482,0.0333,0.0347,0.028,0.0256,0.0189,-0.2514523,-0.025153717,-0.0038783264,-0.30864197,0.7348609,-0.25581396,0.006342857,-0.25729442,-0.70731705,0.7081081,-0.13846153,0.30864197,-0.26509184,-0.023893803,-44.366123,-34.762848,-0.050573517,2,"{""geodesic"":false,""type"":""Point"",""coordinates"":[110.43829395204806,-7.274612577998573]}"
1_1_1_2_71_0,0.0434,0.0138,0.0079,0.046,0.0485,0.0327,0.0426,0.0329,0.0377,0.0324,0.0302,0.0692,-0.25540435,-8.4879366E-4,0.00304947,-0.19901113,0.55698234,-0.27188942,0.007973148,-0.17346938,-0.6079405,0.53846157,-0.0046082586,0.19901113,-0.13599999,-7.9631293E-4,-30.752,-25.029064,-0.035269707,2,"{""geodesic"":false,""type"":""Point"",""coordinates"":[110.42476390070675,-7.300103654149827]}"
1_1_1_2_191_0,0.0544,0.0155,0.0091,0.0473,0.0408,0.0307,0.0356,0.0319,0.0328,0.0241,0.0248,0.056,-0.21428572,-0.019331029,-0.003906248,-0.25731897,0.44937834,-0.26016256,0.011592116,-0.32492998,-0.4518072,0.5063694,-0.12043796,0.25731897,-0.19262981,-0.017844267,-35.868916,-19.683563,-0.060903043,2,"{""geodesic"":false,""type"":""Point"",""coordinates"":[110.426930631288,-7.30598592215674]}"
1_1_1_2_192_0,0.0449,0.0103,0.0067,0.0451,0.0422,0.0307,0.0369,0.0328,0.0315,0.0276,0.0225,0.032,-0.27880386,-0.008871846,5.1529834E-4,-0.20916905,0.60761905,-0.21176472,0.007452536,-0.24071527,-0.60932946,0.6281588,-0.053173248,0.20916905,-0.14418605,-0.008328856,-48.447926,-20.948313,-0.045835517,2,"{""geodesic"":false,""type"":""Point"",""coordinates"":[110.4276564158686,-7.305172756874447]}"
1_1_1_2_140_0,0.0447,0.0213,0.0098,0.0473,0.0532,0.0366,0.0509,0.064,0.0674,0.0574,0.0637,0.0921,-0.28782287,0.056383837,0.023511473,0.037974685,0.42818794,-0.3697749,0.006248781,0.096466094,-0.7083333,0.37900877,0.22127658,-0.037974685,0.06001846,0.05252525,-23.204166,-15.2420225,0.025053745,2,"{""geodesic"":false,""type"":""Point"",""coordinates"":[110.44734628707914,-7.279870067505686]}"
1_1_1_2_16_0,0.044,0.0093,0.0054,0.0442,0.0469,0.0346,0.0454,0.0325,0.0347,0.0276,0.0264,0.0196,-0.24114087,-0.019364836,-0.0025163218,-0.2590604,0.66903913,-0.26530612,0.006769566,-0.23119777,-0.6727273,0.6523364,-0.11254021,0.2590604,-0.24383563,-0.018676631,-28.845287,-20.052773,-0.043546695,2,"{""geodesic"":false,""type"":""Point"",""coordinates"":[110.42850467591737,-7.279213500503102]}"
1_1_1_2_145_0,0.0448,0.014,0.0077,0.0472,0.0554,0.0362,0.0471,0.0492,0.0479,0.0432,0.0377,0.0958,-0.2859175,0.019307148,0.010934295,-0.12373223,0.59654176,-0.2903226,0.006452315,-0.044247795,-0.697446,0.5424837,0.0881612,0.12373223,-0.043189354,0.018122194,-23.293608,-19.20761,-0.010162603,2,"{""geodesic"":false,""type"":""Point"",""coordinates"":[110.44607293924076,-7.284029415040815]}"
1_1_1_2_150_0,0.0451,0.0428,0.0222,0.0534,0.0634,0.0522,0.0738,0.081,0.0927,0.0912,0.0951,0.2692,-0.20701167,0.09712123,0.040665872,0.1798189,0.19397362,-0.3169231,0.012706579,0.2614108,-0.6084656,0.110187076,0.27196652,-0.1798189,0.10545456,0.09092322,-19.11387,-18.928493,0.08796153,2,"{""geodesic"":false,""type"":""Point"",""coordinates"":[110.45195675317476,-7.287745212695715]}"
1_1_1_2_4_0,0.0446,0.0081,0.0056,0.0456,0.0499,0.0342,0.0465,0.033,0.0359,0.0292,0.0281,0.0219,-0.27754056,-0.0140071735,-3.745449E-4,-0.26169404,0.72068965,-0.18248178,0.006558904,-0.21925133,-0.6781609,0.698324,-0.078864366,0.26169404,-0.22853367,-0.013312036,-48.448032,-21.638777,-0.042797495,2,"{""geodesic"":false,""type"":""Point"",""coordinates"":[110.4338508592422,-7.278044310471388]}"
1_1_1_2_0_0,0.0471,0.009,0.006,0.0508,0.0556,0.0391,0.051,0.0345,0.0364,0.0293,0.0264,0.0217,-0.24961,-0.027749456,-0.0044656605,-0.3097762,0.72136223,-0.19999997,0.008006826,-0.26841447,-0.66005665,0.69899666,-0.14327483,0.3097762,-0.2702366,-0.025862064,-29.31456,-19.04611,-0.05559386,2,"{""geodesic"":false,""type"":""Point"",""coordinates"":[110.43177723014497,-7.270172195036247]}"
1_1_1_2_129_0,0.0436,0.0192,0.01,0.0444,0.0442,0.0308,0.0398,0.0445,0.0463,0.0356,0.0425,0.0767,-0.23076922,0.013522648,0.006855757,-0.10776943,0.39432174,-0.3150685,0.008651685,-0.11,-0.5614035,0.39622638,0.07228915,0.10776943,-0.05570293,0.012711862,-21.423616,-23.978022,-0.02275862,2,"{""geodesic"":false,""type"":""Point"",""coordinates"":[110.44889291720634,-7.274444683518615]}"
1_1_1_2_101_0,0.0452,0.0269,0.0137,0.0446,0.0542,0.0332,0.0503,0.0687,0.0823,0.0597,0.0755,0.2772,-0.26885644,0.07166811,0.02761649,0.04828797,0.33662146,-0.32512316,0.00761876,0.1447747,-0.626703,0.24755242,0.285253,-0.04828797,0.08545455,0.06704335,-16.222507,-10.381112,0.03748139,2,"{""geodesic"":false,""type"":""Point"",""coordinates"":[110.44661569959378,-7.284663259988104]}"
1_1_1_2_80_0,0.0453,0.0084,0.0058,0.0468,0.0496,0.0331,0.0436,0.0315,0.0321,0.0264,0.0256,0.0217,-0.27637312,-0.019164763,-0.0023226545,-0.30526316,0.71034485,-0.18309858,0.00727197,-0.27868852,-0.63975155,0.6956522,-0.112605065,0.30526316,-0.24571429,-0.01796247,-30.863972,-25.15065,-0.053384505,2,"{""geodesic"":false,""type"":""Point"",""coordinates"":[110.4418181438469,-7.281672374029504]}"
1_1_1_2_98_0,0.042,0.0113,0.0059,0.0436,0.0433,0.0314,0.0394,0.033,0.0345,0.0287,0.0306,0.0419,-0.2573913,-0.007583415,8.621331E-4,-0.20277777,0.58608055,-0.3139535,0.006455052,-0.20608577,-0.6589595,0.5883424,-0.044925112,0.20277777,-0.15712188,-0.0072308495,-27.058748,-23.897081,-0.039052945,2,"{""geodesic"":false,""type"":""Point"",""coordinates"":[110.41907349241549,-7.2869805448527325]}"
1_1_1_2_12_0,0.0436,0.0129,0.0074,0.0433,0.0452,0.0328,0.0436,0.0403,0.0401,0.034,0.0344,0.0901,-0.25691056,0.0033110802,0.0047266902,-0.14141414,0.55593807,-0.27093598,0.007138823,-0.12031044,-0.6425121,0.54092526,0.017964097,0.14141414,-0.12371131,0.0031757278,-36.68724,-18.773098,-0.024164205,2,"{""geodesic"":false,""type"":""Point"",""coordinates"":[110.42125727318097,-7.279475658574969]}"
1_1_1_2_112_0,0.0427,0.0153,0.0079,0.0464,0.0492,0.0366,0.0462,0.0391,0.0486,0.0348,0.0382,0.1024,-0.22013523,-0.004964697,0.0019747966,-0.17142855,0.52558136,-0.31896555,0.00830862,-0.14285713,-0.6299766,0.50405186,-0.025210094,0.17142855,-0.14074074,-0.004725238,-35.703102,-20.067423,-0.029938057,2,"{""geodesic"":false,""type"":""Point"",""coordinates"":[110.44246019607326,-7.275250904087824]}"
1_1_1_2_83_0,0.0443,0.0117,0.006,0.0452,0.0495,0.0362,0.0448,0.0379,0.043,0.032,0.0266,0.0495,-0.23421264,-0.011535927,1.4190291E-4,-0.2147239,0.61764705,-0.32203388,0.0067875,-0.17098445,-0.68421054,0.5887522,-0.06158358,0.2147239,-0.16666664,-0.011087646,-33.418865,-21.058619,-0.034303535,2,"{""geodesic"":false,""type"":""Point"",""coordinates"":[110.44643840387596,-7.281497138328716]}"
1_1_1_2_73_0,0.0427,0.0086,0.0058,0.0426,0.0436,0.0312,0.0376,0.0305,0.0333,0.0262,0.0245,0.0235,-0.26703498,-0.013983664,-9.948153E-4,-0.24928367,0.6704981,-0.19444446,0.00690687,-0.23837207,-0.6375,0.6640625,-0.08710799,0.24928367,-0.17868339,-0.013455326,-35.298492,-26.19647,-0.04324894,2,"{""geodesic"":false,""type"":""Point"",""coordinates"":[110.43943909741888,-7.300755288868102]}"
1_1_1_2_90_0,0.044,0.007,0.0055,0.0438,0.0508,0.034,0.0457,0.031,0.0351,0.0278,0.0237,0.0213,-0.2717584,-0.017159311,-0.001415048,-0.29262087,0.75778544,-0.12000002,0.0067266193,-0.2234637,-0.6696697,0.72440946,-0.10032366,0.29262087,-0.24353743,-0.01655394,-39.063126,-20.105282,-0.041987404,2,"{""geodesic"":false,""type"":""Point"",""coordinates"":[110.43947057930656,-7.275428124173566]}"
1_1_1_2_77_0,0.0428,0.009,0.0056,0.045,0.0493,0.0337,0.0423,0.031,0.0344,0.0259,0.023,0.0322,-0.24823946,-0.02189535,-0.0034226526,-0.3111702,0.6912522,-0.2328767,0.007286486,-0.2693935,-0.64444447,0.6666667,-0.13087247,0.3111702,-0.2404692,-0.020907791,-48.4542,-26.439928,-0.050183922,2,"{""geodesic"":false,""type"":""Point"",""coordinates"":[110.44044775241997,-7.29098747732616]}"
1_1_1_2_197_0,0.0498,0.0307,0.024,0.0457,0.0442,0.0342,0.0466,0.0545,0.0581,0.045,0.0565,0.0729,-0.16580977,0.029753705,0.011420272,0.008968636,0.18024032,-0.122486286,0.018240001,-0.007717717,-0.30434784,0.19633506,0.13636364,-0.008968636,-0.017467229,0.027969614,-25.986135,-17.45452,-0.0017775443,2,"{""geodesic"":false,""type"":""Point"",""coordinates"":[110.42928388473162,-7.3077075320162095]}"
1_1_1_2_149_0,0.0484,0.0257,0.0129,0.0639,0.0804,0.0783,0.0934,0.0699,0.0785,0.0757,0.0772,0.2069,-0.14614123,-0.00609613,0.0067218,-0.03010889,0.5155514,-0.33160618,0.013343065,0.08452721,-0.7088036,0.4263393,-0.016883112,0.03010889,-0.10467179,-0.0059633013,-22.016436,-17.253922,0.027673542,2,"{""geodesic"":false,""type"":""Point"",""coordinates"":[110.45105217116999,-7.2866586621147516]}"
1_1_1_2_165_0,0.0419,0.0548,0.0264,0.0424,0.046,0.032,0.0576,0.1178,0.1388,0.1159,0.1438,0.2369,-0.29171765,0.21189009,0.079859376,0.431748,-0.08730159,-0.3497537,0.007289042,0.4643083,-0.6289529,-0.12757203,0.56727517,-0.431748,0.33602306,0.19424294,-20.797043,-13.845647,0.16747685,2,"{""geodesic"":false,""type"":""Point"",""coordinates"":[110.45148926761053,-7.299684634236697]}"
1_1_1_2_82_0,0.045,0.0085,0.0059,0.0454,0.0506,0.0345,0.0456,0.0343,0.036,0.03,0.0292,0.0234,-0.27364865,-0.012548801,1.077336E-4,-0.25558314,0.7123519,-0.18055557,0.006785,-0.20424405,-0.6713092,0.6846011,-0.06976744,0.25558314,-0.20634922,-0.011957484,-48.4479,-38.030838,-0.04014599,2,"{""geodesic"":false,""type"":""Point"",""coordinates"":[110.43312320183738,-7.2803952105219345]}"
1_1_1_2_79_0,0.0445,0.0081,0.0059,0.044,0.0525,0.0354,0.0455,0.0331,0.0356,0.0304,0.0281,0.0236,-0.2620865,-0.013694125,-1.6187876E-4,-0.2665862,0.7326732,-0.15714285,0.0068703946,-0.18279569,-0.6749311,0.6890595,-0.07598782,0.2665862,-0.19894597,-0.0132555645,-47.2417,-37.051495,-0.03551532,2,"{""geodesic"":false,""type"":""Point"",""coordinates"":[110.43711079127964,-7.279043370906896]}"
1_1_1_2_18_0,0.0436,0.0088,0.0052,0.0448,0.0496,0.0329,0.0441,0.0331,0.0345,0.0268,0.027,0.0224,-0.2639011,-0.017169563,-0.0018289877,-0.29842934,0.69863015,-0.25714284,0.0063835825,-0.25139666,-0.675,0.67164177,-0.1021776,0.29842934,-0.24400565,-0.01634805,-39.673267,-18.547232,-0.047235828,2,"{""geodesic"":false,""type"":""Point"",""coordinates"":[110.43040543170864,-7.280482253955893]}"
1_1_1_2_116_0,0.0456,0.0223,0.0104,0.0423,0.0476,0.0346,0.0522,0.0547,0.0612,0.0527,0.0562,0.0689,-0.25082293,0.04798261,0.020279814,0.050847463,0.36194566,-0.36391437,0.0068280837,0.10947369,-0.6703645,0.30959755,0.20733105,-0.050847463,0.004766461,0.046228506,-20.146154,-16.437395,0.026218489,2,"{""geodesic"":false,""type"":""Point"",""coordinates"":[110.44327927431424,-7.272176461185189]}"
1_1_1_2_147_0,0.046,0.0794,0.0371,0.0488,0.0545,0.042,0.0731,0.1456,0.181,0.1098,0.1849,0.2927,-0.13285714,0.1702149,0.061171956,0.33657944,-0.1859597,-0.36309016,0.014191256,0.3846154,-0.4948945,-0.23868957,0.44664034,-0.33657944,0.20065612,0.15602946,-18.66943,-9.374563,0.13893108,2,"{""geodesic"":false,""type"":""Point"",""coordinates"":[110.44933581737126,-7.28267657999381]}"
1_1_1_2_23_0,0.0428,0.0089,0.0049,0.0435,0.043,0.0303,0.0403,0.0323,0.035,0.0291,0.0281,0.0253,-0.29874775,-0.003391171,0.0025925196,-0.1927878,0.6570328,-0.28985506,0.0051020617,-0.19834708,-0.7117647,0.6603053,-0.020202016,0.1927878,-0.16138327,-0.0032177328,-33.483192,-19.807667,-0.037722662,2,"{""geodesic"":false,""type"":""Point"",""coordinates"":[110.41716315827819,-7.293128956201702]}"
1_1_1_2_78_0,0.0434,0.0076,0.0048,0.0466,0.05,0.034,0.0418,0.0301,0.0334,0.0279,0.0251,0.0202,-0.28337637,-0.017282419,-0.0014213806,-0.28369707,0.7361111,-0.22580643,0.005849463,-0.25100672,-0.706422,0.71955717,-0.09854608,0.28369707,-0.19942613,-0.016284043,-47.44312,-26.751024,-0.048825067,2,"{""geodesic"":false,""type"":""Point"",""coordinates"":[110.43818501195864,-7.289356494489538]}"
1_1_1_2_68_0,0.0476,0.0091,0.0065,0.0478,0.0581,0.038,0.0495,0.0334,0.0353,0.0292,0.0257,0.0238,-0.24093474,-0.024479799,-0.003678325,-0.33104238,0.7291667,-0.16666667,0.008458904,-0.24155843,-0.63585436,0.6801406,-0.13095236,0.33104238,-0.25794154,-0.023272209,-47.45174,-23.665499,-0.048353553,2,"{""geodesic"":false,""type"":""Point"",""coordinates"":[110.4351239567028,-7.2741563659514235]}"
1_1_1_2_106_0,0.0428,0.0594,0.0261,0.0404,0.0482,0.0306,0.059,0.1115,0.1324,0.0991,0.1221,0.294,-0.21568628,0.17479841,0.06339605,0.3455533,-0.104089215,-0.38947368,0.008059132,0.42078856,-0.5830671,-0.19038078,0.52814186,-0.3455533,0.25363696,0.16317295,-17.855417,-14.1712475,0.1376857,2,"{""geodesic"":false,""type"":""Point"",""coordinates"":[110.44860258941121,-7.2896406795172775]}"
1_1_1_2_158_0,0.0451,0.0339,0.0215,0.0399,0.0408,0.0296,0.0488,0.0642,0.08,0.0715,0.0892,0.1864,-0.2738708,0.11028058,0.041137956,0.2733749,0.0923695,-0.2238267,0.008900699,0.2836625,-0.53763443,0.081300825,0.41444117,-0.2733749,0.18869495,0.10455832,-22.342337,-10.433657,0.077526994,2,"{""geodesic"":false,""type"":""Point"",""coordinates"":[110.4489567673573,-7.296334738413487]}"
1_1_1_2_70_0,0.0426,0.0092,0.0087,0.0434,0.0474,0.0314,0.0422,0.037,0.0383,0.026,0.0354,0.0466,-0.2618182,-0.015187305,-0.0014657029,-0.29155314,0.6749117,-0.027932964,0.010506922,-0.25072047,-0.4985591,0.6501901,-0.094076626,0.29155314,-0.23753665,-0.01453175,-30.61204,-36.347107,-0.045837723,2,"{""geodesic"":false,""type"":""Point"",""coordinates"":[110.4277533351602,-7.300197906300021]}"
1_1_1_2_31_0,0.0451,0.0085,0.0046,0.0462,0.0444,0.0312,0.0382,0.03,0.0314,0.0258,0.026,0.022,-0.28916743,-0.015579915,-0.0013770926,-0.26495725,0.67863894,-0.29770994,0.0055627907,-0.2833333,-0.69736844,0.6892139,-0.094736814,0.26495725,-0.19374998,-0.014542186,-26.864521,-21.45152,-0.053496502,2,"{""geodesic"":false,""type"":""Point"",""coordinates"":[110.4293783800061,-7.30463221301926]}"
1_1_1_2_184_0,0.048,0.0269,0.017,0.0488,0.0516,0.0349,0.068,0.1194,0.1299,0.1256,0.1196,0.1843,-0.47671464,0.23400412,0.092117764,0.4176072,0.31464967,-0.22551252,0.0047237263,0.44036695,-0.7615708,0.28929985,0.565109,-0.4176072,0.29752064,0.20598032,-24.377386,-16.50708,0.1708185,2,"{""geodesic"":false,""type"":""Point"",""coordinates"":[110.42801487880075,-7.30824864910615]}"
1_1_1_2_41_0,0.0451,0.008,0.0062,0.0456,0.051,0.0342,0.0428,0.0322,0.034,0.0266,0.0255,0.0231,-0.26223776,-0.021353118,-0.0029568241,-0.31443298,0.7288135,-0.12676057,0.007971429,-0.2631579,-0.6219512,0.70149255,-0.12500003,0.31443298,-0.2334294,-0.020328108,-48.454014,-25.900557,-0.049807765,2,"{""geodesic"":false,""type"":""Point"",""coordinates"":[110.44108704560419,-7.286827369307474]}"
1_1_1_2_146_0,0.0447,0.055,0.0262,0.0456,0.056,0.0362,0.0658,0.1288,0.1403,0.1501,0.1549,0.1217,-0.36423838,0.27772358,0.11056825,0.45657444,0.009009027,-0.3546798,0.0063187215,0.53398055,-0.70277935,-0.093439355,0.61137944,-0.45657444,0.39045852,0.2489436,-26.851698,-24.477556,0.22531262,2,"{""geodesic"":false,""type"":""Point"",""coordinates"":[110.44516793422025,-7.283304671213637]}"
1_1_1_2_162_0,0.043,0.0509,0.0254,0.0439,0.038,0.03,0.0568,0.1023,0.1219,0.061,0.14,0.2415,-0.12917116,0.08500138,0.027296092,0.23232326,-0.14510688,-0.3342071,0.012491803,0.16301239,-0.41203704,-0.07383965,0.34065935,-0.23232326,0.035653654,0.07868021,-19.705713,-13.503115,0.0424037,2,"{""geodesic"":false,""type"":""Point"",""coordinates"":[110.44822948257519,-7.298414301864425]}"
1_1_1_2_29_0,0.0418,0.0083,0.0046,0.043,0.0442,0.0314,0.0367,0.0285,0.0304,0.0244,0.0231,0.02,-0.2586368,-0.019656295,-0.0029062054,-0.28862974,0.6838095,-0.2868217,0.005919672,-0.2759644,-0.6827586,0.6764133,-0.12544802,0.28862974,-0.20130934,-0.018891687,-30.906683,-27.832745,-0.049171664,2,"{""geodesic"":false,""type"":""Point"",""coordinates"":[110.42520912196701,-7.30616464055755]}"
1_1_1_2_196_0,0.0476,0.0537,0.0262,0.0454,0.0448,0.0326,0.0574,0.1188,0.1272,0.0556,0.1422,0.2104,-0.07848371,0.06313824,0.019260645,0.107569724,-0.09035535,-0.34418023,0.015361872,0.10099007,-0.35941318,-0.08375377,0.26077095,-0.107569724,-0.015929215,0.058653515,-28.671894,-14.981192,0.025457565,2,"{""geodesic"":false,""type"":""Point"",""coordinates"":[110.43118612993648,-7.307890842703918]}"
1_1_1_2_45_0,0.0566,0.0147,0.0095,0.066,0.0881,0.0838,0.1014,0.0744,0.0753,0.066,0.0559,0.0678,-0.14533621,-0.041441616,-0.0055540646,-0.14341338,0.7140078,-0.21487606,0.012062121,0.0,-0.74834436,0.6356877,-0.11882512,0.14341338,-0.21146953,-0.041089572,-28.187428,-21.14401,0.0,2,"{""geodesic"":false,""type"":""Point"",""coordinates"":[110.45123577213485,-7.28466888621142]}"
1_1_1_2_103_0,0.0431,0.0089,0.0071,0.0456,0.0505,0.0346,0.0432,0.0341,0.0384,0.0305,0.0285,0.0363,-0.27257526,-0.011438457,4.545672E-4,-0.2469136,0.7003367,-0.11249998,0.008054426,-0.19842313,-0.62234044,0.6733945,-0.06298003,0.2469136,-0.17232022,-0.0108830305,-41.36093,-14.234497,-0.03931609,2,"{""geodesic"":false,""type"":""Point"",""coordinates"":[110.44498185911579,-7.287284436356727]}"
1_1_1_2_32_0,0.0404,0.0095,0.0068,0.0406,0.0435,0.0298,0.0366,0.0309,0.0341,0.0277,0.0284,0.029,-0.26951674,-0.0058203996,0.0014975765,-0.2219101,0.6415094,-0.16564415,0.0073155235,-0.18887265,-0.6057971,0.62075853,-0.036521744,0.2219101,-0.1384137,-0.0056502246,-32.35021,-23.700989,-0.034048922,2,"{""geodesic"":false,""type"":""Point"",""coordinates"":[110.43753156281052,-7.304823356322253]}"
1_1_1_2_185_0,0.0436,0.0092,0.0067,0.0429,0.0416,0.0302,0.0371,0.0321,0.0316,0.0255,0.0254,0.0264,-0.26901668,-0.01327759,-9.783702E-4,-0.2399404,0.63779527,-0.15723273,0.007934902,-0.25438598,-0.5838509,0.646833,-0.084380634,0.2399404,-0.18530352,-0.012686705,-27.906925,-20.127518,-0.045918368,2,"{""geodesic"":false,""type"":""Point"",""coordinates"":[110.42584212265736,-7.307069986649839]}"
1_1_1_2_128_0,0.0467,0.0168,0.0085,0.0442,0.043,0.0335,0.0433,0.0475,0.0451,0.0418,0.0363,0.1716,-0.2619222,0.022769667,0.011259582,-0.014150963,0.43812713,-0.3280632,0.0068122013,-0.027906973,-0.66202784,0.44918033,0.11022575,0.014150963,-0.017626325,0.02164088,-30.537401,-16.59059,-0.0061433436,2,"{""geodesic"":false,""type"":""Point"",""coordinates"":[110.44925482658992,-7.27480694151415]}"
1_1_1_2_136_0,0.0441,0.0305,0.0162,0.047,0.0476,0.0334,0.0439,0.0624,0.0723,0.0434,0.0672,0.179,-0.17174336,0.028048921,0.010513941,-0.046153847,0.21895006,-0.30620983,0.012467281,-0.039822984,-0.45637584,0.2129032,0.13020836,0.046153847,-0.005727368,0.026005551,-19.076637,-10.206353,-0.009146336,2,"{""geodesic"":false,""type"":""Point"",""coordinates"":[110.44888916506848,-7.27752013153344]}"
1_1_1_2_130_0,0.0429,0.0185,0.0112,0.0434,0.0431,0.0316,0.0414,0.0418,0.0452,0.0404,0.043,0.0868,-0.25168037,0.02432283,0.011121589,-0.03233534,0.39935064,-0.24579127,0.008760395,-0.03579955,-0.56589144,0.4022617,0.12222223,0.03233534,-0.012224958,0.023076924,-30.503529,-24.081736,-0.0077081253,2,"{""geodesic"":false,""type"":""Point"",""coordinates"":[110.44834872891676,-7.274986748268968]}"
1_1_1_2_148_0,0.0496,0.0605,0.03,0.0626,0.0786,0.0694,0.0926,0.129,0.1561,0.088,0.1619,0.2489,-0.07379681,0.044931885,0.020177264,0.056422587,0.1301222,-0.33701658,0.02365909,0.16865869,-0.49152544,0.017059317,0.118170284,-0.056422587,-0.025470655,0.04243992,-20.50769,-16.977457,0.05856132,2,"{""geodesic"":false,""type"":""Point"",""coordinates"":[110.45060087324958,-7.285301297182298]}"
1_1_1_2_181_0,0.0493,0.0851,0.045,0.0538,0.0658,0.0406,0.0858,0.179,0.1997,0.2745,0.2157,0.1147,-0.4462555,0.5246277,0.22601369,0.6132824,-0.12789926,-0.30822444,0.0066557378,0.672251,-0.7183099,-0.22534198,0.742304,-0.6132824,0.5237302,0.43043798,-11.416929,-6.291898,0.39967406,2,"{""geodesic"":false,""type"":""Point"",""coordinates"":[110.42955704337524,-7.306622428623991]}"
1_1_1_2_163_0,0.0425,0.0415,0.0205,0.04,0.0402,0.0301,0.0505,0.0882,0.1053,0.0695,0.1005,0.2297,-0.20927665,0.103673294,0.037379686,0.26709208,-0.01591187,-0.33870965,0.008878417,0.2694064,-0.54444444,-0.018404901,0.39558235,-0.26709208,0.15833333,0.09856571,-29.229502,-12.160112,0.07260049,2,"{""geodesic"":false,""type"":""Point"",""coordinates"":[110.44868233389973,-7.298505309221605]}"
1_1_1_2_127_0,0.0443,0.0213,0.0119,0.0467,0.0473,0.034,0.0436,0.0515,0.0525,0.0439,0.0493,0.1445,-0.24194655,0.027571993,0.012150701,-0.03728068,0.37900877,-0.2831325,0.009216401,-0.030905064,-0.57347673,0.37352943,0.127086,0.03728068,0.0034285919,0.025696486,-18.032513,-18.194298,-0.0071114097,2,"{""geodesic"":false,""type"":""Point"",""coordinates"":[110.448709644725,-7.2761630958540335]}"
1_1_1_2_64_0,0.0481,0.0086,0.0065,0.0495,0.0548,0.0403,0.0524,0.0351,0.0382,0.031,0.0315,0.0399,-0.244204,-0.025788922,-0.0036821102,-0.2773893,0.7287066,-0.13907285,0.008450001,-0.22981367,-0.6533333,0.7039587,-0.1304348,0.2773893,-0.25659472,-0.024417996,-34.82066,-26.95464,-0.047803618,2,"{""geodesic"":false,""type"":""Point"",""coordinates"":[110.42960167117396,-7.271345368168186]}"
1_1_1_2_183_0,0.0497,0.0378,0.0338,0.0462,0.0464,0.0351,0.0489,0.0504,0.0538,0.036,0.0517,0.0585,-0.059961297,0.0024997129,4.2150167E-4,-0.12621361,0.102137774,-0.055865932,0.032955002,-0.12408761,-0.031518627,0.10000001,0.01265818,0.12621361,-0.15194349,0.0023638504,-34.525433,-16.181978,-0.026279632,2,"{""geodesic"":false,""type"":""Point"",""coordinates"":[110.42701972697878,-7.307161937777136]}"
1_1_1_2_104_0,0.0414,0.0095,0.0063,0.0425,0.0443,0.0324,0.0397,0.034,0.0333,0.0274,0.0253,0.0433,-0.2504472,-0.013841982,-9.416506E-4,-0.23570433,0.64684016,-0.20253164,0.0074496353,-0.2160229,-0.62611276,0.6346154,-0.083612055,0.23570433,-0.1833085,-0.013397644,-19.925615,-14.415267,-0.039743815,2,"{""geodesic"":false,""type"":""Point"",""coordinates"":[110.44543069351083,-7.290631799065405]}"
1_1_1_2_85_0,0.0543,0.021,0.0124,0.0742,0.096,0.0936,0.1256,0.111,0.1196,0.1037,0.0921,0.1779,-0.21641025,0.022772366,0.02296621,0.03855782,0.64102566,-0.257485,0.011192285,0.1658235,-0.786391,0.5588235,0.05119108,-0.03855782,-0.09550808,0.021726659,-29.963118,-18.933832,0.06527512,2,"{""geodesic"":false,""type"":""Point"",""coordinates"":[110.45024677729108,-7.278516780788462]}"
1_1_1_2_47_0,0.0462,0.0137,0.0081,0.0463,0.0518,0.0386,0.0491,0.0473,0.0507,0.0433,0.044,0.0835,-0.26286116,0.012666409,0.009112789,-0.08937962,0.5816794,-0.25688073,0.007220786,-0.033482168,-0.6848249,0.54333335,0.057387028,0.08937962,-0.062770575,0.012115478,-43.951645,-26.795408,-0.007632299,2,"{""geodesic"":false,""type"":""Point"",""coordinates"":[110.45068650538984,-7.289371852265339]}"
1_1_1_2_66_0,0.0464,0.0078,0.0061,0.0495,0.0568,0.0393,0.0499,0.0328,0.035,0.028,0.0251,0.0206,-0.24398077,-0.031650882,-0.0057175513,-0.33962262,0.7585139,-0.12230215,0.008561785,-0.27741933,-0.6422288,0.7277487,-0.16790487,0.33962262,-0.28112963,-0.029878365,-26.726395,-24.528854,-0.055844154,2,"{""geodesic"":false,""type"":""Point"",""coordinates"":[110.4342234053435,-7.269903891189298]}"
1_1_1_2_190_0,0.0448,0.0102,0.0055,0.0426,0.0433,0.0318,0.0362,0.0306,0.0331,0.0258,0.0251,0.033,-0.23913041,-0.016720546,-0.0021720375,-0.2532561,0.61869156,-0.29936308,0.00677907,-0.245614,-0.6485623,0.6136363,-0.10416668,0.2532561,-0.16774192,-0.016140604,-39.568413,-18.605398,-0.04433497,2,"{""geodesic"":false,""type"":""Point"",""coordinates"":[110.42656733440352,-7.306709092864024]}"
1_1_1_2_138_0,0.0466,0.0271,0.0138,0.0548,0.0697,0.0504,0.0869,0.0916,0.0964,0.0683,0.069,0.2585,-0.22731805,0.046629157,0.02202924,-0.010144937,0.44008264,-0.3251834,0.010183308,0.10966694,-0.6638246,0.33821732,0.15080035,0.010144937,-0.11984535,0.04339745,-26.388412,-19.85585,0.0324988,2,"{""geodesic"":false,""type"":""Point"",""coordinates"":[110.45024303225325,-7.281592228954351]}"
1_1_1_2_156_0,0.044,0.022,0.0151,0.0392,0.0392,0.0284,0.0434,0.051,0.0561,0.0475,0.0561,0.2156,-0.26477024,0.05168308,0.02023421,0.0957324,0.28104576,-0.1859838,0.009028211,0.0957324,-0.51757187,0.28104576,0.2516469,-0.0957324,0.045104504,0.04974822,-26.052256,-16.06164,0.021220382,2,"{""geodesic"":false,""type"":""Point"",""coordinates"":[110.44986368166536,-7.295521753783201]}"
1_1_1_2_28_0,0.043,0.0084,0.0067,0.0429,0.045,0.0318,0.0388,0.0291,0.0318,0.0257,0.024,0.0205,-0.2610294,-0.017043874,-0.001953042,-0.27298447,0.6853933,-0.11258278,0.008290273,-0.25072888,-0.58641976,0.6725146,-0.106087,0.27298447,-0.20310079,-0.016412564,-26.70626,-19.279835,-0.045374606,2,"{""geodesic"":false,""type"":""Point"",""coordinates"":[110.4239464858003,-7.301730784388691]}"
1_1_1_2_186_0,0.0473,0.0423,0.0321,0.0457,0.0469,0.0372,0.0508,0.0509,0.057,0.0488,0.0536,0.0689,-0.086206876,0.03120796,0.010696175,0.019853696,0.051569503,-0.13709679,0.024469672,0.032804236,-0.2064277,0.03863634,0.13488372,-0.019853696,-0.020080332,0.02969283,-20.083652,-19.179327,0.0078217,2,"{""geodesic"":false,""type"":""Point"",""coordinates"":[110.42638464720262,-7.307884762954958]}"
1_1_1_2_131_0,0.0456,0.0232,0.0147,0.0471,0.0483,0.036,0.0466,0.0593,0.0514,0.0401,0.0522,0.1318,-0.19125685,0.011352944,0.0063684247,-0.09276019,0.35104898,-0.2242744,0.013197007,-0.08027522,-0.46350366,0.33997154,0.053876508,0.09276019,-0.074971154,0.010675237,-28.512804,-19.322067,-0.01788147,2,"{""geodesic"":false,""type"":""Point"",""coordinates"":[110.44934464250466,-7.2754402321550975]}"
1_1_1_2_38_0,0.044,0.0224,0.0139,0.0414,0.0422,0.0283,0.0398,0.0448,0.0522,0.0399,0.0505,0.0979,-0.2318182,0.032250892,0.012645602,-0.028014591,0.30650157,-0.23415977,0.009858897,-0.018450176,-0.4832714,0.29780567,0.17008798,0.028014591,0.0012547194,0.030623022,-31.495497,-16.814625,-0.003870633,2,"{""geodesic"":false,""type"":""Point"",""coordinates"":[110.4433334681844,-7.301664649674311]}"
1_1_1_2_7_0,0.0437,0.0073,0.0072,0.0467,0.0478,0.0329,0.0443,0.0314,0.0327,0.0262,0.0236,0.0203,-0.28912464,-0.019179028,-0.002163156,-0.2918919,0.7350272,-0.006896572,0.009041222,-0.28120714,-0.56886226,0.72962964,-0.1133672,0.2918919,-0.2567376,-0.017975321,-26.70446,-20.024023,-0.05367429,2,"{""geodesic"":false,""type"":""Point"",""coordinates"":[110.42162588096042,-7.274591609736205]}"
1_1_1_2_198_0,0.0474,0.0141,0.0093,0.0481,0.0544,0.0379,0.0503,0.0329,0.0396,0.029,0.0308,0.0354,-0.1944229,-0.024842298,-0.004682153,-0.30455637,0.58832115,-0.20512821,0.012154139,-0.24773023,-0.5143603,0.54662377,-0.13303441,0.30455637,-0.26860026,-0.023549132,-31.270117,-17.330153,-0.049644772,2,"{""geodesic"":false,""type"":""Point"",""coordinates"":[110.4323162045832,-7.273791040353412]}"
1_1_1_2_88_0,0.0426,0.0123,0.0077,0.0429,0.0418,0.0317,0.0394,0.0367,0.0446,0.037,0.0375,0.0744,-0.2897498,0.014633608,0.008738078,-0.060913697,0.54528654,-0.22999999,0.0065970267,-0.073842295,-0.655481,0.5543478,0.07714702,0.060913697,-0.031413607,0.0139792515,-21.20699,-30.01311,-0.015261251,2,"{""geodesic"":false,""type"":""Point"",""coordinates"":[110.44807796028812,-7.2741723282056565]}"
1_1_1_2_22_0,0.0429,0.0082,0.0047,0.0444,0.0504,0.0331,0.0412,0.0294,0.0291,0.0251,0.0237,0.0163,-0.2545126,-0.022454252,-0.00358721,-0.33509934,0.7201365,-0.27131784,0.006198008,-0.27769783,-0.68456376,0.68821293,-0.13745706,0.33509934,-0.2428356,-0.021497674,-39.354107,-17.971264,-0.050834063,2,"{""geodesic"":false,""type"":""Point"",""coordinates"":[110.42187713350425,-7.2906022975614455]}"
1_1_1_2_151_0,0.0411,0.0131,0.0067,0.0408,0.0426,0.0298,0.0401,0.0409,0.0501,0.0419,0.0322,0.0681,-0.316879,0.03307096,0.015059585,-0.008283988,0.529623,-0.32323235,0.004765155,0.013301088,-0.7242799,0.51391464,0.16875874,0.008283988,0.021951238,0.031747423,-18.624695,-21.121897,0.0028316458,2,"{""geodesic"":false,""type"":""Point"",""coordinates"":[110.44697018250292,-7.291085956604747]}"
1_1_1_2_81_0,0.043,0.008,0.004,0.0459,0.0492,0.0324,0.042,0.0321,0.0336,0.0286,0.027,0.0198,-0.29677978,-0.010810814,5.241799E-4,-0.26478148,0.7202797,-0.33333334,0.0045314687,-0.23221475,-0.75460124,0.70315397,-0.062295098,0.26478148,-0.18980171,-0.01016043,-36.9405,-21.713589,-0.045169707,2,"{""geodesic"":false,""type"":""Point"",""coordinates"":[110.43647305964656,-7.281937114877733]}"
1_1_1_2_20_0,0.0431,0.0073,0.0059,0.0476,0.0481,0.0337,0.0438,0.0316,0.0339,0.0277,0.027,0.0217,-0.2949269,-0.017184101,-0.0013213791,-0.26912928,0.73646206,-0.1060606,0.0071779788,-0.26427624,-0.6488095,0.73406196,-0.097719885,0.26912928,-0.22517483,-0.016031353,-38.911926,-28.97761,-0.051885977,2,"{""geodesic"":false,""type"":""Point"",""coordinates"":[110.42768077862088,-7.285996520628131]}"
1_1_1_2_21_0,0.0409,0.0073,0.0047,0.0424,0.0451,0.03,0.0399,0.0282,0.0285,0.0245,0.0239,0.0193,-0.2840691,-0.015510434,-0.0014770943,-0.29597703,0.72137403,-0.21666668,0.005755102,-0.26756352,-0.67808217,0.70623744,-0.100917436,0.29597703,-0.23913045,-0.014878268,-48.441902,-19.640202,-0.04736285,2,"{""geodesic"":false,""type"":""Point"",""coordinates"":[110.42215203481422,-7.2881603901637]}"
1_1_1_2_182_0,0.0487,0.0219,0.0146,0.0443,0.0428,0.0317,0.0442,0.0538,0.0535,0.0422,0.05,0.093,-0.23483226,0.029161803,0.01223676,-0.007058855,0.3230294,-0.19999999,0.010967299,-0.02427748,-0.48591548,0.3383686,0.14208388,0.007058855,-0.023148159,0.027443802,-35.625523,-14.717765,-0.0053708493,2,"{""geodesic"":false,""type"":""Point"",""coordinates"":[110.42982744867066,-7.30770821934475]}"
1_1_1_2_171_0,0.047,0.0309,0.0152,0.047,0.0462,0.0321,0.0471,0.0795,0.0891,0.0565,0.0907,0.1576,-0.24324323,0.0680348,0.024612663,0.10029211,0.19844358,-0.34056398,0.008635753,0.09178745,-0.5760111,0.20667522,0.27539504,-0.10029211,0.09073358,0.062181447,-23.913795,-17.165157,0.023612263,2,"{""geodesic"":false,""type"":""Point"",""coordinates"":[110.43345018400585,-7.308526870671826]}"
1_1_1_2_159_0,0.043,0.0204,0.0146,0.0389,0.0395,0.029,0.0391,0.0473,0.0566,0.0476,0.0453,0.0964,-0.27299485,0.05000807,0.020124098,0.092996545,0.3188648,-0.1657143,0.008894958,0.100578055,-0.5305466,0.311973,0.24281986,-0.092996545,0.098039225,0.048387103,-26.943521,-15.523365,0.022250645,2,"{""geodesic"":false,""type"":""Point"",""coordinates"":[110.449228653973,-7.296244615516959]}"
1_1_1_2_157_0,0.0416,0.021,0.0123,0.0385,0.0365,0.027,0.0382,0.0496,0.0517,0.045,0.0471,0.1547,-0.26996198,0.049006265,0.019063324,0.10429451,0.26956522,-0.26126128,0.00738,0.07784434,-0.5706807,0.29411766,0.25,-0.10429451,0.08173079,0.0472028,-24.76661,-18.34748,0.016709516,2,"{""geodesic"":false,""type"":""Point"",""coordinates"":[110.4498630188725,-7.29606447951845]}"
1_1_1_2_144_0,0.0449,0.0127,0.0072,0.0454,0.0507,0.0355,0.0465,0.0409,0.04,0.0362,0.0368,0.0621,-0.25731897,0.0019258299,0.004740629,-0.16685845,0.5993691,-0.2763819,0.007060773,-0.112745084,-0.66820276,0.56282276,0.00976291,0.16685845,-0.12454653,0.0018366294,-48.456398,-18.026796,-0.023727646,2,"{""geodesic"":false,""type"":""Point"",""coordinates"":[110.44562143647724,-7.282852954860717]}"
1_1_1_2_143_0,0.044,0.0153,0.0094,0.0444,0.0514,0.0358,0.0468,0.0401,0.0487,0.0358,0.0445,0.0544,-0.22162986,0.0,0.0036330204,-0.17889908,0.54122937,-0.2388664,0.0094,-0.10723193,-0.5840708,0.4874372,0.0,0.17889908,-0.13317193,0.0,-29.51775,-28.281975,-0.022233713,2,"{""geodesic"":false,""type"":""Point"",""coordinates"":[110.44670972730695,-7.281859287740529]}"
1_1_1_2_50_0,0.0407,0.0104,0.0057,0.0402,0.0432,0.0316,0.0393,0.0313,0.0337,0.0268,0.0271,0.0345,-0.2293578,-0.013116186,-0.0010429245,-0.23428574,0.6119403,-0.29192546,0.0067208954,-0.2,-0.6492308,0.5889328,-0.08219177,0.23428574,-0.18910743,-0.012893981,-23.008467,-19.903015,-0.035449736,2,"{""geodesic"":false,""type"":""Point"",""coordinates"":[110.4469078486142,-7.268019997107396]}"
1_1_1_2_141_0,0.0451,0.0202,0.0114,0.0472,0.0547,0.0364,0.0507,0.0563,0.0598,0.0477,0.0422,0.0738,-0.2528053,0.030972475,0.014170971,-0.06835937,0.46061414,-0.27848098,0.0086993715,0.0052686753,-0.61421317,0.4005935,0.13436383,0.06835937,-0.030487815,0.029018998,-16.4014,-15.825783,0.0012607093,2,"{""geodesic"":false,""type"":""Point"",""coordinates"":[110.44752569320633,-7.281317557619097]}"
1_1_1_2_125_0,0.0443,0.0351,0.0182,0.0496,0.0494,0.0363,0.0499,0.0668,0.0777,0.0786,0.0696,0.1513,-0.2845691,0.114398524,0.042512663,0.22812496,0.16923076,-0.31707317,0.008405345,0.22620901,-0.62396693,0.17119244,0.3681462,-0.22812496,0.22334628,0.1031875,-21.045479,-20.716743,0.06924545,2,"{""geodesic"":false,""type"":""Point"",""coordinates"":[110.44834640914932,-7.2768862895192]}"
1_1_1_2_174_0,0.046,0.0168,0.007,0.0465,0.0451,0.0329,0.0407,0.0428,0.0554,0.0397,0.0421,0.0758,-0.26857984,0.0191366,0.009653251,-0.063679226,0.45718902,-0.41176468,0.0058010076,-0.07888631,-0.70021415,0.46919432,0.0936639,0.063679226,-0.0124377925,0.017813481,-25.254805,-20.151964,-0.017400203,2,"{""geodesic"":false,""type"":""Point"",""coordinates"":[110.4332703634504,-7.307441195262963]}"
1_1_1_2_54_0,0.0473,0.0077,0.0053,0.0482,0.056,0.039,0.0488,0.0342,0.0364,0.0271,0.0274,0.0262,-0.23442623,-0.033070255,-0.006352998,-0.34777376,0.7582418,-0.1846154,0.007627306,-0.28021246,-0.6728395,0.72450805,-0.18003026,0.34777376,-0.2859025,-0.03153153,-20.71359,-19.398542,-0.055014774,2,"{""geodesic"":false,""type"":""Point"",""coordinates"":[110.43693705626008,-7.273073170567969]}"
1_1_1_2_199_0,0.0433,0.0443,0.0282,0.052,0.0492,0.0522,0.0571,0.0947,0.1115,0.085,0.0975,0.2067,-0.17344753,0.08133307,0.034200042,0.26676604,0.05240639,-0.22206897,0.017318118,0.24087591,-0.5017668,-0.07995846,0.23906705,-0.26676604,0.1963406,0.0772128,-20.076101,-13.919374,0.077708006,2,"{""geodesic"":false,""type"":""Point"",""coordinates"":[110.44378676846904,-7.301393845408528]}"
1_1_1_2_14_0,0.0437,0.0097,0.0075,0.0446,0.046,0.0341,0.0445,0.0312,0.0341,0.028,0.029,0.0341,-0.24742268,-0.016980289,-0.0017758182,-0.24324323,0.65170556,-0.12790701,0.009133928,-0.22865011,-0.5774648,0.6427256,-0.09822865,0.24324323,-0.2275862,-0.016278239,-35.3841,-20.105627,-0.04348585,2,"{""geodesic"":false,""type"":""Point"",""coordinates"":[110.41999066544443,-7.278207681511962]}"
1_1_1_2_132_0,0.042,0.0268,0.0154,0.0429,0.0437,0.0311,0.0402,0.0534,0.0578,0.0415,0.0553,0.0785,-0.18622628,0.028686488,0.011162047,-0.025821596,0.2397163,-0.27014217,0.011540723,-0.016587693,-0.45869946,0.23098996,0.14325067,0.025821596,0.015911853,0.027244147,-22.645357,-16.2326,-0.0035934327,2,"{""geodesic"":false,""type"":""Point"",""coordinates"":[110.44789601147974,-7.2748052879190945]}"
1_1_1_2_188_0,0.0451,0.0163,0.0116,0.0445,0.0406,0.03,0.0378,0.0371,0.0429,0.0312,0.0336,0.0742,-0.2409836,0.0034189979,0.0036279208,-0.13091926,0.42706504,-0.16845879,0.011153846,-0.17569354,-0.45794392,0.46381578,0.01960784,0.13091926,-0.095652185,0.0032074123,-21.288671,-22.070528,-0.03465347,2,"{""geodesic"":false,""type"":""Point"",""coordinates"":[110.4251154066259,-7.308606779278828]}"
1_1_2_45_0,0.0599,0.1094,0.0668,0.0688,0.0892,0.0896,0.1198,0.147,0.1455,0.1311,0.1398,0.1937,-0.0022562242,0.09000608,0.037991036,0.1901952,-0.10171198,-0.24177071,0.045654308,0.31165582,-0.32491156,0.22783387,0.18803808,-0.1901952,0.04503786,0.086374365,-17.237175,-5.2633495,0.13351907,4,"{""geodesic"":false,""type"":""Point"",""coordinates"":[110.41183316400381,-7.281724863753936]}"
1_1_2_55_0,0.0521,0.1516,0.0974,0.0676,0.083,0.0816,0.1143,0.1521,0.1696,0.1523,0.1891,0.1824,0.029353363,0.15574059,0.05829456,0.29451767,-0.29241264,-0.21767068,0.052185427,0.3851751,-0.21986383,-0.3832117,0.3022659,-0.29451767,0.14253564,0.14450197,-19.253336,-10.406669,0.17648286,4,"{""geodesic"":false,""type"":""Point"",""coordinates"":[110.45503124858844,-7.292362107886615]}"
1_1_2_151_0,0.0568,0.0813,0.0437,0.067,0.0742,0.0783,0.1038,0.1513,0.1772,0.1463,0.1765,0.2372,-0.14400646,0.15265806,0.067468345,0.32698417,-0.045659173,-0.3008,0.02338831,0.37177685,-0.54,0.09642614,0.30276048,-0.32698417,0.16993204,0.14076732,-25.827806,-14.765973,0.16676013,4,"{""geodesic"":false,""type"":""Point"",""coordinates"":[110.45413858194395,-7.281416033729415]}"
1_1_2_78_0,0.0688,0.0912,0.0523,0.0702,0.087,0.0878,0.1149,0.1241,0.1409,0.1312,0.1432,0.1297,-0.05888538,0.0958904,0.042797446,0.20256647,-0.023569046,-0.27108017,0.034999542,0.3028798,-0.42997277,0.1301115,0.1981735,-0.20256647,0.06623324,0.09054241,-20.265083,-9.559922,0.13045338,4,"{""geodesic"":false,""type"":""Point"",""coordinates"":[110.42507544463955,-7.268897388474199]}"
1_1_2_64_0,0.0558,0.042,0.0283,0.0579,0.0639,0.0675,0.0878,0.1009,0.1134,0.098,0.1095,0.119,-0.17483042,0.07134502,0.03501912,0.21062382,0.20679888,-0.19487907,0.019492349,0.25721616,-0.55186063,-0.15915917,0.18428999,-0.21062382,0.054897726,0.06874529,-18.642666,-8.9705,0.091706045,4,"{""geodesic"":false,""type"":""Point"",""coordinates"":[110.43794307274885,-7.265385799458051]}"
1_1_2_29_0,0.0528,0.1356,0.1029,0.0561,0.0595,0.063,0.0974,0.1293,0.1376,0.1202,0.1479,0.2058,0.059482533,0.13272077,0.04433379,0.33778518,-0.39005637,-0.13710693,0.05393261,0.36358482,-0.07754371,0.4147105,0.31222707,-0.33778518,0.104779415,0.12558548,-17.765919,-8.098426,0.14217064,4,"{""geodesic"":false,""type"":""Point"",""coordinates"":[110.4503912169795,-7.308638284694389]}"
1_1_2_134_0,0.052,0.0404,0.0243,0.0528,0.0613,0.0546,0.0795,0.1011,0.1135,0.113,0.1194,0.1121,-0.2714724,0.13976641,0.060916528,0.29661503,0.2055064,-0.2488408,0.0117414165,0.36308804,-0.6460306,0.13304722,0.34844866,-0.29661503,0.17402597,0.13121629,-20.400175,-12.701214,0.13562632,4,"{""geodesic"":false,""type"":""Point"",""coordinates"":[110.4482100650614,-7.3142437907105124]}"
1_1_2_73_0,0.0646,0.1102,0.0652,0.0784,0.0942,0.1004,0.1291,0.1397,0.1507,0.1412,0.1506,0.1412,-0.02092051,0.08826584,0.039063245,0.19966017,-0.0782779,-0.25655645,0.04636034,0.2859745,-0.36821708,0.16861083,0.16887419,-0.19966017,0.044765096,0.082524285,-24.665613,-7.774507,0.13090608,4,"{""geodesic"":false,""type"":""Point"",""coordinates"":[110.4234420107515,-7.271156667816264]}"
1_1_2_48_0,0.0562,0.1242,0.0861,0.0662,0.0756,0.085,0.1145,0.1391,0.1592,0.1727,0.1701,0.1576,-0.06627986,0.18483393,0.080752954,0.39105922,-0.24324326,-0.18116978,0.042376954,0.4457932,-0.33462134,0.30462185,0.3403182,-0.39105922,0.20264624,0.17361753,-14.0820675,-8.044291,0.21619976,4,"{""geodesic"":false,""type"":""Point"",""coordinates"":[110.45828350752919,-7.299873744184813]}"
1_1_2_145_0,0.0541,0.0636,0.0368,0.0644,0.0718,0.0724,0.0986,0.1117,0.1203,0.1206,0.1231,0.108,-0.15264796,0.11240671,0.049759537,0.25363824,0.060561277,-0.26693228,0.022092206,0.30378377,-0.5324015,-0.006249989,0.24974091,-0.25363824,0.10036496,0.104329,-48.46405,-12.394364,0.12306569,4,"{""geodesic"":false,""type"":""Point"",""coordinates"":[110.45557698144961,-7.290553674958335]}"
1_1_2_92_0,0.0585,0.1526,0.0956,0.0662,0.0922,0.1002,0.1358,0.1612,0.1732,0.1665,0.1708,0.1757,0.04140061,0.13038862,0.05701365,0.28720525,-0.24673203,-0.22965351,0.05753225,0.43102705,-0.27050743,0.39488116,0.24859394,-0.28720525,0.10155475,0.12971176,-14.819663,-4.331217,0.20533642,4,"{""geodesic"":false,""type"":""Point"",""coordinates"":[110.40819490827951,-7.2929363956572875]}"
1_1_2_18_0,0.0694,0.1995,0.1455,0.0645,0.0848,0.0889,0.1344,0.1713,0.1943,0.2068,0.2077,0.2126,0.03055208,0.23458952,0.09829941,0.41838136,-0.40344706,-0.15652171,0.062548116,0.52451164,-0.17399941,0.5113636,0.3987149,-0.41838136,0.21219227,0.22225714,-15.009557,-5.6972313,0.27674058,4,"{""geodesic"":false,""type"":""Point"",""coordinates"":[110.42172283361522,-7.269616758470901]}"
1_1_2_124_0,0.0539,0.0403,0.0258,0.0612,0.0771,0.085,0.1025,0.1145,0.1219,0.1216,0.1152,0.1529,-0.18662772,0.078031726,0.04452176,0.2239557,0.31345826,-0.21936458,0.01803454,0.33041576,-0.64993215,-0.20591132,0.17715393,-0.2239557,0.085229814,0.07769601,-27.162516,-14.105978,0.13268892,4,"{""geodesic"":false,""type"":""Point"",""coordinates"":[110.41190771054436,-7.294026687611495]}"
1_1_2_170_0,0.0558,0.1238,0.0724,0.065,0.0761,0.0819,0.1069,0.1286,0.145,0.1394,0.143,0.1726,0.0031699575,0.12573254,0.050074466,0.29373553,-0.23861933,-0.26197755,0.0425363,0.3639922,-0.31633615,0.3114407,0.2598283,-0.29373553,0.13195293,0.119575776,-23.046907,-4.8620763,0.15843272,4,"{""geodesic"":false,""type"":""Point"",""coordinates"":[110.4379450954198,-7.26375762332145]}"
1_1_2_51_0,0.066,0.321,0.2384,0.0846,0.1056,0.1306,0.1807,0.2255,0.2579,0.2501,0.285,0.2766,0.14867103,0.21351483,0.085757196,0.4062412,-0.5049226,-0.14765823,0.12449037,0.49447262,-0.023950849,0.58284026,0.3138954,-0.4062412,0.1610956,0.20353125,-15.084683,-10.869065,0.29741222,4,"{""geodesic"":false,""type"":""Point"",""coordinates"":[110.45701749828174,-7.297972678936942]}"
1_1_2_160_0,0.0508,0.2049,0.146,0.0664,0.0782,0.0894,0.1236,0.1857,0.2217,0.2104,0.2376,0.2713,0.030642616,0.24223255,0.10053103,0.45807347,-0.44754505,-0.16785409,0.062036123,0.52023125,-0.18069586,0.51050496,0.4036024,-0.45807347,0.25988024,0.22693174,-16.965189,-9.909339,0.27806386,4,"{""geodesic"":false,""type"":""Point"",""coordinates"":[110.45206469088919,-7.2734535298964325]}"
1_1_2_125_0,0.0606,0.0742,0.0455,0.0642,0.077,0.0804,0.115,0.1402,0.1493,0.1394,0.1459,0.1296,-0.13679512,0.12935194,0.060098775,0.28835493,0.018518537,-0.23976608,0.026242465,0.36935169,-0.5078421,0.07225432,0.26842588,-0.28835493,0.09591197,0.12295084,-18.409489,-9.832372,0.16031837,4,"{""geodesic"":false,""type"":""Point"",""coordinates"":[110.42945416483835,-7.3163008823920075]}"
1_1_2_119_0,0.0556,0.1135,0.0768,0.0615,0.073,0.0744,0.1097,0.1354,0.1474,0.1599,0.1562,0.1876,-0.08184705,0.18667306,0.07857067,0.3731215,-0.21715818,-0.19285336,0.035734337,0.44444442,-0.3510773,0.29714283,0.36491677,-0.3731215,0.18620177,0.17465612,-16.027027,-5.991899,0.20460215,4,"{""geodesic"":false,""type"":""Point"",""coordinates"":[110.43260079230596,-7.2635700640420255]}"
1_1_2_131_0,0.0568,0.0859,0.0572,0.0621,0.068,0.0704,0.1021,0.117,0.1321,0.1027,0.1365,0.1641,-0.02647151,0.076225996,0.029553084,0.2032806,-0.11630927,-0.20055906,0.039210126,0.24635923,-0.28455287,0.16081081,0.18659736,-0.2032806,0.0029296996,0.071980394,-23.834566,-18.155602,0.091606505,4,"{""geodesic"":false,""type"":""Point"",""coordinates"":[110.44132514111732,-7.3139639469202]}"
1_1_2_69_0,0.0566,0.1512,0.1105,0.0596,0.0686,0.0741,0.1011,0.1244,0.1448,0.125,0.1529,0.1546,0.09929251,0.113352925,0.037236296,0.29132232,-0.37579617,-0.15552157,0.0655044,0.35427952,-0.061571125,0.4345351,0.2556504,-0.29132232,0.10570544,0.10921184,-17.81215,-13.422647,0.14329536,4,"{""geodesic"":false,""type"":""Point"",""coordinates"":[110.44419192806464,-7.266659860117474]}"
1_1_2_181_0,0.0526,0.0686,0.0422,0.0613,0.0722,0.0714,0.0956,0.127,0.1311,0.1428,0.1406,0.1982,-0.18628305,0.16060102,0.07189622,0.3283721,0.025568191,-0.23826715,0.0211,0.39931408,-0.5437838,-0.05619708,0.33333334,-0.3283721,0.19798659,0.149958,-19.693457,-6.0338163,0.17362592,4,"{""geodesic"":false,""type"":""Point"",""coordinates"":[110.41715250618704,-7.301360249231791]}"
1_1_2_80_0,0.0637,0.0403,0.0246,0.0811,0.0938,0.0992,0.122,0.1236,0.1364,0.1251,0.1325,0.0877,-0.19294186,0.058225796,0.03633829,0.14298767,0.398956,-0.24191065,0.019506954,0.21338506,-0.6713427,-0.3360791,0.11547034,-0.14298767,0.012545535,0.053637993,-18.906927,-8.729527,0.093457945,4,"{""geodesic"":false,""type"":""Point"",""coordinates"":[110.42099350918953,-7.273233991059862]}"
1_1_2_97_0,0.0612,0.0867,0.0559,0.071,0.0913,0.1088,0.1281,0.1365,0.1503,0.1428,0.1445,0.1447,-0.04471049,0.067294754,0.037916575,0.21999145,0.025842715,-0.21598879,0.042590477,0.3358279,-0.43734273,0.0995561,0.13513514,-0.21999145,0.054263577,0.06785525,-17.936155,-7.601155,0.1508826,4,"{""geodesic"":false,""type"":""Point"",""coordinates"":[110.4035832816716,-7.286508119169889]}"
1_1_2_154_0,0.054,0.1578,0.0974,0.0688,0.0886,0.0898,0.1256,0.1723,0.1944,0.1693,0.1911,0.2966,0.019559393,0.1667226,0.06744901,0.312912,-0.28084415,-0.23667711,0.051662847,0.42209154,-0.2695913,0.39276257,0.30683136,-0.312912,0.14818583,0.15709394,-17.811926,-10.49518,0.20424062,4,"{""geodesic"":false,""type"":""Point"",""coordinates"":[110.4540518212462,-7.278250019916099]}"
1_1_2_62_0,0.0572,0.048,0.0273,0.0665,0.0736,0.0744,0.1015,0.1084,0.1174,0.1148,0.1132,0.1094,-0.19394138,0.09506329,0.04507862,0.21868363,0.21052632,-0.2749004,0.017692683,0.26640925,-0.61576355,-0.16157205,0.21353064,-0.21868363,0.061488666,0.08792803,-18.463795,-9.855031,0.10634082,4,"{""geodesic"":false,""type"":""Point"",""coordinates"":[110.43477189872763,-7.265924585718768]}"
1_1_2_158_0,0.0567,0.291,0.2101,0.0824,0.104,0.1242,0.1629,0.2184,0.2548,0.2585,0.29,0.2774,0.09826742,0.24229632,0.10473962,0.42620692,-0.47341773,-0.16144484,0.100945525,0.5165738,-0.103286415,0.55865026,0.35092762,-0.42620692,0.22686286,0.22822024,-12.516043,-13.666201,0.31412774,4,"{""geodesic"":false,""type"":""Point"",""coordinates"":[110.45288041611887,-7.273092697160376]}"
1_1_2_161_0,0.0585,0.2333,0.1781,0.0845,0.103,0.1194,0.1498,0.1932,0.216,0.2225,0.2367,0.2611,0.06927392,0.19748686,0.082914576,0.36712748,-0.38745168,-0.13417597,0.09557367,0.4495114,-0.11083373,0.468219,0.30155015,-0.36712748,0.19527262,0.18369164,-16.043175,-6.8268743,0.25650558,4,"{""geodesic"":false,""type"":""Point"",""coordinates"":[110.45260909219972,-7.272730551329635]}"
1_1_2_143_0,0.0557,0.2166,0.1539,0.0604,0.0727,0.0852,0.1187,0.1664,0.1819,0.1637,0.1999,0.2961,0.14774671,0.16061053,0.055213224,0.38494077,-0.49740753,-0.16923077,0.08009945,0.4609549,-0.03085643,0.5638989,0.31538773,-0.38494077,0.15934844,0.15723062,-16.68557,-9.61625,0.21398978,4,"{""geodesic"":false,""type"":""Point"",""coordinates"":[110.4578386000878,-7.2931795744884464]}"
1_1_2_94_0,0.0552,0.1676,0.1061,0.0626,0.0842,0.0836,0.1354,0.2013,0.2259,0.2448,0.2378,0.2354,-0.10060866,0.3156081,0.14631347,0.4881459,-0.33121526,-0.22469859,0.036233496,0.59271306,-0.3952693,-0.4561251,0.4908648,-0.4881459,0.2877433,0.29188797,-13.202781,-7.4883933,0.33849394,4,"{""geodesic"":false,""type"":""Point"",""coordinates"":[110.40864691206033,-7.293660617631137]}"
1_1_2_122_0,0.0588,0.082,0.0523,0.0696,0.0788,0.0872,0.1162,0.1306,0.1441,0.1378,0.1466,0.1429,-0.10143386,0.11106232,0.05152154,0.27239147,-0.01990051,-0.22114672,0.0330955,0.32883313,-0.44976327,0.0817942,0.22488886,-0.27239147,0.08503935,0.10468964,-16.091616,-6.8508687,0.14461407,4,"{""geodesic"":false,""type"":""Point"",""coordinates"":[110.41326162671368,-7.297827509641248]}"
1_1_2_72_0,0.0696,0.1371,0.0863,0.0808,0.0968,0.1022,0.1301,0.1432,0.1528,0.1494,0.1568,0.1586,0.019382333,0.102023154,0.041015,0.21364743,-0.17229584,-0.22739479,0.05903521,0.29800174,-0.2677132,0.2583754,0.18759935,-0.21364743,0.06905186,0.09419903,-20.929749,-5.318337,0.1409203,4,"{""geodesic"":false,""type"":""Point"",""coordinates"":[110.42552561672036,-7.271068858773752]}"
1_1_2_185_0,0.0538,0.0534,0.031,0.062,0.0705,0.0714,0.0936,0.1111,0.1197,0.1093,0.1124,0.1503,-0.15704155,0.08832852,0.04108997,0.21579532,0.13801455,-0.26540285,0.020250686,0.2761238,-0.5580898,-0.074523404,0.2097399,-0.21579532,0.07737803,0.08351697,-20.039366,-9.687669,0.10569046,4,"{""geodesic"":false,""type"":""Point"",""coordinates"":[110.4251994079238,-7.313762763779546]}"
1_1_2_99_0,0.0568,0.0382,0.024,0.0598,0.073,0.0733,0.1112,0.1195,0.1314,0.1129,0.1297,0.0971,-0.21534131,0.08965767,0.04582044,0.21463151,0.31294966,-0.2282958,0.015581931,0.3074696,-0.6493791,-0.22040817,0.21267454,-0.21463151,0.007585883,0.086563684,-48.399353,-13.304276,0.11840344,4,"{""geodesic"":false,""type"":""Point"",""coordinates"":[110.40603693263473,-7.280631850260615]}"
1_1_2_83_0,0.0588,0.0392,0.0218,0.0604,0.0735,0.0716,0.0968,0.1093,0.1245,0.1247,0.123,0.0954,-0.25109836,0.120539375,0.058841947,0.25832492,0.3043478,-0.2852459,0.012517081,0.3473798,-0.70238906,0.21285142,0.27050436,-0.25832492,0.12595938,0.11439036,-19.178556,-15.448381,0.14078237,4,"{""geodesic"":false,""type"":""Point"",""coordinates"":[110.41890884705428,-7.27413586342856]}"
1_1_2_20_0,0.0694,0.1603,0.1219,0.0808,0.0915,0.0974,0.133,0.1586,0.1631,0.1419,0.167,0.2126,0.072855964,0.09930376,0.03335283,0.21593831,-0.27323273,-0.13607371,0.083672024,0.27436015,-0.07581502,0.3297387,0.18595904,-0.21593831,0.03237542,0.09028811,-18.968842,-12.433451,0.12681612,4,"{""geodesic"":false,""type"":""Point"",""coordinates"":[110.42190377472352,-7.2697978973978765]}"
1_1_2_129_0,0.0579,0.0659,0.0427,0.0684,0.0766,0.0926,0.117,0.1272,0.1327,0.1274,0.1248,0.159,-0.10527801,0.07435896,0.039531782,0.2490196,0.07508773,-0.21362798,0.031036265,0.30132785,-0.4979424,-0.018615078,0.15818179,-0.2490196,0.042553175,0.07249998,-19.696417,-9.446325,0.12719171,4,"{""geodesic"":false,""type"":""Point"",""coordinates"":[110.4297229658226,-7.31865302756635]}"
1_1_2_144_0,0.0604,0.1871,0.1418,0.0752,0.0951,0.1194,0.1518,0.1984,0.2187,0.2082,0.2149,0.264,0.039159186,0.16316329,0.076802164,0.3728981,-0.3260099,-0.1377318,0.081320465,0.46930134,-0.18971427,0.42661074,0.27106225,-0.3728981,0.15666665,0.16094731,-21.861109,-10.9923725,0.25465918,4,"{""geodesic"":false,""type"":""Point"",""coordinates"":[110.4587448411134,-7.2929092968772435]}"
1_1_2_140_0,0.0561,0.174,0.1026,0.0575,0.0785,0.0676,0.1325,0.2157,0.2446,0.2544,0.2662,0.2417,-0.12700997,0.3800611,0.16794376,0.5283869,-0.3782178,-0.25813448,0.027263205,0.6312921,-0.42521012,-0.50323975,0.58012426,-0.5283869,0.3150685,0.34087595,-19.158077,-9.205001,0.36377636,4,"{""geodesic"":false,""type"":""Point"",""coordinates"":[110.45628926333664,-7.300866347101096]}"
1_1_2_136_0,0.0526,0.1683,0.1104,0.0585,0.072,0.0742,0.1031,0.1461,0.166,0.1661,0.1715,0.2073,0.03832157,0.19594046,0.07522354,0.3952121,-0.4007491,-0.20775028,0.04931776,0.4790739,-0.20144665,0.48412699,0.38243863,-0.3952121,0.23402673,0.1862083,-14.873943,-7.83957,0.22274357,4,"{""geodesic"":false,""type"":""Point"",""coordinates"":[110.45917943411531,-7.30819663452565]}"
1_1_2_12_0,0.0505,0.087,0.0566,0.0504,0.0542,0.0487,0.0765,0.1012,0.1113,0.0897,0.1194,0.2092,-0.01595359,0.102101795,0.03421245,0.24669908,-0.23229459,-0.21169914,0.030729322,0.2805139,-0.22624743,-0.26637554,0.29624274,-0.24669908,0.07942238,0.096334584,-18.041868,-13.749948,0.09209498,4,"{""geodesic"":false,""type"":""Point"",""coordinates"":[110.45700833218305,-7.305570846327428]}"
1_1_2_115_0,0.0652,0.1344,0.0857,0.0746,0.0836,0.0927,0.118,0.1318,0.1481,0.1285,0.1518,0.2063,0.05578798,0.07954142,0.028409908,0.2116926,-0.2330275,-0.22126305,0.061824042,0.2653865,-0.19981328,0.28612435,0.16184449,-0.2116926,0.042596348,0.07445924,-16.166462,-5.8618727,0.11499075,4,"{""geodesic"":false,""type"":""Point"",""coordinates"":[110.4210035867927,-7.265364498030561]}"
1_1_2_104_0,0.0606,0.1038,0.0595,0.068,0.0862,0.0814,0.1185,0.1446,0.1565,0.1488,0.1623,0.1235,-0.07860698,0.14948545,0.063430265,0.266383,-0.09263158,-0.27127984,0.03254906,0.37269372,-0.42870858,-0.2083818,0.2927889,-0.266383,0.11335578,0.13845523,-18.725313,-12.115118,0.16908482,4,"{""geodesic"":false,""type"":""Point"",""coordinates"":[110.41283481348094,-7.277746191467461]}"
1_1_2_77_0,0.0627,0.0621,0.0358,0.07,0.0789,0.0838,0.1081,0.1158,0.1269,0.1178,0.1272,0.142,-0.12556186,0.077583045,0.03784568,0.19776307,0.11914894,-0.2686415,0.025467234,0.25452608,-0.5338542,-0.059803177,0.16865076,-0.19776307,0.042939343,0.07269098,-25.222603,-11.890857,0.10424542,4,"{""geodesic"":false,""type"":""Point"",""coordinates"":[110.42588991581697,-7.269531599494276]}"
1_1_2_141_0,0.0671,0.2618,0.1878,0.0754,0.1042,0.1076,0.1637,0.2346,0.256,0.2429,0.2706,0.2628,0.074305646,0.25566894,0.10797259,0.39959666,-0.4306011,-0.16459072,0.083191775,0.5262331,-0.12793125,0.55278766,0.38601995,-0.39959666,0.19478603,0.23862433,-14.871969,-8.056743,0.30703896,4,"{""geodesic"":false,""type"":""Point"",""coordinates"":[110.4591908485514,-7.298698922563165]}"
1_1_2_153_0,0.0672,0.0993,0.0523,0.0782,0.0928,0.0956,0.1281,0.1518,0.1687,0.1632,0.1633,0.1602,-0.10657805,0.1469182,0.066944286,0.27500004,-0.033836536,-0.31002638,0.030636517,0.3521127,-0.5146172,0.11887324,0.26120558,-0.27500004,0.12049435,0.13363206,-21.811993,-5.889197,0.17197196,4,"{""geodesic"":false,""type"":""Point"",""coordinates"":[110.45278204840317,-7.279514851008638]}"
1_1_2_6_0,0.0576,0.1072,0.067,0.0576,0.0662,0.0641,0.098,0.1312,0.15,0.1506,0.1599,0.1858,-0.09723322,0.19602068,0.0788618,0.3892989,-0.23644748,-0.2307692,0.028517263,0.44668588,-0.38419116,-0.30097088,0.40288776,-0.3892989,0.21158488,0.1815447,-17.943598,-7.3541565,0.19697826,4,"{""geodesic"":false,""type"":""Point"",""coordinates"":[110.42517085923055,-7.265098434522655]}"
1_1_2_173_0,0.0561,0.1036,0.0716,0.0614,0.076,0.0827,0.1114,0.1359,0.1376,0.148,0.1451,0.2136,-0.058377557,0.13791502,0.06159609,0.3214286,-0.15367486,-0.18264844,0.040008917,0.41356257,-0.3479053,0.2557576,0.28305158,-0.3214286,0.14109483,0.13404955,-16.230196,-3.4539878,0.18311249,4,"{""geodesic"":false,""type"":""Point"",""coordinates"":[110.42526385747601,-7.263199014616474]}"
1_1_2_19_0,0.0678,0.1989,0.1524,0.0794,0.0905,0.1024,0.1369,0.1643,0.1848,0.1819,0.1949,0.1953,0.07109847,0.16551466,0.062398218,0.33553597,-0.37456807,-0.1323655,0.08579308,0.3922694,-0.08824407,0.42939273,0.27963418,-0.33553597,0.14115432,0.15204641,-15.972547,-8.066757,0.20195717,4,"{""geodesic"":false,""type"":""Point"",""coordinates"":[110.42172318069277,-7.269345396609592]}"
1_1_2_174_0,0.061,0.0471,0.0248,0.0695,0.0856,0.0892,0.1105,0.1152,0.1196,0.113,0.1162,0.1279,-0.14491844,0.052797373,0.031260986,0.13796572,0.29012814,-0.31015298,0.019576637,0.23835616,-0.64005804,-0.19210978,0.11770525,-0.13796572,0.011185674,0.050840218,-21.233385,-9.727424,0.09560439,4,"{""geodesic"":false,""type"":""Point"",""coordinates"":[110.42634663372836,-7.266547189628187]}"
1_1_2_155_0,0.0547,0.2819,0.2001,0.0795,0.1054,0.1266,0.1657,0.2218,0.2536,0.2552,0.2793,0.2921,0.09930031,0.22663988,0.10107765,0.41541874,-0.45571905,-0.16970952,0.09926591,0.5249477,-0.121019095,0.5600443,0.33682558,-0.41541874,0.21263959,0.2187571,-16.023636,-11.44455,0.3157422,4,"{""geodesic"":false,""type"":""Point"",""coordinates"":[110.45360041116864,-7.276983111848973]}"
1_1_2_179_0,0.064,0.0557,0.0305,0.0668,0.084,0.0879,0.1248,0.1289,0.1472,0.1372,0.1396,0.1447,-0.17376295,0.105921276,0.0550065,0.24050632,0.20257694,-0.29234338,0.019540451,0.34509805,-0.6362552,-0.090612225,0.21901378,-0.24050632,0.047328237,0.10198593,-24.740168,-11.715645,0.15,4,"{""geodesic"":false,""type"":""Point"",""coordinates"":[110.40748693708682,-7.280181480955628]}"
1_1_2_146_0,0.0531,0.0459,0.0287,0.0568,0.069,0.0668,0.0964,0.1081,0.1193,0.1101,0.1175,0.1267,-0.19384837,0.09977879,0.04700391,0.22948076,0.2010444,-0.23056298,0.017412897,0.3193529,-0.58645535,0.10613439,0.24477108,-0.22948076,0.06634383,0.09595214,-26.340559,-11.320605,0.119883046,4,"{""geodesic"":false,""type"":""Point"",""coordinates"":[110.45575881852554,-7.290011166666454]}"
1_1_2_102_0,0.0603,0.0836,0.0487,0.0732,0.0862,0.0847,0.1097,0.1167,0.1273,0.1238,0.1306,0.1205,-0.07856557,0.09025854,0.039294943,0.17904763,0.015312128,-0.2637944,0.033318985,0.25685278,-0.4353623,-0.066326514,0.18752997,-0.17904763,0.060385447,0.08278052,-22.064484,-11.247303,0.108895265,4,"{""geodesic"":false,""type"":""Point"",""coordinates"":[110.40966459967026,-7.277470709081448]}"
1_1_2_14_0,0.0486,0.1261,0.0666,0.0502,0.0576,0.0518,0.0866,0.1627,0.1898,0.1309,0.1957,0.2556,-0.008913623,0.18564588,0.06593251,0.38885942,-0.3728906,-0.30877012,0.026355082,0.44561014,-0.3255696,-0.43051618,0.43295017,-0.38885942,0.20367815,0.17379521,-11.807818,-10.017485,0.1777272,4,"{""geodesic"":false,""type"":""Point"",""coordinates"":[110.45592175144348,-7.305117265180088]}"
1_1_2_106_0,0.0573,0.0762,0.0477,0.0634,0.0787,0.0817,0.1118,0.1292,0.1467,0.1268,0.1445,0.1515,-0.092789434,0.098773554,0.046074715,0.23406327,0.016139429,-0.23002423,0.030734146,0.33333334,-0.45329514,0.09169055,0.21630697,-0.23406327,0.062866725,0.09548342,-17.62477,-8.65331,0.13778615,4,"{""geodesic"":false,""type"":""Point"",""coordinates"":[110.40885511116315,-7.273037413414416]}"
1_1_2_169_0,0.0529,0.1015,0.0597,0.0552,0.0633,0.0615,0.0891,0.1271,0.1336,0.1247,0.1403,0.1825,-0.049285516,0.14633694,0.05611118,0.32659575,-0.23179612,-0.25930518,0.029443065,0.38632575,-0.35249457,-0.29546905,0.33941996,-0.32659575,0.16651076,0.13815214,-17.184761,-6.5620418,0.15333138,4,"{""geodesic"":false,""type"":""Point"",""coordinates"":[110.43930230567744,-7.26502566373774]}"
1_1_2_5_0,0.0554,0.1844,0.1257,0.0563,0.0616,0.0678,0.1027,0.1297,0.1461,0.1502,0.162,0.1839,0.09962942,0.18153778,0.06173608,0.41831917,-0.49918702,-0.1892938,0.056740746,0.45472154,-0.08880028,0.5321978,0.37798163,-0.41831917,0.18782125,0.17214483,-13.612348,-8.0653,0.19936305,4,"{""geodesic"":false,""type"":""Point"",""coordinates"":[110.4383044043906,-7.266200336270655]}"
1_1_2_194_0,0.0662,0.1431,0.116,0.0616,0.0742,0.0842,0.108,0.1239,0.1363,0.1284,0.1424,0.1773,0.08938413,0.094315454,0.03376171,0.26752222,-0.31707317,-0.104592815,0.076068535,0.35157895,-0.050736506,0.39814362,0.20790215,-0.26752222,0.086294405,0.093039565,-14.776511,-4.6181455,0.14521739,4,"{""geodesic"":false,""type"":""Point"",""coordinates"":[110.4146691677487,-7.260290945052673]}"
1_1_2_9_0,0.0598,0.1223,0.0794,0.0681,0.0778,0.078,0.1106,0.1755,0.2048,0.1676,0.195,0.1743,-0.081192665,0.19913767,0.081749134,0.3659332,-0.22238882,-0.2126921,0.03695227,0.42214683,-0.35708502,0.2846639,0.36482087,-0.3659332,0.20488858,0.18025751,-21.210321,-6.7582045,0.20286803,4,"{""geodesic"":false,""type"":""Point"",""coordinates"":[110.45431910397645,-7.281958978624634]}"
1_1_2_74_0,0.0655,0.0964,0.0654,0.085,0.0984,0.1012,0.1199,0.1271,0.1374,0.1241,0.1359,0.1331,-0.028276373,0.052340467,0.02375066,0.115505636,0.010266923,-0.19159459,0.053331826,0.18699187,-0.30976257,0.06284454,0.10164226,-0.115505636,0.017213114,0.047359712,-17.772964,-4.3989654,0.082710475,4,"{""geodesic"":false,""type"":""Point"",""coordinates"":[110.4276992365899,-7.271433424664015]}"
1_1_2_112_0,0.0643,0.0558,0.0368,0.0677,0.0785,0.0816,0.1066,0.1154,0.1291,0.1308,0.1357,0.1339,-0.18189935,0.11054687,0.05377228,0.24988052,0.1690246,-0.20518357,0.0229578,0.31788412,-0.56085914,-0.09635628,0.23163837,-0.24988052,0.10193764,0.10359347,-22.504242,-9.896561,0.13550465,4,"{""geodesic"":false,""type"":""Point"",""coordinates"":[110.41900675887554,-7.268437383699245]}"
1_1_2_85_0,0.0572,0.1269,0.0772,0.0668,0.0852,0.0968,0.1246,0.1671,0.1969,0.1434,0.2007,0.2348,0.031113172,0.095241986,0.04126566,0.2545932,-0.1966054,-0.24350807,0.052112695,0.36441484,-0.30009064,0.31027365,0.194005,-0.2545932,0.07014925,0.09443393,-16.350193,-10.743886,0.16178541,4,"{""geodesic"":false,""type"":""Point"",""coordinates"":[110.41736291650174,-7.278747032748802]}"
1_1_2_159_0,0.0575,0.0634,0.0392,0.065,0.0769,0.0818,0.1123,0.1245,0.1384,0.1235,0.1357,0.2013,-0.12975726,0.092518635,0.044960856,0.23253493,0.09622236,-0.23586744,0.02596405,0.31034485,-0.5181315,-0.012461038,0.20311739,-0.23253493,0.04749787,0.08868566,-20.35721,-11.891982,0.12745097,4,"{""geodesic"":false,""type"":""Point"",""coordinates"":[110.45142959038499,-7.274266852404719]}"
1_1_2_43_0,0.0678,0.1989,0.1524,0.0842,0.097,0.1136,0.1369,0.1643,0.1848,0.1747,0.1949,0.1953,0.09380467,0.124714255,0.045983095,0.28597718,-0.34437308,-0.1323655,0.099099256,0.34955582,-0.06817488,0.40515718,0.21193203,-0.28597718,0.12130939,0.11626285,-15.039724,-7.28593,0.17887732,4,"{""geodesic"":false,""type"":""Point"",""coordinates"":[110.42172306500173,-7.269435850563724]}"
1_1_2_156_0,0.0584,0.1725,0.0968,0.0669,0.0795,0.0728,0.1132,0.1634,0.1799,0.1787,0.1913,0.2909,-6.111176E-4,0.23771043,0.08823111,0.3841983,-0.36904764,-0.28109914,0.039435033,0.45521173,-0.2972777,-0.44110274,0.42107356,-0.3841983,0.22439192,0.21137723,-16.147537,-7.976322,0.22491953,4,"{""geodesic"":false,""type"":""Point"",""coordinates"":[110.45169805954606,-7.2769808132350144]}"
1_1_2_177_0,0.0578,0.0555,0.0355,0.0644,0.0725,0.0778,0.0941,0.0973,0.1053,0.1059,0.1048,0.1022,-0.12187088,0.06446728,0.032052018,0.18721972,0.13281249,-0.2197802,0.026080266,0.24368758,-0.49787834,-0.07422853,0.1529668,-0.18721972,0.058999985,0.061649844,-23.743443,-12.787275,0.09286885,4,"{""geodesic"":false,""type"":""Point"",""coordinates"":[110.40722514424249,-7.272583015226872]}"
1_1_2_87_0,0.0598,0.1326,0.0945,0.068,0.0865,0.0898,0.116,0.1342,0.1458,0.1372,0.145,0.157,0.040224493,0.1016295,0.03981496,0.22664283,-0.21040621,-0.1677675,0.06185204,0.33723193,-0.18429004,0.32203385,0.20881057,-0.22664283,0.08372827,0.09779917,-10.707546,-6.3896904,0.14719227,4,"{""geodesic"":false,""type"":""Point"",""coordinates"":[110.41754094158364,-7.281189519604086]}"
1_1_2_76_0,0.0689,0.0963,0.0544,0.0786,0.0946,0.1007,0.1189,0.1324,0.1482,0.1448,0.1494,0.1283,-0.06279735,0.09508411,0.04487978,0.20969091,-0.008905181,-0.27803582,0.03783204,0.2963295,-0.45381528,0.1012007,0.17963344,-0.20969091,0.098217696,0.088732414,-17.710062,-7.244443,0.13726847,4,"{""geodesic"":false,""type"":""Point"",""coordinates"":[110.42770221382354,-7.269081619466559]}"
1_1_2_168_0,0.0558,0.0404,0.023,0.0592,0.0623,0.0623,0.0872,0.095,0.1058,0.0879,0.0999,0.1117,-0.1777422,0.062886894,0.029481128,0.17043939,0.21324247,-0.27444792,0.01630148,0.19510536,-0.5852119,-0.18875504,0.17043939,-0.17043939,0.003997703,0.059058744,-18.014172,-11.46919,0.06652758,4,"{""geodesic"":false,""type"":""Point"",""coordinates"":[110.44147580142184,-7.265480616586812]}"
1_1_2_191_0,0.0654,0.228,0.165,0.0752,0.093,0.107,0.1485,0.1949,0.2133,0.1943,0.2261,0.2125,0.108354025,0.17153972,0.065856315,0.3525931,-0.42056075,-0.16030532,0.09086465,0.4419295,-0.081547424,0.5039578,0.28974444,-0.3525931,0.13360558,0.16342193,-14.03621,-8.81798,0.23216374,4,"{""geodesic"":false,""type"":""Point"",""coordinates"":[110.4133107561156,-7.260017829668407]}"
1_1_2_17_0,0.0694,0.2204,0.1553,0.0726,0.0908,0.0999,0.1533,0.2149,0.2431,0.2422,0.2692,0.2126,0.008660059,0.27426568,0.120944925,0.45465463,-0.41645244,-0.17327654,0.06405644,0.53875476,-0.21861634,0.50443685,0.41596025,-0.45465463,0.22477877,0.25347346,-14.891362,-6.647614,0.31222385,4,"{""geodesic"":false,""type"":""Point"",""coordinates"":[110.42163201597465,-7.2697975508388675]}"
1_1_2_96_0,0.0579,0.1361,0.0872,0.0616,0.0786,0.081,0.1165,0.1598,0.1824,0.1731,0.1915,0.1639,-0.03895529,0.19233981,0.082335144,0.37544698,-0.26781556,-0.21898788,0.040804163,0.47507456,-0.33000383,0.37683356,0.36245573,-0.37544698,0.19544198,0.18319851,-13.269424,-9.305419,0.22764392,4,"{""geodesic"":false,""type"":""Point"",""coordinates"":[110.4050284144799,-7.289766357527513]}"
1_1_2_152_0,0.0646,0.0549,0.0307,0.0733,0.091,0.0932,0.1225,0.1407,0.1561,0.1488,0.1503,0.1749,-0.19989194,0.12000864,0.06238755,0.24103421,0.24742973,-0.28271028,0.019228764,0.339937,-0.6579387,-0.1435257,0.22975208,-0.24103421,0.09694066,0.11239893,-23.925634,-9.341901,0.15683424,4,"{""geodesic"":false,""type"":""Point"",""coordinates"":[110.4528715408817,-7.2804195044499975]}"
1_1_2_171_0,0.0626,0.0984,0.0595,0.0616,0.073,0.0706,0.0991,0.1308,0.1425,0.1313,0.1468,0.1565,-0.06604035,0.13885076,0.05577327,0.2853647,-0.14819136,-0.24635842,0.031993147,0.3613271,-0.37631026,-0.22999999,0.30064386,-0.2853647,0.13975695,0.12971933,-21.349148,-7.9808655,0.15088758,4,"{""geodesic"":false,""type"":""Point"",""coordinates"":[110.44138789603788,-7.263309602244831]}"
1_1_2_42_0,0.0578,0.1961,0.1358,0.0684,0.0812,0.0832,0.1201,0.1833,0.2098,0.2057,0.2283,0.2656,0.009396456,0.2569427,0.102491796,0.43394908,-0.41435266,-0.1816812,0.05492737,0.5009121,-0.20468518,0.4827977,0.42402214,-0.43394908,0.26273787,0.23291925,-18.254145,-18.845282,0.26605088,4,"{""geodesic"":false,""type"":""Point"",""coordinates"":[110.42489657307883,-7.267088078539823]}"
1_1_2_57_0,0.0666,0.3357,0.2502,0.0808,0.1011,0.1294,0.1708,0.2094,0.2413,0.2498,0.2728,0.2626,0.16903357,0.21194197,0.0838394,0.42376745,-0.5370879,-0.14592934,0.12960722,0.5111918,8.0001354E-4,0.6120048,0.31751055,-0.42376745,0.1878269,0.20541401,-20.506401,-9.786677,0.30520105,4,"{""geodesic"":false,""type"":""Point"",""coordinates"":[110.45721458613073,-7.284766551640613]}"
1_1_2_108_0,0.0564,0.1121,0.076,0.0632,0.0778,0.088,0.1143,0.1373,0.1532,0.1542,0.1517,0.1826,-0.04143713,0.13698064,0.061928988,0.32931036,-0.18062139,-0.1919192,0.04337224,0.41858327,-0.33970463,0.2789504,0.27332783,-0.32931036,0.14860336,0.13379143,-19.301517,-6.2402577,0.19027044,4,"{""geodesic"":false,""type"":""Point"",""coordinates"":[110.4140210176931,-7.271144588450469]}"
1_1_2_88_0,0.0549,0.1089,0.0674,0.0624,0.0778,0.0808,0.1216,0.1573,0.1654,0.1428,0.1709,0.1479,-0.03925045,0.1336668,0.05702011,0.29465097,-0.16657743,-0.23539422,0.038136695,0.3918129,-0.358706,0.27145362,0.2772809,-0.29465097,0.080181554,0.12852407,-18.801365,-9.500088,0.17101532,4,"{""geodesic"":false,""type"":""Point"",""coordinates"":[110.40911077242399,-7.285339472450467]}"
1_1_2_33_0,0.0553,0.2224,0.1544,0.0589,0.0751,0.0849,0.1177,0.1842,0.2105,0.1896,0.2369,0.1962,0.10579343,0.2081925,0.08033218,0.43256518,-0.49512607,-0.18046705,0.069137976,0.52595574,-0.10232558,0.58123,0.3814208,-0.43256518,0.23397332,0.202776,-21.274973,-10.514698,0.26192385,4,"{""geodesic"":false,""type"":""Point"",""coordinates"":[110.43706727056596,-7.313868195311749]}"
1_1_2_196_0,0.0696,0.0671,0.0385,0.0742,0.087,0.0921,0.1238,0.1302,0.1403,0.1384,0.139,0.1237,-0.14362559,0.10202733,0.050730515,0.22803907,0.12913689,-0.27083337,0.025620304,0.30197558,-0.5647258,-0.050247654,0.20086768,-0.22803907,0.055682696,0.095071875,-20.976448,-14.847903,0.13513894,4,"{""geodesic"":false,""type"":""Point"",""coordinates"":[110.4265216099756,-7.2714319364504885]}"
1_1_2_21_0,0.0694,0.1565,0.1142,0.091,0.0998,0.1068,0.1272,0.153,0.1612,0.1562,0.1596,0.2126,0.03153769,0.110812046,0.04059215,0.22031254,-0.22122513,-0.15626152,0.07808297,0.26375407,-0.15532544,0.26464647,0.18783273,-0.22031254,0.10232888,0.097116664,-16.767004,-7.9296393,0.13088867,4,"{""geodesic"":false,""type"":""Point"",""coordinates"":[110.42190400604345,-7.2696169894863365]}"
1_1_2_186_0,0.0524,0.077,0.0508,0.0612,0.0748,0.0813,0.103,0.1246,0.1313,0.1333,0.1278,0.1655,-0.102607735,0.11186647,0.052762058,0.28111488,-0.014492754,-0.20500782,0.030983044,0.3706941,-0.44812605,0.11432706,0.24231131,-0.28111488,0.12822685,0.10915199,-16.105257,-5.092292,0.15572356,4,"{""geodesic"":false,""type"":""Point"",""coordinates"":[110.42483633267797,-7.31430502448977]}"
1_1_2_118_0,0.0577,0.1242,0.0764,0.0659,0.0744,0.0824,0.1051,0.1222,0.1328,0.1339,0.1356,0.1625,0.016732292,0.11353115,0.044092182,0.2856457,-0.25075528,-0.23828517,0.047015384,0.34034035,-0.27341896,0.3066807,0.23809524,-0.2856457,0.1205021,0.10784587,-17.420893,-9.639,0.14575593,4,"{""geodesic"":false,""type"":""Point"",""coordinates"":[110.428798385471,-7.261846663442527]}"
1_1_2_157_0,0.0556,0.1863,0.125,0.0679,0.0908,0.0921,0.1378,0.205,0.2332,0.2591,0.2491,0.2478,-0.080277495,0.32054973,0.15030582,0.48099455,-0.3446409,-0.19691615,0.044432655,0.58470947,-0.34912783,0.46577495,0.4755125,-0.48099455,0.30561852,0.2942904,-18.124132,-7.770382,0.34679562,4,"{""geodesic"":false,""type"":""Point"",""coordinates"":[110.45387545635177,-7.2742698066519855]}"
1_1_2_126_0,0.0545,0.1395,0.0884,0.0602,0.0756,0.0715,0.121,0.1865,0.2225,0.2394,0.2428,0.1708,-0.17352132,0.34493384,0.155849,0.52,-0.29707116,-0.22422118,0.026401838,0.5981308,-0.46064675,-0.39709568,0.540045,-0.52,0.32852387,0.31058082,-17.230528,-8.365366,0.33616808,4,"{""geodesic"":false,""type"":""Point"",""coordinates"":[110.42655440967819,-7.316839925434247]}"
1_1_2_60_0,0.0585,0.064,0.0421,0.0653,0.0766,0.085,0.1069,0.1184,0.1234,0.1106,0.1262,0.1601,-0.0827947,0.0565946,0.029321631,0.18162394,0.08961591,-0.20640905,0.032355335,0.2575327,-0.448592,-0.010054135,0.13087934,-0.18162394,0.017011505,0.055204142,-18.043684,-11.276943,0.10053262,4,"{""geodesic"":false,""type"":""Point"",""coordinates"":[110.43087773999783,-7.26510562889661]}"
1_1_2_114_0,0.0666,0.1881,0.135,0.0742,0.0858,0.0944,0.1307,0.1581,0.1831,0.1678,0.1928,0.1951,0.07721641,0.15581214,0.056794427,0.32334384,-0.37349397,-0.16434537,0.07594757,0.38677686,-0.108322285,0.4342356,0.27993894,-0.32334384,0.12428809,0.14445026,-12.652161,-8.995717,0.18921833,4,"{""geodesic"":false,""type"":""Point"",""coordinates"":[110.42208841532147,-7.267084509434598]}"
1_1_2_8_0,0.0573,0.123,0.0846,0.0588,0.0724,0.0791,0.1016,0.1264,0.1515,0.1501,0.1525,0.2267,-0.016544994,0.14995353,0.06322001,0.34921345,-0.258956,-0.18497111,0.04458268,0.4370512,-0.27907965,0.35313532,0.30977312,-0.34921345,0.19268969,0.14605045,-15.626815,-9.939508,0.19318661,4,"{""geodesic"":false,""type"":""Point"",""coordinates"":[110.45368454167308,-7.282320031401103]}"
1_1_2_50_0,0.0562,0.1043,0.0747,0.0624,0.0725,0.0792,0.1031,0.1163,0.1298,0.1174,0.1226,0.1389,0.010184429,0.08491908,0.033751763,0.23644024,-0.17986427,-0.16536315,0.050393865,0.30589545,-0.22228007,0.25134975,0.19430315,-0.23644024,0.0648526,0.082256675,-17.752583,-7.1255045,0.12135922,4,"{""geodesic"":false,""type"":""Point"",""coordinates"":[110.45900596761513,-7.301774155519583]}"
1_1_2_120_0,0.0589,0.1358,0.0847,0.0702,0.082,0.0918,0.1173,0.1616,0.1792,0.1569,0.1769,0.1662,0.001099612,0.13778363,0.057302304,0.3135203,-0.24701561,-0.23174603,0.049556788,0.38177013,-0.29884106,0.3184466,0.2617612,-0.3135203,0.14442015,0.13042608,-20.017942,-5.9532533,0.17886123,4,"{""geodesic"":false,""type"":""Point"",""coordinates"":[110.4119939330074,-7.297373592082399]}"
1_1_2_184_0,0.054,0.0923,0.0609,0.0582,0.0734,0.0782,0.1086,0.1355,0.1481,0.1514,0.1486,0.1489,-0.102867685,0.15454777,0.07070119,0.3469751,-0.11406156,-0.20496084,0.031455614,0.44465646,-0.42628357,0.22657804,0.31881535,-0.3469751,0.16461538,0.15049343,-12.3275795,-10.745857,0.1970124,4,"{""geodesic"":false,""type"":""Point"",""coordinates"":[110.42546888005076,-7.315572186937286]}"
1_1_2_79_0,0.0713,0.1153,0.071,0.0795,0.0949,0.093,0.1229,0.1368,0.1457,0.1481,0.1474,0.1387,-0.044276208,0.12411587,0.051147982,0.21893007,-0.09705044,-0.2377885,0.04458474,0.301406,-0.3518941,-0.18377826,0.22853588,-0.21893007,0.092988946,0.11152341,-26.134888,-7.24479,0.14142387,4,"{""geodesic"":false,""type"":""Point"",""coordinates"":[110.42480253553748,-7.269801583894115]}"
1_1_2_75_0,0.0601,0.1228,0.0837,0.0667,0.0846,0.0838,0.1191,0.1551,0.1763,0.1643,0.1778,0.1627,-0.05575866,0.17247288,0.07358839,0.3202089,-0.18418515,-0.18934624,0.04269057,0.42251083,-0.325,-0.29604223,0.3244659,-0.3202089,0.15949187,0.16140889,-14.964119,-9.737933,0.2002736,4,"{""geodesic"":false,""type"":""Point"",""coordinates"":[110.42833425849302,-7.270710592319975]}"
1_1_2_63_0,0.0531,0.2734,0.1888,0.0567,0.0748,0.0902,0.1361,0.1793,0.2067,0.2147,0.242,0.2671,0.14519687,0.23390824,0.0920332,0.48324698,-0.57036185,-0.18303764,0.079318866,0.58216655,-0.06418833,0.65646774,0.4083306,-0.48324698,0.22405928,0.2320164,-16.254337,-10.015709,0.3072336,4,"{""geodesic"":false,""type"":""Point"",""coordinates"":[110.43767064123602,-7.265928188042521]}"
1_1_2_150_0,0.0674,0.0318,0.025,0.0669,0.0852,0.0996,0.1133,0.0979,0.1144,0.0994,0.0932,0.1569,-0.11723209,-4.183296E-4,0.011815548,0.07692309,0.45641023,-0.11971833,0.025050303,0.19542994,-0.59807074,-0.35562307,-0.0010050421,-0.07692309,-0.065350264,-4.291918E-4,-17.72524,-11.893702,0.07316524,4,"{""geodesic"":false,""type"":""Point"",""coordinates"":[110.456674423554,-7.281961811648383]}"
1_1_2_71_0,0.0701,0.0751,0.0438,0.084,0.0968,0.1036,0.1323,0.1345,0.1475,0.1404,0.1558,0.1379,-0.11337139,0.081272095,0.04185079,0.18381116,0.1262362,-0.26324642,0.032319658,0.25133693,-0.52443,-0.05593967,0.15081969,-0.18381116,0.029702997,0.07419356,-23.299519,-10.0770645,0.11678632,4,"{""geodesic"":false,""type"":""Point"",""coordinates"":[110.42534329358696,-7.27197316919511]}"
1_1_2_167_0,0.0538,0.1595,0.1024,0.0641,0.0752,0.0664,0.11,0.1852,0.2172,0.1907,0.2294,0.2024,-0.06012064,0.28037173,0.10780077,0.43437383,-0.35918194,-0.21802217,0.035654746,0.4968603,-0.30126238,-0.42665476,0.48346946,-0.43437383,0.2683738,0.24626864,-13.731601,-7.5234237,0.25158983,4,"{""geodesic"":false,""type"":""Point"",""coordinates"":[110.45125149066439,-7.2717339098119975]}"
1_1_2_135_0,0.0552,0.2347,0.152,0.061,0.0842,0.0802,0.1348,0.2131,0.237,0.2338,0.2616,0.3027,0.032967035,0.30536777,0.12621942,0.47044024,-0.47193477,-0.21386088,0.05214029,0.5861601,-0.21202695,-0.5874197,0.48917195,-0.47044024,0.2685838,0.28304666,-16.412743,-7.9303904,0.32611978,4,"{""geodesic"":false,""type"":""Point"",""coordinates"":[110.45872275893622,-7.311271539730306]}"
1_1_2_52_0,0.0733,0.3504,0.2705,0.1134,0.1376,0.1802,0.2026,0.2337,0.2614,0.2741,0.2889,0.2662,0.15586537,0.15600081,0.06373707,0.3315521,-0.43606555,-0.12868416,0.17783327,0.4147097,-0.0066103586,0.5109961,0.20669164,-0.3315521,0.14998952,0.14759511,-15.790055,-14.762323,0.27160564,4,"{""geodesic"":false,""type"":""Point"",""coordinates"":[110.45810471668288,-7.297883529971895]}"
1_1_2_93_0,0.0573,0.0933,0.0597,0.0606,0.0824,0.0867,0.1199,0.1518,0.1591,0.1599,0.1615,0.1671,-0.10112359,0.14931461,0.07203034,0.3198514,-0.062037554,-0.21960783,0.03237017,0.45034012,-0.45628414,0.21247563,0.29683697,-0.3198514,0.14295924,0.1470667,-17.559446,-11.186938,0.20673142,4,"{""geodesic"":false,""type"":""Point"",""coordinates"":[110.40665462887158,-7.293115283973301]}"
1_1_2_24_0,0.0545,0.0471,0.0287,0.0608,0.0695,0.07,0.0948,0.1051,0.1176,0.1092,0.1157,0.2438,-0.18425636,0.091315694,0.04325835,0.22216006,0.19210978,-0.24274407,0.018397436,0.28470588,-0.5837563,-0.12696943,0.21875,-0.22216006,0.07058824,0.08657244,-21.576656,-8.149313,0.108358204,4,"{""geodesic"":false,""type"":""Point"",""coordinates"":[110.43685480669097,-7.2663794477934465]}"
1_1_2_36_0,0.052,0.1517,0.1006,0.059,0.0678,0.077,0.1003,0.136,0.1525,0.1776,0.1681,0.2908,-0.016978277,0.21009105,0.08736162,0.44743276,-0.38223237,-0.20253669,0.04361599,0.50126797,-0.2767793,0.43996203,0.39512962,-0.44743276,0.2781576,0.1999735,-15.669616,-7.353954,0.24151506,4,"{""geodesic"":false,""type"":""Point"",""coordinates"":[110.4125495095532,-7.288148020564053]}"
1_1_2_35_0,0.0512,0.2124,0.1233,0.0724,0.0988,0.1046,0.1465,0.2955,0.3669,0.3619,0.4064,0.371,-0.15612938,0.4446941,0.23819563,0.5710875,-0.36503854,-0.26541555,0.035637412,0.6665899,-0.49175596,0.49157304,0.55155414,-0.5710875,0.42368215,0.3993275,-12.09427,-6.919431,0.46478647,4,"{""geodesic"":false,""type"":""Point"",""coordinates"":[110.41282045442065,-7.288781549589584]}"
1_1_2_162_0,0.0552,0.2334,0.1679,0.0772,0.091,0.1186,0.1465,0.1913,0.2261,0.2373,0.2468,0.1845,0.05626408,0.21662164,0.09835508,0.445629,-0.43896425,-0.16321956,0.08391462,0.509062,-0.17127344,0.5028976,0.33352062,-0.445629,0.23658153,0.20802662,-19.528337,-12.653631,0.29484344,4,"{""geodesic"":false,""type"":""Point"",""coordinates"":[110.45179413555327,-7.272458202742879]}"
1_1_2_180_0,0.0622,0.0776,0.0484,0.0672,0.0839,0.097,0.1211,0.13,0.1418,0.1357,0.1368,0.1399,-0.07496687,0.07971492,0.042138077,0.23588344,0.03900926,-0.23174605,0.034596905,0.33760476,-0.47419882,0.07182324,0.16630855,-0.23588344,0.056853592,0.079227515,-18.316622,-5.1164665,0.14618012,4,"{""geodesic"":false,""type"":""Point"",""coordinates"":[110.4031281804121,-7.288135686253362]}"
1_1_2_82_0,0.0564,0.0337,0.0194,0.0623,0.0718,0.0724,0.0964,0.1053,0.1179,0.109,0.1133,0.0957,-0.23503964,0.0850253,0.04345843,0.2057522,0.36113745,-0.2693032,0.012885873,0.27262112,-0.6978193,-0.29791665,0.20176402,-0.2057522,0.061343707,0.0805694,-22.259838,-16.50888,0.10434976,4,"{""geodesic"":false,""type"":""Point"",""coordinates"":[110.41809449536106,-7.27341118623146]}"
1_1_2_34_0,0.0561,0.107,0.0731,0.063,0.0755,0.0759,0.1078,0.1623,0.1688,0.197,0.1765,0.1899,-0.17407991,0.25658953,0.115588434,0.44587156,-0.17260277,-0.18822876,0.02816391,0.5153846,-0.458719,0.2588235,0.44375226,-0.44587156,0.2926509,0.23502393,-15.1121,-8.093376,0.26447368,4,"{""geodesic"":false,""type"":""Point"",""coordinates"":[110.4288270081302,-7.310782391626449]}"
1_1_2_27_0,0.0656,0.1281,0.0789,0.0692,0.0832,0.0839,0.1101,0.1228,0.1365,0.1294,0.1373,0.1284,0.03263514,0.10212786,0.037666857,0.2173095,-0.21249406,-0.23768112,0.051156953,0.30312183,-0.24243878,0.29853013,0.2133146,-0.2173095,0.08058455,0.09568205,-19.543901,-1.834121,0.12925851,4,"{""geodesic"":false,""type"":""Point"",""coordinates"":[110.43350098021682,-7.268093903493145]}"
1_1_2_183_0,0.0511,0.0678,0.0381,0.055,0.0678,0.0594,0.0968,0.1449,0.1617,0.1431,0.1635,0.1666,-0.21795264,0.19250229,0.08221134,0.35704124,0.0,-0.28045326,0.015815096,0.44472486,-0.57947016,-0.10423453,0.41333333,-0.35704124,0.19299705,0.17871885,-16.86114,-6.3821883,0.18929951,4,"{""geodesic"":false,""type"":""Point"",""coordinates"":[110.41597562512845,-7.300725551272727]}"
1_1_2_46_0,0.0587,0.1027,0.0658,0.0724,0.0908,0.0924,0.1138,0.149,0.19,0.1217,0.1945,0.1881,0.0025693784,0.064645655,0.027474625,0.14541174,-0.06149871,-0.21899109,0.049958263,0.25399274,-0.29813328,0.17304397,0.13685192,-0.14541174,0.033545632,0.061545994,-18.873402,-15.658315,0.10654083,4,"{""geodesic"":false,""type"":""Point"",""coordinates"":[110.41282951970676,-7.281816611075048]}"
1_1_2_133_0,0.0522,0.0274,0.0167,0.0547,0.0578,0.055,0.0763,0.091,0.1035,0.0973,0.0953,0.1043,-0.29692832,0.10397719,0.04719129,0.2546744,0.3568075,-0.24263039,0.009439876,0.2802632,-0.70701754,0.3325213,0.2777413,-0.2546744,0.120967746,0.0972712,-26.233543,-15.901423,0.09800614,4,"{""geodesic"":false,""type"":""Point"",""coordinates"":[110.44784857186544,-7.313519713447113]}"
1_1_2_59_0,0.055,0.129,0.0797,0.058,0.0674,0.068,0.0967,0.1315,0.1431,0.144,0.1505,0.184,-0.012531317,0.17009845,0.06518954,0.36234623,-0.3136456,-0.23622422,0.037636116,0.42574257,-0.2874385,0.37967914,0.35849053,-0.36234623,0.19651015,0.16011234,-18.156363,-9.207275,0.18376067,4,"{""geodesic"":false,""type"":""Point"",""coordinates"":[110.43314237682628,-7.265108463915322]}"
1_1_2_176_0,0.0582,0.1082,0.0748,0.0638,0.0781,0.0842,0.1239,0.1562,0.1728,0.1597,0.1829,0.1854,-0.0747776,0.15909475,0.07124671,0.3431455,-0.16156735,-0.18251365,0.039437443,0.42908278,-0.36204693,0.25813952,0.3095531,-0.3431455,0.12623416,0.1522382,-21.155382,-5.741747,0.19882517,4,"{""geodesic"":false,""type"":""Point"",""coordinates"":[110.41692013310931,-7.270876964416709]}"
1_1_2_4_0,0.0525,0.0369,0.0216,0.0572,0.0598,0.0522,0.071,0.0879,0.0979,0.0905,0.0983,0.0794,-0.2474662,0.09823535,0.04101147,0.20425814,0.2368149,-0.26153845,0.012458785,0.225457,-0.6146298,0.21572796,0.26839522,-0.20425814,0.12074302,0.08938851,-35.002556,-9.936926,0.07711903,4,"{""geodesic"":false,""type"":""Point"",""coordinates"":[110.44989356502268,-7.271008627799964]}"
1_1_2_58_0,0.0588,0.1292,0.0861,0.0661,0.075,0.0766,0.1013,0.1135,0.125,0.1184,0.134,0.1248,0.054573394,0.096558094,0.032478202,0.22440536,-0.265426,-0.20018579,0.055703208,0.2834688,-0.15794623,0.32309267,0.21435897,-0.22440536,0.07783341,0.090215825,-14.760038,-8.176179,0.114609204,4,"{""geodesic"":false,""type"":""Point"",""coordinates"":[110.43468029559192,-7.266738560393889]}"
1_1_2_189_0,0.0629,0.0528,0.0378,0.0628,0.0736,0.0803,0.101,0.116,0.1235,0.1219,0.1199,0.1506,-0.16236626,0.091816,0.046473563,0.24705881,0.16455698,-0.16556293,0.024900246,0.31997836,-0.5266124,-0.086505175,0.20573688,-0.24705881,0.09376402,0.08886357,-18.636604,-12.523472,0.12947276,4,"{""geodesic"":false,""type"":""Point"",""coordinates"":[110.40895952945259,-7.262454442386389]}"
1_1_2_0_0,0.0732,0.2663,0.1988,0.0646,0.0812,0.0974,0.1303,0.1825,0.2116,0.2364,0.2473,0.2399,0.09432828,0.26004636,0.10906745,0.48866495,-0.53266186,-0.14513007,0.08190829,0.5707641,-0.08639705,0.6095497,0.416417,-0.48866495,0.2893373,0.25005996,-14.653706,-8.729434,0.32172284,4,"{""geodesic"":false,""type"":""Point"",""coordinates"":[110.4445531610883,-7.267564847163146]}"
1_1_2_101_0,0.0591,0.0532,0.0313,0.0622,0.0709,0.0706,0.0964,0.108,0.1201,0.1051,0.1194,0.1065,-0.14943317,0.081199385,0.037583634,0.19431818,0.14262693,-0.25917158,0.021025501,0.2564256,-0.5410557,0.0779896,0.1963574,-0.19431818,0.04317617,0.07658723,-25.385246,-8.54248,0.096433386,4,"{""geodesic"":false,""type"":""Point"",""coordinates"":[110.40966318072861,-7.278556153773873]}"
1_1_2_128_0,0.0551,0.0919,0.0588,0.0615,0.0738,0.0785,0.1126,0.14,0.1538,0.1581,0.1608,0.1658,-0.12615383,0.17039858,0.07722524,0.36351874,-0.109233566,-0.21964166,0.029195448,0.43989068,-0.45781463,0.19817469,0.33643275,-0.36351874,0.16808273,0.1620961,-19.702694,-8.589706,0.20136185,4,"{""geodesic"":false,""type"":""Point"",""coordinates"":[110.43325781679178,-7.317391131484585]}"
1_1_2_3_0,0.0522,0.0526,0.0274,0.0547,0.062,0.0526,0.071,0.1108,0.1249,0.1342,0.1272,0.1327,-0.2845971,0.19623877,0.08160001,0.36799186,0.082024425,-0.315,0.010739493,0.42085764,-0.6608911,0.01957128,0.43683085,-0.36799186,0.30799222,0.17821783,-21.631802,-13.58741,0.17310207,4,"{""geodesic"":false,""type"":""Point"",""coordinates"":[110.45043653677133,-7.271461558968021]}"
1_1_2_187_0,0.0566,0.0865,0.0589,0.064,0.0778,0.0816,0.1043,0.1197,0.1304,0.1228,0.1292,0.145,-0.05269091,0.090957254,0.040331617,0.22432703,-0.05295191,-0.18982117,0.039138764,0.31477514,-0.3516786,0.14950162,0.20156553,-0.22432703,0.081461914,0.08773424,-16.743559,-10.932268,0.12842166,4,"{""geodesic"":false,""type"":""Point"",""coordinates"":[110.40967924934361,-7.2662544442060835]}"
1_1_2_198_0,0.0662,0.1381,0.0829,0.0774,0.0914,0.0922,0.1196,0.1376,0.1552,0.1553,0.1614,0.1883,-0.0051835924,0.13984929,0.05496558,0.25901908,-0.20348585,-0.24977374,0.04921687,0.33476582,-0.30394626,0.28167054,0.2549495,-0.25901908,0.12986542,0.12662208,-18.440508,-10.459714,0.15947865,4,"{""geodesic"":false,""type"":""Point"",""coordinates"":[110.42362606687252,-7.268895548642125]}"
1_1_2_113_0,0.0589,0.1399,0.091,0.0727,0.088,0.0951,0.1294,0.1564,0.1791,0.1976,0.1934,0.1829,-0.069859505,0.20953433,0.09456053,0.3837535,-0.22773147,-0.21178,0.04379605,0.46207917,-0.3693694,0.31608653,0.35018793,-0.3837535,0.2085627,0.19395737,-16.208893,-5.38591,0.24321693,4,"{""geodesic"":false,""type"":""Point"",""coordinates"":[110.41701608418366,-7.266716202403012]}"
1_1_2_1_0,0.0542,0.0902,0.0583,0.0572,0.0658,0.0678,0.0931,0.1232,0.1409,0.1416,0.1496,0.1625,-0.11434977,0.16482043,0.06983026,0.3654773,-0.15641023,-0.21481481,0.027914831,0.42454728,-0.41670835,0.2238806,0.35243553,-0.3654773,0.20664677,0.15604736,-21.893576,-5.800306,0.1811677,4,"{""geodesic"":false,""type"":""Point"",""coordinates"":[110.42625731009565,-7.265552080626782]}"
1_1_2_105_0,0.0564,0.1139,0.0764,0.0648,0.0781,0.0846,0.1207,0.1513,0.1778,0.1738,0.187,0.1784,-0.09174104,0.18654844,0.08400744,0.37991267,-0.1864583,-0.19705729,0.03718895,0.4568315,-0.3892886,0.27476215,0.34520125,-0.37991267,0.18030562,0.17642406,-15.199328,-4.6077366,0.22136475,4,"{""geodesic"":false,""type"":""Point"",""coordinates"":[110.40694934791202,-7.275658085377605]}"
1_1_2_53_0,0.0584,0.0699,0.0423,0.066,0.0816,0.0772,0.113,0.1294,0.1511,0.1758,0.1552,0.1569,-0.24350731,0.21547201,0.099893704,0.36596733,0.07722775,-0.2459893,0.018575428,0.4540943,-0.61210454,-0.028697565,0.3897233,-0.36596733,0.21745151,0.19641432,-20.542286,-15.299433,0.2220275,4,"{""geodesic"":false,""type"":""Point"",""coordinates"":[110.45394141284355,-7.294622155064056]}"
1_1_2_30_0,0.0797,0.2017,0.1395,0.0995,0.114,0.1152,0.1508,0.257,0.2876,0.2342,0.3084,0.2216,-0.02582232,0.25230038,0.103670426,0.3452039,-0.27779537,-0.18229775,0.068618275,0.40365598,-0.2534118,0.33930942,0.34058386,-0.3452039,0.21662338,0.21014835,-17.954227,-11.91701,0.24235336,4,"{""geodesic"":false,""type"":""Point"",""coordinates"":[110.44277848123673,-7.310890301307301]}"
1_1_2_89_0,0.0574,0.0662,0.0409,0.0611,0.0744,0.0722,0.1024,0.1225,0.1373,0.1265,0.138,0.1234,-0.15092021,0.12324662,0.05536332,0.25933298,0.058321457,-0.23622786,0.023343716,0.34861407,-0.51135004,-0.04006288,0.27327627,-0.25933298,0.105286136,0.116573624,-22.655424,-5.946695,0.14267015,4,"{""geodesic"":false,""type"":""Point"",""coordinates"":[110.40983229027555,-7.287782667976453]}"
1_1_2_16_0,0.0497,0.188,0.1292,0.0684,0.08,0.0817,0.1078,0.1939,0.2106,0.1912,0.24,0.3373,0.019081777,0.23429479,0.090661466,0.4100295,-0.40298507,-0.185372,0.05520732,0.47303542,-0.19350813,0.46645862,0.4012459,-0.4100295,0.27892977,0.21251133,-16.41283,-6.5069914,0.24249604,4,"{""geodesic"":false,""type"":""Point"",""coordinates"":[110.44894824268314,-7.3032997163735205]}"
1_1_2_166_0,0.0529,0.1251,0.0695,0.059,0.0726,0.0626,0.0992,0.1442,0.1587,0.172,0.1695,0.2149,-0.10341534,0.24748892,0.09832372,0.40637776,-0.2655539,-0.2857143,0.025294768,0.4891775,-0.42443067,-0.35904402,0.46632567,-0.40637776,0.26843658,0.22338688,-17.686583,-11.455172,0.23187415,4,"{""geodesic"":false,""type"":""Point"",""coordinates"":[110.44971106966155,-7.272093860528315]}"
1_1_2_38_0,0.0599,0.1115,0.0778,0.069,0.0872,0.0916,0.1197,0.15,0.1517,0.1181,0.1512,0.1883,0.04100462,0.05759868,0.022973312,0.15051146,-0.122294925,-0.17802432,0.06034276,0.26242653,-0.20571722,0.23545709,0.12637101,-0.15051146,-0.006728333,0.056009583,-19.625483,-8.381722,0.10718965,4,"{""geodesic"":false,""type"":""Point"",""coordinates"":[110.41020268979761,-7.281632288570174]}"
1_1_2_32_0,0.063,0.1416,0.0984,0.0642,0.0796,0.0842,0.1135,0.1394,0.1593,0.1664,0.1621,0.1793,-0.010517089,0.17267455,0.07202754,0.35284555,-0.28028932,-0.18,0.049791347,0.44319168,-0.2567976,0.3760933,0.32801276,-0.35284555,0.18899608,0.16426858,-14.857142,-10.02979,0.20982754,4,"{""geodesic"":false,""type"":""Point"",""coordinates"":[110.44259358955553,-7.313875063046351]}"
1_1_2_175_0,0.0646,0.0785,0.0491,0.0724,0.08,0.0874,0.1069,0.1204,0.1356,0.1228,0.1406,0.1376,-0.08114097,0.08014853,0.036977265,0.21104537,0.009463695,-0.23040754,0.034945764,0.2581967,-0.42873764,0.040424112,0.16841106,-0.21104537,0.06922072,0.07476768,-16.227373,-9.070783,0.10874568,4,"{""geodesic"":false,""type"":""Point"",""coordinates"":[110.42018391217927,-7.2688007065462505]}"
1_1_2_182_0,0.0541,0.0473,0.0287,0.0576,0.0668,0.0652,0.0925,0.1123,0.1232,0.114,0.1203,0.1581,-0.20802534,0.113678716,0.051972248,0.26106197,0.17090271,-0.24473685,0.016414385,0.32867134,-0.5977575,0.09818874,0.27232143,-0.26106197,0.104116224,0.10777385,-24.089247,-11.25074,0.12596785,4,"{""geodesic"":false,""type"":""Point"",""coordinates"":[110.41534053873433,-7.301448360433436]}"
1_1_2_190_0,0.0654,0.0773,0.0528,0.0712,0.0834,0.0956,0.1215,0.1316,0.146,0.1372,0.1471,0.1495,-0.09310254,0.08837525,0.044843134,0.2438803,0.03795897,-0.18831666,0.036790673,0.31669867,-0.44421053,0.041077435,0.17869414,-0.2438803,0.06068805,0.085152835,-21.0074,-12.111134,0.13975155,4,"{""geodesic"":false,""type"":""Point"",""coordinates"":[110.41376133399727,-7.261827491889704]}"
1_1_2_109_0,0.0573,0.116,0.0728,0.0624,0.075,0.0841,0.1086,0.1368,0.1486,0.1472,0.1506,0.1949,-0.023187708,0.13325731,0.05744667,0.3249325,-0.21465965,-0.22881353,0.041592937,0.40458018,-0.33818182,0.30044842,0.2728059,-0.3249325,0.15089916,0.12942705,-11.797919,-8.435298,0.17925593,4,"{""geodesic"":false,""type"":""Point"",""coordinates"":[110.41320515306887,-7.27159580296095]}"
1_1_2_56_0,0.0617,0.2499,0.1821,0.0691,0.09,0.0986,0.1358,0.1876,0.2101,0.2244,0.2363,0.2464,0.08566978,0.24234252,0.098986536,0.4274809,-0.47043246,-0.15694445,0.08001363,0.5291312,-0.10405904,0.56677115,0.38947368,-0.4274809,0.24597445,0.22928311,-16.924498,-9.896605,0.29357278,4,"{""geodesic"":false,""type"":""Point"",""coordinates"":[110.45829970876166,-7.286396034497673]}"
1_1_2_31_0,0.0697,0.1807,0.1321,0.0744,0.093,0.1032,0.1235,0.1646,0.1877,0.1982,0.2015,0.2042,0.02030549,0.18858185,0.081265405,0.36126372,-0.3204238,-0.15537085,0.06878264,0.45414528,-0.2001211,0.41669935,0.31519574,-0.36126372,0.23220392,0.17781383,-17.131247,-9.238322,0.24035724,4,"{""geodesic"":false,""type"":""Point"",""coordinates"":[110.44313873140926,-7.312609377275125]}"
1_1_2_195_0,0.0601,0.0634,0.0418,0.0667,0.0756,0.0804,0.1035,0.1132,0.1169,0.1123,0.1127,0.1343,-0.10904585,0.072867654,0.03491275,0.19531667,0.08776977,-0.2053232,0.029926268,0.25474864,-0.45749515,-0.025365075,0.16554232,-0.19531667,0.040778503,0.06907753,-20.669714,-5.3067856,0.10073639,4,"{""geodesic"":false,""type"":""Point"",""coordinates"":[110.42679463165476,-7.270437285837338]}"
1_1_2_47_0,0.0576,0.084,0.0592,0.0626,0.0774,0.0844,0.104,0.1186,0.1297,0.1288,0.1282,0.1444,-0.063924424,0.09522177,0.044470895,0.24927257,-0.040892195,-0.17318435,0.038792543,0.34587252,-0.3702128,0.14597543,0.20825519,-0.24927257,0.10652923,0.093381956,-14.222625,-7.6434026,0.14362164,4,"{""geodesic"":false,""type"":""Point"",""coordinates"":[110.45674375660147,-7.299600531036683]}"
1_1_2_121_0,0.0578,0.0671,0.0434,0.0592,0.0732,0.0828,0.1117,0.1312,0.1433,0.1284,0.1374,0.1486,-0.11170369,0.09651201,0.04838236,0.2738095,0.04347825,-0.21447966,0.027986918,0.36886993,-0.49476135,0.06254951,0.21590908,-0.2738095,0.069554344,0.09617547,-20.964636,-10.425067,0.15095985,4,"{""geodesic"":false,""type"":""Point"",""coordinates"":[110.41108612418583,-7.29881967070148]}"
1_1_2_86_0,0.058,0.1343,0.0841,0.0673,0.084,0.0888,0.1193,0.1377,0.1511,0.1427,0.1488,0.1568,0.030247035,0.115097165,0.04583647,0.25893253,-0.23041683,-0.22985345,0.052334126,0.35904762,-0.25837743,0.33234125,0.23282939,-0.25893253,0.089312986,0.11052632,-18.985086,-10.583446,0.15929578,4,"{""geodesic"":false,""type"":""Point"",""coordinates"":[110.41872080467141,-7.27947240977998]}"
1_1_2_39_0,0.0594,0.1233,0.0904,0.0728,0.0888,0.091,0.1129,0.1375,0.1626,0.1228,0.162,0.1886,0.045620874,0.07080514,0.026075779,0.16068053,-0.16265914,-0.15395413,0.06699023,0.2556237,-0.15196997,0.25752166,0.14873715,-0.16068053,0.042002544,0.06682544,-17.049704,-7.0917873,0.10782058,4,"{""geodesic"":false,""type"":""Point"",""coordinates"":[110.41119904467782,-7.281724039437505]}"
1_1_2_117_0,0.0576,0.0421,0.027,0.0584,0.0683,0.0764,0.0949,0.099,0.111,0.1086,0.1044,0.1097,-0.16987741,0.07130204,0.038278665,0.2278123,0.23731884,-0.21852387,0.018994475,0.30059877,-0.6017699,-0.16218905,0.17405407,-0.2278123,0.06732186,0.07051095,-19.20058,-5.513159,0.112893544,4,"{""geodesic"":false,""type"":""Point"",""coordinates"":[110.42662412223665,-7.262024830575629]}"
1_1_2_138_0,0.0501,0.0646,0.0439,0.0512,0.0583,0.055,0.0852,0.1084,0.1209,0.113,0.1283,0.151,-0.15715292,0.13692161,0.05629868,0.31932282,-0.05126118,-0.19078338,0.021367257,0.37637028,-0.44040787,-0.115716755,0.3452381,-0.31932282,0.14026235,0.13023952,-18.27093,-10.286974,0.13956639,4,"{""geodesic"":false,""type"":""Point"",""coordinates"":[110.45537347844906,-7.309006145620621]}"
1_1_2_123_0,0.0581,0.1151,0.0761,0.0667,0.0808,0.0886,0.1258,0.1546,0.1734,0.1723,0.1777,0.1805,-0.07973796,0.1738462,0.079003654,0.3615172,-0.17508933,-0.20397489,0.039132096,0.441841,-0.3872786,0.26622662,0.32081255,-0.3615172,0.15598792,0.16500196,-18.039541,-6.527638,0.21434371,4,"{""geodesic"":false,""type"":""Point"",""coordinates"":[110.41027754716745,-7.293662748166618]}"
1_1_2_149_0,0.0586,0.2174,0.1489,0.0728,0.092,0.1052,0.1482,0.1805,0.1983,0.1917,0.2177,0.2231,0.098960996,0.16935547,0.06661586,0.35142756,-0.4053006,-0.18700518,0.08171247,0.44952738,-0.12566058,0.49827704,0.29134387,-0.35142756,0.1279788,0.16281842,-17.852962,-7.0946393,0.23328972,4,"{""geodesic"":false,""type"":""Point"",""coordinates"":[110.45748363590386,-7.287028238644677]}"
1_1_2_61_0,0.0578,0.0561,0.0317,0.0648,0.0751,0.0834,0.1018,0.1055,0.1137,0.1118,0.1114,0.0951,-0.117367916,0.063043855,0.033238117,0.1963617,0.14481705,-0.27790433,0.023647407,0.26613817,-0.55818814,-0.071960315,0.14549178,-0.1963617,0.04681648,0.061277322,-17.442488,-6.8841224,0.10419746,4,"{""geodesic"":false,""type"":""Point"",""coordinates"":[110.43432236319224,-7.2632103959878735]}"
1_1_2_68_0,0.0592,0.1105,0.0581,0.0658,0.0725,0.0798,0.1085,0.1292,0.1451,0.1362,0.1577,0.1656,-0.029824106,0.12572446,0.050959323,0.3052228,-0.20765029,-0.31079477,0.034040973,0.34851483,-0.40195572,0.25354508,0.26111108,-0.3052228,0.11319982,0.11815641,-17.33454,-9.570829,0.15042733,4,"{""geodesic"":false,""type"":""Point"",""coordinates"":[110.4438304739438,-7.265935781489971]}"
1_1_2_137_0,0.0518,0.1298,0.0802,0.056,0.0614,0.0628,0.0965,0.1354,0.1443,0.1389,0.1594,0.1806,-0.0059354687,0.17363329,0.064226225,0.38691962,-0.3577406,-0.2361905,0.036260333,0.42534631,-0.26791418,0.3972013,0.37729302,-0.38691962,0.18011893,0.16267636,-15.971678,-8.112324,0.1789466,4,"{""geodesic"":false,""type"":""Point"",""coordinates"":[110.46035759749131,-7.307836227364405]}"
1_1_2_178_0,0.063,0.0484,0.0279,0.073,0.0888,0.0926,0.1199,0.1279,0.138,0.1329,0.1338,0.1384,-0.1870856,0.08829973,0.048133146,0.19891746,0.29446062,-0.26867628,0.019439729,0.29091793,-0.6529851,-0.20263591,0.17871395,-0.19891746,0.05142405,0.08332184,-21.553022,-13.80187,0.12728432,4,"{""geodesic"":false,""type"":""Point"",""coordinates"":[110.41083822560655,-7.280547669496216]}"
1_1_2_110_0,0.0596,0.0788,0.0572,0.0727,0.089,0.0959,0.1265,0.1456,0.1644,0.1686,0.1628,0.1819,-0.16009614,0.15161626,0.075730465,0.30900618,0.060786657,-0.15882353,0.03253547,0.39743057,-0.49335694,0.040264018,0.2748582,-0.30900618,0.14266348,0.14264224,-16.188965,-10.598969,0.19405098,4,"{""geodesic"":false,""type"":""Point"",""coordinates"":[110.41773692520059,-7.2697021117086145]}"
1_1_2_98_0,0.0543,0.0503,0.0319,0.0583,0.0756,0.0783,0.1043,0.1146,0.1204,0.1109,0.1109,0.1075,-0.13633312,0.071275525,0.037562177,0.18927614,0.20095314,-0.22384427,0.022522723,0.3108747,-0.5532213,-0.07366484,0.17230444,-0.18927614,0.030669143,0.07095183,-25.196928,-10.988393,0.11790197,4,"{""geodesic"":false,""type"":""Point"",""coordinates"":[110.40748016776277,-7.285337340127875]}"
1_1_2_25_0,0.0555,0.0495,0.0297,0.0616,0.0713,0.0755,0.0949,0.1052,0.1161,0.1103,0.1189,0.1043,-0.15796565,0.07899755,0.039407734,0.2147577,0.18046358,-0.25,0.020329555,0.28330424,-0.5757143,-0.10891089,0.18729818,-0.2147577,0.07504872,0.07611549,-19.186008,-12.21835,0.10872153,4,"{""geodesic"":false,""type"":""Point"",""coordinates"":[110.44084214879493,-7.265118018439315]}"
1_1_2_91_0,0.057,0.1116,0.07,0.0676,0.08,0.0845,0.1214,0.1576,0.1698,0.1613,0.1741,0.1703,-0.07717648,0.16533196,0.07199733,0.336925,-0.16492693,-0.22907488,0.0366708,0.40934908,-0.39472547,0.24553572,0.31244916,-0.336925,0.14113903,0.154465,-16.004585,-10.145898,0.19282481,4,"{""geodesic"":false,""type"":""Point"",""coordinates"":[110.43271515476805,-7.316666815880762]}"
1_1_2_66_0,0.0518,0.1117,0.0643,0.0532,0.0628,0.0568,0.0819,0.1405,0.1608,0.1618,0.1628,0.1902,-0.12125163,0.23785791,0.09527059,0.44078362,-0.28022924,-0.26931816,0.02257256,0.5051163,-0.43122512,-0.35476047,0.48032936,-0.44078362,0.3278621,0.21917617,-18.230188,-13.179361,0.22783217,4,"{""geodesic"":false,""type"":""Point"",""coordinates"":[110.43658507713063,-7.264750934669369]}"
1_1_2_65_0,0.0496,0.1226,0.0723,0.054,0.0637,0.0524,0.0837,0.1342,0.1592,0.1556,0.163,0.1921,-0.0899636,0.24225351,0.09075911,0.41906065,-0.31615674,-0.25808105,0.024347816,0.4847328,-0.36551118,-0.38844845,0.49615383,-0.41906065,0.30045965,0.21864407,-24.243757,-4.983785,0.21476887,4,"{""geodesic"":false,""type"":""Point"",""coordinates"":[110.43667645095883,-7.264117867668228]}"
1_1_2_84_0,0.0627,0.0883,0.0464,0.066,0.0814,0.083,0.1094,0.145,0.1612,0.1459,0.1604,0.1272,-0.1059499,0.13687006,0.06196073,0.28376594,-0.040659975,-0.31106162,0.026396161,0.37706465,-0.5174207,0.14452364,0.2747925,-0.28376594,0.14296904,0.12944162,-24.13696,-11.1917,0.16835229,4,"{""geodesic"":false,""type"":""Point"",""coordinates"":[110.41754584246281,-7.277390458012035]}"
1_1_2_2_0,0.0564,0.1548,0.1022,0.0645,0.08,0.0868,0.1169,0.1498,0.1646,0.1813,0.1728,0.1688,-0.008617145,0.19390978,0.082449004,0.387677,-0.318569,-0.20466925,0.048929732,0.4751831,-0.27901235,0.4117647,0.3524804,-0.387677,0.21596244,0.18454628,-14.698899,-5.5190663,0.23491554,4,"{""geodesic"":false,""type"":""Point"",""coordinates"":[110.42671218600378,-7.264014934295969]}"
1_1_2_163_0,0.0668,0.2982,0.2211,0.0806,0.1074,0.1218,0.16,0.2352,0.2746,0.2719,0.299,0.3289,0.08737865,0.2683808,0.118838295,0.43369365,-0.47041422,-0.1484691,0.09904369,0.54269505,-0.10304259,0.5744456,0.38125476,-0.43369365,0.25908774,0.25193018,-13.589053,-11.014214,0.33659825,4,"{""geodesic"":false,""type"":""Point"",""coordinates"":[110.45369635882217,-7.272550953973578]}"
1_1_2_90_0,0.0602,0.0459,0.0284,0.0708,0.0806,0.0896,0.111,0.1115,0.122,0.1094,0.1068,0.0947,-0.14159012,0.044354837,0.027544536,0.15157893,0.27430832,-0.23553161,0.023259964,0.21420643,-0.58780843,-0.21336763,0.09949749,-0.15157893,-0.007259543,0.04248927,-21.269712,-13.79907,0.08512202,4,"{""geodesic"":false,""type"":""Point"",""coordinates"":[110.4296369640733,-7.315034757237781]}"
1_1_2_70_0,0.0675,0.0942,0.0623,0.0681,0.078,0.079,0.1014,0.1159,0.1306,0.1194,0.1313,0.1026,-0.039645124,0.093289606,0.03770625,0.20972644,-0.09407665,-0.20383386,0.04122027,0.2736,-0.31425428,0.16081333,0.20362902,-0.20972644,0.08152175,0.08676975,-16.40958,-9.408936,0.11192728,4,"{""geodesic"":false,""type"":""Point"",""coordinates"":[110.42371307845126,-7.2716997372220415]}"
1_1_2_127_0,0.0559,0.1079,0.0706,0.0578,0.0723,0.0735,0.1104,0.1485,0.168,0.1519,0.1768,0.1693,-0.07235999,0.16905294,0.07230361,0.3550401,-0.19755825,-0.20896357,0.034161292,0.44873628,-0.36539322,0.30235368,0.34782606,-0.3550401,0.15821576,0.16211744,-14.070879,-6.615863,0.19888684,4,"{""geodesic"":false,""type"":""Point"",""coordinates"":[110.43189841928528,-7.317751235710532]}"
1_1_2_13_0,0.0472,0.2343,0.1384,0.0594,0.0703,0.0817,0.1143,0.1795,0.2164,0.2058,0.2494,0.3486,0.087405376,0.24810076,0.09705614,0.49076423,-0.538411,-0.2573115,0.05494305,0.55203617,-0.19581637,0.5955056,0.4316522,-0.49076423,0.28584817,0.23638095,-14.493571,-12.210037,0.2869838,4,"{""geodesic"":false,""type"":""Point"",""coordinates"":[110.45646433114185,-7.305932009336604]}"
1_1_2_132_0,0.0592,0.093,0.0593,0.0628,0.0764,0.0794,0.1096,0.1371,0.1637,0.1729,0.1686,0.1644,-0.15510903,0.19837902,0.09108981,0.38708386,-0.09799295,-0.2212738,0.027232042,0.46711925,-0.48923343,0.19383828,0.37059057,-0.38708386,0.22407082,0.1864283,-21.81827,-10.805859,0.2244801,4,"{""geodesic"":false,""type"":""Point"",""coordinates"":[110.441055942331,-7.3118831660174335]}"
1_1_2_192_0,0.0608,0.2372,0.1803,0.0738,0.0912,0.113,0.1322,0.1814,0.2159,0.2159,0.2361,0.2217,0.09454603,0.19192033,0.08088922,0.40605667,-0.44457978,-0.13628745,0.094367296,0.49050745,-0.08985362,0.52540195,0.31286106,-0.40605667,0.24044816,0.18621065,-16.009794,-8.186451,0.26991263,4,"{""geodesic"":false,""type"":""Point"",""coordinates"":[110.41566664511923,-7.259478143554175]}"
1_1_2_199_0,0.0659,0.1842,0.1307,0.0763,0.089,0.1009,0.1333,0.155,0.1767,0.1687,0.1907,0.2138,0.07564612,0.14103256,0.053037524,0.30927432,-0.34846267,-0.16989519,0.07817209,0.37714282,-0.12692046,0.41420344,0.25148365,-0.30927432,0.117218524,0.13214655,-14.879917,-5.183567,0.18604025,4,"{""geodesic"":false,""type"":""Point"",""coordinates"":[110.4222684312265,-7.2679892799265895]}"
1_1_2_188_0,0.0556,0.1151,0.0717,0.0654,0.0772,0.0833,0.1133,0.1334,0.1523,0.1456,0.1583,0.1681,-0.030776758,0.13486016,0.056664392,0.3070018,-0.19708785,-0.23233403,0.041020673,0.38009483,-0.34008285,0.27534628,0.27217126,-0.3070018,0.124758616,0.1282069,-22.040115,-9.505503,0.16919833,4,"{""geodesic"":false,""type"":""Point"",""coordinates"":[110.41058451349781,-7.266707891003637]}"
1_1_2_147_0,0.0566,0.0475,0.0258,0.059,0.0751,0.0807,0.1014,0.1101,0.1189,0.115,0.1151,0.1427,-0.15155526,0.07413331,0.040183723,0.20988956,0.22512233,-0.29604363,0.01810487,0.3218391,-0.63352275,-0.10798123,0.17526826,-0.20988956,0.062846586,0.07395429,-22.179516,-8.223707,0.12462908,4,"{""geodesic"":false,""type"":""Point"",""coordinates"":[110.45576078379543,-7.288382987376001]}"
1_1_2_172_0,0.0581,0.1296,0.0836,0.0648,0.0742,0.0842,0.1091,0.1191,0.1311,0.1247,0.1302,0.1966,0.060252916,0.08851298,0.03245419,0.25389645,-0.27183518,-0.21575986,0.056448437,0.316095,-0.19731158,0.33333334,0.19387266,-0.25389645,0.066723704,0.085696146,-16.313875,-6.5330553,0.13031182,4,"{""geodesic"":false,""type"":""Point"",""coordinates"":[110.43060951216931,-7.262301210272006]}"
1_1_2_26_0,0.0549,0.2416,0.1623,0.0656,0.0744,0.0822,0.1183,0.206,0.2347,0.1954,0.2654,0.2106,0.10738715,0.23650344,0.08495105,0.44848037,-0.52911395,-0.19633572,0.06827564,0.497318,-0.09253563,0.5729167,0.40778098,-0.44848037,0.24577622,0.2183642,-17.828064,-10.673739,0.25584757,4,"{""geodesic"":false,""type"":""Point"",""coordinates"":[110.43721591184493,-7.26737489376332]}"
1_1_2_197_0,0.0634,0.1147,0.0659,0.0772,0.0948,0.1007,0.1295,0.1372,0.1477,0.1427,0.1483,0.1061,-0.010337719,0.089904964,0.039518915,0.2016842,-0.09498804,-0.27021042,0.04650406,0.29786265,-0.36816877,0.19541425,0.17255548,-0.2016842,0.04849376,0.08474577,-19.868404,-9.098348,0.13647729,4,"{""geodesic"":false,""type"":""Point"",""coordinates"":[110.42869809065108,-7.2695351462526]}"
1_1_2_142_0,0.0569,0.3197,0.2362,0.0816,0.1078,0.1318,0.1865,0.2386,0.2687,0.2685,0.2924,0.2407,0.126497,0.23612936,0.10340027,0.4270529,-0.49567252,-0.15020686,0.11594473,0.53384745,-0.06399841,0.5933217,0.3414939,-0.4270529,0.18021978,0.22775742,-15.699681,-10.225119,0.32978472,4,"{""geodesic"":false,""type"":""Point"",""coordinates"":[110.45520991600914,-7.294442777010222]}"
1_1_2_111_0,0.0571,0.0936,0.0662,0.0612,0.0748,0.0832,0.1164,0.139,0.1585,0.152,0.1628,0.182,-0.09333333,0.14427109,0.0669569,0.340388,-0.11163894,-0.1714643,0.03623579,0.42589116,-0.3932172,0.2093023,0.29251698,-0.340388,0.13263784,0.14036995,-14.433213,-6.056284,0.19097027,4,"{""geodesic"":false,""type"":""Point"",""coordinates"":[110.41701316898465,-7.268977549514286]}"
1_1_2_165_0,0.0498,0.0252,0.014,0.0514,0.0508,0.045,0.0557,0.0742,0.0858,0.0795,0.0767,0.1241,-0.30183986,0.08947094,0.03800896,0.22026092,0.3368421,-0.28571427,0.007924529,0.21466768,-0.70053476,0.34203655,0.2771084,-0.22026092,0.17603548,0.08286628,-22.964008,-11.67883,0.06680932,4,"{""geodesic"":false,""type"":""Point"",""coordinates"":[110.4504375265202,-7.270647469398642]}"
1_1_2_49_0,0.0557,0.0762,0.054,0.0615,0.0731,0.0818,0.0998,0.1047,0.1168,0.1103,0.1108,0.1575,-0.041843537,0.062508225,0.029492432,0.20283532,-0.020763565,-0.17050691,0.040047146,0.2840512,-0.34266582,0.106753804,0.14836022,-0.20283532,0.04997619,0.061768528,-16.067764,-6.3832893,0.10896099,4,"{""geodesic"":false,""type"":""Point"",""coordinates"":[110.45773722634553,-7.302134451530259]}"
1_1_2_23_0,0.0604,0.1291,0.0854,0.067,0.0768,0.0842,0.1088,0.1252,0.1444,0.1484,0.1601,0.1237,-0.0048985267,0.13943183,0.05624279,0.31793958,-0.25400677,-0.20372958,0.04845472,0.37790155,-0.26946107,0.31667513,0.27601027,-0.31793958,0.15396577,0.13144961,-18.34394,-9.833855,0.17067373,4,"{""geodesic"":false,""type"":""Point"",""coordinates"":[110.43667205780376,-7.26764558165478]}"
1_1_2_81_0,0.0575,0.058,0.0326,0.0691,0.0767,0.0816,0.1005,0.1113,0.1233,0.1218,0.1148,0.1108,-0.15521936,0.091936134,0.0443824,0.22720401,0.13882706,-0.2803532,0.021840395,0.27606076,-0.5777202,-0.08733282,0.19764009,-0.22720401,0.095816456,0.08572646,-22.779518,-10.728789,0.11441597,4,"{""geodesic"":false,""type"":""Point"",""coordinates"":[110.41773039922867,-7.274767528910478]}"
1_1_2_44_0,0.0602,0.0949,0.0588,0.0711,0.0886,0.0926,0.115,0.1415,0.1518,0.1265,0.1419,0.1913,-0.026226934,0.073769405,0.033492386,0.17619708,-0.0343324,-0.23487312,0.043042533,0.28036436,-0.36535347,0.1433735,0.15472384,-0.17619708,0.04761903,0.07071338,-20.707644,-11.153045,0.11912271,4,"{""geodesic"":false,""type"":""Point"",""coordinates"":[110.41346363934912,-7.281817433118066]}"
1_1_2_28_0,0.0578,0.1388,0.0857,0.0666,0.0764,0.0855,0.1099,0.1254,0.1448,0.1281,0.1514,0.1871,0.07064439,0.0932901,0.033154137,0.25281173,-0.28996283,-0.23652561,0.057200238,0.31587052,-0.19831617,0.3515092,0.19943817,-0.25281173,0.07647056,0.08954594,-13.228366,-5.084079,0.13279112,4,"{""geodesic"":false,""type"":""Point"",""coordinates"":[110.4286142464506,-7.264198241747405]}"
1_1_2_116_0,0.0613,0.1726,0.1211,0.0705,0.0894,0.0971,0.1364,0.172,0.1936,0.2046,0.2122,0.2419,-0.009911912,0.21355638,0.09411986,0.39183673,-0.31755725,-0.175349,0.057472188,0.48745912,-0.2563709,0.41999176,0.35631424,-0.39183673,0.20000002,0.2011351,-13.927433,-6.8060718,0.2595149,4,"{""geodesic"":false,""type"":""Point"",""coordinates"":[110.42408890015625,-7.261117079282346]}"
1_1_2_41_0,0.0578,0.0982,0.0765,0.0622,0.075,0.0852,0.1112,0.1254,0.1415,0.1323,0.1388,0.1511,-0.029372863,0.1000425,0.04479614,0.276411,-0.13394918,-0.12421295,0.049265303,0.36041135,-0.2672414,0.22443892,0.21655175,-0.276411,0.086652994,0.09846692,-13.287063,-6.159736,0.1514039,4,"{""geodesic"":false,""type"":""Point"",""coordinates"":[110.43368679559671,-7.264385509338147]}"
1_1_2_37_0,0.0548,0.1997,0.1229,0.0562,0.068,0.0728,0.1117,0.215,0.265,0.2034,0.287,0.2044,0.02424356,0.26790842,0.10811071,0.4988946,-0.4919686,-0.2380657,0.04398781,0.5670262,-0.24670549,0.5607659,0.47284576,-0.4988946,0.29101872,0.2523834,-12.500234,-7.6777935,0.2906793,4,"{""geodesic"":false,""type"":""Point"",""coordinates"":[110.41264057058217,-7.287786323277627]}"
1_1_2_11_0,0.0491,0.1973,0.1181,0.0592,0.0746,0.0722,0.1157,0.2153,0.2568,0.2151,0.2828,0.3249,-0.00882678,0.29664537,0.120729715,0.48498446,-0.45126882,-0.2511097,0.03964119,0.5683558,-0.29111645,-0.53840154,0.4973895,-0.48498446,0.30048367,0.27225962,-16.415668,-8.465154,0.30201474,4,"{""geodesic"":false,""type"":""Point"",""coordinates"":[110.45709848951533,-7.305932772764902]}"
1_1_2_40_0,0.0561,0.0796,0.0526,0.065,0.0767,0.0828,0.107,0.1247,0.1383,0.1321,0.1411,0.1141,-0.09652294,0.10798142,0.049867105,0.26532567,-0.018554043,-0.204236,0.032969568,0.34043634,-0.43042773,0.1009682,0.22940902,-0.26532567,0.104977004,0.10344104,-26.602674,-13.117839,0.14438388,4,"{""geodesic"":false,""type"":""Point"",""coordinates"":[110.41609889494435,-7.275489061406459]}"
1_1_2_10_0,0.0479,0.1941,0.1301,0.0636,0.0789,0.0987,0.1169,0.1748,0.2073,0.2279,0.2238,0.2771,0.0022248966,0.24048842,0.112293154,0.4856584,-0.42197803,-0.19740903,0.05634432,0.56363636,-0.27318436,0.5064028,0.39559093,-0.4856584,0.32192576,0.23445438,-15.794275,-9.574805,0.3113708,4,"{""geodesic"":false,""type"":""Point"",""coordinates"":[110.45655569008309,-7.305298937992303]}"
1_1_2_100_0,0.0576,0.0503,0.0298,0.058,0.0708,0.0711,0.1016,0.1198,0.1355,0.1366,0.1291,0.084,-0.2316456,0.14514272,0.069186196,0.31726134,0.16928159,-0.25593007,0.015510833,0.40390548,-0.6418269,-0.071098804,0.31535873,-0.31726134,0.14693536,0.13883002,-20.105513,-12.3477545,0.169738,4,"{""geodesic"":false,""type"":""Point"",""coordinates"":[110.40685163191277,-7.281085187404312]}"
1_1_2_130_0,0.0626,0.2985,0.2338,0.0886,0.1126,0.1384,0.1695,0.2052,0.2274,0.2355,0.2442,0.2536,0.14822604,0.17321962,0.06872699,0.35305947,-0.45220143,-0.12154801,0.13740094,0.45325515,-0.0036224143,0.54223716,0.25969508,-0.35305947,0.16296294,0.16666666,-17.13166,-7.4603944,0.2673826,4,"{""geodesic"":false,""type"":""Point"",""coordinates"":[110.43923884982935,-7.316041802628864]}"
1_1_2_15_0,0.0492,0.1622,0.1061,0.0548,0.0677,0.0674,0.1062,0.1515,0.1853,0.145,0.1913,0.3376,0.069399185,0.17041461,0.060799487,0.36342266,-0.4110483,-0.2090943,0.04931821,0.45145145,-0.15491834,-0.4949309,0.36534837,-0.36342266,0.15445858,0.16339134,-13.959016,-8.618821,0.19334094,4,"{""geodesic"":false,""type"":""Point"",""coordinates"":[110.45447115271695,-7.306020058507635]}"
1_1_2_107_0,0.0677,0.3486,0.2628,0.1038,0.131,0.168,0.2309,0.2716,0.3062,0.3074,0.3344,0.301,0.11360208,0.22675514,0.107393965,0.40237224,-0.45371142,-0.14033365,0.14362526,0.49513617,-0.07821813,0.5411141,0.29322675,-0.40237224,0.14211404,0.21437357,-13.89257,-9.207365,0.3351624,4,"{""geodesic"":false,""type"":""Point"",""coordinates"":[110.41519828986353,-7.271417470600454]}"
1_1_2_7_0,0.0698,0.0645,0.0435,0.0747,0.0874,0.0875,0.1132,0.1192,0.1339,0.1223,0.1339,0.1409,-0.12893984,0.080033116,0.03887607,0.16642824,0.15075709,-0.19444443,0.03112224,0.24162437,-0.47527143,-0.07327587,0.16587226,-0.16642824,0.038641185,0.07354184,-19.854761,-10.727307,0.10243902,4,"{""geodesic"":false,""type"":""Point"",""coordinates"":[110.42987867790316,-7.267184822137656]}"
1_1_2_22_0,0.0694,0.1565,0.1142,0.0782,0.0932,0.0958,0.1272,0.153,0.1612,0.1445,0.1596,0.2126,0.062315777,0.10747706,0.03794272,0.21581827,-0.25350422,-0.15626152,0.07571183,0.29770994,-0.11712407,0.3336174,0.20266336,-0.21581827,0.063673176,0.09867622,-16.920872,-8.672551,0.13760898,4,"{""geodesic"":false,""type"":""Point"",""coordinates"":[110.42199470789942,-7.269526651009149]}"
1_1_2_103_0,0.0556,0.0716,0.041,0.0626,0.0728,0.0766,0.102,0.116,0.1249,0.1201,0.1317,0.1066,-0.104261115,0.097955324,0.0443861,0.24520475,0.008310286,-0.2717584,0.026149876,0.31472358,-0.49099937,0.067064054,0.22114895,-0.24520475,0.081494816,0.0936558,-23.74747,-9.707652,0.1263366,4,"{""geodesic"":false,""type"":""Point"",""coordinates"":[110.40821389452029,-7.278463808489835]}"
1_1_2_164_0,0.0645,0.2362,0.1652,0.0756,0.0968,0.1048,0.1465,0.2169,0.2584,0.2611,0.2787,0.3087,0.00634501,0.2953738,0.13301322,0.45906678,-0.41861862,-0.17688094,0.066307776,0.55093557,-0.22495896,0.5150738,0.42716587,-0.45906678,0.281158,0.27075875,-17.008516,-6.7270894,0.33255646,4,"{""geodesic"":false,""type"":""Point"",""coordinates"":[110.45442018364129,-7.273275462450008]}"
1_1_2_95_0,0.052,0.0539,0.0362,0.0579,0.0749,0.0866,0.1142,0.1257,0.1356,0.1088,0.1286,0.1473,-0.08528647,0.04647658,0.027995113,0.18454,0.16304348,-0.19644837,0.028813604,0.30533895,-0.5006896,-0.03577818,0.11361312,-0.18454,-0.02421524,0.047886115,-27.14873,-15.31944,0.114519276,4,"{""geodesic"":false,""type"":""Point"",""coordinates"":[110.4075629137839,-7.291307399569757]}"
1_1_2_67_0,0.0595,0.0781,0.0425,0.0684,0.0717,0.0789,0.1047,0.1121,0.1267,0.1154,0.1315,0.1629,-0.078638494,0.0848206,0.036641777,0.23356494,-0.04272366,-0.29519072,0.029057626,0.25571272,-0.4616846,0.0662116,0.18785383,-0.23356494,0.04861427,0.0788564,-17.081236,-9.673419,0.103100315,4,"{""geodesic"":false,""type"":""Point"",""coordinates"":[110.4423827733578,-7.264577187880058]}"
1_1_2_193_0,0.0629,0.2872,0.2072,0.0843,0.1104,0.1148,0.1714,0.2507,0.2767,0.2839,0.3028,0.2798,0.043884724,0.31537914,0.13854717,0.4400203,-0.44466802,-0.16181229,0.083785,0.5420967,-0.15617998,0.5461642,0.4241284,-0.4400203,0.24708982,0.28224102,-14.918338,-9.57455,0.3448514,4,"{""geodesic"":false,""type"":""Point"",""coordinates"":[110.41738692818281,-7.260113532651782]}"
1_1_2_148_0,0.0594,0.0691,0.0407,0.0713,0.0888,0.0956,0.1288,0.1368,0.1519,0.1352,0.1493,0.1337,-0.11260774,0.08432348,0.044296335,0.20714284,0.1247625,-0.2586521,0.028778996,0.3094431,-0.53723705,-0.015669515,0.1715771,-0.20714284,0.024242401,0.081280775,-24.121729,-8.1805525,0.13566878,4,"{""geodesic"":false,""type"":""Point"",""coordinates"":[110.45558058557485,-7.2875686796647905]}"
1_1_2_139_0,0.0546,0.1118,0.0691,0.058,0.0744,0.0784,0.1109,0.1598,0.1816,0.212,0.1924,0.1609,-0.17340286,0.26775694,0.12768084,0.48044693,-0.2008593,-0.23604201,0.025553962,0.5703704,-0.50836,0.31684336,0.46005508,-0.48044693,0.31310004,0.2535425,-16.660295,-6.9739842,0.3,4,"{""geodesic"":false,""type"":""Point"",""coordinates"":[110.4593667107656,-7.30313140568198]}"
1_1_2_54_0,0.0532,0.0371,0.0237,0.061,0.07,0.0662,0.0872,0.1114,0.1287,0.1026,0.1085,0.1489,-0.22592731,0.08730691,0.041557115,0.18887602,0.30718955,-0.2203947,0.015291814,0.25427872,-0.6247031,0.24362898,0.21563978,-0.18887602,0.081138045,0.08163875,-25.63591,-15.24893,0.09403255,4,"{""geodesic"":false,""type"":""Point"",""coordinates"":[110.45312674601948,-7.294078443097554]}"
1_2_129_0,0.0459,0.1497,0.0749,0.0473,0.0596,0.041,0.0848,0.2313,0.3191,0.3152,0.3369,0.3251,-0.31055677,0.56819594,0.25493613,0.68196374,-0.43048257,-0.3330365,0.009742703,0.7390345,-0.6159959,-0.51979697,0.76979226,-0.68196374,0.576,0.48037842,-17.425817,-14.027721,0.46591306,3,"{""geodesic"":false,""type"":""Point"",""coordinates"":[110.45520575888757,-7.297880043027876]}"
1_2_105_0,0.056,0.1765,0.1003,0.0526,0.0684,0.0496,0.1097,0.2592,0.3524,0.3635,0.3851,0.2575,-0.295858,0.6195721,0.2914107,0.68326,-0.4414046,-0.275289,0.0136860525,0.7471762,-0.567486,-0.54081184,0.75986445,-0.68326,0.5363483,0.51566094,-17.129404,-11.948918,0.50906014,3,"{""geodesic"":false,""type"":""Point"",""coordinates"":[110.41701876534421,-7.264635762860963]}"
1_2_59_0,0.0545,0.1387,0.0792,0.0412,0.05,0.0379,0.077,0.1915,0.2226,0.2179,0.2471,0.2379,-0.18935047,0.39602217,0.16213617,0.6267264,-0.47005826,-0.273061,0.013775494,0.6819761,-0.46684617,-0.54196775,0.70367473,-0.6267264,0.47778907,0.35723734,-12.472495,-6.013113,0.34916347,3,"{""geodesic"":false,""type"":""Point"",""coordinates"":[110.41986655100504,-7.304258270696935]}"
1_2_84_0,0.0473,0.1569,0.081,0.0474,0.0572,0.0387,0.0866,0.2354,0.3341,0.3499,0.3498,0.3222,-0.3401923,0.63427365,0.29025254,0.71898794,-0.46567026,-0.3190416,0.008958845,0.7613894,-0.6240427,-0.5359765,0.80082345,-0.71898794,0.60320735,0.5253207,-18.752378,-13.906157,0.5056837,3,"{""geodesic"":false,""type"":""Point"",""coordinates"":[110.43606947301825,-7.314861943678564]}"
1_2_154_0,0.05,0.1619,0.0852,0.0416,0.0585,0.0378,0.0849,0.2015,0.2646,0.2345,0.2905,0.2955,-0.16057168,0.42786914,0.17470694,0.6006826,-0.469147,-0.31040066,0.01373373,0.6986599,-0.46700034,-0.5911548,0.722365,-0.6006826,0.46837822,0.38204068,-13.562685,-8.143565,0.37282568,3,"{""geodesic"":false,""type"":""Point"",""coordinates"":[110.43016080072938,-7.258953839300697]}"
1_2_20_0,0.045,0.1403,0.0654,0.0508,0.065,0.0441,0.0966,0.2309,0.2599,0.2624,0.289,0.3217,-0.25884244,0.47622162,0.20125139,0.6029322,-0.36678034,-0.36412254,0.010991387,0.67560667,-0.6009762,-0.4683412,0.7122349,-0.6029322,0.46183845,0.40601364,-15.095763,-8.451965,0.3903099,3,"{""geodesic"":false,""type"":""Point"",""coordinates"":[110.42360944805084,-7.281920918955015]}"
1_2_155_0,0.0491,0.2058,0.1135,0.0558,0.0778,0.0538,0.1201,0.2876,0.3444,0.3234,0.3703,0.3362,-0.18722604,0.548994,0.24266247,0.6121635,-0.45133993,-0.28906983,0.018881572,0.7056962,-0.4804303,-0.5733945,0.71474016,-0.6121635,0.4583991,0.4610123,-14.786462,-5.564695,0.4565514,3,"{""geodesic"":false,""type"":""Point"",""coordinates"":[110.42997758234306,-7.260581786145818]}"
1_2_47_0,0.0533,0.1671,0.0887,0.0468,0.0564,0.0366,0.0805,0.2248,0.3177,0.324,0.3178,0.2549,-0.29086164,0.6024652,0.26427272,0.70347005,-0.495302,-0.30648947,0.010019815,0.74757284,-0.5701478,-0.5624123,0.797005,-0.70347005,0.60197777,0.5009296,-14.914788,-9.621165,0.47749197,3,"{""geodesic"":false,""type"":""Point"",""coordinates"":[110.45233075068555,-7.2781574875204225]}"
1_2_159_0,0.0544,0.2045,0.0987,0.0542,0.0692,0.0436,0.1005,0.287,0.3604,0.3653,0.3855,0.3709,-0.25674054,0.6590052,0.2931852,0.68147296,-0.49433687,-0.3489446,0.011780236,0.7415971,-0.574569,-0.58098185,0.78674495,-0.68147296,0.5684843,0.5309165,-12.674793,-10.366545,0.50750405,3,"{""geodesic"":false,""type"":""Point"",""coordinates"":[110.44121320164396,-7.258063030037267]}"
1_2_18_0,0.054,0.113,0.08,0.055,0.0697,0.0579,0.1005,0.1447,0.1666,0.175,0.1614,0.1699,-0.1474183,0.2637625,0.10733514,0.43032283,-0.23700052,-0.17098446,0.026468571,0.5217391,-0.37254903,-0.3452381,0.50279087,-0.43032283,0.27041742,0.23966435,-18.20761,-11.880644,0.24657534,3,"{""geodesic"":false,""type"":""Point"",""coordinates"":[110.41754210869786,-7.280284981187767]}"
1_2_125_0,0.048,0.1589,0.0875,0.0412,0.0562,0.0331,0.088,0.2204,0.299,0.3387,0.3244,0.3096,-0.32855394,0.6219979,0.28330564,0.71537095,-0.4774523,-0.28977272,0.008551078,0.7831008,-0.5893946,-0.5882059,0.8219473,-0.71537095,0.5875322,0.5258087,-15.578684,-7.045306,0.5071599,3,"{""geodesic"":false,""type"":""Point"",""coordinates"":[110.45466778885799,-7.2932662146404095]}"
1_2_176_0,0.054,0.2092,0.1077,0.0461,0.0629,0.0405,0.0878,0.2571,0.3449,0.3956,0.3875,0.3411,-0.2776974,0.68666124,0.32520288,0.72562706,-0.53766996,-0.3202903,0.01102591,0.791261,-0.57202464,-0.63885623,0.8142628,-0.72562706,0.63673973,0.5690097,-9.349918,-6.5549765,0.55670595,3,"{""geodesic"":false,""type"":""Point"",""coordinates"":[110.46343986119366,-7.306121266941533]}"
1_2_189_0,0.0516,0.1598,0.0867,0.0539,0.0719,0.0549,0.1079,0.2604,0.2953,0.3031,0.3078,0.2758,-0.24890676,0.5051903,0.22960956,0.61653334,-0.37936985,-0.2965517,0.015703829,0.69803923,-0.55515647,-0.4955545,0.6932961,-0.61653334,0.47493917,0.43391606,-16.756474,-5.5301757,0.4361727,3,"{""geodesic"":false,""type"":""Point"",""coordinates"":[110.42583276486663,-7.314396748895883]}"
1_2_32_0,0.0573,0.1562,0.092,0.0474,0.0616,0.0444,0.1011,0.2281,0.3026,0.3403,0.3095,0.2921,-0.318035,0.5912324,0.27608675,0.69345605,-0.43434346,-0.2586624,0.012003526,0.755481,-0.57436967,-0.53438115,0.76917076,-0.69345605,0.5419121,0.5016955,-19.060457,-9.683419,0.4949307,3,"{""geodesic"":false,""type"":""Point"",""coordinates"":[110.42117896894901,-7.269887426822223]}"
1_2_16_0,0.0535,0.1734,0.1076,0.0612,0.0772,0.0665,0.1131,0.1987,0.2136,0.251,0.2249,0.2114,-0.13095452,0.38727957,0.16555512,0.52955514,-0.38387868,-0.23416369,0.028507572,0.6079436,-0.39988843,-0.47826087,0.5811024,-0.52955514,0.37874207,0.3385321,-12.243915,-7.2719655,0.3505294,3,"{""geodesic"":false,""type"":""Point"",""coordinates"":[110.41663657657931,-7.280012453485874]}"
1_2_118_0,0.0536,0.1717,0.0959,0.0578,0.0803,0.0553,0.1247,0.2618,0.3052,0.3235,0.3342,0.2949,-0.25365773,0.5487805,0.24757154,0.60227835,-0.3626984,-0.2832586,0.016393416,0.69682664,-0.54268,-0.49629632,0.70802534,-0.60227835,0.443552,0.45778334,-13.635623,-4.6180367,0.45222968,3,"{""geodesic"":false,""type"":""Point"",""coordinates"":[110.45513691797305,-7.27987950881529]}"
1_2_89_0,0.0361,0.1351,0.061,0.0392,0.049,0.0316,0.0723,0.1978,0.2648,0.2832,0.2844,0.2992,-0.3183398,0.5335935,0.23325767,0.704997,-0.46768063,-0.37786844,0.006806497,0.75682384,-0.6455549,-0.5502008,0.7992376,-0.704997,0.59324896,0.46318114,-15.810023,-12.941546,0.4450389,3,"{""geodesic"":false,""type"":""Point"",""coordinates"":[110.41605987940565,-7.305610169755576]}"
1_2_83_0,0.0464,0.1217,0.062,0.0458,0.0563,0.0432,0.0805,0.2018,0.2789,0.2689,0.29,0.2843,-0.31234363,0.47632113,0.21178819,0.65375155,-0.36741573,-0.3249864,0.00996058,0.7089291,-0.62526447,-0.4531343,0.72316563,-0.65375155,0.5392101,0.41688216,-20.914722,-7.4925456,0.4107647,3,"{""geodesic"":false,""type"":""Point"",""coordinates"":[110.43679264975941,-7.316129206072193]}"
1_2_6_0,0.0409,0.0511,0.0258,0.0409,0.042,0.0306,0.0487,0.0898,0.1122,0.1017,0.1131,0.1027,-0.27151138,0.18164632,0.06746698,0.41544884,-0.097744375,-0.32899868,0.007762832,0.42636746,-0.5952941,-0.11086958,0.53741497,-0.41544884,0.35239363,0.16866994,-13.729757,-8.715487,0.14192344,3,"{""geodesic"":false,""type"":""Point"",""coordinates"":[110.44863108355571,-7.266303459475653]}"
1_2_94_0,0.0523,0.0883,0.0488,0.0502,0.0643,0.0472,0.0843,0.1617,0.1991,0.1969,0.1978,0.1825,-0.29168844,0.3391174,0.14241622,0.50765693,-0.1572739,-0.28811085,0.011698121,0.59368676,-0.6027676,-0.27509025,0.6132732,-0.50765693,0.40042675,0.30177394,-21.178999,-10.711828,0.2945389,3,"{""geodesic"":false,""type"":""Point"",""coordinates"":[110.40975648756849,-7.276475836103553]}"
1_2_46_0,0.0548,0.213,0.1303,0.0657,0.0871,0.0722,0.1321,0.2383,0.2766,0.2685,0.3054,0.3049,-0.07910882,0.40593076,0.17134735,0.5101237,-0.41952682,-0.24089718,0.03503784,0.60682225,-0.34653962,-0.5285253,0.5761667,-0.5101237,0.34048927,0.35024384,-18.79344,-7.819206,0.36466074,3,"{""geodesic"":false,""type"":""Point"",""coordinates"":[110.45160571395692,-7.278427973784711]}"
1_2_117_0,0.0546,0.1899,0.1048,0.0594,0.0814,0.0585,0.1119,0.2408,0.283,0.304,0.301,0.283,-0.18796992,0.5074411,0.22221321,0.5775817,-0.39992628,-0.28876823,0.020167107,0.6730875,-0.48727983,-0.5234657,0.6772414,-0.5775817,0.46188986,0.4269565,-14.152603,-11.989501,0.42494786,3,"{""geodesic"":false,""type"":""Point"",""coordinates"":[110.45404908685903,-7.280511380374327]}"
1_2_39_0,0.0509,0.1568,0.0845,0.0502,0.0677,0.0412,0.1024,0.2835,0.3448,0.3552,0.3573,0.252,-0.34371892,0.6403459,0.2935133,0.6798298,-0.39688197,-0.29962704,0.009801239,0.75234336,-0.615647,-0.51497585,0.79212916,-0.6798298,0.55244756,0.5254351,-14.957487,-6.9819613,0.50530154,3,"{""geodesic"":false,""type"":""Point"",""coordinates"":[110.42932796951085,-7.272882745246377]}"
1_2_131_0,0.0543,0.1284,0.0633,0.0462,0.051,0.0344,0.0745,0.2012,0.2827,0.2976,0.2907,0.2305,-0.35728386,0.56846654,0.24654128,0.70740104,-0.43143812,-0.3395931,0.0073169353,0.7312391,-0.64921033,-0.4707904,0.7927711,-0.70740104,0.59957004,0.47451922,-20.021227,-12.843885,0.44690686,3,"{""geodesic"":false,""type"":""Point"",""coordinates"":[110.45592448576221,-7.302855906469719]}"
1_2_100_0,0.0476,0.1126,0.0557,0.044,0.0538,0.0374,0.0721,0.1937,0.2751,0.2706,0.2912,0.276,-0.35428324,0.50042915,0.21987301,0.6683107,-0.35336536,-0.33808675,0.0076983743,0.7202797,-0.6585964,-0.43805873,0.75714284,-0.6683107,0.5792238,0.43292078,-17.859215,-13.036639,0.41726,3,"{""geodesic"":false,""type"":""Point"",""coordinates"":[110.4064034473603,-7.277466447134504]}"
1_2_13_0,0.045,0.1579,0.0758,0.0492,0.0674,0.0398,0.0994,0.2874,0.3861,0.4083,0.3979,0.3217,-0.39652014,0.7207965,0.34757027,0.71662813,-0.40168664,-0.3513051,0.0073887827,0.78491807,-0.68684155,-0.52486724,0.8223611,-0.71662813,0.6084302,0.5830081,-13.9215975,-8.158796,0.56255877,3,"{""geodesic"":false,""type"":""Point"",""coordinates"":[110.42315685132753,-7.281648980231724]}"
1_2_88_0,0.0355,0.141,0.06,0.0347,0.0476,0.0299,0.0719,0.2157,0.2799,0.2641,0.3144,0.325,-0.27230144,0.49482355,0.21451078,0.6945781,-0.495228,-0.4029851,0.0067928815,0.7677376,-0.6297439,-0.60500854,0.7965986,-0.6945781,0.5720238,0.4424433,-13.299676,-8.894327,0.43077114,3,"{""geodesic"":false,""type"":""Point"",""coordinates"":[110.41533242841503,-7.307689666478715]}"
1_2_173_0,0.0397,0.1211,0.063,0.0422,0.0494,0.0324,0.0642,0.1941,0.2753,0.2561,0.2897,0.2736,-0.32049578,0.49316576,0.20798054,0.67659575,-0.42052785,-0.31558934,0.007970325,0.71706337,-0.60513943,-0.48315984,0.77538997,-0.67659575,0.5991258,0.42555484,-16.186022,-9.851087,0.40191656,3,"{""geodesic"":false,""type"":""Point"",""coordinates"":[110.46344644015133,-7.300603544661875]}"
1_2_170_0,0.0438,0.2203,0.1136,0.0476,0.0762,0.048,0.1204,0.2612,0.303,0.2902,0.3325,0.3406,-0.114667535,0.49582377,0.2116649,0.58406115,-0.48600337,-0.31955677,0.0187898,0.7181764,-0.4373452,-0.64464355,0.71614426,-0.58406115,0.41354114,0.43342876,-16.678093,-7.058201,0.43435186,3,"{""geodesic"":false,""type"":""Point"",""coordinates"":[110.4605512551641,-7.297434185395479]}"
1_2_9_0,0.0445,0.0639,0.041,0.0408,0.0463,0.0336,0.0616,0.109,0.1274,0.1341,0.1296,0.1037,-0.28414097,0.24400313,0.09513023,0.48669624,-0.15970962,-0.21830314,0.01027293,0.5334477,-0.5316962,-0.22063036,0.59928447,-0.48669624,0.370465,0.22577506,-12.67976,-5.846204,0.20736405,3,"{""geodesic"":false,""type"":""Point"",""coordinates"":[110.44908522521405,-7.2653090113865195]}"
1_2_26_0,0.0662,0.1707,0.1088,0.0598,0.0773,0.0687,0.1328,0.2204,0.2354,0.2452,0.2486,0.2133,-0.12049962,0.36500123,0.1584235,0.52062017,-0.3766129,-0.2214669,0.030483525,0.60786885,-0.3853107,-0.48112798,0.56228095,-0.52062017,0.2973545,0.32528564,-16.354322,-8.7167845,0.34546584,3,"{""geodesic"":false,""type"":""Point"",""coordinates"":[110.42181237867925,-7.270430959565122]}"
1_2_196_0,0.059,0.1613,0.103,0.0468,0.0566,0.0428,0.0954,0.2025,0.2449,0.253,0.2669,0.2289,-0.18991861,0.45348632,0.18919936,0.6343669,-0.48049563,-0.22058268,0.017424507,0.6877919,-0.4213483,-0.55021626,0.7106153,-0.6343669,0.4523536,0.39620507,-15.782122,-8.429378,0.38672167,3,"{""geodesic"":false,""type"":""Point"",""coordinates"":[110.40629667439656,-7.2897680243870235]}"
1_2_52_0,0.0521,0.1237,0.0644,0.0459,0.0606,0.0436,0.0887,0.2236,0.3008,0.3086,0.3284,0.2209,-0.35875815,0.5403972,0.25080463,0.67172265,-0.34237656,-0.31525782,0.009098639,0.74104375,-0.6546917,-0.45872644,0.7524134,-0.67172265,0.55348605,0.4664398,-17.708166,-12.764535,0.4611469,3,"{""geodesic"":false,""type"":""Point"",""coordinates"":[110.41664487137068,-7.2735902306504965]}"
1_2_25_0,0.059,0.1747,0.1149,0.056,0.0692,0.0571,0.1048,0.2065,0.2307,0.3031,0.2518,0.208,-0.21543406,0.5017541,0.22515886,0.62825674,-0.43255433,-0.20649172,0.02164563,0.68810916,-0.4502392,-0.514521,0.6829539,-0.62825674,0.48614857,0.42896998,-19.92298,-8.251331,0.43143988,3,"{""geodesic"":false,""type"":""Point"",""coordinates"":[110.42190203963561,-7.271154706688274]}"
1_2_38_0,0.0509,0.1568,0.0845,0.0528,0.0744,0.0437,0.1024,0.2835,0.3448,0.3615,0.3573,0.252,-0.34775537,0.6471451,0.29775634,0.6586373,-0.35640138,-0.29962704,0.010214799,0.74511224,-0.6210762,-0.49618322,0.784304,-0.6586373,0.55852556,0.52662396,-14.312177,-6.6731935,0.50645304,3,"{""geodesic"":false,""type"":""Point"",""coordinates"":[110.42941855650007,-7.272882859294793]}"
1_2_19_0,0.0506,0.174,0.09,0.0536,0.0734,0.0486,0.1096,0.2791,0.367,0.294,0.3942,0.3584,-0.21922134,0.5183339,0.22317655,0.6004355,-0.40662894,-0.31818178,0.014877551,0.69159955,-0.53125,-0.52899826,0.7162872,-0.6004355,0.45688802,0.43686208,-15.777509,-5.401318,0.42543653,3,"{""geodesic"":false,""type"":""Point"",""coordinates"":[110.41926258818582,-7.280829915222336]}"
1_2_182_0,0.0457,0.1284,0.063,0.0436,0.0534,0.0352,0.0722,0.2004,0.2801,0.2698,0.2915,0.2546,-0.31404614,0.50823224,0.21808305,0.6695545,-0.41254127,-0.34169278,0.008219422,0.72176135,-0.6213942,-0.49302325,0.76918036,-0.6695545,0.5777778,0.43714288,-19.726807,-14.407626,0.41713795,3,"{""geodesic"":false,""type"":""Point"",""coordinates"":[110.45047395976557,-7.315060645711032]}"
1_2_44_0,0.0485,0.1281,0.0738,0.0538,0.0672,0.0522,0.0878,0.1723,0.2069,0.2144,0.2254,0.1842,-0.19598663,0.36073303,0.14874895,0.52272725,-0.31182796,-0.268945,0.017968098,0.59880686,-0.48785564,-0.40846616,0.6084021,-0.52272725,0.41892785,0.31737542,-14.52295,-8.468632,0.3135902,3,"{""geodesic"":false,""type"":""Point"",""coordinates"":[110.44944228277853,-7.269651262213938]}"
1_2_23_0,0.059,0.191,0.1405,0.0616,0.0748,0.0662,0.1205,0.1888,0.2265,0.2142,0.2229,0.208,-0.034896813,0.32190707,0.12588288,0.48235294,-0.4371708,-0.15233788,0.0434225,0.5532995,-0.20778126,-0.51227236,0.52781737,-0.48235294,0.2799522,0.28446952,-18.754145,-9.415029,0.2950503,3,"{""geodesic"":false,""type"":""Point"",""coordinates"":[110.42181133741019,-7.271245045113266]}"
1_2_73_0,0.0408,0.1331,0.0663,0.0439,0.0564,0.0367,0.0717,0.2085,0.2946,0.2953,0.305,0.2867,-0.33280945,0.5449948,0.24151595,0.6792721,-0.40474933,-0.33500504,0.008239789,0.7411557,-0.6332965,-0.50395477,0.77891564,-0.6792721,0.6092643,0.46622598,-20.164131,-11.425618,0.44935653,3,"{""geodesic"":false,""type"":""Point"",""coordinates"":[110.45872874742473,-7.30629654930285]}"
1_2_199_0,0.0671,0.1683,0.1108,0.0513,0.0712,0.0483,0.0987,0.2176,0.249,0.2831,0.2759,0.2489,-0.21379311,0.49404538,0.21353355,0.59808075,-0.405428,-0.20601937,0.018903708,0.6931818,-0.4374207,-0.5327869,0.7085093,-0.59808075,0.4829754,0.42362282,-16.53703,-7.534849,0.41670662,3,"{""geodesic"":false,""type"":""Point"",""coordinates"":[110.40937578741638,-7.2904956870387]}"
1_2_132_0,0.0442,0.1473,0.0738,0.0436,0.0536,0.0345,0.0746,0.2163,0.2987,0.2784,0.3096,0.3128,-0.27828503,0.5263726,0.22390953,0.67710847,-0.46640122,-0.33242878,0.009145473,0.72919255,-0.5809199,-0.54321635,0.77948225,-0.67710847,0.5773371,0.45005536,-18.64169,-18.892708,0.42846715,3,"{""geodesic"":false,""type"":""Point"",""coordinates"":[110.45818768806242,-7.304215446241066]}"
1_2_181_0,0.0454,0.1252,0.0646,0.0442,0.0554,0.0391,0.0742,0.1833,0.2587,0.2542,0.2708,0.2658,-0.28982064,0.46465915,0.19984132,0.6421189,-0.3864895,-0.3192835,0.009936506,0.70375335,-0.59473026,-0.47815824,0.7333788,-0.6421189,0.5481121,0.4067188,-19.86165,-9.133922,0.3945391,3,"{""geodesic"":false,""type"":""Point"",""coordinates"":[110.45219528016354,-7.31506274125049]}"
1_2_8_0,0.0412,0.0628,0.0303,0.0451,0.0472,0.0379,0.0602,0.1153,0.1331,0.133,0.1357,0.0918,-0.27761838,0.23259796,0.09068721,0.4761376,-0.14181815,-0.34908697,0.008634361,0.49354297,-0.62890387,-0.16404076,0.55646574,-0.4761376,0.3768116,0.21262483,-19.73258,-11.10037,0.19444035,3,"{""geodesic"":false,""type"":""Point"",""coordinates"":[110.44899408855491,-7.265761173365402]}"
1_2_140_0,0.035,0.1502,0.0694,0.033,0.0425,0.0296,0.0699,0.2193,0.2908,0.26,0.3132,0.3055,-0.2394247,0.48399293,0.2090272,0.71900827,-0.5588998,-0.3679417,0.0079009235,0.77474403,-0.5786278,-0.63973796,0.7955801,-0.71900827,0.57623523,0.43768996,-8.057056,-4.9970717,0.4293821,3,"{""geodesic"":false,""type"":""Point"",""coordinates"":[110.42121660125025,-7.311134503623197]}"
1_2_169_0,0.0431,0.1757,0.0828,0.044,0.057,0.0358,0.0852,0.236,0.3064,0.315,0.3431,0.3047,-0.25854516,0.5817636,0.25440684,0.6935484,-0.5100988,-0.35938102,0.009410285,0.75487465,-0.5837104,-0.5994538,0.7958951,-0.6935484,0.5742129,0.4922426,-18.614725,-9.101657,0.47322467,3,"{""geodesic"":false,""type"":""Point"",""coordinates"":[110.4631817769851,-7.294633225792649]}"
1_2_168_0,0.0445,0.185,0.0904,0.0374,0.0546,0.0346,0.0819,0.2655,0.3452,0.354,0.3775,0.3216,-0.28117839,0.6232925,0.29274604,0.73274595,-0.5442404,-0.34350035,0.008835707,0.8088912,-0.5931593,-0.66366905,0.82192487,-0.73274595,0.62422574,0.53916276,-13.799036,-8.516862,0.53275746,3,"{""geodesic"":false,""type"":""Point"",""coordinates"":[110.46010685524355,-7.290287742588847]}"
1_2_49_0,0.0443,0.1054,0.0564,0.0476,0.0597,0.0407,0.0757,0.1842,0.2352,0.2347,0.2334,0.235,-0.31792715,0.43230233,0.18253383,0.5944293,-0.27680194,-0.30284303,0.009780486,0.6627701,-0.6125043,-0.37777779,0.7044299,-0.5944293,0.51224226,0.37529016,-17.959373,-11.7072115,0.35874984,3,"{""geodesic"":false,""type"":""Point"",""coordinates"":[110.41990960079022,-7.270790345318912]}"
1_2_42_0,0.0517,0.124,0.0647,0.0443,0.0521,0.0378,0.0706,0.1732,0.2318,0.2364,0.2366,0.2092,-0.26870057,0.43901145,0.18332359,0.6388215,-0.40829074,-0.31425542,0.010345432,0.6843605,-0.57024246,-0.4735591,0.7242888,-0.6388215,0.5400651,0.38478428,-18.844099,-10.400032,0.36909184,3,"{""geodesic"":false,""type"":""Point"",""coordinates"":[110.43703777940526,-7.264932405281937]}"
1_2_67_0,0.0487,0.1611,0.0919,0.0415,0.0572,0.0316,0.0807,0.2375,0.3509,0.378,0.3765,0.3361,-0.37046716,0.68929833,0.32344994,0.7371324,-0.47595054,-0.2735178,0.007682645,0.8021454,-0.6088529,-0.5903258,0.8457031,-0.7371324,0.648136,0.5712401,-21.777601,-11.593582,0.54893965,3,"{""geodesic"":false,""type"":""Point"",""coordinates"":[110.45414547066521,-7.2757174050830224]}"
1_2_142_0,0.0496,0.1862,0.0997,0.0452,0.0604,0.0446,0.0914,0.199,0.2404,0.2523,0.2744,0.2834,-0.12625404,0.439707,0.18260556,0.6136872,-0.51013786,-0.30255333,0.017624335,0.69613445,-0.43352273,-0.60933447,0.69956213,-0.6136872,0.4681408,0.39095244,-16.150322,-11.275177,0.38952976,3,"{""geodesic"":false,""type"":""Point"",""coordinates"":[110.40746494853893,-7.296915405552317]}"
1_2_185_0,0.0543,0.1874,0.1036,0.0474,0.0589,0.039,0.0935,0.2587,0.324,0.3376,0.3396,0.2504,-0.25940463,0.61384755,0.27230045,0.70290035,-0.5217215,-0.28797248,0.01196801,0.75376624,-0.5303717,-0.59625214,0.7928837,-0.70290035,0.56622595,0.5109514,-18.37891,-13.093142,0.49186438,3,"{""geodesic"":false,""type"":""Point"",""coordinates"":[110.44005500150101,-7.315409638123448]}"
1_2_172_0,0.0534,0.2251,0.1199,0.0542,0.083,0.0526,0.1282,0.2696,0.311,0.3353,0.3407,0.3158,-0.16756596,0.5679444,0.25212947,0.6031556,-0.4612139,-0.30492753,0.018809246,0.72169447,-0.4731986,-0.61188686,0.72879606,-0.6031556,0.4468177,0.47758755,-13.121893,-6.416981,0.47403035,3,"{""geodesic"":false,""type"":""Point"",""coordinates"":[110.45991613210151,-7.298247517594009]}"
1_2_7_0,0.0412,0.0738,0.0394,0.0412,0.0451,0.035,0.0592,0.1148,0.1482,0.1181,0.1495,0.0918,-0.18836257,0.20385635,0.07622384,0.44730392,-0.24137929,-0.30388692,0.011676545,0.48273697,-0.49968255,-0.28347823,0.5427825,-0.44730392,0.33220533,0.19085899,-15.519006,-8.922161,0.17495829,3,"{""geodesic"":false,""type"":""Point"",""coordinates"":[110.4488125861675,-7.2660323164666325]}"
1_2_74_0,0.0431,0.1294,0.0682,0.0428,0.059,0.037,0.0788,0.1988,0.2558,0.2479,0.2677,0.2538,-0.27193174,0.45891723,0.19452482,0.6155099,-0.37367302,-0.3097166,0.010179105,0.70553833,-0.568491,-0.5029036,0.7402597,-0.6155099,0.51760024,0.40304497,-13.648076,-7.032173,0.38908562,3,"{""geodesic"":false,""type"":""Point"",""coordinates"":[110.4549228075615,-7.307106057787973]}"
1_2_179_0,0.047,0.1893,0.0945,0.053,0.078,0.053,0.0976,0.245,0.3021,0.352,0.3212,0.3306,-0.25135177,0.5874263,0.27484486,0.6372093,-0.41638607,-0.33403808,0.014228693,0.7382716,-0.5767077,-0.5625258,0.7382716,-0.6372093,0.5658363,0.4955801,-17.073757,-6.1263733,0.4955801,3,"{""geodesic"":false,""type"":""Point"",""coordinates"":[110.46116828655698,-7.3117267413427935]}"
1_2_136_0,0.0412,0.1583,0.0865,0.0556,0.0738,0.0535,0.1131,0.2594,0.3185,0.3094,0.3422,0.316,-0.26560333,0.5272375,0.23732728,0.61482257,-0.36406723,-0.29330066,0.014957175,0.6953425,-0.56302094,-0.4801309,0.7051529,-0.61482257,0.46461537,0.44483715,-16.791351,-11.273528,0.4401156,3,"{""geodesic"":false,""type"":""Point"",""coordinates"":[110.45717597586199,-7.316787402301081]}"
1_2_48_0,0.0515,0.2096,0.109,0.0562,0.0728,0.045,0.1041,0.2926,0.3466,0.3785,0.3767,0.3202,-0.26127958,0.67950284,0.3043295,0.67737645,-0.48441926,-0.31575644,0.012959048,0.7414309,-0.55282056,-0.57712567,0.78748524,-0.67737645,0.5685868,0.5416892,-16.307304,-10.763541,0.5172248,3,"{""geodesic"":false,""type"":""Point"",""coordinates"":[110.45296519826078,-7.277886890628309]}"
1_2_71_0,0.0456,0.1243,0.0637,0.0415,0.0516,0.0355,0.0708,0.1912,0.2765,0.2856,0.2877,0.2963,-0.3436024,0.52659285,0.23436283,0.6939502,-0.41330302,-0.32234046,0.007917892,0.746255,-0.63527054,-0.4993969,0.77888507,-0.6939502,0.6026936,0.4568871,-19.280272,-10.901823,0.44269136,3,"{""geodesic"":false,""type"":""Point"",""coordinates"":[110.45484130856538,-7.299598238560152]}"
1_2_171_0,0.0393,0.135,0.0709,0.0414,0.052,0.035,0.0684,0.1942,0.2611,0.2662,0.2732,0.2743,-0.2881072,0.49583942,0.21347795,0.6731615,-0.44385028,-0.3113162,0.009321938,0.7308192,-0.57935333,-0.53061223,0.7675963,-0.6731615,0.5911536,0.43285072,-21.434755,-9.892058,0.41753343,3,"{""geodesic"":false,""type"":""Point"",""coordinates"":[110.4638985437761,-7.301327718499284]}"
1_2_68_0,0.0554,0.136,0.0756,0.0522,0.066,0.0443,0.081,0.2044,0.2831,0.2928,0.2917,0.3018,-0.31353512,0.5323023,0.23224889,0.632107,-0.34653467,-0.28544426,0.011438115,0.69739133,-0.58957654,-0.44527102,0.73717,-0.632107,0.5666132,0.44528732,-18.893736,-9.519889,0.4271006,3,"{""geodesic"":false,""type"":""Point"",""coordinates"":[110.45405389879707,-7.276531385816494]}"
1_2_76_0,0.0407,0.1346,0.0692,0.0374,0.0505,0.0311,0.0695,0.2004,0.2795,0.2807,0.2987,0.3211,-0.3150062,0.5257836,0.23125768,0.6950483,-0.45434898,-0.32090282,0.0076669753,0.76485384,-0.6044584,-0.5651163,0.80051315,-0.6950483,0.60308397,0.46119735,-17.365408,-11.161069,0.4460946,3,"{""geodesic"":false,""type"":""Point"",""coordinates"":[110.45382787438064,-7.313526997751668]}"
1_2_190_0,0.0549,0.1491,0.0955,0.0504,0.0598,0.0475,0.0958,0.2032,0.2553,0.262,0.2713,0.236,-0.2275049,0.4587254,0.19649439,0.6283406,-0.42747727,-0.2191333,0.017313931,0.67733675,-0.46573424,-0.49473685,0.6930533,-0.6283406,0.4645053,0.39746755,-5.7020793,-4.167466,0.39069423,3,"{""geodesic"":false,""type"":""Point"",""coordinates"":[110.42420344097481,-7.3133092228191385]}"
1_2_70_0,0.0486,0.1358,0.0755,0.0412,0.0458,0.0311,0.0779,0.1942,0.2757,0.2989,0.2894,0.2127,-0.34161735,0.5690608,0.24924502,0.7342617,-0.4955947,-0.28537628,0.007855637,0.7577183,-0.59668803,-0.5344633,0.81151515,-0.7342617,0.58651805,0.48397592,-17.501467,-12.251259,0.4601238,3,"{""geodesic"":false,""type"":""Point"",""coordinates"":[110.45666396382623,-7.290645436955522]}"
1_2_188_0,0.0543,0.1402,0.0786,0.0529,0.0678,0.0594,0.1154,0.1987,0.2382,0.2279,0.2556,0.2596,-0.16902581,0.3547219,0.15418059,0.54142714,-0.34807694,-0.28153569,0.020486353,0.6232194,-0.48711258,-0.45209736,0.586495,-0.54142714,0.32770172,0.32103392,-12.916052,-10.417676,0.33619365,3,"{""geodesic"":false,""type"":""Point"",""coordinates"":[110.43335149355836,-7.314948988733488]}"
1_2_65_0,0.0471,0.0842,0.0433,0.0392,0.0457,0.0296,0.0575,0.1504,0.1755,0.1824,0.1863,0.1618,-0.32140726,0.35834897,0.14312376,0.5992986,-0.29638186,-0.32078433,0.0070267543,0.64620936,-0.6163048,-0.36466774,0.72075474,-0.5992986,0.5206336,0.3219101,-14.456978,-6.3033233,0.29767185,3,"{""geodesic"":false,""type"":""Point"",""coordinates"":[110.4467282252513,-7.266753415167777]}"
1_2_102_0,0.053,0.1461,0.0843,0.0546,0.0714,0.0594,0.1107,0.198,0.2324,0.2024,0.2486,0.2857,-0.11135135,0.3110589,0.12763497,0.4784514,-0.34344825,-0.2682292,0.024740217,0.57509726,-0.41192886,-0.45590433,0.5462185,-0.4784514,0.29287767,0.28156996,-13.115465,-8.762638,0.2928666,3,"{""geodesic"":false,""type"":""Point"",""coordinates"":[110.41230128762295,-7.270056914931797]}"
1_2_5_0,0.0409,0.0516,0.0242,0.0364,0.0391,0.0275,0.0499,0.0913,0.1151,0.1046,0.1102,0.1027,-0.28123578,0.19340758,0.072828986,0.45581073,-0.13781701,-0.36147758,0.006362333,0.4836879,-0.6242236,-0.17272727,0.58364874,-0.45581073,0.3540453,0.18296155,-18.41355,-6.881452,0.15959437,3,"{""geodesic"":false,""type"":""Point"",""coordinates"":[110.44844969101986,-7.266484148008198]}"
1_2_152_0,0.0609,0.1661,0.0974,0.058,0.0733,0.0626,0.1197,0.2344,0.2915,0.3008,0.3262,0.28,-0.22144681,0.47970033,0.21985768,0.60812616,-0.38763577,-0.26072103,0.020270081,0.6767001,-0.5107986,-0.48237395,0.65547603,-0.60812616,0.43067777,0.41382903,-14.8603,-10.22244,0.4240801,3,"{""geodesic"":false,""type"":""Point"",""coordinates"":[110.41946224302437,-7.266447977359837]}"
1_2_28_0,0.0613,0.1637,0.114,0.0585,0.0717,0.0637,0.124,0.1952,0.1979,0.1914,0.2127,0.2064,-0.04714018,0.28131473,0.10997795,0.4549601,-0.39082414,-0.17897011,0.037940435,0.5318127,-0.25343812,-0.47344735,0.500588,-0.4549601,0.21369691,0.253675,-20.193504,-9.98605,0.26583546,3,"{""geodesic"":false,""type"":""Point"",""coordinates"":[110.42181203160285,-7.27070232141776]}"
1_2_93_0,0.0453,0.1204,0.0585,0.0438,0.0552,0.0368,0.0719,0.2023,0.3052,0.3033,0.3188,0.3213,-0.37656158,0.5572516,0.25168437,0.6920502,-0.3712984,-0.34600335,0.007097923,0.74762315,-0.6766169,-0.46650425,0.78359306,-0.6920502,0.6167377,0.4758362,-15.120184,-13.297044,0.4595089,3,"{""geodesic"":false,""type"":""Point"",""coordinates"":[110.40540567447853,-7.278460130391184]}"
1_2_121_0,0.0507,0.1339,0.0745,0.0476,0.0576,0.0388,0.0739,0.1772,0.2471,0.2503,0.2598,0.2463,-0.26604334,0.46954086,0.19464631,0.6258525,-0.39843345,-0.2850288,0.011548542,0.68042964,-0.5412561,-0.47548208,0.73158073,-0.6258525,0.54410857,0.40204027,-19.198114,-12.867347,0.38106278,3,"{""geodesic"":false,""type"":""Point"",""coordinates"":[110.4559463290138,-7.284765028619089]}"
1_2_14_0,0.0536,0.1116,0.0665,0.0594,0.079,0.0648,0.1017,0.1549,0.1718,0.2488,0.1789,0.2055,-0.2719769,0.38587365,0.17570607,0.51799875,-0.17103879,-0.25322852,0.017319936,0.614536,-0.5781795,-0.30526316,0.58673465,-0.51799875,0.41968617,0.33923304,-15.304378,-10.754627,0.35152188,3,"{""geodesic"":false,""type"":""Point"",""coordinates"":[110.41636469500507,-7.280102557106854]}"
1_2_15_0,0.0552,0.1484,0.0889,0.057,0.0734,0.0604,0.1043,0.2099,0.2388,0.2625,0.2498,0.2117,-0.20954002,0.42195588,0.18650459,0.56296515,-0.33814245,-0.25073746,0.020455468,0.64319247,-0.4940239,-0.4449854,0.6258904,-0.56296515,0.4312977,0.36839226,-13.333606,-6.5625167,0.37614396,3,"{""geodesic"":false,""type"":""Point"",""coordinates"":[110.4160021080806,-7.280282997546002]}"
1_2_166_0,0.049,0.1646,0.0781,0.0487,0.0592,0.0408,0.0899,0.2384,0.3036,0.2809,0.3175,0.3138,-0.23214953,0.51725626,0.2181601,0.6518671,-0.4709562,-0.35640708,0.011343825,0.7044903,-0.5649025,-0.54336613,0.74634755,-0.6518671,0.5151025,0.43829864,-21.32085,-14.8758955,0.41984087,3,"{""geodesic"":false,""type"":""Point"",""coordinates"":[110.4600218963182,-7.28558400176397]}"
1_2_22_0,0.0627,0.1695,0.1383,0.0718,0.0818,0.0797,0.1349,0.1795,0.1879,0.23,0.1929,0.189,-0.095462814,0.32123622,0.1343856,0.4753047,-0.34898525,-0.1013645,0.047923956,0.5241882,-0.24898182,-0.40489015,0.48530838,-0.4753047,0.26061934,0.27843645,-14.370332,-10.716172,0.2959591,3,"{""geodesic"":false,""type"":""Point"",""coordinates"":[110.4220834439777,-7.270974029774202]}"
1_2_167_0,0.0416,0.1504,0.0766,0.0387,0.0528,0.0366,0.0732,0.1995,0.2786,0.2546,0.2819,0.3141,-0.22131999,0.46032345,0.19783229,0.65647364,-0.48031497,-0.32511014,0.011011627,0.7361064,-0.5374396,-0.59069276,0.74862635,-0.65647364,0.5533862,0.41329625,-14.548904,-7.827741,0.40823144,3,"{""geodesic"":false,""type"":""Point"",""coordinates"":[110.46336716146105,-7.291105715307279]}"
1_2_106_0,0.0547,0.1463,0.0753,0.0397,0.0546,0.0356,0.0826,0.206,0.2698,0.2562,0.2872,0.2816,-0.23859353,0.47054306,0.20098168,0.6486486,-0.456446,-0.3203971,0.010463232,0.7316661,-0.5457013,-0.57311827,0.75599724,-0.6486486,0.5123967,0.41790855,-11.733166,-3.7129695,0.40802863,3,"{""geodesic"":false,""type"":""Point"",""coordinates"":[110.4233606509758,-7.2639202335883395]}"
1_2_53_0,0.0571,0.219,0.1211,0.0508,0.065,0.0452,0.0893,0.2418,0.335,0.3676,0.3693,0.2916,-0.22590096,0.64080137,0.29159907,0.69949144,-0.54225355,-0.2878565,0.014890425,0.7571702,-0.5043994,-0.62342477,0.78100777,-0.69949144,0.6091048,0.5297984,-13.473145,-3.1395702,0.5174216,3,"{""geodesic"":false,""type"":""Point"",""coordinates"":[110.4151036058195,-7.274583237889187]}"
1_2_135_0,0.0439,0.1504,0.0787,0.042,0.0534,0.033,0.0857,0.2282,0.3225,0.3364,0.3414,0.3055,-0.34709862,0.6220272,0.28259432,0.72601336,-0.47595683,-0.31296378,0.0077202735,0.7780127,-0.62081426,-0.56340957,0.8213319,-0.72601336,0.5939351,0.52346444,-14.655802,-10.041166,0.5027322,3,"{""geodesic"":false,""type"":""Point"",""coordinates"":[110.45518889101223,-7.311810010466761]}"
1_2_123_0,0.0538,0.2091,0.1028,0.0522,0.0709,0.046,0.1077,0.2905,0.3713,0.3816,0.4164,0.3355,-0.25939906,0.6626649,0.3066953,0.68662983,-0.4935714,-0.34081435,0.012392034,0.7593361,-0.5755574,-0.6004592,0.78484565,-0.68662983,0.5597793,0.5426908,-21.23182,-8.68966,0.5291283,3,"{""geodesic"":false,""type"":""Point"",""coordinates"":[110.4586638061013,-7.284949196816808]}"
1_2_147_0,0.0522,0.1795,0.0985,0.0592,0.09,0.0614,0.1333,0.2714,0.3091,0.3285,0.3282,0.2458,-0.23353484,0.5329635,0.24617025,0.56989247,-0.33209646,-0.2913669,0.018410655,0.6946092,-0.5386417,-0.50397986,0.68504745,-0.56989247,0.42269382,0.45021912,-14.505292,-12.948899,0.45505238,3,"{""geodesic"":false,""type"":""Point"",""coordinates"":[110.41074492138003,-7.282627987351038]}"
1_2_55_0,0.049,0.128,0.0655,0.0486,0.0549,0.0379,0.0701,0.1918,0.2823,0.2749,0.2937,0.2771,-0.32202694,0.52074176,0.22103243,0.6670709,-0.39967197,-0.32299745,0.009030375,0.6995363,-0.6151586,-0.44960365,0.7576726,-0.6670709,0.59362316,0.43737695,-17.936392,-13.803842,0.412204,3,"{""geodesic"":false,""type"":""Point"",""coordinates"":[110.4141686031133,-7.297014601933045]}"
1_2_50_0,0.0455,0.11,0.0552,0.0445,0.0518,0.0349,0.0686,0.1798,0.253,0.2382,0.2566,0.2412,-0.3222638,0.45630023,0.18999073,0.6427586,-0.35970333,-0.33171913,0.008087657,0.68517864,-0.6237219,-0.4239482,0.744416,-0.6427586,0.5528031,0.3944509,-20.395222,-10.212677,0.37121502,3,"{""geodesic"":false,""type"":""Point"",""coordinates"":[110.41845963643165,-7.27124075797208]}"
1_2_95_0,0.0495,0.1049,0.0567,0.048,0.054,0.0376,0.0707,0.165,0.2264,0.2229,0.2343,0.2404,-0.31059507,0.4255857,0.17337306,0.60996747,-0.32032725,-0.29826733,0.009564468,0.6456257,-0.5944206,-0.37213865,0.7113244,-0.60996747,0.5183924,0.36548325,-21.942215,-15.1843195,0.3403165,3,"{""geodesic"":false,""type"":""Point"",""coordinates"":[110.43132953020596,-7.266010738026301]}"
1_2_104_0,0.0605,0.1327,0.0835,0.0507,0.0712,0.0498,0.1056,0.2121,0.2618,0.304,0.2821,0.2786,-0.320551,0.51981515,0.2395084,0.6204691,-0.30161843,-0.22756706,0.013678619,0.7141246,-0.56903225,-0.44711012,0.718485,-0.6204691,0.484375,0.4465917,-15.989557,-9.997422,0.44454193,3,"{""geodesic"":false,""type"":""Point"",""coordinates"":[110.4152058936123,-7.265537970182245]}"
1_2_108_0,0.0481,0.1728,0.0825,0.0493,0.0598,0.0368,0.0819,0.2454,0.3222,0.3276,0.344,0.3303,-0.28525147,0.61680734,0.266698,0.6912752,-0.48581257,-0.35370153,0.0092674,0.7383922,-0.5976591,-0.55605584,0.7980241,-0.6912752,0.6,0.50462747,-14.405714,-8.86865,0.47605202,3,"{""geodesic"":false,""type"":""Point"",""coordinates"":[110.43695495817634,-7.258690951333397]}"
1_2_124_0,0.0451,0.1347,0.0661,0.0376,0.0462,0.0295,0.06,0.2106,0.3461,0.3383,0.3626,0.3284,-0.39196444,0.62596285,0.2901564,0.7596879,-0.48922056,-0.34163347,0.005763967,0.7999468,-0.67309594,-0.56355196,0.83958673,-0.7596879,0.69871956,0.5337635,-16.813467,-18.421402,0.51495606,3,"{""geodesic"":false,""type"":""Point"",""coordinates"":[110.45693442904984,-7.291731216424906]}"
1_2_162_0,0.0358,0.1386,0.0672,0.0381,0.0469,0.0284,0.0702,0.1963,0.2442,0.2423,0.2668,0.2423,-0.25346446,0.47451085,0.1943703,0.675657,-0.49433964,-0.34693882,0.007876516,0.7282454,-0.56575125,-0.56876063,0.79017365,-0.675657,0.55072,0.41630986,-13.948254,-9.783248,0.39249104,3,"{""geodesic"":false,""type"":""Point"",""coordinates"":[110.44791423106632,-7.259880316426234]}"
1_2_85_0,0.0408,0.1553,0.0672,0.0394,0.0471,0.0336,0.0775,0.2568,0.3202,0.2728,0.3455,0.3411,-0.24605866,0.5072525,0.21763226,0.70553297,-0.534585,-0.3959551,0.008276832,0.7475977,-0.60470587,-0.5952748,0.78067887,-0.70553297,0.5575221,0.44494048,-10.814533,-3.7211132,0.43105146,3,"{""geodesic"":false,""type"":""Point"",""coordinates"":[110.41949285176801,-7.313031819657932]}"
1_2_175_0,0.0482,0.1683,0.088,0.0452,0.0557,0.0345,0.0783,0.2421,0.3143,0.3382,0.3365,0.3262,-0.30808598,0.62945616,0.2799879,0.7171871,-0.5026786,-0.31330472,0.008976936,0.76421493,-0.58704835,-0.57658076,0.8148645,-0.7171871,0.6240096,0.5220007,-14.214811,-5.1560287,0.49750963,3,"{""geodesic"":false,""type"":""Point"",""coordinates"":[110.46217392158754,-7.304129759350828]}"
1_2_17_0,0.054,0.1065,0.066,0.055,0.0756,0.0605,0.096,0.1526,0.186,0.1874,0.1939,0.1699,-0.18417196,0.27880305,0.11874785,0.42509505,-0.16968699,-0.2347826,0.021307364,0.5462046,-0.47908446,-0.31888545,0.51189995,-0.42509505,0.32251236,0.25451264,-15.644123,-8.408222,0.26751077,3,"{""geodesic"":false,""type"":""Point"",""coordinates"":[110.41717987234853,-7.280194061081909]}"
1_2_96_0,0.0498,0.1406,0.0755,0.0448,0.054,0.0374,0.0756,0.1766,0.2447,0.2567,0.2507,0.2408,-0.25755998,0.47877917,0.20101085,0.6523978,-0.4450154,-0.3012494,0.010999999,0.7028192,-0.54545456,-0.5167206,0.7456648,-0.6523978,0.54498947,0.41424257,-17.116676,-10.621412,0.39656895,3,"{""geodesic"":false,""type"":""Point"",""coordinates"":[110.42788624711464,-7.266820496622363]}"
1_2_115_0,0.0481,0.1581,0.0818,0.0504,0.0672,0.0436,0.0879,0.2475,0.3578,0.3577,0.3839,0.3566,-0.33847162,0.6326029,0.29380825,0.6836903,-0.40346205,-0.31804916,0.0099705905,0.7530017,-0.6277588,-0.5165467,0.7827062,-0.6836903,0.6054758,0.5227449,-17.65035,-12.19331,0.5075983,3,"{""geodesic"":false,""type"":""Point"",""coordinates"":[110.45432784837695,-7.274722624496238]}"
1_2_192_0,0.0332,0.2059,0.097,0.0374,0.0506,0.0296,0.0832,0.2595,0.3596,0.3308,0.3799,0.3651,-0.21981116,0.6132421,0.26995602,0.73466176,-0.6054581,-0.35952458,0.008679565,0.79684955,-0.5465171,-0.6925606,0.83573806,-0.73466176,0.59806764,0.5251046,-15.016499,-5.410182,0.50691086,3,"{""geodesic"":false,""type"":""Point"",""coordinates"":[110.41352244067136,-7.306240055880023]}"
1_2_137_0,0.0415,0.101,0.0498,0.0403,0.0498,0.0331,0.0614,0.1687,0.2337,0.2249,0.2432,0.2498,-0.32832456,0.4276477,0.17976673,0.6374226,-0.33952254,-0.33952254,0.0073293913,0.6960784,-0.6374226,-0.42958245,0.7434108,-0.6374226,0.5710793,0.37955147,-19.709257,-10.554916,0.36186618,3,"{""geodesic"":false,""type"":""Point"",""coordinates"":[110.446574887042,-7.317859957745647]}"
1_2_4_0,0.0415,0.0522,0.0245,0.0373,0.0394,0.0269,0.0448,0.0949,0.1225,0.1209,0.1227,0.0687,-0.3333333,0.23440227,0.08951632,0.5084217,-0.139738,-0.36114734,0.0054511996,0.528445,-0.6629986,-0.16648044,0.63599455,-0.5084217,0.4592637,0.21765977,-15.948938,-11.268282,0.19051959,3,"{""geodesic"":false,""type"":""Point"",""coordinates"":[110.44826807765888,-7.266845745217031]}"
1_2_29_0,0.0662,0.1339,0.0905,0.0614,0.08,0.0688,0.1069,0.166,0.2012,0.2218,0.2017,0.2133,-0.16567194,0.32578143,0.14146294,0.4698476,-0.25198692,-0.19340466,0.028072137,0.5663842,-0.42042908,-0.37122378,0.5264969,-0.4698476,0.34955886,0.29028586,-16.605227,-7.5207644,0.30720124,3,"{""geodesic"":false,""type"":""Point"",""coordinates"":[110.42163120592778,-7.270430728487354]}"
1_2_150_0,0.0543,0.14,0.0727,0.0448,0.058,0.0395,0.0909,0.2184,0.2275,0.2568,0.2513,0.2557,-0.2537934,0.46920884,0.19948933,0.63151205,-0.41414142,-0.31640807,0.011182439,0.70291775,-0.55872536,-0.5151515,0.7333783,-0.63151205,0.47713545,0.40933064,-14.535942,-8.475481,0.39670658,3,"{""geodesic"":false,""type"":""Point"",""coordinates"":[110.41401972773734,-7.272139580479362]}"
1_2_62_0,0.0538,0.1456,0.0738,0.0552,0.0578,0.035,0.0773,0.2192,0.3233,0.3215,0.3354,0.3039,-0.3518751,0.6409396,0.2668994,0.69522804,-0.43166178,-0.32725617,0.008034214,0.7069286,-0.6266127,-0.45019922,0.80364656,-0.69522804,0.612337,0.5017513,-15.047061,-11.351007,0.45562908,3,"{""geodesic"":false,""type"":""Point"",""coordinates"":[110.42891564905926,-7.312320222675222]}"
1_2_157_0,0.0477,0.1681,0.0749,0.0505,0.0576,0.0353,0.0736,0.2251,0.2893,0.3023,0.3149,0.3327,-0.26860842,0.5879244,0.24346513,0.6799111,-0.48958796,-0.38353908,0.00874618,0.71371883,-0.6028632,-0.5379689,0.79087675,-0.6799111,0.6084065,0.47815186,-9.841176,-10.320532,0.442894,3,"{""geodesic"":false,""type"":""Point"",""coordinates"":[110.43487197198084,-7.258326546490545]}"
1_2_116_0,0.0551,0.1456,0.0792,0.0456,0.0556,0.0376,0.0737,0.2138,0.3034,0.286,0.3162,0.2914,-0.28826728,0.5309508,0.22926019,0.6744731,-0.44731614,-0.29537368,0.010412307,0.72496986,-0.5662651,-0.5230126,0.76761436,-0.6744731,0.5902141,0.4524041,-23.5648,-10.151568,0.43362194,3,"{""geodesic"":false,""type"":""Point"",""coordinates"":[110.4542342006002,-7.2772552395688805]}"
1_2_198_0,0.0516,0.1632,0.0842,0.0427,0.056,0.0387,0.0997,0.2434,0.2947,0.2688,0.3285,0.2468,-0.21347874,0.48719034,0.20803604,0.6551724,-0.4890511,-0.31932095,0.012122545,0.7258427,-0.5229462,-0.58523554,0.7482927,-0.6551724,0.45888737,0.42743033,-12.251435,-5.964848,0.41792974,3,"{""geodesic"":false,""type"":""Point"",""coordinates"":[110.41064511460611,-7.289683258640438]}"
1_2_90_0,0.0445,0.159,0.083,0.0427,0.06,0.0387,0.0804,0.238,0.3195,0.3174,0.3341,0.3421,-0.2911438,0.5667629,0.25738037,0.68203497,-0.4520548,-0.3140496,0.010120037,0.76284367,-0.5854146,-0.5765989,0.78264534,-0.68203497,0.5957768,0.48831913,-22.319471,-13.533079,0.4790722,3,"{""geodesic"":false,""type"":""Point"",""coordinates"":[110.408276943818,-7.2994491755546305]}"
1_2_158_0,0.0486,0.1738,0.0796,0.0516,0.0596,0.0384,0.0861,0.2346,0.2965,0.3041,0.3227,0.3162,-0.25268534,0.57886714,0.24170434,0.67225736,-0.4892888,-0.3717443,0.01005143,0.70986784,-0.58509254,-0.5421473,0.77576643,-0.67225736,0.55868787,0.47305638,-11.791351,-4.992296,0.44262007,3,"{""geodesic"":false,""type"":""Point"",""coordinates"":[110.43686324889488,-7.259595381354939]}"
1_2_191_0,0.0435,0.1789,0.0818,0.0484,0.0654,0.0383,0.095,0.2936,0.3825,0.3944,0.4096,0.3694,-0.34181818,0.70587534,0.3311828,0.7155285,-0.46459273,-0.3724588,0.007943559,0.78139114,-0.6564469,-0.57413113,0.82297206,-0.7155285,0.6117695,0.57269216,-15.952977,-9.9640045,0.55048794,3,"{""geodesic"":false,""type"":""Point"",""coordinates"":[110.42547466220346,-7.311049494999854]}"
1_2_109_0,0.0481,0.1881,0.0871,0.0504,0.0647,0.0406,0.0887,0.2785,0.3601,0.3685,0.3939,0.3881,-0.2936998,0.66424924,0.30175996,0.7012927,-0.4881329,-0.3670058,0.009596365,0.7593698,-0.61764705,-0.5773585,0.8015155,-0.7012927,0.611986,0.5410296,-15.828414,-7.8779984,0.51926214,3,"{""geodesic"":false,""type"":""Point"",""coordinates"":[110.44275213154432,-7.25887901113398]}"
1_2_174_0,0.0419,0.1692,0.0832,0.0416,0.0528,0.0362,0.075,0.198,0.2649,0.2897,0.2875,0.2902,-0.2345817,0.5303791,0.22992967,0.6916788,-0.52432436,-0.340729,0.010396411,0.7488681,-0.55376774,-0.6053131,0.777846,-0.6916788,0.58870304,0.46040684,-15.151198,-6.761537,0.4476723,3,"{""geodesic"":false,""type"":""Point"",""coordinates"":[110.46416967740507,-7.301870768000896]}"
1_2_112_0,0.0363,0.0906,0.0418,0.0312,0.0378,0.0241,0.0569,0.1447,0.1863,0.1713,0.1971,0.1756,-0.27679697,0.34014234,0.13541482,0.6384505,-0.41121495,-0.36858004,0.005880794,0.69185185,-0.60769594,-0.48768473,0.7533265,-0.6384505,0.50131464,0.31751508,-15.004932,-9.817522,0.2991459,3,"{""geodesic"":false,""type"":""Point"",""coordinates"":[110.44836329607304,-7.263046771042722]}"
1_2_2_0,0.0577,0.1586,0.1178,0.0487,0.061,0.0459,0.0907,0.172,0.2141,0.2374,0.2319,0.1814,-0.16632694,0.41719314,0.17152724,0.5911528,-0.44444445,-0.14761217,0.022775989,0.6595596,-0.3367117,-0.5301495,0.6759619,-0.5911528,0.44711977,0.36671773,-12.115491,-7.123629,0.36006868,3,"{""geodesic"":false,""type"":""Point"",""coordinates"":[110.44618404451884,-7.267295478004366]}"
1_2_41_0,0.0504,0.1353,0.0737,0.0457,0.0578,0.0399,0.0795,0.1947,0.2418,0.2291,0.2527,0.2093,-0.22133334,0.42016435,0.17229317,0.5970722,-0.40134645,-0.2947368,0.012835574,0.66739446,-0.51321006,-0.49502763,0.7033457,-0.5970722,0.48476994,0.3690507,-19.087269,-7.378487,0.3550594,3,"{""geodesic"":false,""type"":""Point"",""coordinates"":[110.43712904013324,-7.264389792366777]}"
1_2_60_0,0.0599,0.1436,0.1117,0.0486,0.0534,0.037,0.0869,0.1584,0.1987,0.2306,0.2098,0.2636,-0.21444105,0.44481206,0.17470829,0.6239437,-0.45786804,-0.12495105,0.017922377,0.65186244,-0.3473561,-0.4942768,0.7234679,-0.6239437,0.45259842,0.37832204,-12.686953,-8.886132,0.35035935,3,"{""geodesic"":false,""type"":""Point"",""coordinates"":[110.42086004809175,-7.30661134920933]}"
1_2_81_0,0.0487,0.1655,0.0884,0.0498,0.0676,0.0433,0.0942,0.2358,0.2884,0.2852,0.2976,0.2644,-0.23207061,0.51621854,0.22024365,0.61678004,-0.41999143,-0.30366287,0.013421178,0.70268655,-0.5267666,-0.5373897,0.7363775,-0.61678004,0.5034265,0.43796018,-21.377201,-10.896298,0.42287424,3,"{""geodesic"":false,""type"":""Point"",""coordinates"":[110.44231708706192,-7.317673798795817]}"
1_2_114_0,0.0475,0.0834,0.038,0.045,0.0516,0.0321,0.0619,0.158,0.2078,0.2128,0.2175,0.1513,-0.38119474,0.4230265,0.17160858,0.60968226,-0.23555556,-0.3739704,0.005732143,0.65089214,-0.6969697,-0.2990654,0.73785216,-0.60968226,0.54932654,0.36387435,-15.560301,-9.921405,0.33214566,3,"{""geodesic"":false,""type"":""Point"",""coordinates"":[110.45134910217934,-7.265944936629601]}"
1_2_64_0,0.0472,0.0695,0.0359,0.0352,0.0465,0.0305,0.061,0.1335,0.1621,0.1745,0.17,0.1262,-0.35421377,0.32921812,0.1370884,0.57918555,-0.19827585,-0.31878558,0.006274785,0.6642823,-0.6587452,-0.32760268,0.702439,-0.57918555,0.4819533,0.30638298,-11.739943,-8.480038,0.29442018,3,"{""geodesic"":false,""type"":""Point"",""coordinates"":[110.44790628542586,-7.266393032470013]}"
1_2_113_0,0.0454,0.061,0.0233,0.0431,0.0447,0.0288,0.0531,0.1268,0.1483,0.1552,0.1534,0.154,-0.37660536,0.3145061,0.120693505,0.5527764,-0.15421003,-0.44721234,0.004323711,0.5653051,-0.7389356,-0.17195006,0.6869565,-0.5527764,0.49015844,0.27719298,-12.045331,-12.733743,0.2407991,3,"{""geodesic"":false,""type"":""Point"",""coordinates"":[110.4510760270708,-7.267030060985408]}"
1_2_56_0,0.0489,0.142,0.0717,0.0468,0.06,0.0354,0.0771,0.226,0.3147,0.3045,0.3303,0.2852,-0.32892,0.5770221,0.25020832,0.6707819,-0.40594062,-0.32896587,0.008335566,0.7335611,-0.6188198,-0.5042373,0.79170346,-0.6707819,0.595912,0.48059294,-16.969975,-11.358513,0.45407027,3,"{""geodesic"":false,""type"":""Point"",""coordinates"":[110.41407977641585,-7.295657678601142]}"
1_2_69_0,0.0451,0.1451,0.0827,0.0416,0.0483,0.0319,0.0649,0.196,0.3059,0.3069,0.3181,0.3284,-0.32635584,0.579533,0.25493863,0.7280405,-0.5005171,-0.2739245,0.008596057,0.76126254,-0.575462,-0.5543653,0.8116883,-0.7280405,0.65088755,0.49177396,-23.600712,-14.400456,0.46900412,3,"{""geodesic"":false,""type"":""Point"",""coordinates"":[110.45720663836,-7.29136972513272]}"
1_2_145_0,0.0569,0.1755,0.0863,0.0526,0.0726,0.0492,0.1215,0.3068,0.3718,0.3612,0.4029,0.2464,-0.29616287,0.61811554,0.28961706,0.66528356,-0.41475213,-0.34071812,0.011755149,0.74577093,-0.6143017,-0.5387988,0.76023394,-0.66528356,0.49658173,0.5140598,-13.60553,-8.917144,0.506566,3,"{""geodesic"":false,""type"":""Point"",""coordinates"":[110.40512807066776,-7.28289200184583]}"
1_2_30_0,0.0687,0.2004,0.15,0.0574,0.0802,0.0676,0.1309,0.2254,0.2537,0.2735,0.2651,0.2283,-0.10502589,0.41226172,0.18236512,0.5465083,-0.42836776,-0.14383559,0.037074953,0.6530674,-0.29161745,-0.5546936,0.6036353,-0.5465083,0.35262117,0.36719772,-13.166765,-3.3896422,0.39011914,3,"{""geodesic"":false,""type"":""Point"",""coordinates"":[110.42217483981659,-7.270340967546089]}"
1_2_91_0,0.0576,0.2202,0.1181,0.0586,0.096,0.0578,0.1366,0.3128,0.3822,0.3758,0.394,0.3073,-0.2195396,0.6195932,0.2892194,0.5930479,-0.39278936,-0.30180314,0.018164394,0.73020256,-0.52176553,-0.579627,0.73339486,-0.5930479,0.4668228,0.5109255,-15.500804,-12.91399,0.5092038,3,"{""geodesic"":false,""type"":""Point"",""coordinates"":[110.40992997844229,-7.2823555641291104]}"
1_2_101_0,0.057,0.1602,0.0876,0.0473,0.0602,0.0388,0.0816,0.2186,0.2808,0.3371,0.3064,0.3226,-0.31779224,0.6137102,0.27678543,0.6969544,-0.4537205,-0.2929782,0.010082706,0.7539022,-0.5874735,-0.5440964,0.7935621,-0.6969544,0.6102221,0.51084596,-17.38128,-6.1470504,0.49151966,3,"{""geodesic"":false,""type"":""Point"",""coordinates"":[110.41301845750684,-7.275846896831572]}"
1_2_111_0,0.0361,0.0916,0.0468,0.0439,0.0471,0.0361,0.061,0.138,0.1644,0.1632,0.177,0.1733,-0.23715653,0.30246064,0.11726426,0.5520685,-0.32083634,-0.32369944,0.0103522055,0.5760502,-0.55428576,-0.3520295,0.6377321,-0.5520685,0.455843,0.2726298,-14.620198,-9.231635,0.25307596,3,"{""geodesic"":false,""type"":""Point"",""coordinates"":[110.44990566533153,-7.261058642878171]}"
1_2_134_0,0.0445,0.1568,0.0826,0.0471,0.0614,0.04,0.0905,0.2218,0.3035,0.3044,0.3117,0.314,-0.2821448,0.5549259,0.24370064,0.6642974,-0.43721357,-0.30994153,0.010854139,0.7320057,-0.5731266,-0.5380088,0.76771194,-0.6642974,0.54165614,0.4696826,-15.740958,-10.40897,0.45325896,3,"{""geodesic"":false,""type"":""Point"",""coordinates"":[110.45410229782232,-7.311356424083048]}"
1_2_37_0,0.0509,0.1356,0.0639,0.0516,0.0708,0.0398,0.0983,0.2989,0.3536,0.3864,0.3708,0.252,-0.42810565,0.6998062,0.3296223,0.6902887,-0.3139535,-0.35939848,0.006581832,0.76438355,-0.7161892,-0.44871795,0.81323326,-0.6902887,0.5943883,0.56132585,-17.479918,-6.0560403,0.5353945,3,"{""geodesic"":false,""type"":""Point"",""coordinates"":[110.42950880091772,-7.2731543355162644]}"
1_2_92_0,0.0537,0.1896,0.1019,0.0654,0.0938,0.0625,0.1304,0.291,0.341,0.3304,0.3513,0.3459,-0.22179346,0.5512799,0.24537526,0.55775577,-0.33803812,-0.30085766,0.019275878,0.6695301,-0.52856815,-0.48705885,0.6818529,-0.55775577,0.43402776,0.45005038,-20.500044,-10.8681,0.44373745,3,"{""geodesic"":false,""type"":""Point"",""coordinates"":[110.41192292747563,-7.282358157657588]}"
1_2_3_0,0.0415,0.0528,0.0267,0.0358,0.038,0.0268,0.0485,0.0957,0.1154,0.1167,0.1165,0.0687,-0.31408876,0.2227453,0.085292265,0.5087266,-0.1629956,-0.3283019,0.006131619,0.5304918,-0.6276151,-0.19187361,0.6264809,-0.5087266,0.41283295,0.20955712,-18.31471,-9.415011,0.18597701,3,"{""geodesic"":false,""type"":""Point"",""coordinates"":[110.44817727086337,-7.267026543783836]}"
1_2_54_0,0.0515,0.1733,0.0883,0.0528,0.0742,0.0524,0.1001,0.2549,0.3371,0.3653,0.3592,0.2779,-0.29885057,0.60937136,0.29147404,0.66234356,-0.40040407,-0.32492355,0.012666082,0.74742883,-0.6106702,-0.53295004,0.74910223,-0.66234356,0.5698324,0.51144165,-15.201686,-5.06319,0.5105653,3,"{""geodesic"":false,""type"":""Point"",""coordinates"":[110.41182066119164,-7.291312958689597]}"
1_2_58_0,0.0496,0.1034,0.0559,0.05,0.0552,0.0407,0.0712,0.1806,0.2384,0.2186,0.2472,0.2499,-0.30167192,0.40885276,0.16678828,0.59678596,-0.3039092,-0.29817954,0.010407731,0.6276992,-0.592714,-0.3481095,0.6860779,-0.59678596,0.50862664,0.35144213,-20.78072,-8.432024,0.3290398,3,"{""geodesic"":false,""type"":""Point"",""coordinates"":[110.41525159119193,-7.300181890973177]}"
1_2_187_0,0.0517,0.1376,0.0772,0.0487,0.0648,0.0487,0.1025,0.2104,0.2702,0.2788,0.2895,0.2473,-0.2748151,0.47708896,0.2143451,0.6228172,-0.3596838,-0.2811918,0.01348508,0.7025954,-0.5662921,-0.47718734,0.7025954,-0.6228172,0.4623656,0.4170997,-21.13901,-13.369111,0.4170997,3,"{""geodesic"":false,""type"":""Point"",""coordinates"":[110.43416696711719,-7.314859559167763]}"
1_2_107_0,0.0596,0.2151,0.1273,0.0533,0.073,0.0586,0.1215,0.268,0.3267,0.3049,0.3625,0.3064,-0.13372366,0.48995423,0.21856497,0.6136544,-0.49323153,-0.25642526,0.024466317,0.70240086,-0.4109209,-0.6028316,0.6775791,-0.6136544,0.43011257,0.42785177,-14.364688,-12.049392,0.43975762,3,"{""geodesic"":false,""type"":""Point"",""coordinates"":[110.4205540194016,-7.262740755052805]}"
1_2_180_0,0.0555,0.1281,0.0679,0.0456,0.0547,0.0389,0.0755,0.1837,0.2537,0.2621,0.2636,0.2732,-0.29639778,0.48374516,0.20739195,0.6546717,-0.40153173,-0.30714282,0.01007749,0.70360744,-0.5884848,-0.47495678,0.7415283,-0.6546717,0.55272514,0.41797754,-19.029697,-12.511865,0.4020676,3,"{""geodesic"":false,""type"":""Point"",""coordinates"":[110.4514695196303,-7.315875947834273]}"
1_2_126_0,0.0448,0.1312,0.0655,0.0451,0.058,0.0374,0.0692,0.1854,0.2646,0.2973,0.2794,0.2912,-0.34011742,0.5490304,0.24327673,0.6735154,-0.3868922,-0.3340112,0.008239824,0.7365654,-0.63891953,-0.4883721,0.7765163,-0.6735154,0.6223738,0.46705404,-16.691757,-13.148699,0.4490741,3,"{""geodesic"":false,""type"":""Point"",""coordinates"":[110.45403299101824,-7.2938081752876585]}"
1_2_178_0,0.0475,0.1726,0.0894,0.0456,0.067,0.0426,0.0943,0.2572,0.3032,0.3929,0.3412,0.3715,-0.34159398,0.67030233,0.32726133,0.7086323,-0.44073454,-0.31755725,0.009693153,0.79201823,-0.6292764,-0.5820348,0.8043628,-0.7086323,0.61289,0.56167823,-11.133295,-7.4421144,0.5550879,3,"{""geodesic"":false,""type"":""Point"",""coordinates"":[110.4607165038386,-7.310731201480515]}"
1_2_194_0,0.0445,0.1777,0.0827,0.046,0.0682,0.0383,0.0921,0.2689,0.3359,0.3492,0.3659,0.2867,-0.29319373,0.62986225,0.28619546,0.67321515,-0.44530296,-0.36482334,0.009070475,0.7672065,-0.617041,-0.5887349,0.80232257,-0.67321515,0.5825969,0.5254648,-13.858411,-6.9842906,0.50804293,3,"{""geodesic"":false,""type"":""Point"",""coordinates"":[110.45614733099315,-7.268302534471707]}"
1_2_127_0,0.0505,0.1458,0.0874,0.0452,0.0589,0.044,0.1,0.1808,0.2199,0.225,0.2378,0.2453,-0.17478262,0.39347824,0.16295895,0.5850652,-0.42452368,-0.25042883,0.017091556,0.665433,-0.44046095,-0.52670157,0.67286247,-0.5850652,0.38461536,0.3530559,-16.525465,-8.176378,0.35016876,3,"{""geodesic"":false,""type"":""Point"",""coordinates"":[110.45674855748285,-7.295620538039153]}"
1_2_177_0,0.0601,0.1987,0.106,0.0532,0.0709,0.046,0.102,0.2763,0.3377,0.344,0.3772,0.2924,-0.23757596,0.61015564,0.27093843,0.6582309,-0.4740356,-0.30423367,0.014174418,0.73212487,-0.5288889,-0.57761014,0.7641026,-0.6582309,0.5426009,0.5022472,-15.258486,-9.179722,0.48617923,3,"{""geodesic"":false,""type"":""Point"",""coordinates"":[110.46388959747418,-7.308835438964278]}"
1_2_139_0,0.0357,0.137,0.0603,0.0386,0.0467,0.0291,0.0678,0.2121,0.2671,0.2843,0.2938,0.3038,-0.32065442,0.54557896,0.2360779,0.71782476,-0.4915623,-0.38874808,0.006172107,0.7609167,-0.650029,-0.5603644,0.8142948,-0.71782476,0.6148821,0.47061715,-7.19546,-1.0031483,0.4478673,3,"{""geodesic"":false,""type"":""Point"",""coordinates"":[110.42139324852944,-7.3146624333872765]}"
1_2_0_0,0.0577,0.1852,0.1619,0.0662,0.0956,0.0828,0.1145,0.1531,0.1638,0.2072,0.1854,0.1814,-0.009974144,0.25755695,0.106252626,0.3685601,-0.31908834,-0.067127645,0.06469749,0.5157279,-0.122730985,-0.47334924,0.42896554,-0.3685601,0.2881567,0.23620254,-13.836837,-8.684432,0.2734678,3,"{""geodesic"":false,""type"":""Point"",""coordinates"":[110.44645591363202,-7.267205355384365]}"
1_2_35_0,0.0563,0.132,0.075,0.0486,0.0566,0.0401,0.081,0.2036,0.2691,0.272,0.2816,0.2075,-0.30140045,0.50496477,0.21561345,0.6555082,-0.3997879,-0.2753623,0.011056986,0.6968185,-0.56772333,-0.46179402,0.7430311,-0.6555082,0.5410765,0.42833397,-17.95761,-8.5612135,0.40835977,3,"{""geodesic"":false,""type"":""Point"",""coordinates"":[110.42108815103661,-7.2700682190576496]}"
1_2_21_0,0.0492,0.1293,0.0864,0.0528,0.0706,0.0576,0.0914,0.1561,0.1875,0.2106,0.211,0.181,-0.16988675,0.32968456,0.1402933,0.49786627,-0.2936468,-0.19888732,0.02363077,0.59908885,-0.4181818,-0.42009884,0.5704698,-0.49786627,0.394702,0.29875034,-16.272202,-7.6822276,0.31006026,3,"{""geodesic"":false,""type"":""Point"",""coordinates"":[110.42478675556572,-7.282193778736658]}"
1_2_183_0,0.0486,0.1213,0.0617,0.0514,0.0589,0.0416,0.0777,0.2012,0.271,0.2667,0.2891,0.2892,-0.32266113,0.49765652,0.21097553,0.6382064,-0.34628192,-0.32568303,0.009623997,0.6768312,-0.6242387,-0.4047481,0.730133,-0.6382064,0.5487805,0.41772857,-17.285631,-9.064688,0.39475614,3,"{""geodesic"":false,""type"":""Point"",""coordinates"":[110.44458478863132,-7.315415243571441]}"
1_2_27_0,0.0613,0.1637,0.114,0.0593,0.0686,0.0594,0.124,0.1952,0.1979,0.1945,0.2127,0.2064,-0.06437409,0.30533835,0.1166159,0.47852528,-0.40938443,-0.17897011,0.034815423,0.5327029,-0.26094005,-0.46816143,0.53209925,-0.47852528,0.22135007,0.26880223,-18.708221,-9.989393,0.2690369,3,"{""geodesic"":false,""type"":""Point"",""coordinates"":[110.42181214729646,-7.270611867467243]}"
1_2_197_0,0.0618,0.0966,0.0583,0.0464,0.052,0.0416,0.0898,0.1481,0.1787,0.2007,0.1942,0.1808,-0.28263688,0.36083642,0.14935286,0.58844477,-0.3001346,-0.24725631,0.012084106,0.62444353,-0.54980695,-0.35104898,0.656624,-0.58844477,0.3817556,0.32150075,-18.522936,-9.072753,0.30979788,3,"{""geodesic"":false,""type"":""Point"",""coordinates"":[110.4076550492608,-7.290131620936697]}"
1_2_75_0,0.0434,0.1342,0.0721,0.0432,0.056,0.0393,0.0812,0.1788,0.2473,0.2511,0.2458,0.2724,-0.25823,0.4553272,0.19498177,0.63529795,-0.41114616,-0.30101797,0.011284468,0.70642203,-0.55383664,-0.5129651,0.7293389,-0.63529795,0.511285,0.4019484,-16.184088,-6.2954497,0.39260983,3,"{""geodesic"":false,""type"":""Point"",""coordinates"":[110.45374398362863,-7.308009176389515]}"
1_2_153_0,0.0542,0.1416,0.0708,0.0499,0.0605,0.0412,0.0902,0.2369,0.326,0.3097,0.3507,0.2999,-0.32595873,0.5675813,0.25070706,0.67314965,-0.40128648,-0.33333334,0.009418663,0.72246945,-0.6278581,-0.47885117,0.7651753,-0.67314965,0.54888725,0.4733224,-13.434797,-12.004034,0.45335042,3,"{""geodesic"":false,""type"":""Point"",""coordinates"":[110.42362814207715,-7.26726737682523]}"
1_2_78_0,0.0485,0.1569,0.0824,0.0535,0.0756,0.0518,0.1039,0.2618,0.3597,0.3444,0.3821,0.3584,-0.31190237,0.58335656,0.27397412,0.64,-0.34967744,-0.3113247,0.012393497,0.7310882,-0.6138706,-0.4914449,0.7385159,-0.64,0.5364711,0.4897344,-18.121088,-12.00183,0.48596725,3,"{""geodesic"":false,""type"":""Point"",""coordinates"":[110.45337247570384,-7.3155164425761825]}"
1_2_79_0,0.0429,0.1318,0.0696,0.0491,0.0665,0.0495,0.0984,0.219,0.288,0.2941,0.3126,0.31,-0.30867493,0.50006133,0.23001474,0.6311703,-0.32929903,-0.3088381,0.011714384,0.71386945,-0.61726695,-0.45715863,0.71187425,-0.6311703,0.4985987,0.43492174,-14.870604,-10.439935,0.43583965,3,"{""geodesic"":false,""type"":""Point"",""coordinates"":[110.45527400345067,-7.316332834841298]}"
1_2_51_0,0.045,0.1118,0.06,0.045,0.059,0.0348,0.0729,0.1995,0.2618,0.2576,0.2674,0.2298,-0.34728408,0.49340066,0.20915402,0.62728995,-0.3091335,-0.3015134,0.00810559,0.70257765,-0.6221663,-0.42602038,0.7619699,-0.62728995,0.5588502,0.4217567,-24.307785,-11.314326,0.39733368,3,"{""geodesic"":false,""type"":""Point"",""coordinates"":[110.41909281184323,-7.271965202177594]}"
1_2_119_0,0.062,0.1659,0.0974,0.0612,0.0794,0.0596,0.1084,0.1987,0.2312,0.2419,0.2436,0.2423,-0.14680286,0.39960542,0.16346146,0.50575787,-0.35262942,-0.26015952,0.023997685,0.59617287,-0.4258768,-0.4610304,0.60464346,-0.50575787,0.3811019,0.34117278,-19.416067,-9.948907,0.33750466,3,"{""geodesic"":false,""type"":""Point"",""coordinates"":[110.45595058196554,-7.281237305748226]}"
1_2_156_0,0.0605,0.2262,0.12,0.058,0.0804,0.0601,0.1354,0.2955,0.356,0.3195,0.3753,0.3564,-0.13739078,0.5208417,0.22996368,0.5978995,-0.47553816,-0.30675912,0.022572769,0.6927152,-0.45392492,-0.59183675,0.6833509,-0.5978995,0.40470433,0.44236016,-13.284433,-11.454615,0.44700855,3,"{""geodesic"":false,""type"":""Point"",""coordinates"":[110.425721717165,-7.2593100638131265]}"
1_2_128_0,0.0484,0.1766,0.1042,0.0426,0.0544,0.0352,0.0863,0.2195,0.314,0.3322,0.3105,0.2637,-0.27787247,0.6066672,0.271941,0.71857214,-0.52900434,-0.25783476,0.01104106,0.7726788,-0.52245647,-0.6113139,0.8083832,-0.71857214,0.58757466,0.51360387,-16.669273,-13.092698,0.49657065,3,"{""geodesic"":false,""type"":""Point"",""coordinates"":[110.45348746665384,-7.2954356966504985]}"
1_2_40_0,0.0529,0.1424,0.079,0.0486,0.0583,0.0412,0.0836,0.1932,0.2427,0.227,0.2481,0.1858,-0.20034844,0.41858158,0.16786528,0.5913074,-0.41903338,-0.2863595,0.014338327,0.64731497,-0.4836601,-0.49109948,0.6927666,-0.5913074,0.46168706,0.36279613,-14.249626,-13.78005,0.3450232,3,"{""geodesic"":false,""type"":""Point"",""coordinates"":[110.43722007558277,-7.264028087845635]}"
1_2_31_0,0.0697,0.1784,0.1157,0.0612,0.0866,0.0811,0.1374,0.2089,0.2457,0.2624,0.2728,0.2068,-0.109929696,0.3513566,0.16405645,0.50372493,-0.3464151,-0.21319278,0.03575941,0.62175524,-0.3879926,-0.48914856,0.52780205,-0.50372493,0.31265634,0.32240665,-13.638854,-8.308333,0.36644003,3,"{""geodesic"":false,""type"":""Point"",""coordinates"":[110.42244752336357,-7.269617682098376]}"
1_2_149_0,0.0608,0.1247,0.0664,0.0471,0.0572,0.0401,0.0852,0.2081,0.2395,0.2602,0.2624,0.2662,-0.3018428,0.4794998,0.20510714,0.6395715,-0.37108302,-0.30507588,0.010233052,0.69345915,-0.5933864,-0.45168802,0.7329337,-0.6395715,0.5066589,0.41253278,-9.260121,-8.79743,0.39594945,3,"{""geodesic"":false,""type"":""Point"",""coordinates"":[110.41401374466521,-7.276752724768125]}"
1_2_63_0,0.0534,0.1488,0.0766,0.0447,0.0561,0.0372,0.0815,0.245,0.3287,0.3372,0.3431,0.237,-0.3449551,0.6121699,0.28022218,0.71472156,-0.45241582,-0.32031944,0.008450534,0.7659073,-0.62977284,-0.5379845,0.80128205,-0.71472156,0.6106998,0.5146386,-20.54093,-11.390151,0.49750537,3,"{""geodesic"":false,""type"":""Point"",""coordinates"":[110.43244839471714,-7.312686500097045]}"
1_2_34_0,0.0563,0.1211,0.0783,0.0618,0.0611,0.0474,0.0919,0.1776,0.2347,0.2338,0.2388,0.2075,-0.27386338,0.44183177,0.17333885,0.58562225,-0.32930848,-0.21464394,0.015874337,0.5818674,-0.49823773,-0.3242209,0.6628734,-0.58562225,0.435677,0.3579109,-16.950539,-4.5968847,0.32428354,3,"{""geodesic"":false,""type"":""Point"",""coordinates"":[110.42108791937571,-7.270249126939415]}"
1_2_161_0,0.0402,0.0802,0.0345,0.0389,0.0444,0.0273,0.0573,0.1504,0.1864,0.1764,0.1948,0.196,-0.3339529,0.35552484,0.13972504,0.5978261,-0.28731945,-0.3984307,0.0053392854,0.63864374,-0.67283076,-0.34676746,0.73195875,-0.5978261,0.50962776,0.3178201,-12.595449,-11.229277,0.28834057,3,"{""geodesic"":false,""type"":""Point"",""coordinates"":[110.44918010524415,-7.261781399489068]}"
1_2_43_0,0.0506,0.1629,0.0758,0.0518,0.0719,0.0415,0.1061,0.3022,0.3462,0.3468,0.375,0.3202,-0.32205638,0.63219583,0.28378543,0.656556,-0.38756388,-0.36489317,0.009070646,0.7400903,-0.6412683,-0.51746625,0.78624773,-0.656556,0.5314639,0.5155353,-10.135071,-7.411787,0.49243268,3,"{""geodesic"":false,""type"":""Point"",""coordinates"":[110.4365792176378,-7.269454552990664]}"
1_2_186_0,0.0526,0.1613,0.0919,0.0573,0.0748,0.0575,0.1072,0.2385,0.3012,0.2974,0.3205,0.3105,-0.23696598,0.49457797,0.22150451,0.59806556,-0.3663702,-0.27409163,0.017768158,0.67691004,-0.52787054,-0.4757548,0.6759651,-0.59806556,0.4700939,0.42092642,-14.990947,-6.4495535,0.4213759,3,"{""geodesic"":false,""type"":""Point"",""coordinates"":[110.44059474548575,-7.318485751289463]}"
1_2_110_0,0.0469,0.1979,0.0954,0.0494,0.0633,0.0452,0.0933,0.2522,0.3133,0.3345,0.3447,0.3494,-0.22456142,0.5855327,0.26223844,0.68174964,-0.5153139,-0.34947154,0.01289112,0.7426413,-0.5561759,-0.6004852,0.7619173,-0.68174964,0.5638149,0.4932932,-15.113117,-9.797536,0.48382172,3,"{""geodesic"":false,""type"":""Point"",""coordinates"":[110.44501552220962,-7.259876782480293]}"
1_2_120_0,0.0534,0.1524,0.0742,0.0503,0.0606,0.0385,0.0798,0.2236,0.3221,0.3465,0.3316,0.2593,-0.35034883,0.641533,0.2878146,0.70228446,-0.4309859,-0.34510154,0.008244444,0.74647176,-0.6472546,-0.5037001,0.8,-0.70228446,0.6256158,0.52203393,-17.967094,-10.8508415,0.4954282,3,"{""geodesic"":false,""type"":""Point"",""coordinates"":[110.4540463515996,-7.2827727406061875]}"
1_2_138_0,0.0461,0.1516,0.0795,0.0461,0.0642,0.0433,0.0911,0.2306,0.3137,0.3077,0.3387,0.3208,-0.28959358,0.54102725,0.24520703,0.65474594,-0.40500465,-0.31198618,0.011187357,0.7394008,-0.5893595,-0.5336368,0.75327635,-0.65474594,0.5431294,0.46603996,-18.884872,-8.0200615,0.4595924,3,"{""geodesic"":false,""type"":""Point"",""coordinates"":[110.43815136066534,-7.316311810543421]}"
1_2_99_0,0.0522,0.1161,0.0621,0.049,0.0524,0.038,0.0658,0.1719,0.244,0.2046,0.2534,0.1943,-0.24405202,0.3910431,0.15275909,0.5922179,-0.37804154,-0.30303028,0.011533724,0.61356467,-0.5343082,-0.40642035,0.68672717,-0.5922179,0.5133136,0.33652034,-17.721682,-10.630357,0.3097134,3,"{""geodesic"":false,""type"":""Point"",""coordinates"":[110.45016334513643,-7.272637136484599]}"
1_2_36_0,0.0512,0.1437,0.084,0.0483,0.0618,0.0416,0.0838,0.2058,0.2795,0.2687,0.2791,0.23,-0.26219392,0.491112,0.20900579,0.6260212,-0.39854017,-0.2621871,0.013004838,0.69526815,-0.52367455,-0.496875,0.7318724,-0.6260212,0.524539,0.42039984,-14.415374,-0.042426314,0.40465117,3,"{""geodesic"":false,""type"":""Point"",""coordinates"":[110.42090558796457,-7.271153434935954]}"
1_2_143_0,0.0463,0.1053,0.0534,0.0487,0.0594,0.0405,0.076,0.1755,0.224,0.201,0.2344,0.2714,-0.26270545,0.3719583,0.14901611,0.54377884,-0.27868852,-0.32703215,0.010759701,0.60993195,-0.5801887,-0.36753246,0.66459626,-0.54377884,0.45126355,0.3246797,-20.358456,-17.042578,0.3047219,3,"{""geodesic"":false,""type"":""Point"",""coordinates"":[110.40050625124472,-7.284242709646004]}"
1_2_82_0,0.0469,0.1493,0.0786,0.0458,0.0534,0.0394,0.0791,0.2219,0.3273,0.3312,0.3454,0.3426,-0.33286196,0.59594804,0.27232346,0.7223089,-0.47311297,-0.3102238,0.009350362,0.7570292,-0.6163983,-0.53049713,0.7873718,-0.7223089,0.61442846,0.5027567,-18.950686,-12.42605,0.4881414,3,"{""geodesic"":false,""type"":""Point"",""coordinates"":[110.43597626539453,-7.316942272180158]}"
1_2_1_0,0.0554,0.1293,0.0887,0.0464,0.0598,0.0398,0.0822,0.1711,0.1975,0.2255,0.2083,0.1497,-0.23310658,0.41588283,0.16983877,0.5807921,-0.3675304,-0.18623854,0.015655253,0.6586981,-0.4353915,-0.47182697,0.6999623,-0.5807921,0.46571335,0.36397493,-13.425605,-9.38698,0.3480373,3,"{""geodesic"":false,""type"":""Point"",""coordinates"":[110.44600276145509,-7.267385711103552]}"
1_2_151_0,0.0468,0.125,0.0641,0.0391,0.0522,0.036,0.0876,0.2256,0.317,0.3187,0.3332,0.2925,-0.37933692,0.569294,0.26692736,0.7185225,-0.4108352,-0.32205185,0.0072406647,0.78144217,-0.66509926,-0.52346134,0.79701155,-0.7185225,0.5687915,0.496139,-13.984044,-14.223409,0.48892513,3,"{""geodesic"":false,""type"":""Point"",""coordinates"":[110.41719025943023,-7.27214366806935]}"
1_2_144_0,0.0467,0.1188,0.0628,0.0512,0.0648,0.047,0.0798,0.1918,0.2738,0.2859,0.2747,0.3209,-0.3406244,0.5044767,0.22617556,0.63045335,-0.29411763,-0.30837005,0.010323889,0.69623256,-0.639805,-0.39764705,0.71763295,-0.63045335,0.5635767,0.43024373,-18.368036,-8.864545,0.42055908,3,"{""geodesic"":false,""type"":""Point"",""coordinates"":[110.40141789762811,-7.279902137312426]}"
1_2_24_0,0.0613,0.1963,0.158,0.0717,0.083,0.0886,0.1272,0.1747,0.2077,0.1984,0.2105,0.2064,0.026666662,0.23023695,0.09071335,0.4100924,-0.40565702,-0.10810046,0.07055847,0.46908554,-0.11335577,0.46492538,0.3825784,-0.4100924,0.21867323,0.20927574,-18.085175,-2.7372904,0.24678615,3,"{""geodesic"":false,""type"":""Point"",""coordinates"":[110.42172109802796,-7.270973567728592]}"
1_2_97_0,0.0475,0.1219,0.0644,0.0445,0.0583,0.0438,0.0853,0.1817,0.2418,0.2193,0.2503,0.2626,-0.22840513,0.38206995,0.16165908,0.5799712,-0.3529412,-0.30864197,0.012862381,0.6626232,-0.5459993,-0.46514422,0.6670467,-0.5799712,0.4399212,0.34497446,-14.039079,-5.794407,0.3432836,3,"{""geodesic"":false,""type"":""Point"",""coordinates"":[110.4277064489511,-7.2657348193408335]}"
1_2_61_0,0.0496,0.1988,0.0905,0.0432,0.0594,0.0368,0.091,0.2921,0.3816,0.3752,0.4125,0.3324,-0.2795107,0.6650943,0.30969027,0.7266452,-0.53989154,-0.3743519,0.008876332,0.79349905,-0.6113378,-0.6429752,0.8213592,-0.7266452,0.6096096,0.55657893,-11.433855,-4.6914334,0.5422474,3,"{""geodesic"":false,""type"":""Point"",""coordinates"":[110.4263800311204,-7.3115029176638755]}"
1_2_12_0,0.056,0.1281,0.0647,0.0511,0.0686,0.0474,0.0833,0.1806,0.2471,0.2411,0.2575,0.2774,-0.24951893,0.42394397,0.1793983,0.5569906,-0.3024911,-0.32883814,0.012719951,0.6502395,-0.5768476,-0.42968747,0.6714038,-0.5569906,0.4864365,0.36848447,-15.716739,-12.407107,0.35975763,3,"{""geodesic"":false,""type"":""Point"",""coordinates"":[110.42161707633417,-7.281466107511949]}"
1_2_160_0,0.0393,0.1908,0.0934,0.0434,0.0574,0.0373,0.0847,0.248,0.3099,0.3108,0.3432,0.3298,-0.21655503,0.56550324,0.24629663,0.68821293,-0.5374698,-0.3427164,0.011209203,0.7549407,-0.5378525,-0.6293766,0.78569376,-0.68821293,0.5716814,0.48372832,-14.68135,-8.00424,0.46956214,3,"{""geodesic"":false,""type"":""Point"",""coordinates"":[110.44655711960168,-7.258521846427202]}"
1_2_130_0,0.0468,0.1354,0.0644,0.0421,0.0517,0.0322,0.0658,0.215,0.3143,0.3153,0.329,0.3296,-0.3615238,0.59337664,0.26481083,0.7182561,-0.44735435,-0.35535532,0.006576848,0.7644096,-0.6607848,-0.5256338,0.8146762,-0.7182561,0.6546838,0.5010619,-19.699425,-18.299921,0.4779566,3,"{""geodesic"":false,""type"":""Point"",""coordinates"":[110.45447838958083,-7.300050072705581]}"
1_2_164_0,0.0477,0.1616,0.0667,0.0538,0.0594,0.0405,0.0785,0.2376,0.3051,0.3138,0.3468,0.3535,-0.2905038,0.5924304,0.2518386,0.68167204,-0.4624434,-0.41568112,0.008608508,0.70729053,-0.6494087,-0.5004642,0.7713802,-0.68167204,0.59979606,0.47986656,-12.843332,-8.0503435,0.4495159,3,"{""geodesic"":false,""type"":""Point"",""coordinates"":[110.45922034648602,-7.274095307258979]}"
1_2_148_0,0.0573,0.1294,0.0741,0.0498,0.0626,0.0444,0.0859,0.1749,0.1974,0.2446,0.2183,0.2062,-0.25758222,0.44,0.18513626,0.5924479,-0.34791666,-0.27174446,0.013450695,0.66168475,-0.53498584,-0.44419643,0.6927336,-0.5924479,0.48018155,0.38060835,-19.003277,-5.114381,0.36782476,3,"{""geodesic"":false,""type"":""Point"",""coordinates"":[110.41365233396266,-7.2760286255355275]}"
1_2_141_0,0.0439,0.1629,0.0705,0.044,0.0528,0.0314,0.079,0.2617,0.3555,0.3144,0.3758,0.3576,-0.29690608,0.6032571,0.2596955,0.7124183,-0.5104312,-0.3958869,0.0070410306,0.75446427,-0.63367105,-0.5746738,0.81839216,-0.7124183,0.5983731,0.5018917,-15.623569,-13.062868,0.47250697,3,"{""geodesic"":false,""type"":""Point"",""coordinates"":[110.41116902451876,-7.3046992763410925]}"
1_2_122_0,0.0641,0.209,0.1291,0.0486,0.061,0.0484,0.1127,0.2244,0.2705,0.2678,0.2892,0.3059,-0.10282327,0.4594957,0.19093838,0.62895375,-0.54814816,-0.23632064,0.023332486,0.69279397,-0.34945834,-0.6226708,0.69386464,-0.62895375,0.40762156,0.40321,-14.116701,-7.645508,0.40274376,3,"{""geodesic"":false,""type"":""Point"",""coordinates"":[110.4574858116888,-7.285219149779035]}"
1_2_72_0,0.0493,0.1087,0.0565,0.0474,0.0541,0.0404,0.0745,0.1776,0.2372,0.2248,0.245,0.2709,-0.29219085,0.41468024,0.17229584,0.6120473,-0.33538085,-0.31598064,0.010153914,0.65172666,-0.59829366,-0.39269698,0.6953243,-0.6120473,0.50217175,0.36147413,-21.366274,-12.649459,0.34459984,3,"{""geodesic"":false,""type"":""Point"",""coordinates"":[110.4565590766438,-7.302494852883806]}"
1_2_11_0,0.0476,0.1032,0.0675,0.0483,0.0564,0.0452,0.0727,0.1513,0.1743,0.1789,0.189,0.0951,-0.20979765,0.30725744,0.123421215,0.520612,-0.2932331,-0.20913884,0.01705422,0.5748239,-0.45211038,-0.36237624,0.59660864,-0.520612,0.42209858,0.27696452,-12.424767,-7.3924885,0.26938945,3,"{""geodesic"":false,""type"":""Point"",""coordinates"":[110.44681803683989,-7.267386706145767]}"
1_2_146_0,0.0536,0.1843,0.1017,0.0578,0.0892,0.0558,0.1224,0.2777,0.3207,0.352,0.3503,0.2742,-0.26111707,0.59084016,0.27342716,0.5956482,-0.34771484,-0.2888112,0.016121762,0.7179112,-0.5516861,-0.52251136,0.7263364,-0.5956482,0.48397976,0.48942497,-15.061649,-8.868463,0.48505166,3,"{""geodesic"":false,""type"":""Point"",""coordinates"":[110.4101098550109,-7.283350791103225]}"
1_2_87_0,0.0378,0.1789,0.0813,0.0381,0.0493,0.0315,0.0728,0.236,0.3305,0.3051,0.3589,0.3091,-0.23988438,0.56606114,0.24747768,0.7217833,-0.5679229,-0.3750961,0.0083938055,0.77797204,-0.5791925,-0.64884794,0.8128342,-0.7217833,0.6147129,0.49055701,-11.283625,-5.8967056,0.47497627,3,"{""geodesic"":false,""type"":""Point"",""coordinates"":[110.41913503072398,-7.309503656803498]}"
1_2_57_0,0.0532,0.1181,0.0614,0.0514,0.0648,0.0502,0.0884,0.174,0.213,0.2092,0.2193,0.2029,-0.21520166,0.35336474,0.14696673,0.5270073,-0.29141608,-0.31587744,0.014733653,0.60552573,-0.54619366,-0.39351034,0.61295295,-0.5270073,0.40591398,0.31406373,-15.3362255,-6.98441,0.3112017,3,"{""geodesic"":false,""type"":""Point"",""coordinates"":[110.41434872769115,-7.297828920353767]}"
1_2_77_0,0.0407,0.154,0.0792,0.0448,0.0578,0.0396,0.0781,0.2158,0.3074,0.2667,0.3223,0.3211,-0.23341912,0.4859625,0.20682597,0.6437596,-0.4542021,-0.3207547,0.01175973,0.71235955,-0.5420642,-0.5492958,0.74143,-0.6437596,0.5469838,0.42248544,-16.06159,-9.867404,0.41016635,3,"{""geodesic"":false,""type"":""Point"",""coordinates"":[110.45364624339297,-7.313888595280688]}"
1_2_195_0,0.0501,0.1413,0.0684,0.0431,0.056,0.0346,0.0812,0.2124,0.2716,0.2824,0.2968,0.3175,-0.2983646,0.5309621,0.22889058,0.6690307,-0.4323365,-0.34763944,0.008380453,0.7351767,-0.6100342,-0.53253794,0.7817035,-0.6690307,0.55335534,0.4549572,-13.237586,-8.571704,0.4348274,3,"{""geodesic"":false,""type"":""Point"",""coordinates"":[110.43921519527035,-7.262221469931302]}"
1_2_163_0,0.0446,0.1866,0.0879,0.0453,0.0582,0.0371,0.0838,0.2438,0.31,0.3148,0.3385,0.341,-0.23364165,0.57967687,0.25120553,0.68793565,-0.5245098,-0.35956284,0.0103592435,0.7484032,-0.56344676,-0.6093144,0.78914464,-0.68793565,0.57952833,0.48896584,-11.4451,-10.744043,0.4700035,3,"{""geodesic"":false,""type"":""Point"",""coordinates"":[110.44456115628837,-7.261052135162796]}"
1_2_193_0,0.0445,0.1398,0.0784,0.0473,0.065,0.0428,0.0922,0.2375,0.2987,0.3129,0.315,0.3033,-0.32719234,0.55578417,0.2529096,0.65599364,-0.36523438,-0.2813932,0.010723937,0.7373681,-0.5992844,-0.494388,0.75934774,-0.65599364,0.54480374,0.47347203,-14.187564,-7.806285,0.46314812,3,"{""geodesic"":false,""type"":""Point"",""coordinates"":[110.40914306018016,-7.260645602643111]}"
1_2_10_0,0.0757,0.1813,0.129,0.0536,0.0652,0.0502,0.1027,0.198,0.2422,0.2814,0.259,0.1879,-0.18270078,0.48958156,0.20796639,0.6237738,-0.4709939,-0.16854659,0.023012793,0.68,-0.37134504,-0.5436356,0.6972256,-0.6237738,0.46524343,0.4170274,-13.703323,-9.985671,0.40922156,3,"{""geodesic"":false,""type"":""Point"",""coordinates"":[110.44582114579521,-7.267747307143407]}"
1_2_133_0,0.0452,0.1257,0.0664,0.0451,0.0568,0.0423,0.0849,0.2052,0.2698,0.2587,0.2933,0.298,-0.28783384,0.46071962,0.20161982,0.6399366,-0.37753424,-0.30869338,0.010857054,0.7030942,-0.59151036,-0.47189695,0.71893686,-0.6399366,0.50582075,0.40524346,-16.073498,-11.95739,0.39860663,3,"{""geodesic"":false,""type"":""Point"",""coordinates"":[110.45627669016964,-7.311268596835852]}"
1_2_80_0,0.0438,0.1079,0.0533,0.0444,0.0528,0.0346,0.0682,0.1723,0.2414,0.2302,0.2514,0.2623,-0.3167106,0.44261402,0.18260972,0.62685513,-0.3428749,-0.33870968,0.008011208,0.67662054,-0.6239859,-0.41694027,0.7386707,-0.62685513,0.54289544,0.38362968,-20.749786,-11.2788515,0.3597986,3,"{""geodesic"":false,""type"":""Point"",""coordinates"":[110.4476623765003,-7.317589929418079]}"
1_2_103_0,0.0455,0.1712,0.089,0.0444,0.061,0.0409,0.0893,0.2393,0.2902,0.2966,0.3104,0.3325,-0.23305008,0.5287428,0.23260818,0.6588367,-0.47459087,-0.31591085,0.0122727575,0.73958945,-0.53838176,-0.5881262,0.75762963,-0.6588367,0.5371858,0.45797017,-11.647556,-5.4237204,0.44982165,3,"{""geodesic"":false,""type"":""Point"",""coordinates"":[110.41492957413693,-7.269065320075807]}"
1_2_45_0,0.0488,0.1644,0.0984,0.0553,0.0684,0.0512,0.102,0.2087,0.2544,0.2753,0.2712,0.1502,-0.2105456,0.47976878,0.20403863,0.6019785,-0.4123711,-0.25114155,0.018300327,0.6654567,-0.47337437,-0.49658623,0.6863706,-0.6019785,0.4593162,0.40671507,-13.954602,-6.6273527,0.39730313,3,"{""geodesic"":false,""type"":""Point"",""coordinates"":[110.44917063302589,-7.269560477782994]}"
1_2_98_0,0.0482,0.0796,0.0425,0.0431,0.0472,0.0322,0.0568,0.1409,0.1971,0.1829,0.2045,0.2097,-0.33806986,0.35783824,0.14229974,0.58974355,-0.2555205,-0.30384928,0.007482231,0.6185841,-0.6228926,-0.29747352,0.7006044,-0.58974355,0.52607423,0.31610963,-18.120497,-14.312988,0.28884298,3,"{""geodesic"":false,""type"":""Point"",""coordinates"":[110.45115892626166,-7.273361979374255]}"
1_2_33_0,0.0573,0.191,0.1236,0.0604,0.078,0.071,0.1248,0.2114,0.2367,0.2686,0.2659,0.2921,-0.113367155,0.39787367,0.17633352,0.5499134,-0.42007434,-0.21424031,0.032671634,0.63282675,-0.3697093,-0.51949084,0.58186096,-0.5499134,0.36553124,0.35302523,-16.297873,-8.084207,0.3767189,3,"{""geodesic"":false,""type"":""Point"",""coordinates"":[110.42136014146821,-7.269887658063514]}"
1_2_165_0,0.0531,0.1686,0.0795,0.0498,0.0634,0.0408,0.0857,0.2568,0.3269,0.3487,0.3514,0.3178,-0.3110709,0.6309426,0.2852512,0.6923077,-0.45344827,-0.35912937,0.009301979,0.7500627,-0.6286782,-0.54395604,0.79050064,-0.6923077,0.60543275,0.5192243,-14.807034,-12.431571,0.4989983,3,"{""geodesic"":false,""type"":""Point"",""coordinates"":[110.45840256319931,-7.276174787136325]}"
1_2_66_0,0.0485,0.1888,0.0943,0.0508,0.065,0.0426,0.0914,0.2343,0.2944,0.2949,0.3272,0.3524,-0.19805925,0.53933305,0.22639036,0.6387886,-0.4877857,-0.3338043,0.013622177,0.70610356,-0.5154162,-0.5759599,0.74755555,-0.6387886,0.52679265,0.4518806,-13.779021,-11.920416,0.43295494,3,"{""geodesic"":false,""type"":""Point"",""coordinates"":[110.44410578783149,-7.263041576148485]}"
1_2_184_0,0.049,0.1607,0.0857,0.0514,0.0658,0.0438,0.0866,0.2396,0.3132,0.2885,0.3238,0.2935,-0.24871421,0.52474695,0.22398293,0.62856334,-0.4189845,-0.3043831,0.013010953,0.6975581,-0.5419562,-0.515323,0.7363828,-0.62856334,0.53825647,0.44100687,-15.995775,-9.741392,0.4234433,3,"{""geodesic"":false,""type"":""Point"",""coordinates"":[110.4434984236922,-7.314780723615514]}"
1_2_86_0,0.0356,0.1258,0.0543,0.0393,0.048,0.0324,0.0697,0.202,0.2646,0.2667,0.2917,0.3045,-0.31839725,0.50220776,0.2177476,0.69494754,-0.44764096,-0.39700165,0.0065966253,0.74313724,-0.66168225,-0.5239249,0.78335005,-0.69494754,0.58561236,0.43980727,-13.756116,-7.2836084,0.423201,3,"{""geodesic"":false,""type"":""Point"",""coordinates"":[110.41705077846348,-7.309953237036668]}"
2_46_0,0.0577,0.1914,0.169,0.095,0.092,0.098,0.1141,0.1556,0.1739,0.17,0.1913,0.1814,0.04401155,0.17216644,0.055447605,0.29770994,-0.35074103,-0.06215318,0.09742352,0.2830189,-0.0029498585,0.3365922,0.26865673,-0.29770994,0.19676171,0.14062501,-15.103623,-8.202715,0.14705883,5,"{""geodesic"":false,""type"":""Point"",""coordinates"":[110.44636543824126,-7.267114790477094]}"
2_79_0,0.0547,0.0943,0.0891,0.1098,0.1014,0.1072,0.0931,0.0884,0.0893,0.13,0.0791,0.063,-0.086789034,0.060018953,0.025086142,0.123595476,0.036280025,-0.028353319,0.07347324,0.08423683,-0.18667272,-0.07594317,0.096121415,-0.123595476,0.16539666,0.04639175,-15.034407,-3.8811896,0.040957,5,"{""geodesic"":false,""type"":""Point"",""coordinates"":[110.4281981369709,-7.306620708514435]}"
2_193_0,0.0637,0.1086,0.1021,0.1104,0.1136,0.1204,0.1124,0.1311,0.1529,0.1478,0.149,0.1333,-0.059934326,0.065726355,0.029491203,0.13083397,0.022502262,-0.03084954,0.08317212,0.14484896,-0.18287314,-0.008219182,0.10216258,-0.13083397,0.13604918,0.053501695,-28.933332,-5.7732677,0.07399103,5,"{""geodesic"":false,""type"":""Point"",""coordinates"":[110.4410251080581,-7.263670973224013]}"
2_86_0,0.0648,0.1421,0.0914,0.0566,0.0681,0.0557,0.0973,0.1876,0.2271,0.1961,0.2311,0.2138,-0.12186457,0.31741723,0.12508814,0.48448145,-0.3520457,-0.21713066,0.025961142,0.55203795,-0.36417392,-0.43029696,0.55758536,-0.48448145,0.33674166,0.28012767,-17.170958,-7.8555055,0.2779992,5,"{""geodesic"":false,""type"":""Point"",""coordinates"":[110.42303174270852,-7.308604118874808]}"
2_39_0,0.0677,0.265,0.2578,0.1044,0.1168,0.1192,0.1363,0.145,0.1603,0.1772,0.1765,0.1235,0.1541003,0.13070129,0.032161254,0.20544218,-0.3881613,-0.013771945,0.1734185,0.25852272,0.18528737,0.43475905,0.19568153,-0.20544218,0.13046253,0.1092416,-18.267927,-5.8734665,0.1397134,5,"{""geodesic"":false,""type"":""Point"",""coordinates"":[110.44509623412131,-7.267927329752588]}"
2_7_0,0.048,0.1058,0.0973,0.091,0.0924,0.0924,0.0896,0.0836,0.0895,0.0901,0.0929,0.0602,0.045083065,-0.005977135,-0.0046747574,-0.012602749,-0.06760849,-0.041851316,0.0997838,-0.004969632,0.038420506,0.07520328,-0.012602749,0.012602749,0.002782403,-0.005054949,-17.693703,-12.021951,-0.0019820884,5,"{""geodesic"":false,""type"":""Point"",""coordinates"":[110.44609268286929,-7.267928547798026]}"
2_143_0,0.1269,0.4263,0.3814,0.115,0.1246,0.3188,0.2699,0.3009,0.3201,0.3355,0.3017,0.2838,0.24640347,0.01749937,-0.0023512044,0.4583786,-0.54764926,-0.055589948,0.36241525,0.48945615,0.06402565,-0.57509696,0.02552346,-0.4583786,0.108358115,0.021701463,-9.127136,-3.7953515,0.34797475,5,"{""geodesic"":false,""type"":""Point"",""coordinates"":[110.45821617781512,-7.280516385805163]}"
2_12_0,0.04,0.0305,0.0199,0.053,0.051,0.0498,0.0563,0.0556,0.0617,0.0627,0.0527,0.0346,-0.18061225,0.033454362,0.016320359,0.10290241,0.25153372,-0.21031748,0.015805742,0.08383755,-0.5181598,0.26946107,0.114666685,-0.10290241,0.05378154,0.031591844,-13.684482,-2.773203,0.02363165,5,"{""geodesic"":false,""type"":""Point"",""coordinates"":[110.44835722941035,-7.268021762319441]}"
2_172_0,0.0694,0.2373,0.2152,0.0704,0.0812,0.093,0.1148,0.1417,0.1564,0.1517,0.1687,0.1829,0.19587255,0.1241855,0.033127084,0.30270502,-0.49010986,-0.048839748,0.13192882,0.36605135,0.17307168,0.54241145,0.23988558,-0.30270502,0.13846156,0.118235536,-10.780937,-2.5607424,0.16888243,5,"{""geodesic"":false,""type"":""Point"",""coordinates"":[110.41602279590867,-7.2642726659912915]}"
2_54_0,0.0648,0.1618,0.1276,0.0668,0.0637,0.0684,0.1116,0.1529,0.1563,0.1469,0.1689,0.2138,0.03717054,0.18579,0.0619476,0.39506173,-0.43503326,-0.11817553,0.05941348,0.37482452,-0.070309654,0.41557306,0.3646075,-0.39506173,0.13655706,0.16461623,-9.145652,-5.425606,0.16834804,5,"{""geodesic"":false,""type"":""Point"",""coordinates"":[110.42266913418867,-7.30878456283837]}"
2_4_0,0.0422,0.0189,0.015,0.0516,0.0542,0.0435,0.0489,0.0477,0.0529,0.0477,0.0461,0.0432,-0.22820039,0.011391995,0.008559625,-0.06378805,0.48290014,-0.11504424,0.013679245,-0.03927495,-0.5215311,0.46382982,0.046052635,0.06378805,-0.01242237,0.0106562935,-11.043494,-9.633314,-0.009761395,5,"{""geodesic"":false,""type"":""Point"",""coordinates"":[110.44899045185785,-7.26874616822463]}"
2_152_0,0.0543,0.0917,0.07,0.0496,0.053,0.0478,0.0734,0.092,0.0974,0.0771,0.1026,0.1131,0.048084147,0.07384817,0.021520019,0.18524213,-0.26744992,-0.13419914,0.043398183,0.21704814,-0.048266493,-0.29794762,0.23458767,-0.18524213,0.024584725,0.07033125,-13.065059,-10.9290695,0.06582097,5,"{""geodesic"":false,""type"":""Point"",""coordinates"":[110.44808889208433,-7.265217345965977]}"
2_111_0,0.0726,0.235,0.2147,0.0885,0.0913,0.1078,0.1408,0.1713,0.1886,0.1782,0.208,0.2106,0.12485643,0.15156083,0.047857556,0.32244897,-0.44039226,-0.04514121,0.12988023,0.33633298,0.092898935,0.45285934,0.24615386,-0.32244897,0.1172414,0.13435116,-14.368065,-8.228542,0.17549238,5,"{""geodesic"":false,""type"":""Point"",""coordinates"":[110.41919791697623,-7.260658577547879]}"
2_169_0,0.0741,0.2392,0.2258,0.0728,0.0769,0.0861,0.1092,0.1243,0.1496,0.1485,0.1682,0.1796,0.1902671,0.13939773,0.035267536,0.3176575,-0.51344514,-0.028817212,0.13091838,0.34206957,0.20651883,0.5333333,0.26598465,-0.3176575,0.1525029,0.12741628,-11.399924,1.5140944,0.15742408,5,"{""geodesic"":false,""type"":""Point"",""coordinates"":[110.41856080513436,-7.263009568156133]}"
2_195_0,0.0636,0.1549,0.1223,0.0714,0.081,0.0764,0.1159,0.1559,0.1803,0.1969,0.1845,0.2275,-0.07405925,0.26902127,0.106588185,0.41705647,-0.31326833,-0.11760462,0.047454137,0.46775994,-0.23370926,-0.36897922,0.44090745,-0.41705647,0.2589514,0.23373853,-15.446234,-8.181068,0.24502146,5,"{""geodesic"":false,""type"":""Point"",""coordinates"":[110.43785563381041,-7.262852968782691]}"
2_21_0,0.0662,0.1676,0.1302,0.0738,0.0898,0.0952,0.1349,0.1837,0.2145,0.1792,0.2184,0.2133,0.018999645,0.17545323,0.07116923,0.332342,-0.3022533,-0.12558767,0.069168754,0.4166008,-0.15837103,0.38856673,0.30612242,-0.332342,0.14103787,0.1627066,-15.552876,-6.8059626,0.20996015,5,"{""geodesic"":false,""type"":""Point"",""coordinates"":[110.42154085103986,-7.2702497050264725]}"
2_160_0,0.0687,0.2179,0.1973,0.0868,0.0928,0.1094,0.1205,0.1491,0.1561,0.1536,0.1677,0.1886,0.15307377,0.09534083,0.024971584,0.24675328,-0.40263918,-0.049614623,0.14052486,0.27787024,0.12453689,0.43025926,0.16806087,-0.24675328,0.12075887,0.086893864,-17.54166,-1.2169758,0.13533226,5,"{""geodesic"":false,""type"":""Point"",""coordinates"":[110.43495849193985,-7.261583010461452]}"
2_164_0,0.0677,0.2353,0.1869,0.067,0.0802,0.0798,0.1124,0.1712,0.2104,0.1831,0.2296,0.2107,0.11500355,0.22274452,0.07574221,0.39080894,-0.49160063,-0.114637606,0.08145615,0.4642143,0.010270283,-0.5567317,0.39292505,-0.39080894,0.2392555,0.20310657,-15.580201,-7.0366464,0.23216905,5,"{""geodesic"":false,""type"":""Point"",""coordinates"":[110.42118614619494,-7.264279281634668]}"
2_187_0,0.0636,0.282,0.2258,0.1506,0.122,0.1544,0.1375,0.1698,0.1917,0.2449,0.211,0.2259,0.04916457,0.21717219,0.06788666,0.33496866,-0.3960396,-0.11067352,0.14235818,0.23843236,-0.040577885,0.3037448,0.22664662,-0.33496866,0.28085774,0.15095073,-17.14991,-7.485472,0.15795645,5,"{""geodesic"":false,""type"":""Point"",""coordinates"":[110.4453712094649,-7.265304486400552]}"
2_43_0,0.0697,0.1734,0.1507,0.112,0.1212,0.1356,0.1515,0.1665,0.1872,0.1822,0.1919,0.2068,0.024535805,0.100795984,0.039901063,0.2010547,-0.1771894,-0.0700401,0.11215653,0.23861317,-0.094623,0.21513663,0.1466331,-0.2010547,0.0919988,0.08547322,-23.261877,-14.413505,0.13258624,5,"{""geodesic"":false,""type"":""Point"",""coordinates"":[110.42208494723013,-7.26979812834674]}"
2_153_0,0.0796,0.3233,0.3373,0.1708,0.2042,0.183,0.176,0.2124,0.2479,0.2658,0.2532,0.2499,0.07392088,0.19117104,0.05793596,0.13106383,-0.22578199,0.021192852,0.23222686,0.21759047,0.118554145,-0.30864197,0.18449198,-0.13106383,0.2032594,0.1309022,-19.205202,-4.4637365,0.15214606,5,"{""geodesic"":false,""type"":""Point"",""coordinates"":[110.44510033987414,-7.264580519397075]}"
2_0_0,0.0401,0.0468,0.0315,0.0584,0.0602,0.0562,0.0634,0.0796,0.0874,0.0857,0.0869,0.0451,-0.16632941,0.07488069,0.03116587,0.17477724,0.12523365,-0.19540228,0.020656943,0.18945174,-0.46245733,0.11026619,0.20789286,-0.17477724,0.14956404,0.06893596,-15.405036,-12.126816,0.06357708,5,"{""geodesic"":false,""type"":""Point"",""coordinates"":[110.44826730523371,-7.267478925869733]}"
2_134_0,0.0636,0.2538,0.2289,0.0576,0.0608,0.0796,0.1169,0.1317,0.1564,0.1412,0.1693,0.1837,0.25291243,0.12976071,0.030728191,0.39801982,-0.6134774,-0.051584844,0.12903994,0.42052317,0.23696296,0.6300578,0.27898553,-0.39801982,0.094149575,0.12819092,-16.313465,-3.0994654,0.1794505,5,"{""geodesic"":false,""type"":""Point"",""coordinates"":[110.46055732026966,-7.292368735954478]}"
2_20_0,0.0556,0.1251,0.1049,0.071,0.0754,0.1336,0.1327,0.1518,0.1523,0.1643,0.1289,0.1782,0.047368422,0.05354402,0.03220637,0.37088025,-0.2478803,-0.08782608,0.08529909,0.39651507,-0.22065376,0.27587965,0.10305471,-0.37088025,0.10639729,0.057713997,-16.799477,-3.1302252,0.19033046,5,"{""geodesic"":false,""type"":""Point"",""coordinates"":[110.42126862884234,-7.270611173999347]}"
2_50_0,0.0524,0.1252,0.111,0.0842,0.0878,0.0818,0.0904,0.1219,0.1429,0.1549,0.1481,0.2041,-0.071956955,0.1801913,0.06540863,0.276473,-0.17558685,-0.060118552,0.05861717,0.29569218,-0.16509965,-0.19579752,0.30882975,-0.276473,0.26294333,0.14883941,-17.963068,-4.8228226,0.14348531,5,"{""geodesic"":false,""type"":""Point"",""coordinates"":[110.44292238757365,-7.267743756012694]}"
2_189_0,0.0606,0.2777,0.2469,0.1156,0.1284,0.1282,0.136,0.1727,0.2013,0.2265,0.2257,0.2208,0.08529412,0.21772838,0.07180554,0.2764159,-0.36764345,-0.0587114,0.13974649,0.32417423,0.043092526,-0.4121536,0.27713564,-0.2764159,0.24965519,0.17251669,-13.586184,-8.394776,0.19754188,5,"{""geodesic"":false,""type"":""Point"",""coordinates"":[110.44419403973065,-7.264941228003416]}"
2_142_0,0.0684,0.2336,0.2084,0.064,0.065,0.0714,0.1027,0.1322,0.1509,0.147,0.169,0.1885,0.18217054,0.17253971,0.046854828,0.38679248,-0.564635,-0.057013597,0.10122286,0.3933649,0.17276308,0.56989247,0.34615383,-0.38679248,0.1774129,0.15785077,-14.882379,-4.5537777,0.17510548,5,"{""geodesic"":false,""type"":""Point"",""coordinates"":[110.4554967636476,-7.281960396668153]}"
2_93_0,0.0563,0.1513,0.1214,0.0756,0.0761,0.1308,0.1308,0.1641,0.1832,0.1639,0.1769,0.2075,0.08167176,0.05989001,0.029466987,0.36583334,-0.33069482,-0.109644294,0.09688297,0.36868477,-0.14896601,0.33362716,0.112317644,-0.36583334,0.11231762,0.062476423,-17.514984,-2.537038,0.17910752,5,"{""geodesic"":false,""type"":""Point"",""coordinates"":[110.42126909203694,-7.270249358228526]}"
2_19_0,0.0687,0.2325,0.1963,0.0592,0.0776,0.1412,0.1671,0.2297,0.2279,0.2112,0.2246,0.2283,0.16037883,0.10839939,0.05381976,0.46260387,-0.49951628,-0.08442164,0.13123846,0.56213015,-0.036564413,0.5941035,0.19863789,-0.46260387,0.116574146,0.12318159,-17.4365,-5.3382897,0.29595014,5,"{""geodesic"":false,""type"":""Point"",""coordinates"":[110.42217518665777,-7.270069605671689]}"
2_118_0,0.0746,0.2169,0.1685,0.071,0.0838,0.0942,0.1223,0.1781,0.1916,0.1628,0.2124,0.2357,0.1418609,0.14345463,0.04685504,0.32035685,-0.44263384,-0.1255838,0.09749816,0.39264327,0.017204972,0.5067732,0.26692608,-0.32035685,0.14205542,0.13593131,-1.6607955,2.6402626,0.1876533,5,"{""geodesic"":false,""type"":""Point"",""coordinates"":[110.41057908963614,-7.2708687647051145]}"
2_84_0,0.0562,0.161,0.0919,0.0568,0.0678,0.0564,0.1097,0.249,0.2942,0.235,0.3101,0.2924,-0.14611155,0.38914067,0.16006273,0.55217963,-0.40734264,-0.27323052,0.022056,0.61069226,-0.43774855,-0.47842056,0.61290324,-0.55217963,0.3635045,0.33851403,-9.377277,-2.8512132,0.33758524,5,"{""geodesic"":false,""type"":""Point"",""coordinates"":[110.42285125112245,-7.3080611641796205]}"
2_95_0,0.0539,0.0815,0.0607,0.1007,0.1036,0.0814,0.0832,0.0875,0.0967,0.1318,0.1004,0.1042,-0.17602426,0.14567316,0.050382275,0.11979606,0.11939493,-0.14627287,0.037488468,0.13376343,-0.36935064,0.10537869,0.23639774,-0.11979606,0.2260465,0.10600112,-20.680035,-0.29797953,0.063686006,5,"{""geodesic"":false,""type"":""Point"",""coordinates"":[110.44373721811927,-7.268106573865782]}"
2_72_0,0.0515,0.1433,0.083,0.0647,0.0825,0.0748,0.1098,0.1972,0.2324,0.2836,0.245,0.1435,-0.2298729,0.4185543,0.1966604,0.5493035,-0.26926482,-0.26646045,0.021891395,0.6284812,-0.5471904,-0.3778846,0.58258927,-0.5493035,0.44178954,0.36486486,-12.116733,-8.206237,0.38706827,5,"{""geodesic"":false,""type"":""Point"",""coordinates"":[110.44219825607506,-7.2672905939148205]}"
2_177_0,0.0795,0.2676,0.2448,0.139,0.1308,0.1576,0.1449,0.158,0.1655,0.2034,0.18,0.1991,0.10786869,0.10347944,0.026305743,0.21723521,-0.3433735,-0.044496484,0.18967788,0.18808413,0.09236948,0.31628135,0.12686981,-0.21723521,0.16795866,0.07979094,-10.802743,-6.3743463,0.11467237,5,"{""geodesic"":false,""type"":""Point"",""coordinates"":[110.41402769910664,-7.265988719963028]}"
2_191_0,0.0617,0.1785,0.1349,0.1134,0.11,0.1036,0.1355,0.1839,0.1961,0.1822,0.2133,0.2495,-0.023368526,0.20612608,0.065326184,0.24709104,-0.237435,-0.13911931,0.07670494,0.23274696,-0.14916429,-0.22302158,0.27501747,-0.24709104,0.14699402,0.15003817,-15.051041,2.0175903,0.12971343,5,"{""geodesic"":false,""type"":""Point"",""coordinates"":[110.44030064925816,-7.263489171472705]}"
2_128_0,0.0768,0.2978,0.2824,0.0798,0.1076,0.1614,0.2126,0.2153,0.248,0.22,0.2445,0.1913,0.21001318,0.09214415,0.034427114,0.34310132,-0.46916625,-0.026542557,0.20717892,0.46764508,0.124203846,0.5773305,0.15364444,-0.34310132,0.017105868,0.0997277,-14.628255,-0.9292931,0.26294073,5,"{""geodesic"":false,""type"":""Point"",""coordinates"":[110.40412490541402,-7.287956092936486]}"
2_101_0,0.0574,0.1511,0.1001,0.0706,0.0804,0.075,0.1034,0.2007,0.2116,0.1712,0.2217,0.2713,-0.033554204,0.22029863,0.08271352,0.36089033,-0.30539957,-0.20302545,0.04385222,0.41604632,-0.26207152,-0.36310327,0.39073923,-0.36089033,0.24690461,0.19337979,-13.087165,-6.6562853,0.20342411,5,"{""geodesic"":false,""type"":""Point"",""coordinates"":[110.4238121941564,-7.265006256992955]}"
2_186_0,0.0517,0.0884,0.0745,0.0539,0.0542,0.0556,0.0631,0.0778,0.0871,0.0833,0.0839,0.1174,0.024182063,0.06838494,0.02188717,0.21163636,-0.23983169,-0.0853284,0.04972629,0.21428573,-0.05576679,0.24244553,0.19942407,-0.21163636,0.13797815,0.06503366,-16.958775,-3.861234,0.06920905,5,"{""geodesic"":false,""type"":""Point"",""coordinates"":[110.44745479190182,-7.265216574176632]}"
2_196_0,0.0742,0.2627,0.255,0.1228,0.126,0.146,0.1568,0.1666,0.1796,0.177,0.1909,0.1926,0.153705,0.06846291,0.010318369,0.16831683,-0.35168508,-0.014873472,0.21033898,0.18078719,0.18055554,0.3629053,0.09597524,-0.16831683,0.06051528,0.056500614,-16.627937,-2.435261,0.10165042,5,"{""geodesic"":false,""type"":""Point"",""coordinates"":[110.43640717333888,-7.262127537570771]}"
2_98_0,0.0506,0.1061,0.0815,0.1322,0.1354,0.1448,0.1059,0.11,0.1138,0.1604,0.1186,0.1139,-0.076724924,0.037583105,0.022458432,0.084516585,0.12132504,-0.13113005,0.07357357,0.096377306,-0.32616785,-0.109525815,0.051114008,-0.084516585,0.2046564,0.029061094,-19.65864,-9.982382,0.05336866,5,"{""geodesic"":false,""type"":""Point"",""coordinates"":[110.44156381854836,-7.267561176495818]}"
2_190_0,0.0725,0.1762,0.1557,0.1428,0.1918,0.1808,0.1579,0.1616,0.1817,0.2346,0.1824,0.1655,-0.027777761,0.10773788,0.054615203,0.10037522,0.042391293,-0.061765604,0.119993865,0.24324322,-0.20215218,-0.10470219,0.1295137,-0.10037522,0.19541399,0.08815816,-23.039732,-3.9699216,0.15694094,5,"{""geodesic"":false,""type"":""Point"",""coordinates"":[110.44165909376557,-7.263762208124926]}"
2_106_0,0.0703,0.2374,0.2195,0.0796,0.0914,0.1138,0.1214,0.1618,0.2009,0.1788,0.2155,0.1887,0.15223096,0.12849914,0.043095548,0.32346413,-0.44403893,-0.03917704,0.13970414,0.38390094,0.10218429,0.4977918,0.22214629,-0.32346413,0.19120587,0.12301288,-15.200145,-6.1315455,0.19620253,5,"{""geodesic"":false,""type"":""Point"",""coordinates"":[110.4195597905585,-7.261020856769017]}"
2_59_0,0.0613,0.1764,0.1396,0.0695,0.082,0.0835,0.1243,0.18,0.188,0.2036,0.2028,0.2064,-0.024765478,0.25372884,0.10363622,0.4257703,-0.3653251,-0.116455734,0.05725245,0.49102893,-0.18648022,0.43472958,0.41832116,-0.4257703,0.24184203,0.22887817,-17.19628,-4.8404417,0.26018628,5,"{""geodesic"":false,""type"":""Point"",""coordinates"":[110.42172121374412,-7.270883113780613]}"
2_81_0,0.0493,0.1316,0.0715,0.0754,0.0941,0.101,0.1161,0.2226,0.2658,0.251,0.2767,0.1147,-0.1677996,0.29036,0.14457704,0.45465082,-0.1661498,-0.29591334,0.02877092,0.53799015,-0.5565891,0.2714976,0.4261363,-0.45465082,0.3674748,0.2640845,-11.912252,-6.8470654,0.3187318,5,"{""geodesic"":false,""type"":""Point"",""coordinates"":[110.4294666790675,-7.306441406218719]}"
2_16_0,0.0627,0.1695,0.1383,0.0636,0.0828,0.1398,0.1349,0.1795,0.1879,0.2193,0.1929,0.189,0.04457951,0.12570363,0.07423656,0.45183715,-0.3436385,-0.1013645,0.08816388,0.5503711,-0.22651006,0.4543114,0.22138682,-0.45183715,0.23828346,0.13880806,-13.619104,-8.96504,0.29831395,5,"{""geodesic"":false,""type"":""Point"",""coordinates"":[110.42217403046881,-7.270974145240359]}"
2_56_0,0.0471,0.158,0.1118,0.0679,0.0832,0.0767,0.1069,0.1771,0.2004,0.173,0.218,0.2272,-0.013036135,0.2141999,0.08189196,0.3505074,-0.3101161,-0.17123798,0.049566824,0.43628058,-0.21488762,-0.39884907,0.38566276,-0.3505074,0.23615575,0.19267705,-13.733212,-3.7742286,0.21278174,5,"{""geodesic"":false,""type"":""Point"",""coordinates"":[110.42285392071499,-7.30598072627158]}"
2_178_0,0.0731,0.2352,0.2215,0.0666,0.0746,0.0764,0.1094,0.1538,0.1639,0.177,0.1794,0.1741,0.12247838,0.22141035,0.07245738,0.4069952,-0.51839894,-0.02999783,0.0956079,0.45320195,0.11166874,0.5586481,0.39700082,-0.4069952,0.23603353,0.20029202,-12.089409,-7.2291656,0.22270037,5,"{""geodesic"":false,""type"":""Point"",""coordinates"":[110.413483952394,-7.266168925276119]}"
2_99_0,0.0877,0.2378,0.2496,0.1412,0.1556,0.1638,0.1939,0.1975,0.2163,0.1954,0.2157,0.201,0.08805201,0.07058613,0.01848568,0.11339033,-0.20894766,0.024210077,0.2092348,0.16102196,0.12179774,0.25488126,0.08797327,-0.11339033,0.0038530687,0.055167597,-13.970096,-4.79151,0.09717905,5,"{""geodesic"":false,""type"":""Point"",""coordinates"":[110.42444939796918,-7.262564803260078]}"
2_97_0,0.048,0.0587,0.0635,0.0726,0.0772,0.064,0.0649,0.0587,0.0639,0.0681,0.0662,0.0602,-0.06833711,0.011293507,0.0050392644,-0.06262908,0.13612953,0.039279893,0.059676953,-0.031982955,-0.034954377,0.105864435,0.031037055,0.06262908,0.024060136,0.009729461,-25.067228,-18.309507,-0.010535356,5,"{""geodesic"":false,""type"":""Point"",""coordinates"":[110.44618315835177,-7.268019112764655]}"
2_55_0,0.0467,0.0879,0.0593,0.0582,0.0557,0.0548,0.075,0.1203,0.1358,0.1333,0.1485,0.0969,-0.14602037,0.19135141,0.072634004,0.41058204,-0.22423397,-0.19429345,0.024378395,0.39216712,-0.384216,-0.2032854,0.41733122,-0.41058204,0.27988482,0.1711234,-15.7284975,-8.690479,0.16290674,5,"{""geodesic"":false,""type"":""Point"",""coordinates"":[110.42312419323332,-7.307156973576958]}"
2_116_0,0.0605,0.2023,0.1568,0.0708,0.0871,0.092,0.1306,0.1827,0.2024,0.1884,0.2081,0.2426,0.06341463,0.19927236,0.076852575,0.3676951,-0.39806497,-0.12670565,0.076569006,0.4537037,-0.091541134,0.4815086,0.34379458,-0.3676951,0.18119122,0.18528959,-17.532658,-11.904119,0.23234984,5,"{""geodesic"":false,""type"":""Point"",""coordinates"":[110.43595278301527,-7.26330287963928]}"
2_146_0,0.0697,0.2537,0.2367,0.0624,0.0698,0.0783,0.1107,0.1408,0.1573,0.1542,0.1793,0.1901,0.21035361,0.1641436,0.044815525,0.37678576,-0.5684699,-0.03466556,0.12019202,0.42382273,0.2110514,0.60518825,0.32645163,-0.37678576,0.16421291,0.15542662,-13.177417,-6.7318206,0.19215742,5,"{""geodesic"":false,""type"":""Point"",""coordinates"":[110.45242353247421,-7.276348509008067]}"
2_96_0,0.0539,0.1046,0.0819,0.0807,0.0814,0.0752,0.0779,0.1004,0.1183,0.1024,0.1228,0.1042,-0.009093424,0.071703486,0.021989716,0.114254616,-0.124731176,-0.1217158,0.060145315,0.11851444,-0.11123167,-0.12898001,0.15315315,-0.114254616,0.13588463,0.06021251,-20.137915,-8.172336,0.047650404,5,"{""geodesic"":false,""type"":""Point"",""coordinates"":[110.44346557067557,-7.2680157861676316]}"
2_114_0,0.0636,0.2293,0.2038,0.1238,0.1246,0.1232,0.1282,0.164,0.1851,0.206,0.2014,0.2478,0.03326983,0.20359989,0.0639969,0.246219,-0.29584628,-0.05887789,0.121884264,0.24924196,-0.0053684907,-0.29878223,0.25151885,-0.246219,0.23279473,0.14978293,-14.534771,-11.79382,0.14859001,5,"{""geodesic"":false,""type"":""Point"",""coordinates"":[110.42862144003658,-7.258499633697016]}"
2_58_0,0.0613,0.1811,0.1477,0.0855,0.0954,0.0988,0.1267,0.1691,0.2022,0.1801,0.2169,0.2064,0.02621449,0.17960498,0.06671474,0.307441,-0.30994576,-0.10158151,0.081025876,0.35617468,-0.09884075,0.35858962,0.2915023,-0.307441,0.17405474,0.15656693,-19.246206,-7.823189,0.18534482,5,"{""geodesic"":false,""type"":""Point"",""coordinates"":[110.42190238667978,-7.270883344836709]}"
2_103_0,0.0839,0.2798,0.2688,0.0762,0.0864,0.1338,0.1597,0.1792,0.1976,0.1665,0.2027,0.2122,0.2603992,0.058484767,0.006825806,0.31672597,-0.5281267,-0.020051053,0.21600863,0.37206426,0.23501031,-0.5719101,0.108891115,-0.31672597,0.020846114,0.06128952,-14.881614,-2.5904863,0.18237512,5,"{""geodesic"":false,""type"":""Point"",""coordinates"":[110.42236917904096,-7.2600294445571505]}"
2_129_0,0.0713,0.2628,0.2448,0.0626,0.0751,0.09,0.1426,0.203,0.2303,0.1842,0.2554,0.2073,0.17678453,0.18769427,0.063576296,0.4207482,-0.55548984,-0.035461005,0.119609125,0.49270666,0.14125873,0.6152428,0.34354484,-0.4207482,0.12729499,0.18251097,-10.032275,-4.5165486,0.2442421,5,"{""geodesic"":false,""type"":""Point"",""coordinates"":[110.40629858002154,-7.288320766385218]}"
2_165_0,0.0679,0.2393,0.2067,0.0688,0.078,0.0812,0.1103,0.134,0.1556,0.1595,0.1779,0.1995,0.1680029,0.17312284,0.050281435,0.3431579,-0.5083517,-0.073094174,0.105229095,0.39728427,0.1288913,0.55339175,0.3253012,-0.3431579,0.18235731,0.15856622,-11.68245,-1.9388694,0.18680489,5,"{""geodesic"":false,""type"":""Point"",""coordinates"":[110.42055193444233,-7.264368926306909]}"
2_141_0,0.0693,0.2518,0.2216,0.07,0.085,0.0903,0.1221,0.1444,0.1736,0.166,0.1841,0.2091,0.18353228,0.16000168,0.047078878,0.32270914,-0.4952494,-0.063793845,0.12054507,0.40677965,0.14344686,0.5649472,0.295357,-0.32270914,0.15237764,0.15013883,-13.125647,-13.179905,0.19565216,5,"{""geodesic"":false,""type"":""Point"",""coordinates"":[110.45549589060454,-7.282684032095899]}"
2_135_0,0.0593,0.2328,0.1957,0.053,0.0647,0.0695,0.1058,0.1519,0.1772,0.1753,0.2023,0.2117,0.13946477,0.22137597,0.07685989,0.46083334,-0.565042,-0.086581096,0.07758785,0.53569865,0.05498653,0.6291113,0.43218955,-0.46083334,0.24724297,0.21307734,-13.779647,0.33617252,0.25188798,5,"{""geodesic"":false,""type"":""Point"",""coordinates"":[110.46028316272788,-7.2943584096041]}"
2_185_0,0.0473,0.092,0.0699,0.0402,0.0422,0.0428,0.0596,0.0977,0.116,0.0959,0.12,0.1337,-0.004798804,0.12628424,0.044380747,0.38884866,-0.37108794,-0.13650402,0.031196248,0.40925792,-0.15681544,0.39183056,0.38284063,-0.38884866,0.2334405,0.12470643,-13.542781,-2.7033207,0.13134727,5,"{""geodesic"":false,""type"":""Point"",""coordinates"":[110.44727273626586,-7.265939988462852]}"
2_109_0,0.0776,0.2085,0.2112,0.093,0.0971,0.111,0.1209,0.1418,0.1445,0.1472,0.1458,0.1821,0.14168303,0.081115,0.018921,0.20507576,-0.3645288,0.006433169,0.15926087,0.22564529,0.17857142,0.38308457,0.1402014,-0.20507576,0.098097734,0.07161699,-10.470586,-6.5280833,0.10983518,5,"{""geodesic"":false,""type"":""Point"",""coordinates"":[110.41919640813386,-7.2618344788449]}"
2_44_0,0.0697,0.1631,0.12,0.0756,0.0844,0.1066,0.1249,0.1514,0.1642,0.1755,0.1744,0.2068,0.035714287,0.13800979,0.058887042,0.35051945,-0.3179798,-0.15224305,0.07288889,0.3978495,-0.18781729,0.36656892,0.24423964,-0.35051945,0.16844209,0.13214423,-15.763708,-7.3510876,0.1995074,5,"{""geodesic"":false,""type"":""Point"",""coordinates"":[110.42217576469687,-7.269617335873782]}"
2_92_0,0.0687,0.2309,0.1943,0.0704,0.0835,0.1586,0.1676,0.2059,0.2355,0.2228,0.2292,0.2283,0.14105757,0.09748542,0.051386956,0.4547829,-0.46882954,-0.08607716,0.1383123,0.5197817,-0.068328954,0.53269166,0.16832721,-0.4547829,0.14139345,0.109257996,-16.18101,-4.8428535,0.2881997,5,"{""geodesic"":false,""type"":""Point"",""coordinates"":[110.42226577296914,-7.270069721105236]}"
2_137_0,0.06,0.2398,0.2133,0.0563,0.0684,0.0741,0.1111,0.1475,0.1564,0.1512,0.1877,0.2007,0.204066,0.16424522,0.04773455,0.37704915,-0.5561324,-0.05848599,0.10453394,0.4573494,0.17037039,0.6197231,0.34221035,-0.37704915,0.15287837,0.15945125,-19.747704,-8.546573,0.20120141,5,"{""geodesic"":false,""type"":""Point"",""coordinates"":[110.45883782189418,-7.2909194076517725]}"
2_77_0,0.047,0.0812,0.0801,0.1314,0.117,0.1068,0.0869,0.0993,0.1149,0.1116,0.1051,0.0457,-0.1276102,0.01564741,0.009336844,-0.023622056,0.1806256,-0.0068196137,0.07665484,-0.08148151,-0.16431923,0.23612417,0.021978019,0.023622056,0.124433234,0.0100222705,-17.99769,-2.0245883,-0.039973095,5,"{""geodesic"":false,""type"":""Point"",""coordinates"":[110.42470043191852,-7.27884686719244]}"
2_26_0,0.0648,0.194,0.1756,0.1196,0.122,0.1336,0.1212,0.1695,0.1919,0.1795,0.192,0.2138,0.045476314,0.10584818,0.03519588,0.1907131,-0.22784811,-0.049783543,0.13069728,0.20026748,-0.0109827975,0.23724492,0.14659853,-0.1907131,0.19388095,0.08467594,-11.971077,-5.8112187,0.112439,5,"{""geodesic"":false,""type"":""Point"",""coordinates"":[110.42303139452599,-7.308875480329041]}"
2_49_0,0.0524,0.1104,0.078,0.0872,0.0833,0.0735,0.089,0.1391,0.1593,0.1572,0.1702,0.2041,-0.14125612,0.22161616,0.07716056,0.3072765,-0.13990706,-0.17197451,0.036469467,0.2864157,-0.33673465,-0.117408894,0.36280882,-0.3072765,0.27701053,0.17182153,-22.27897,-5.545467,0.14105318,5,"{""geodesic"":false,""type"":""Point"",""coordinates"":[110.44283168995935,-7.267834099034245]}"
2_53_0,0.0547,0.1697,0.1334,0.08,0.0908,0.0915,0.1193,0.1673,0.2019,0.1604,0.2118,0.2491,0.041467294,0.15526411,0.055041358,0.27707008,-0.30287907,-0.11976247,0.076097876,0.33444262,-0.09189928,0.35923108,0.27352124,-0.27707008,0.14694317,0.1374518,-12.933707,-9.409496,0.16288494,5,"{""geodesic"":false,""type"":""Point"",""coordinates"":[110.42248806216786,-7.308693877083355]}"
2_3_0,0.0422,0.0235,0.0151,0.051,0.0568,0.0498,0.0504,0.0683,0.0738,0.0884,0.069,0.0432,-0.31076634,0.09604856,0.0432609,0.21763085,0.4146949,-0.21761654,0.008506562,0.2682927,-0.70821255,0.3691275,0.27930534,-0.21763085,0.27377522,0.09072391,-15.283026,-10.15167,0.08773851,5,"{""geodesic"":false,""type"":""Point"",""coordinates"":[110.44880960970987,-7.268474584913077]}"
2_171_0,0.0708,0.2466,0.2307,0.0754,0.0784,0.092,0.1127,0.141,0.1605,0.1541,0.1755,0.196,0.19204365,0.13611257,0.03470171,0.3255914,-0.5175385,-0.033312384,0.13773134,0.34291938,0.19906445,0.531677,0.25233644,-0.3255914,0.15517242,0.124849215,-12.095982,-5.375581,0.16182317,5,"{""geodesic"":false,""type"":""Point"",""coordinates"":[110.41602396331685,-7.263368127147024]}"
2_91_0,0.0556,0.1064,0.0795,0.0572,0.0678,0.0858,0.119,0.1381,0.1614,0.1461,0.1614,0.1782,-0.028065745,0.12237195,0.056649256,0.36605892,-0.22158438,-0.14470147,0.046687882,0.4372848,-0.29521278,0.30073348,0.2600259,-0.36605892,0.10222557,0.12358246,-18.29443,-0.7375007,0.18960615,5,"{""geodesic"":false,""type"":""Point"",""coordinates"":[110.42108745603612,-7.270610942698607]}"
2_83_0,0.0546,0.083,0.0797,0.1078,0.1098,0.0948,0.091,0.0879,0.0836,0.1087,0.094,0.0614,-0.098148614,0.039988484,0.0159912,-0.005034342,0.13900419,-0.020282706,0.069508374,0.0041570454,-0.1539278,0.12997906,0.06830465,0.005034342,0.08863295,0.02963752,-16.593754,-3.9491355,0.0018841599,5,"{""geodesic"":false,""type"":""Point"",""coordinates"":[110.42747350215593,-7.306529335551861]}"
2_133_0,0.0603,0.246,0.2141,0.0764,0.0944,0.0942,0.1099,0.1337,0.1711,0.1754,0.1899,0.1948,0.14932433,0.17386091,0.054297928,0.30022237,-0.4453584,-0.06933276,0.11498415,0.3931692,0.09935815,-0.5260546,0.30118695,-0.30022237,0.2295829,0.15826404,-17.820717,-9.743918,0.19752595,5,"{""geodesic"":false,""type"":""Point"",""coordinates"":[110.46010349647462,-7.2930918308614014]}"
2_27_0,0.0651,0.1773,0.149,0.0864,0.104,0.1098,0.1207,0.1633,0.167,0.1649,0.1827,0.2163,0.06649332,0.11716425,0.043137614,0.22647825,-0.2605759,-0.08673001,0.09921286,0.31237563,-0.050653074,0.3447099,0.20058246,-0.22647825,0.15476193,0.10668646,-12.753657,-10.77481,0.15672834,5,"{""geodesic"":false,""type"":""Point"",""coordinates"":[110.4222169772651,-7.308150806195015]}"
2_173_0,0.0654,0.2244,0.1948,0.0548,0.0598,0.0695,0.091,0.1345,0.1573,0.1669,0.1764,0.179,0.14003104,0.20760508,0.06994854,0.47243053,-0.57916963,-0.07061067,0.08111804,0.50563824,0.07713578,0.6074498,0.41201353,-0.47243053,0.2943001,0.1983976,-11.663717,-9.489441,0.23299153,5,"{""geodesic"":false,""type"":""Point"",""coordinates"":[110.41629513451751,-7.263820746208002]}"
2_11_0,0.06,0.1521,0.1328,0.1294,0.1724,0.1368,0.1198,0.1498,0.1552,0.1679,0.1648,0.115,-0.0143295685,0.07636022,0.028388517,-0.013223631,0.06255779,-0.06774306,0.108201556,0.12949881,-0.116727635,-0.08063942,0.102067575,0.013223631,0.16718803,0.057971895,-23.798866,-12.15956,0.07243195,5,"{""geodesic"":false,""type"":""Point"",""coordinates"":[110.4440996743524,-7.268016563829911]}"
2_102_0,0.0827,0.2868,0.2617,0.153,0.1582,0.181,0.2111,0.2428,0.2485,0.2135,0.2522,0.2795,0.121419154,0.07052951,0.013750067,0.14877589,-0.28898877,-0.045761153,0.22186276,0.16507503,0.101431,0.3042292,0.08238276,-0.14877589,0.0056523625,0.05449972,-8.70518,-1.040928,0.10473167,5,"{""geodesic"":false,""type"":""Point"",""coordinates"":[110.42581298962435,-7.25876745400537]}"
2_32_0,0.0471,0.1175,0.0898,0.0622,0.0702,0.0748,0.0886,0.133,0.1627,0.1623,0.1637,0.1041,-0.07725529,0.19111481,0.07993269,0.396129,-0.25199783,-0.13362277,0.041386567,0.44587976,-0.2875843,0.30773512,0.3690426,-0.396129,0.29374254,0.17806269,-10.461791,-8.171381,0.2072464,5,"{""geodesic"":false,""type"":""Point"",""coordinates"":[110.42312488930757,-7.306614250615062]}"
2_45_0,0.0697,0.1814,0.1391,0.0718,0.0904,0.0934,0.1414,0.2154,0.2235,0.2473,0.2343,0.2068,-0.074591674,0.3031437,0.13830459,0.46461356,-0.33480498,-0.13198128,0.05253514,0.54998434,-0.2800207,0.4328594,0.45171705,-0.46461356,0.2724466,0.2745926,-16.050764,-11.782762,0.32138932,5,"{""geodesic"":false,""type"":""Point"",""coordinates"":[110.42244740781308,-7.269708136063033]}"
2_150_0,0.0538,0.0862,0.0568,0.0906,0.0977,0.1114,0.095,0.1187,0.1317,0.151,0.1312,0.1379,-0.10018213,0.086849704,0.04406595,0.21431442,0.06253399,-0.20559439,0.041904107,0.24999999,-0.45332047,-0.024886878,0.15091461,-0.21431442,0.22764225,0.07791185,-17.025381,-2.0481071,0.12216827,5,"{""geodesic"":false,""type"":""Point"",""coordinates"":[110.45161888595007,-7.267573444975811]}"
2_127_0,0.1007,0.2358,0.2302,0.1096,0.119,0.1302,0.1486,0.1538,0.1737,0.1637,0.1653,0.198,0.14500234,0.07458367,0.014785513,0.15811813,-0.32919952,-0.012017179,0.18309125,0.19795097,0.16882455,0.36537346,0.113984354,-0.15811813,0.04835094,0.063295126,-12.991026,-7.5043216,0.10493987,5,"{""geodesic"":false,""type"":""Point"",""coordinates"":[110.40341298401812,-7.278276602325535]}"
2_33_0,0.0471,0.1209,0.0885,0.0744,0.0878,0.0954,0.0998,0.1363,0.1468,0.2104,0.149,0.1041,-0.13669927,0.23473221,0.11048088,0.41113344,-0.15860084,-0.15472779,0.04012785,0.4775281,-0.4078287,0.23809522,0.37606278,-0.41113344,0.35654417,0.21407297,-12.042446,-7.7963085,0.25993884,5,"{""geodesic"":false,""type"":""Point"",""coordinates"":[110.4231250053148,-7.306523796786807]}"
2_1_0,0.04,0.0305,0.0199,0.0462,0.0488,0.0451,0.0563,0.0556,0.0617,0.0509,0.0527,0.0346,-0.124493346,0.014871798,0.008387421,0.02106321,0.23076922,-0.21031748,0.017632416,0.04840372,-0.43785313,0.2046936,0.06041668,-0.02106321,-0.050373122,0.014597319,-16.390486,-7.975889,0.011807071,5,"{""geodesic"":false,""type"":""Point"",""coordinates"":[110.448447926045,-7.26793141811295]}"
2_175_0,0.0693,0.2246,0.1942,0.073,0.0701,0.0821,0.1101,0.1636,0.1917,0.2064,0.2061,0.2397,0.04657907,0.26986542,0.09904608,0.49294755,-0.52426195,-0.07258837,0.07724718,0.4774517,-0.03045435,0.5094086,0.43084925,-0.49294755,0.3042654,0.23646165,-18.491705,-9.035311,0.25673595,5,"{""geodesic"":false,""type"":""Point"",""coordinates"":[110.4110407381481,-7.2641757729844905]}"
2_35_0,0.0449,0.1183,0.0766,0.0579,0.0626,0.061,0.0868,0.1636,0.1776,0.1741,0.2054,0.1879,-0.12813032,0.25568566,0.10294526,0.4710604,-0.3079049,-0.21395586,0.026838599,0.50086206,-0.38891104,-0.34279227,0.48107186,-0.4710604,0.33461094,0.23078492,-14.629043,-3.522586,0.23811474,5,"{""geodesic"":false,""type"":""Point"",""coordinates"":[110.42276367538537,-7.305709248913086]}"
2_40_0,0.0668,0.192,0.1876,0.1794,0.1526,0.1584,0.1311,0.1474,0.1615,0.2353,0.165,0.119,-0.084041305,0.22881457,0.0709454,0.21319927,-0.11433545,-0.011591149,0.12628916,0.13479626,-0.112792626,0.0339257,0.1953264,-0.21319927,0.28438866,0.12907016,-21.677774,-12.937871,0.09166941,5,"{""geodesic"":false,""type"":""Point"",""coordinates"":[110.44437154423055,-7.267926442526479]}"
2_149_0,0.0687,0.1514,0.1142,0.1592,0.1794,0.1542,0.1285,0.173,0.2037,0.2082,0.2066,0.1881,-0.09182762,0.14370872,0.054496206,0.074303396,0.08464328,-0.14006023,0.084580414,0.13336961,-0.29156324,0.02511268,0.14900659,-0.074303396,0.23670922,0.09392392,-11.442632,-6.628572,0.08473598,5,"{""geodesic"":false,""type"":""Point"",""coordinates"":[110.45324648592369,-7.270017683561523]}"
2_176_0,0.0764,0.2615,0.2395,0.0847,0.1046,0.1224,0.1376,0.1708,0.1917,0.1694,0.1978,0.1876,0.20344827,0.092625454,0.022348631,0.23649637,-0.42857143,-0.043912176,0.17305076,0.33333334,0.17143553,0.5106875,0.16106924,-0.23649637,0.10358308,0.08903765,-14.631092,2.9087107,0.16847898,5,"{""geodesic"":false,""type"":""Point"",""coordinates"":[110.40950044006136,-7.264445132973146]}"
2_194_0,0.063,0.2342,0.2258,0.0978,0.1042,0.0986,0.1237,0.1531,0.1712,0.1687,0.1931,0.2303,0.110629074,0.17067587,0.046068892,0.2363503,-0.38416076,-0.018260887,0.1319732,0.26604125,0.14474018,-0.41084337,0.26225212,-0.2363503,0.15389876,0.13703896,-17.298588,-6.472418,0.13874754,5,"{""geodesic"":false,""type"":""Point"",""coordinates"":[110.43857997810923,-7.263125228534852]}"
2_8_0,0.0677,0.2327,0.2649,0.167,0.1824,0.2014,0.1669,0.1645,0.1977,0.2379,0.2105,0.1235,0.034803342,0.0764366,0.030953003,0.13204853,-0.121175624,0.064710595,0.2242575,0.17510499,0.053699274,0.16437331,0.083086744,-0.13204853,0.17539527,0.058288097,-23.408278,-7.894341,0.117526814,5,"{""geodesic"":false,""type"":""Point"",""coordinates"":[110.44527740660818,-7.267927551378209]}"
2_17_0,0.0627,0.1905,0.1606,0.0652,0.0748,0.1064,0.1405,0.1903,0.2225,0.2345,0.22,0.189,-0.0046932665,0.23141125,0.11319576,0.5163272,-0.43611008,-0.08516092,0.072869256,0.56489825,-0.18704125,0.49002737,0.37577003,-0.5163272,0.25066668,0.22850518,-13.7946005,-3.0013335,0.3175566,5,"{""geodesic"":false,""type"":""Point"",""coordinates"":[110.42217449296211,-7.270612329417234]}"
2_100_0,0.0583,0.1545,0.1054,0.0646,0.074,0.0633,0.0977,0.1674,0.1982,0.1987,0.2086,0.2416,-0.09457494,0.30941498,0.11923749,0.45727906,-0.35229757,-0.18891877,0.033577353,0.509305,-0.30680695,-0.41031492,0.5167939,-0.45727906,0.34075573,0.26653543,-14.433743,-10.844975,0.2635268,5,"{""geodesic"":false,""type"":""Point"",""coordinates"":[110.42299623409028,-7.265547944883499]}"
2_167_0,0.0698,0.2629,0.2576,0.0848,0.0975,0.11,0.1215,0.1465,0.1663,0.1677,0.1848,0.1902,0.1925168,0.12104555,0.030602977,0.26470587,-0.45893452,-0.010182489,0.16896841,0.32831684,0.21138024,0.5122232,0.20777816,-0.26470587,0.15975101,0.11128969,-11.621297,-10.56594,0.16524917,5,"{""geodesic"":false,""type"":""Point"",""coordinates"":[110.42164034368109,-7.263284865425547]}"
2_67_0,0.0502,0.1257,0.1017,0.1874,0.1296,0.1798,0.1161,0.1069,0.1097,0.1928,0.1087,0.1182,-0.10893977,0.037524525,0.022587629,0.19602977,0.015276171,-0.10554089,0.094842635,0.014203057,-0.30933785,-0.19706164,0.03488995,-0.19602977,0.24830042,0.022347003,-23.62239,-9.185572,0.009202457,5,"{""geodesic"":false,""type"":""Point"",""coordinates"":[110.44246834151107,-7.268647742331648]}"
2_37_0,0.042,0.0548,0.0368,0.0463,0.0471,0.045,0.0558,0.0813,0.0928,0.0876,0.0928,0.0698,-0.14591356,0.10540901,0.04086324,0.30066815,-0.07556428,-0.19650654,0.01890411,0.3084391,-0.40836012,-0.08407516,0.32126695,-0.30066815,0.22175732,0.10101169,-17.229387,-10.726229,0.09772834,5,"{""geodesic"":false,""type"":""Point"",""coordinates"":[110.4492665068923,-7.265218776938155]}"
2_85_0,0.0577,0.1816,0.1233,0.0662,0.0802,0.0795,0.1272,0.191,0.2224,0.2175,0.2419,0.1978,-0.04148312,0.28798,0.119905785,0.46120256,-0.38731855,-0.19121024,0.045068275,0.5333098,-0.27640846,-0.46569812,0.4646465,-0.46120256,0.26196694,0.25972396,-15.304497,-8.119568,0.28958786,5,"{""geodesic"":false,""type"":""Point"",""coordinates"":[110.42276123767274,-7.307608779177053]}"
2_155_0,0.0483,0.1058,0.09,0.0506,0.0518,0.0532,0.0675,0.09,0.0997,0.0956,0.1055,0.1559,0.041939713,0.10238579,0.0330782,0.2971506,-0.3426396,-0.08069458,0.050083682,0.30779755,-0.030172402,0.3529412,0.28494626,-0.2971506,0.17228694,0.09802713,-12.992594,-8.675235,0.10445683,5,"{""geodesic"":false,""type"":""Point"",""coordinates"":[110.44691216217178,-7.264492276998728]}"
2_63_0,0.0401,0.0205,0.0151,0.046,0.0414,0.0388,0.0416,0.0385,0.042,0.041,0.0326,0.0451,-0.18933697,0.005921619,0.0054431357,-0.0048543606,0.33764136,-0.15168539,0.014289756,-0.057471253,-0.46167558,0.38345864,0.027568921,0.0048543606,-0.0072639086,0.0056916177,-7.330724,-2.1095617,-0.012776828,5,"{""geodesic"":false,""type"":""Point"",""coordinates"":[110.4483575604292,-7.267750399187093]}"
2_29_0,0.0598,0.1458,0.1155,0.0575,0.0704,0.0739,0.0964,0.1373,0.1594,0.1556,0.1653,0.1822,0.01524953,0.17490901,0.06895784,0.37699115,-0.34875113,-0.11595864,0.05485508,0.46034724,-0.14791587,0.43433347,0.35599127,-0.37699115,0.23492062,0.16799177,-9.796319,-4.0528674,0.20635253,5,"{""geodesic"":false,""type"":""Point"",""coordinates"":[110.42348378527171,-7.309328328637465]}"
2_62_0,0.0525,0.102,0.066,0.0564,0.0596,0.0599,0.0725,0.1277,0.1507,0.1255,0.1554,0.1556,-0.058173347,0.15444013,0.058139008,0.35602376,-0.26237625,-0.2142857,0.031501196,0.37987903,-0.31070495,0.28787878,0.35382953,-0.35602376,0.26767674,0.14356579,-13.651011,-8.478297,0.15200174,5,"{""geodesic"":false,""type"":""Point"",""coordinates"":[110.446818368753,-7.267115343076583]}"
2_14_0,0.0495,0.0843,0.0578,0.0568,0.0624,0.0632,0.0698,0.0929,0.1061,0.0857,0.1066,0.1121,0.017241362,0.05414381,0.018760648,0.15732613,-0.14928424,-0.18648838,0.04262497,0.20280701,-0.19442509,0.19489722,0.15110813,-0.15732613,0.10225079,0.0520111,-10.149965,5.41937,0.06747081,5,"{""geodesic"":false,""type"":""Point"",""coordinates"":[110.44754327862383,-7.266935317558349]}"
2_76_0,0.0455,0.0461,0.0346,0.0454,0.0513,0.0514,0.0654,0.0769,0.0692,0.0634,0.0621,0.0718,-0.054774605,0.029089505,0.012939271,0.105492584,0.053388074,-0.1425031,0.028051104,0.16544117,-0.29387754,0.0076502804,0.104529634,-0.105492584,-0.015527948,0.029277818,-17.21993,-6.506619,0.044349536,5,"{""geodesic"":false,""type"":""Point"",""coordinates"":[110.4229805294955,-7.277849684152195]}"
2_148_0,0.057,0.2316,0.2176,0.0886,0.0886,0.0972,0.1128,0.1526,0.1571,0.1882,0.1748,0.2715,0.08586526,0.20552896,0.06718156,0.35982656,-0.44659588,-0.031166514,0.112384275,0.35982656,0.0724495,0.44659588,0.31885073,-0.35982656,0.25049832,0.17379679,-13.504275,-4.090215,0.19232748,5,"{""geodesic"":false,""type"":""Point"",""coordinates"":[110.45305819642654,-7.275897002937243]}"
2_144_0,0.0875,0.2012,0.1369,0.1172,0.1204,0.1306,0.1842,0.1975,0.1779,0.1505,0.1828,0.2381,0.10692243,0.047151916,0.007388227,0.11111113,-0.25124377,-0.19018044,0.11879827,0.124392964,-0.04732083,0.26381907,0.07079329,-0.11111113,-0.10068718,0.038215324,-11.163545,-1.3798538,0.065064475,5,"{""geodesic"":false,""type"":""Point"",""coordinates"":[110.45776268974222,-7.280968115938766]}"
2_82_0,0.0546,0.0684,0.0791,0.1266,0.1454,0.1126,0.0849,0.0753,0.0672,0.1266,0.0786,0.0614,-0.1662828,0.041046083,0.021833144,-0.069117665,0.36014965,0.07254234,0.07035276,0.0,-0.23091881,0.2984615,0.058528423,0.069117665,0.1971631,0.028409088,-23.46353,-11.429617,0.0,5,"{""geodesic"":false,""type"":""Point"",""coordinates"":[110.42783564692381,-7.306710703030354]}"
2_64_0,0.0401,0.0272,0.0181,0.0502,0.056,0.0492,0.0513,0.0663,0.0748,0.0952,0.065,0.0393,-0.3110911,0.11342342,0.049898855,0.25925925,0.34615386,-0.20088299,0.009354202,0.30949107,-0.68049425,0.29715762,0.3185596,-0.25925925,0.29965872,0.10707636,-16.189962,-9.43349,0.1045863,5,"{""geodesic"":false,""type"":""Point"",""coordinates"":[110.4487191335775,-7.268384020425719]}"
2_147_0,0.0684,0.2289,0.2026,0.0608,0.0668,0.0626,0.1066,0.1689,0.1815,0.2187,0.1927,0.2031,0.021015752,0.3428358,0.12662823,0.53204906,-0.5481908,-0.060950167,0.057991587,0.5649374,-0.03821506,-0.58025545,0.5549236,-0.53204906,0.344605,0.29969284,-19.972748,-8.290409,0.30384862,5,"{""geodesic"":false,""type"":""Point"",""coordinates"":[110.45197136046868,-7.275714780513458]}"
2_170_0,0.0722,0.2551,0.2286,0.0565,0.0719,0.0704,0.1043,0.1596,0.1688,0.1721,0.1874,0.1977,0.17487821,0.21716847,0.06896736,0.4106557,-0.5602447,-0.054786056,0.09351215,0.50568676,0.14100325,-0.6373556,0.41938144,-0.4106557,0.24529666,0.20545453,-16.441124,-6.098666,0.23799066,5,"{""geodesic"":false,""type"":""Point"",""coordinates"":[110.41692992863567,-7.263278837987628]}"
2_157_0,0.0714,0.22,0.224,0.1012,0.0898,0.1044,0.1115,0.1412,0.1612,0.1619,0.1741,0.1952,0.10434043,0.13965802,0.037013303,0.2864521,-0.42027113,0.009009027,0.14444473,0.23071076,0.16092254,0.369863,0.21592188,-0.2864521,0.18434528,0.11255383,-15.458395,-10.420148,0.119315945,5,"{""geodesic"":false,""type"":""Point"",""coordinates"":[110.43749408036898,-7.262219340225582]}"
2_145_0,0.0714,0.2038,0.1564,0.099,0.1086,0.1112,0.1315,0.192,0.226,0.2348,0.2391,0.2157,-0.02897658,0.26649418,0.10718938,0.36750147,-0.3047375,-0.13159356,0.074070185,0.40683043,-0.20040901,0.346103,0.35722545,-0.36750147,0.28200927,0.21914893,-12.807271,-6.969312,0.24430318,5,"{""geodesic"":false,""type"":""Point"",""coordinates"":[110.45740229044048,-7.279339501431536]}"
2_31_0,0.0467,0.0998,0.0637,0.0593,0.0601,0.0586,0.0802,0.1226,0.14,0.1452,0.1477,0.0969,-0.12703225,0.2057887,0.07929851,0.41451535,-0.24828017,-0.22079511,0.025708126,0.4200489,-0.39013883,-0.25455686,0.4249264,-0.41451535,0.2883762,0.18456948,-14.631153,-5.862534,0.18289566,5,"{""geodesic"":false,""type"":""Point"",""coordinates"":[110.42312430924937,-7.307066519750882]}"
2_166_0,0.0663,0.2418,0.2197,0.0612,0.0664,0.076,0.1011,0.1177,0.1316,0.1384,0.1535,0.1871,0.22844993,0.13739653,0.03301684,0.35156253,-0.569111,-0.04788733,0.120644495,0.38677356,0.22703153,0.5960396,0.2910448,-0.35156253,0.15574114,0.13101906,-15.672898,-7.9351597,0.16552316,5,"{""geodesic"":false,""type"":""Point"",""coordinates"":[110.42055239780808,-7.264007110482786]}"
2_181_0,0.0573,0.1149,0.0946,0.0736,0.0864,0.0804,0.0828,0.1355,0.1515,0.1411,0.1569,0.1575,-0.04731709,0.14162391,0.054585896,0.24043956,-0.14157972,-0.09689738,0.053903893,0.31439218,-0.1972847,-0.21909814,0.27404067,-0.24043956,0.2603841,0.12619545,-17.02805,-4.9385667,0.14166784,5,"{""geodesic"":false,""type"":""Point"",""coordinates"":[110.4522502505521,-7.269835572031729]}"
2_199_0,0.1053,0.2474,0.2539,0.135,0.141,0.1466,0.1724,0.1821,0.1942,0.1772,0.2009,0.2089,0.11583119,0.073254846,0.012736181,0.113764934,-0.27394438,0.01296627,0.21005495,0.13516976,0.17791693,0.29393303,0.094502814,-0.113764934,0.0137299895,0.055717427,-14.297852,-2.6365914,0.07793646,5,"{""geodesic"":false,""type"":""Point"",""coordinates"":[110.40151100334586,-7.278002731743507]}"
2_130_0,0.0743,0.2546,0.2365,0.0586,0.0672,0.0677,0.1182,0.146,0.1707,0.172,0.1962,0.1983,0.16585274,0.22898921,0.07117749,0.43812713,-0.5823493,-0.036856025,0.093087494,0.49176064,0.15789472,0.62579817,0.43512726,-0.43812713,0.1853894,0.21150468,-19.207664,-3.8645968,0.23282234,5,"{""geodesic"":false,""type"":""Point"",""coordinates"":[110.40629548318364,-7.290672560590974]}"
2_41_0,0.0524,0.1252,0.111,0.0594,0.0636,0.0644,0.0904,0.1219,0.1429,0.1044,0.1481,0.2041,0.0730051,0.09566631,0.029224992,0.24285713,-0.32627118,-0.060118552,0.06847127,0.2747253,0.030640667,0.3564464,0.23696682,-0.24285713,0.07186859,0.08971292,-18.928677,-8.717136,0.10168726,5,"{""geodesic"":false,""type"":""Point"",""coordinates"":[110.44301286233895,-7.267834321561594]}"
2_115_0,0.0725,0.2144,0.1761,0.086,0.1052,0.1124,0.1467,0.1736,0.1995,0.1865,0.2141,0.1898,0.0906057,0.15235627,0.056023505,0.278711,-0.34167707,-0.09807937,0.10613212,0.36880732,-0.028681735,0.42743006,0.24790898,-0.278711,0.119447775,0.13912879,-22.044214,-7.981479,0.19514562,5,"{""geodesic"":false,""type"":""Point"",""coordinates"":[110.4355003085094,-7.262940499694748]}"
2_123_0,0.1059,0.3584,0.3886,0.0666,0.071,0.0994,0.1703,0.1794,0.2054,0.1538,0.2182,0.2856,0.35004422,0.1087391,0.008499883,0.36832738,-0.669306,0.04042839,0.2511498,0.39564425,0.43289086,-0.6865882,0.21484992,-0.36832738,-0.050910227,0.10833775,-14.052339,-7.7356277,0.18156578,5,"{""geodesic"":false,""type"":""Point"",""coordinates"":[110.4088520341944,-7.275389210296392]}"
2_107_0,0.0776,0.2719,0.2747,0.1366,0.1474,0.1698,0.1686,0.1884,0.1929,0.1998,0.2026,0.1821,0.13532965,0.06280881,0.011905786,0.15092164,-0.29692343,0.0051225536,0.23345374,0.18787158,0.15785034,0.33121175,0.08116884,-0.15092164,0.084690556,0.051747933,-14.155845,-7.4577484,0.11334289,5,"{""geodesic"":false,""type"":""Point"",""coordinates"":[110.41892500267925,-7.261562769223321]}"
2_25_0,0.0574,0.1694,0.1473,0.0814,0.1042,0.1166,0.1184,0.1766,0.2109,0.211,0.222,0.1879,-0.011064989,0.18152449,0.08504275,0.3388325,-0.23830412,-0.06978213,0.081398964,0.44322845,-0.17778395,0.35087723,0.28815627,-0.3388325,0.28111717,0.17109714,-12.137116,-14.007659,0.24533063,5,"{""geodesic"":false,""type"":""Point"",""coordinates"":[110.42099582687149,-7.27142491244501]}"
2_51_0,0.057,0.178,0.1707,0.1432,0.1496,0.1686,0.138,0.1945,0.2136,0.2101,0.2186,0.1562,-0.009572788,0.09039819,0.039834127,0.16819571,-0.0866911,-0.020934913,0.13698249,0.18935749,-0.10346638,0.108343735,0.109585434,-0.16819571,0.20712438,0.070843294,-10.497192,-5.7910805,0.11760225,5,"{""geodesic"":false,""type"":""Point"",""coordinates"":[110.42312198864782,-7.308875596203246]}"
2_13_0,0.046,0.0701,0.0532,0.0628,0.0642,0.0686,0.0875,0.0925,0.0925,0.082,0.0874,0.084,-0.021516751,0.03275964,0.013134172,0.12175105,-0.043931518,-0.1370641,0.044506337,0.13259672,-0.21301778,0.054928552,0.08897745,-0.12175105,-0.032448363,0.030894566,-11.355296,2.6475627,0.044665024,5,"{""geodesic"":false,""type"":""Point"",""coordinates"":[110.44763386470548,-7.266935427876497]}"
2_138_0,0.0617,0.2514,0.2239,0.0612,0.0742,0.078,0.1078,0.1383,0.1618,0.1555,0.1888,0.2154,0.20637247,0.1663804,0.046769954,0.35393992,-0.54422605,-0.057858173,0.11230998,0.4351638,0.1802847,0.6084453,0.33190575,-0.35393992,0.18116215,0.1584867,-17.19281,-8.590221,0.1973629,5,"{""geodesic"":false,""type"":""Point"",""coordinates"":[110.45901998095312,-7.2901055344287]}"
2_140_0,0.0718,0.2518,0.2347,0.0802,0.0813,0.0956,0.1148,0.1294,0.1482,0.1472,0.1607,0.1847,0.20876826,0.11525061,0.023918156,0.28840265,-0.5118583,-0.035149038,0.15242743,0.294635,0.22911754,0.51686746,0.2125206,-0.28840265,0.12366413,0.104200326,-12.295751,-2.7304776,0.13816333,5,"{""geodesic"":false,""type"":""Point"",""coordinates"":[110.45603953581447,-7.282594231174554]}"
2_125_0,0.0716,0.2483,0.2393,0.0954,0.0984,0.1168,0.144,0.1566,0.1668,0.1646,0.1839,0.2119,0.16813311,0.10392207,0.0244955,0.25171104,-0.4323623,-0.01845776,0.16980705,0.26615384,0.18494676,0.44486472,0.16986495,-0.25171104,0.066753075,0.09175838,-20.257032,-6.5835934,0.13657895,5,"{""geodesic"":false,""type"":""Point"",""coordinates"":[110.41283939896,-7.2742184938807455]}"
2_132_0,0.0716,0.27,0.2557,0.0703,0.0868,0.1046,0.1278,0.1675,0.1851,0.1839,0.196,0.206,0.19147584,0.15437026,0.049987726,0.35869965,-0.51345295,-0.027201861,0.14543892,0.44689223,0.16333029,0.58683515,0.27487004,-0.35869965,0.17998074,0.15085606,-16.980982,-5.9948387,0.22593477,5,"{""geodesic"":false,""type"":""Point"",""coordinates"":[110.41136168302101,-7.2959255073860225]}"
2_108_0,0.0679,0.3202,0.2627,0.1572,0.1688,0.2076,0.261,0.2847,0.3252,0.2656,0.3606,0.3075,0.11045656,0.10884251,0.038044967,0.22283609,-0.30961147,-0.09864472,0.20533328,0.256386,-0.005489314,0.34143278,0.12256974,-0.22283609,0.008735275,0.089395806,-7.4480076,3.5450575,0.17620286,5,"{""geodesic"":false,""type"":""Point"",""coordinates"":[110.42064529899041,-7.262198146908071]}"
2_131_0,0.0661,0.2556,0.2186,0.0748,0.0656,0.0822,0.1181,0.1837,0.2087,0.1967,0.2304,0.2168,0.10881338,0.25356543,0.08376997,0.49980938,-0.59153175,-0.078026146,0.091351904,0.44898713,0.05273296,0.5472155,0.41054145,-0.49980938,0.24968235,0.22050329,-18.690962,-10.989828,0.23700584,5,"{""geodesic"":false,""type"":""Point"",""coordinates"":[110.40737602314508,-7.295648936131935]}"
2_110_0,0.0776,0.2319,0.2261,0.1682,0.1938,0.208,0.1478,0.1754,0.1837,0.2374,0.1866,0.1821,0.04056773,0.060053907,0.02516442,0.101113155,-0.08949965,-0.012663774,0.19809942,0.17061143,-0.024379715,0.1592102,0.06600806,-0.101113155,0.23260643,0.046646908,-15.310748,-9.287933,0.114620134,5,"{""geodesic"":false,""type"":""Point"",""coordinates"":[110.41883418583738,-7.261743561134356]}"
2_24_0,0.0574,0.1619,0.136,0.0789,0.0833,0.113,0.1155,0.1682,0.1869,0.1473,0.18,0.1879,0.09718617,0.06951483,0.025633924,0.27753687,-0.32055464,-0.0869419,0.1043313,0.30238727,-0.039887033,0.34468436,0.13177106,-0.27753687,0.12100458,0.06767067,-17.310814,-3.827932,0.1412834,5,"{""geodesic"":false,""type"":""Point"",""coordinates"":[110.42108664513489,-7.271244120263256]}"
2_34_0,0.0483,0.1481,0.101,0.0518,0.0597,0.0571,0.0979,0.1879,0.2078,0.1776,0.2288,0.1993,-0.05568337,0.26619244,0.104372926,0.49683943,-0.42540905,-0.18908069,0.032472413,0.54838705,-0.27494612,-0.48174086,0.51342136,-0.49683943,0.2892922,0.24601877,-10.319544,-7.0080013,0.25870577,5,"{""geodesic"":false,""type"":""Point"",""coordinates"":[110.42303429564122,-7.306614134777085]}"
2_9_0,0.0677,0.1525,0.165,0.1466,0.14,0.1636,0.1126,0.0939,0.0987,0.1543,0.0951,0.1235,0.02463534,-0.022433408,-0.0073328465,0.048589885,-0.04273505,0.039370086,0.1749449,0.025589934,0.03351081,0.01972588,-0.029254463,-0.048589885,0.1562383,-0.017055864,-25.046913,-5.4056115,0.014421297,5,"{""geodesic"":false,""type"":""Point"",""coordinates"":[110.44527718469276,-7.268108460037548]}"
2_197_0,0.074,0.2417,0.2375,0.107,0.109,0.1172,0.1282,0.137,0.1533,0.1616,0.1685,0.1851,0.14390439,0.104490235,0.022336038,0.19438285,-0.37838608,-0.0087646,0.17224629,0.20327623,0.19017792,0.38629192,0.15925393,-0.19438285,0.11525188,0.08551616,-16.492336,-5.097512,0.10655736,5,"{""geodesic"":false,""type"":""Point"",""coordinates"":[110.43550166240824,-7.261855049291277]}"
2_136_0,0.0617,0.2345,0.206,0.0626,0.0677,0.076,0.095,0.1471,0.1686,0.1481,0.1843,0.242,0.19148119,0.15886658,0.04401055,0.3725672,-0.55195236,-0.06469922,0.105712354,0.4057902,0.16351312,0.5785931,0.3217314,-0.3725672,0.21842864,0.14935784,-13.514368,-4.0495276,0.1804559,5,"{""geodesic"":false,""type"":""Point"",""coordinates"":[110.45892352582109,-7.294989965764579]}"
2_60_0,0.0554,0.1293,0.0887,0.0508,0.0588,0.0518,0.0822,0.1711,0.1975,0.1801,0.2083,0.1497,-0.12087377,0.28899,0.1145654,0.50774384,-0.37480062,-0.18623854,0.025511716,0.55998266,-0.34002978,-0.43586895,0.5532557,-0.50774384,0.37323675,0.26294574,-15.311397,-11.97484,0.26535776,5,"{""geodesic"":false,""type"":""Point"",""coordinates"":[110.44600265065151,-7.267476165446711]}"
2_122_0,0.0915,0.401,0.4443,0.2054,0.1318,0.1136,0.1094,0.1095,0.1741,0.225,0.3036,0.1585,0.089100525,0.76072115,0.060466815,0.26121077,-0.5052553,0.05122442,0.22432214,0.045539007,0.32765576,-0.32255936,0.32900175,-0.26121077,0.34569377,0.19926067,-13.270423,1.0007262,0.031599294,5,"{""geodesic"":false,""type"":""Point"",""coordinates"":[110.40994061601359,-7.274214728633638]}"
2_158_0,0.0742,0.2463,0.2328,0.0822,0.0891,0.1084,0.1367,0.154,0.1749,0.176,0.1842,0.1926,0.1574482,0.13968095,0.043161288,0.3278008,-0.4686941,-0.028177813,0.14338364,0.3632843,0.13894327,0.49954337,0.23769338,-0.3278008,0.12567957,0.12927078,-17.05251,4.752009,0.18557109,5,"{""geodesic"":false,""type"":""Point"",""coordinates"":[110.43649798352541,-7.261946741604095]}"
2_30_0,0.0578,0.1358,0.0883,0.0527,0.054,0.0514,0.0963,0.1387,0.1558,0.1321,0.1741,0.1893,0.006451612,0.19301604,0.06574259,0.41966683,-0.43097997,-0.21195897,0.034357455,0.42965367,-0.1987296,-0.4408488,0.43978202,-0.41966683,0.15674256,0.17710315,-17.408781,-6.617832,0.1739194,5,"{""geodesic"":false,""type"":""Point"",""coordinates"":[110.42294300568348,-7.307156741865422]}"
2_87_0,0.0556,0.1016,0.0832,0.0568,0.0644,0.1004,0.1124,0.1188,0.1132,0.1355,0.097,0.1782,0.024600558,0.066887714,0.034887332,0.3556778,-0.22409636,-0.09956709,0.061647825,0.40925637,-0.23914038,0.28282827,0.14879185,-0.3556778,0.09318273,0.07154504,-14.68131,4.456018,0.17051856,5,"{""geodesic"":false,""type"":""Point"",""coordinates"":[110.42117769497263,-7.27088242017798]}"
2_104_0,0.0817,0.2584,0.2451,0.107,0.119,0.1372,0.1501,0.166,0.1809,0.2122,0.1916,0.2437,0.106883034,0.15208048,0.053520877,0.28140095,-0.36936936,-0.026415069,0.15847182,0.32957393,0.07194403,0.41434044,0.2146537,-0.28140095,0.17140491,0.13244644,-20.779245,-1.7702297,0.19262695,5,"{""geodesic"":false,""type"":""Point"",""coordinates"":[110.42218766408762,-7.260300576025094]}"
2_57_0,0.0613,0.177,0.1343,0.0896,0.103,0.1064,0.1256,0.1767,0.2027,0.1927,0.2203,0.2064,0.0019445001,0.1861358,0.07378823,0.30334798,-0.2642857,-0.13716675,0.07415423,0.36521432,-0.1785933,0.32783198,0.28853226,-0.30334798,0.21080741,0.16199474,-15.571818,-7.4746013,0.19768631,5,"{""geodesic"":false,""type"":""Point"",""coordinates"":[110.42199332012633,-7.270612098478432]}"
2_52_0,0.0651,0.2032,0.1777,0.0722,0.078,0.1078,0.1262,0.1831,0.2093,0.2095,0.2184,0.2163,0.049434785,0.19337542,0.084793165,0.4573913,-0.4452347,-0.06694671,0.09143704,0.48739794,-0.08212811,0.47567174,0.32051685,-0.4573913,0.24813822,0.18665117,-18.80679,-9.135317,0.26346424,5,"{""geodesic"":false,""type"":""Point"",""coordinates"":[110.42212615083395,-7.308331597761636]}"
2_70_0,0.0519,0.1085,0.0704,0.0616,0.0702,0.0638,0.0958,0.1701,0.1981,0.1834,0.2092,0.1517,-0.17421521,0.2707843,0.11167825,0.44637224,-0.21432565,-0.21296813,0.024490293,0.49714288,-0.44523248,-0.27572015,0.48381877,-0.44637224,0.3137536,0.24009638,-14.774086,-8.195977,0.2452349,5,"{""geodesic"":false,""type"":""Point"",""coordinates"":[110.4413834283954,-7.266927773489632]}"
2_10_0,0.0668,0.2394,0.2459,0.2098,0.176,0.1992,0.1549,0.1553,0.17,0.2009,0.1647,0.119,0.03285058,0.0051665423,-0.0054242653,0.06606528,-0.15262398,0.013393789,0.24381922,-0.021670323,0.1007162,-0.06589491,0.0042489353,-0.06606528,0.12928613,0.002833017,-11.693066,-5.027116,-0.014659056,5,"{""geodesic"":false,""type"":""Point"",""coordinates"":[110.44455260559278,-7.268017118760244]}"
2_188_0,0.0636,0.2455,0.1957,0.0542,0.0638,0.0619,0.1012,0.1845,0.2227,0.24,0.2581,0.2259,0.021941496,0.36953273,0.1455623,0.5799868,-0.5874556,-0.112873964,0.050474294,0.63154316,-0.10167544,-0.63830495,0.5899304,-0.5799868,0.40679953,0.33314627,-14.944141,-8.519125,0.35091916,5,"{""geodesic"":false,""type"":""Point"",""coordinates"":[110.44491794790846,-7.265575295496534]}"
2_28_0,0.0651,0.1945,0.155,0.095,0.1042,0.1118,0.1324,0.1747,0.2097,0.1704,0.2154,0.2163,0.07154103,0.12979533,0.043943856,0.24107793,-0.30231002,-0.113018595,0.101696014,0.28409946,-0.047326345,0.34369603,0.20765413,-0.24107793,0.12549536,0.11237534,-16.84678,-7.3535957,0.14776586,5,"{""geodesic"":false,""type"":""Point"",""coordinates"":[110.42230710642802,-7.3085127374538015]}"
2_68_0,0.0496,0.0916,0.0624,0.0613,0.0708,0.0642,0.0801,0.1472,0.1889,0.214,0.1988,0.1488,-0.27719787,0.32866734,0.14494416,0.502809,-0.12807883,-0.1896104,0.01872,0.55466765,-0.54848045,-0.19816875,0.53846157,-0.502809,0.4552873,0.28874326,-18.454887,-9.192388,0.29543403,5,"{""geodesic"":false,""type"":""Point"",""coordinates"":[110.44047790431866,-7.266655294232265]}"
2_161_0,0.0674,0.2604,0.2351,0.0905,0.121,0.1028,0.1264,0.1487,0.1642,0.1787,0.1745,0.2134,0.1486401,0.1699127,0.04797005,0.19252586,-0.36549553,-0.05105953,0.13524498,0.32763746,0.13629773,-0.48418355,0.269627,-0.19252586,0.1714192,0.1456814,-9.172658,-6.647683,0.17199689,5,"{""geodesic"":false,""type"":""Point"",""coordinates"":[110.43296653288286,-7.260856892096551]}"
2_117_0,0.0746,0.2876,0.2573,0.0716,0.0746,0.0994,0.1346,0.1441,0.1675,0.1677,0.1798,0.1915,0.2358295,0.1391492,0.03494709,0.38423437,-0.5880729,-0.055606574,0.15250817,0.40158796,0.21082354,0.6013363,0.25570947,-0.38423437,0.10949386,0.13355494,-15.397582,-5.486311,0.19498174,5,"{""geodesic"":false,""type"":""Point"",""coordinates"":[110.43559168327728,-7.262307432950597]}"
2_36_0,0.0449,0.1183,0.0766,0.0536,0.054,0.0485,0.0868,0.1636,0.1776,0.1597,0.2054,0.1879,-0.12233624,0.2650901,0.098830014,0.49461862,-0.3731863,-0.21395586,0.023262993,0.4974215,-0.3516716,-0.37638164,0.53410184,-0.49461862,0.2957404,0.2355267,-13.794481,-3.9015894,0.22311792,5,"{""geodesic"":false,""type"":""Point"",""coordinates"":[110.42276355931857,-7.305799702738816]}"
2_119_0,0.0805,0.2496,0.2181,0.054,0.0584,0.0784,0.1342,0.1747,0.1916,0.1443,0.2077,0.2218,0.24643739,0.13619079,0.035559844,0.42377898,-0.6207792,-0.06735086,0.11849646,0.45537063,0.20364238,0.64426875,0.2959138,-0.42377898,0.036265705,0.13677874,-12.722804,-4.552369,0.19397107,5,"{""geodesic"":false,""type"":""Point"",""coordinates"":[110.4102175706004,-7.270235117129759]}"
2_78_0,0.0515,0.089,0.0974,0.1594,0.146,0.1376,0.0983,0.1052,0.1047,0.1471,0.107,0.05,-0.14987807,0.030558404,0.018112915,0.003752998,0.24255317,0.04506438,0.09110972,-0.040130503,-0.20327199,0.28341386,0.033368446,-0.003752998,0.198859,0.018159801,-22.631308,-16.832312,-0.022876626,5,"{""geodesic"":false,""type"":""Point"",""coordinates"":[110.42267609959913,-7.303357333457961]}"
2_154_0,0.0512,0.1563,0.1236,0.0511,0.0539,0.0578,0.0752,0.1269,0.147,0.1333,0.1627,0.1781,0.07452945,0.1720837,0.058043785,0.4241453,-0.48715508,-0.11682742,0.053593993,0.44577008,-0.03775791,0.50723237,0.39508113,-0.4241453,0.2786571,0.16386922,-18.006721,-1.287831,0.18015781,5,"{""geodesic"":false,""type"":""Point"",""coordinates"":[110.44609556301516,-7.265576734769238]}"
2_88_0,0.0613,0.1963,0.158,0.0698,0.0802,0.0894,0.1272,0.1747,0.2077,0.1635,0.2105,0.2064,0.100963406,0.15747194,0.05515512,0.34181368,-0.4198915,-0.10810046,0.08639267,0.40162882,-0.017107274,0.47538522,0.29300117,-0.34181368,0.124870986,0.14762916,-19.481247,-3.7227612,0.19166781,5,"{""geodesic"":false,""type"":""Point"",""coordinates"":[110.42181156881365,-7.271064137216213]}"
2_18_0,0.0662,0.214,0.1819,0.0694,0.0919,0.1406,0.1593,0.1924,0.209,0.1997,0.202,0.2133,0.13708514,0.09702522,0.046092015,0.3696845,-0.39915007,-0.0810811,0.12806779,0.48420662,-0.046645712,0.5102329,0.1736703,-0.3696845,0.11253481,0.10549804,-17.63698,-6.8803134,0.25412822,5,"{""geodesic"":false,""type"":""Point"",""coordinates"":[110.42190331206592,-7.270159713216612]}"
2_105_0,0.0724,0.2426,0.2377,0.1462,0.1636,0.1478,0.1603,0.1754,0.1838,0.2332,0.194,0.2057,0.014289416,0.20859796,0.06859949,0.17540322,-0.19448547,-0.010201944,0.15065205,0.22930942,0.009556172,-0.24794237,0.22414698,-0.17540322,0.18526047,0.14540295,-14.4873,-7.252484,0.14839663,5,"{""geodesic"":false,""type"":""Point"",""coordinates"":[110.4205559880892,-7.26120303764971]}"
2_74_0,0.0524,0.1691,0.1123,0.0645,0.0806,0.075,0.1092,0.1781,0.1902,0.2159,0.2134,0.2041,-0.06920876,0.29797402,0.12422355,0.45632377,-0.3544253,-0.2018479,0.039011117,0.539943,-0.3156612,-0.447774,0.48435888,-0.45632377,0.32820672,0.2672272,-18.003618,-5.460738,0.29100463,5,"{""geodesic"":false,""type"":""Point"",""coordinates"":[110.44319436883252,-7.267563181120095]}"
2_151_0,0.0535,0.1018,0.0866,0.061,0.0794,0.0731,0.0852,0.114,0.1322,0.1247,0.1418,0.1389,-0.029950084,0.11665763,0.046513774,0.22195001,-0.1236203,-0.080679424,0.050765514,0.3430264,-0.18031237,-0.25061426,0.26086956,-0.22195001,0.18818486,0.110920034,-20.581894,-7.7514486,0.13934666,5,"{""geodesic"":false,""type"":""Point"",""coordinates"":[110.45288829751547,-7.266579977576548]}"
2_42_0,0.0697,0.2183,0.1907,0.117,0.134,0.1514,0.178,0.1851,0.1987,0.1878,0.1988,0.2068,0.09621941,0.07466974,0.024543952,0.16718459,-0.2392847,-0.067481674,0.1537379,0.23228349,0.0076617952,0.3021175,0.10731134,-0.16718459,0.02679061,0.06506197,-21.81784,-14.892815,0.13195826,5,"{""geodesic"":false,""type"":""Point"",""coordinates"":[110.42226600415297,-7.269888813184257]}"
2_69_0,0.0525,0.1127,0.0673,0.063,0.0722,0.0673,0.1009,0.1758,0.1994,0.1995,0.2043,0.1562,-0.18644068,0.29227096,0.12415418,0.46853146,-0.21903732,-0.25222224,0.022703208,0.52,-0.49550223,-0.28286853,0.49550223,-0.46853146,0.328229,0.25860718,-16.845617,-10.521872,0.2685246,5,"{""geodesic"":false,""type"":""Point"",""coordinates"":[110.4408400243423,-7.26683664955532]}"
2_159_0,0.0727,0.2552,0.2425,0.0791,0.0905,0.0882,0.1192,0.152,0.1752,0.1915,0.1973,0.2023,0.118566796,0.2290567,0.07370416,0.35815603,-0.47642466,-0.025517363,0.11168931,0.41537324,0.117511556,-0.5267724,0.36932424,-0.35815603,0.23270033,0.19873026,-15.353192,-9.022226,0.21879055,5,"{""geodesic"":false,""type"":""Point"",""coordinates"":[110.43595560128489,-7.26104152443231]}"
2_168_0,0.0811,0.2485,0.2312,0.0678,0.0682,0.0808,0.1019,0.1234,0.137,0.1344,0.1563,0.1925,0.23913454,0.12064464,0.023880115,0.32675222,-0.5693085,-0.036064226,0.13899523,0.32937685,0.26477024,0.57129306,0.24907063,-0.32675222,0.13753702,0.1124161,-5.7226133,0.7434508,0.14226715,5,"{""geodesic"":false,""type"":""Point"",""coordinates"":[110.41810695042464,-7.263732619026848]}"
2_126_0,0.0721,0.2537,0.2361,0.0646,0.075,0.0927,0.1199,0.1415,0.1478,0.1576,0.1743,0.1886,0.21843122,0.1319857,0.036367502,0.35511607,-0.5436568,-0.035933003,0.13887353,0.41854188,0.1993904,0.5940936,0.25928888,-0.35511607,0.13585585,0.1297481,-17.538713,-9.358999,0.19315979,5,"{""geodesic"":false,""type"":""Point"",""coordinates"":[110.41428738381828,-7.275305815304381]}"
2_121_0,0.0623,0.1612,0.1153,0.0785,0.0905,0.0852,0.1179,0.1728,0.2102,0.1589,0.2011,0.2299,0.018602736,0.17038886,0.060231235,0.27425823,-0.28088996,-0.16600363,0.06182228,0.33866888,-0.159008,-0.3450146,0.30192545,-0.27425823,0.14812137,0.14856873,-18.355864,-7.8913107,0.16354758,5,"{""geodesic"":false,""type"":""Point"",""coordinates"":[110.41120965844073,-7.273583201848434]}"
2_15_0,0.0525,0.1238,0.0909,0.1194,0.1312,0.1012,0.096,0.1436,0.1615,0.1444,0.1663,0.1556,-0.07937807,0.1261535,0.03919482,0.0478955,0.029019602,-0.1532371,0.063705534,0.094768755,-0.22736934,-0.018092105,0.17589577,-0.0478955,0.20133112,0.086909875,-12.573856,-10.896956,0.049096618,5,"{""geodesic"":false,""type"":""Point"",""coordinates"":[110.44699943036754,-7.2672060183492935]}"
2_80_0,0.0595,0.1587,0.139,0.1078,0.1378,0.1532,0.0985,0.0972,0.1113,0.1449,0.0978,0.0494,0.10485301,-0.016525976,-0.00927472,0.025114967,-0.07048908,-0.066174015,0.14696205,0.14681439,-0.020781951,0.19099438,-0.027843028,-0.025114967,0.19063269,-0.015599561,-19.664658,-6.582888,0.073933825,5,"{""geodesic"":false,""type"":""Point"",""coordinates"":[110.42720287279886,-7.30562445165441]}"
2_139_0,0.0607,0.2464,0.2235,0.0601,0.066,0.0731,0.0908,0.1137,0.136,0.1512,0.1586,0.1678,0.20384327,0.17141476,0.04738768,0.3922652,-0.57746476,-0.048733775,0.10805456,0.43114054,0.19295438,0.60783035,0.34819436,-0.3922652,0.24958676,0.16174236,-17.549915,-7.893587,0.19211303,5,"{""geodesic"":false,""type"":""Point"",""coordinates"":[110.45911165701943,-7.289201098261112]}"
2_163_0,0.0625,0.2721,0.2583,0.1546,0.176,0.1926,0.1487,0.2051,0.2319,0.2562,0.2487,0.2264,0.061564844,0.12696636,0.049510956,0.18556221,-0.21446106,-0.02601809,0.1941787,0.24732229,0.004081673,0.27536914,0.1417112,-0.18556221,0.26549762,0.100548044,-15.147881,-0.47439662,0.16732542,5,"{""geodesic"":false,""type"":""Point"",""coordinates"":[110.43187974438321,-7.260674624768248]}"
2_124_0,0.077,0.2076,0.2019,0.1714,0.1838,0.1942,0.1734,0.192,0.2079,0.1996,0.2032,0.2067,0.039855074,0.012508112,0.0030252463,0.041210223,-0.060807362,-0.013919394,0.19643778,0.076010786,0.005728541,0.09551452,0.01371255,-0.041210223,0.07024128,0.009062434,-15.819356,-10.445476,0.04856487,5,"{""geodesic"":false,""type"":""Point"",""coordinates"":[110.40577504566404,-7.273123839475415]}"
2_180_0,0.0533,0.087,0.0613,0.0677,0.0631,0.063,0.0703,0.109,0.1317,0.1139,0.1298,0.1424,-0.09529553,0.12929939,0.046646707,0.28700563,-0.15922715,-0.17329738,0.033906057,0.2544053,-0.30022833,-0.12475759,0.28773317,-0.28700563,0.23669924,0.11279361,-20.282843,-12.869765,0.10167254,5,"{""geodesic"":false,""type"":""Point"",""coordinates"":[110.45125401614169,-7.269653458371472]}"
2_6_0,0.0476,0.1479,0.1018,0.0536,0.052,0.0824,0.099,0.1392,0.168,0.1278,0.1722,0.0951,0.11877581,0.09301754,0.033792056,0.42157954,-0.47973987,-0.18462154,0.06563631,0.4090408,-0.11324042,0.4679901,0.21598478,-0.42157954,0.12698413,0.09588848,-16.11444,-8.382555,0.1633402,5,"{""geodesic"":false,""type"":""Point"",""coordinates"":[110.44654616767068,-7.2674768289793334]}"
2_47_0,0.0497,0.077,0.0515,0.0498,0.0545,0.0509,0.069,0.0983,0.1096,0.0972,0.1088,0.1412,-0.06947981,0.112476915,0.041674543,0.28147662,-0.17110267,-0.19844358,0.026968623,0.32244897,-0.3073302,-0.21451102,0.3126266,-0.28147662,0.16967508,0.10715938,-9.674166,3.997474,0.1098918,5,"{""geodesic"":false,""type"":""Point"",""coordinates"":[110.44754349959668,-7.2667544088200895]}"
2_23_0,0.0613,0.1963,0.158,0.0888,0.0932,0.0994,0.1272,0.1747,0.2077,0.1773,0.2105,0.2064,0.05268778,0.17581476,0.06072734,0.31090575,-0.35613126,-0.10810046,0.08857981,0.33258176,-0.057560388,0.37706068,0.28153238,-0.31090575,0.16453204,0.1504442,-18.09137,-3.488552,0.17328027,5,"{""geodesic"":false,""type"":""Point"",""coordinates"":[110.42172098231033,-7.271064021676212]}"
2_71_0,0.0516,0.0999,0.077,0.0657,0.0806,0.0762,0.0893,0.1451,0.1791,0.2086,0.1889,0.1587,-0.21802843,0.28217041,0.12819988,0.44260028,-0.106925204,-0.12945166,0.028127518,0.5209624,-0.46078432,-0.20652172,0.46488765,-0.44260028,0.40046996,0.2530581,-13.960393,-5.3384895,0.27683067,5,"{""geodesic"":false,""type"":""Point"",""coordinates"":[110.44174554904725,-7.267109128131924]}"
2_182_0,0.065,0.0984,0.0729,0.0689,0.0668,0.0639,0.0766,0.1309,0.1486,0.1277,0.1507,0.1683,-0.0955698,0.16040629,0.057685893,0.31311056,-0.19128329,-0.14886165,0.03647854,0.29908445,-0.27318048,-0.17632996,0.33298537,-0.31311056,0.25012237,0.13837478,-18.788412,-5.4288087,0.126615,5,"{""geodesic"":false,""type"":""Point"",""coordinates"":[110.45261281653235,-7.269655100739694]}"
2_2_0,0.04,0.027,0.0185,0.0534,0.052,0.0463,0.0493,0.0718,0.0818,0.0794,0.0775,0.0346,-0.2886948,0.08649524,0.03652036,0.2085236,0.3164557,-0.18681319,0.010787783,0.19578317,-0.62206334,0.32835817,0.2633254,-0.2085236,0.23387726,0.07935113,-18.921608,-10.872413,0.061630856,5,"{""geodesic"":false,""type"":""Point"",""coordinates"":[110.44862876777226,-7.268203001542516]}"
2_156_0,0.0678,0.1974,0.1868,0.0616,0.0642,0.0692,0.0993,0.1118,0.1241,0.1145,0.1376,0.1833,0.20442739,0.10606912,0.022580327,0.28147736,-0.50917435,-0.027589798,0.11289573,0.30039752,0.23996018,0.52432436,0.2465977,-0.28147736,0.07109448,0.09938569,-14.32836,-5.0213914,0.117364295,5,"{""geodesic"":false,""type"":""Point"",""coordinates"":[110.44582225417203,-7.266842763734234]}"
2_112_0,0.0726,0.2072,0.1607,0.0984,0.1034,0.093,0.1146,0.1991,0.2302,0.1793,0.2587,0.2106,0.0389341,0.2159011,0.06606141,0.26848248,-0.3341919,-0.12639308,0.083352484,0.29132158,-0.054705888,-0.35602096,0.31692985,-0.26848248,0.22014289,0.1676162,-13.724245,-6.806577,0.15603703,5,"{""geodesic"":false,""type"":""Point"",""coordinates"":[110.41883557947482,-7.260658113851129]}"
2_66_0,0.0496,0.1142,0.0718,0.0637,0.0742,0.0738,0.0992,0.1699,0.194,0.1884,0.2063,0.1488,-0.1456487,0.24838528,0.10744029,0.43488196,-0.21231426,-0.227957,0.028125478,0.494645,-0.44811684,-0.28386736,0.43707097,-0.43488196,0.31015298,0.22553137,-16.221865,-8.639022,0.24870363,5,"{""geodesic"":false,""type"":""Point"",""coordinates"":[110.44002519872889,-7.266473826828423]}"
2_184_0,0.0441,0.1224,0.083,0.0395,0.0432,0.0424,0.07,0.1186,0.1395,0.102,0.1486,0.1573,0.07606921,0.14054616,0.045422357,0.40495867,-0.47826087,-0.19182086,0.03450196,0.44169608,-0.102702715,-0.5120444,0.41274238,-0.40495867,0.1860465,0.1387337,-13.726056,-7.093245,0.14614184,5,"{""geodesic"":false,""type"":""Point"",""coordinates"":[110.44681991751263,-7.26584898204403]}"
2_120_0,0.0594,0.1436,0.0911,0.0741,0.084,0.0775,0.1019,0.1664,0.2,0.1601,0.2094,0.2449,-0.028772235,0.19310796,0.07088572,0.31175748,-0.26186293,-0.22368982,0.044099003,0.3672075,-0.27468154,-0.31924665,0.34764308,-0.31175748,0.22213739,0.16797721,-12.841897,-8.888593,0.17570144,5,"{""geodesic"":false,""type"":""Point"",""coordinates"":[110.41320656213398,-7.270510357242074]}"
2_113_0,0.0626,0.2339,0.201,0.0576,0.0632,0.0636,0.1002,0.1497,0.1833,0.1646,0.2083,0.216,0.14489129,0.22661999,0.07081934,0.44512734,-0.574554,-0.07564955,0.07766465,0.48154816,0.09956238,0.6048027,0.4425942,-0.44512734,0.24320242,0.20804723,-17.156593,-6.316667,0.2222376,5,"{""geodesic"":false,""type"":""Point"",""coordinates"":[110.41947140996376,-7.259302115800288]}"
2_61_0,0.0577,0.1852,0.1619,0.0836,0.0874,0.0965,0.1145,0.1531,0.1638,0.1747,0.1854,0.1814,0.043333333,0.17351559,0.062480543,0.333079,-0.35876745,-0.067127645,0.089429595,0.3526907,-0.038027357,0.3779762,0.28834808,-0.333079,0.20816046,0.15210064,-13.767193,-9.47193,0.18020573,5,"{""geodesic"":false,""type"":""Point"",""coordinates"":[110.4463652167861,-7.267295699176344]}"
2_198_0,0.0672,0.2074,0.1863,0.0778,0.0918,0.0922,0.1119,0.1418,0.1665,0.1529,0.1762,0.19,0.12992647,0.13517724,0.04028419,0.2496935,-0.38636363,-0.05359411,0.11234049,0.32553098,0.098466985,0.45441794,0.24765399,-0.2496935,0.15483382,0.12219834,-15.778733,-6.4152236,0.15416723,5,"{""geodesic"":false,""type"":""Point"",""coordinates"":[110.43396251153902,-7.26121995231279]}"
2_90_0,0.0556,0.1153,0.0877,0.0584,0.0712,0.1038,0.1202,0.1455,0.1631,0.1363,0.1603,0.1782,0.058965683,0.06150178,0.030461963,0.31373495,-0.23646113,-0.13596058,0.06678841,0.4001027,-0.21696426,0.32757628,0.13536027,-0.31373495,0.06276802,0.06586947,-13.300412,4.768132,0.16820209,5,"{""geodesic"":false,""type"":""Point"",""coordinates"":[110.42108710851589,-7.270882304514199]}"
2_94_0,0.0668,0.2228,0.2298,0.1016,0.1046,0.1118,0.1352,0.1522,0.1694,0.1437,0.1704,0.119,0.15399207,0.07577198,0.012228525,0.15747082,-0.3610263,0.015466194,0.17878664,0.1716266,0.23052208,0.37361282,0.12485324,-0.15747082,0.030476887,0.063335545,-17.379507,-4.358889,0.08473099,5,"{""geodesic"":false,""type"":""Point"",""coordinates"":[110.44482436435403,-7.268017451501356]}"
2_48_0,0.0495,0.1137,0.0944,0.0686,0.0755,0.0727,0.0852,0.1138,0.1312,0.1073,0.1379,0.1121,0.028981525,0.08406219,0.027333956,0.17396063,-0.20190278,-0.092743866,0.06395974,0.22001137,-0.06395634,-0.24739443,0.19222221,-0.17396063,0.114805184,0.076323524,-12.549236,-9.757604,0.08588549,5,"{""geodesic"":false,""type"":""Point"",""coordinates"":[110.447090127077,-7.267115674419214]}"
2_65_0,0.0491,0.1377,0.1,0.0656,0.0749,0.0853,0.1009,0.1287,0.1423,0.1636,0.1606,0.1277,-0.013710733,0.16541322,0.06901364,0.37190774,-0.29539043,-0.1586033,0.052139364,0.42757416,-0.24127464,0.35464832,0.31458417,-0.37190774,0.23705104,0.15683001,-14.036161,-9.415992,0.20159078,5,"{""geodesic"":false,""type"":""Point"",""coordinates"":[110.43948190770317,-7.2662922470809646]}"
2_162_0,0.0674,0.2332,0.2085,0.1046,0.1038,0.111,0.1471,0.1906,0.2103,0.2024,0.2232,0.2134,0.057125315,0.21081279,0.06974365,0.32201177,-0.38397625,-0.05592031,0.11434536,0.31856677,0.014845459,0.38069865,0.29164007,-0.32201177,0.15822603,0.16855176,-15.09614,-8.751118,0.18178439,5,"{""geodesic"":false,""type"":""Point"",""coordinates"":[110.43332853173364,-7.261128707043122]}"
2_73_0,0.0529,0.1633,0.1094,0.0594,0.0735,0.0679,0.1096,0.2177,0.2434,0.2661,0.2643,0.2087,-0.16939105,0.4035016,0.18129314,0.5671378,-0.37922296,-0.19765308,0.027915295,0.63502306,-0.41731024,-0.46654692,0.5934132,-0.5671378,0.41655573,0.3564748,-19.652622,-7.2923036,0.37559053,5,"{""geodesic"":false,""type"":""Point"",""coordinates"":[110.44265096349511,-7.267472059272071]}"
2_183_0,0.0609,0.2083,0.1743,0.0642,0.0696,0.0786,0.0874,0.1467,0.166,0.151,0.1852,0.2434,0.14280024,0.15861887,0.049414493,0.36899364,-0.4991004,-0.088865645,0.09072834,0.4033457,0.071626216,0.52880734,0.315331,-0.36899364,0.2667785,0.14884868,-18.197107,-9.603271,0.18204696,5,"{""geodesic"":false,""type"":""Point"",""coordinates"":[110.45297319315726,-7.271283717892075]}"
2_5_0,0.046,0.0701,0.0532,0.0836,0.0858,0.0932,0.0875,0.0925,0.0925,0.0968,0.0874,0.084,-0.04975269,0.008746359,0.0076937946,0.060240965,0.100705564,-0.1370641,0.051221486,0.07317073,-0.29066667,-0.08783343,0.018947376,-0.060240965,0.050461203,0.00782609,-11.464744,1.8143958,0.02910053,5,"{""geodesic"":false,""type"":""Point"",""coordinates"":[110.44763397517451,-7.266844973506159]}"
2_174_0,0.0699,0.2379,0.2039,0.0625,0.0678,0.0807,0.1083,0.1606,0.1888,0.157,0.2113,0.2039,0.1841665,0.1626935,0.048440937,0.39679715,-0.5564279,-0.07695792,0.1048072,0.43052393,0.12995286,0.5838882,0.32099286,-0.39679715,0.1835658,0.15514438,-13.272818,-8.759823,0.19701183,5,"{""geodesic"":false,""type"":""Point"",""coordinates"":[110.41258091737834,-7.263996861444367]}"
2_38_0,0.0757,0.2064,0.1711,0.1444,0.1506,0.144,0.1217,0.201,0.2344,0.2314,0.2575,0.1879,-0.034976587,0.2158238,0.07634144,0.21151832,-0.15630253,-0.093509935,0.10647537,0.23150611,-0.14981365,-0.1767389,0.23281835,-0.21151832,0.31067687,0.14976011,-18.696384,-9.319854,0.14900662,5,"{""geodesic"":false,""type"":""Point"",""coordinates"":[110.44563986248208,-7.267837540076584]}"
2_75_0,0.0533,0.1525,0.1082,0.0692,0.0767,0.0751,0.0961,0.1565,0.1937,0.2304,0.2131,0.1947,-0.13657056,0.3341222,0.14158313,0.5004884,-0.33071554,-0.16992714,0.035268314,0.5380507,-0.3608978,-0.37573296,0.508347,-0.5004884,0.4113323,0.28919926,-23.660837,-5.5506377,0.30240119,5,"{""geodesic"":false,""type"":""Point"",""coordinates"":[110.44355660210725,-7.267654080100998]}"
2_179_0,0.0656,0.1022,0.0595,0.0742,0.0863,0.0866,0.1114,0.1259,0.1386,0.136,0.1415,0.1039,-0.053634096,0.11236468,0.046635367,0.22357178,-0.08435014,-0.26406926,0.0378875,0.29400575,-0.39130437,0.15873018,0.22192277,-0.22357178,0.099434145,0.10254638,-21.870289,-7.561414,0.13052663,5,"{""geodesic"":false,""type"":""Point"",""coordinates"":[110.43522245518325,-7.267824687543545]}"
2_89_0,0.0574,0.1443,0.1274,0.0852,0.096,0.1272,0.133,0.1358,0.1246,0.1584,0.1271,0.1879,0.05416426,0.060813952,0.028169522,0.24528301,-0.20099874,-0.062200967,0.10230606,0.3004926,-0.108467475,0.25751635,0.10924367,-0.24528301,0.08716541,0.059572287,-14.504721,-5.0113883,0.14766003,5,"{""geodesic"":false,""type"":""Point"",""coordinates"":[110.42117734749347,-7.271153781994676]}"
2_192_0,0.0617,0.1463,0.1077,0.1284,0.129,0.1324,0.1193,0.1767,0.2026,0.1924,0.2112,0.2265,-0.07022516,0.14651296,0.057536624,0.19726199,-0.06284057,-0.15196852,0.07411373,0.19950123,-0.28223926,0.06516201,0.18472902,-0.19726199,0.23452036,0.10911734,-19.311024,-5.4646506,0.11695906,5,"{""geodesic"":false,""type"":""Point"",""coordinates"":[110.44247402765325,-7.264034573385656]}"
2_22_0,0.0563,0.1399,0.1244,0.0682,0.0768,0.094,0.134,0.1534,0.1593,0.1479,0.1604,0.2075,0.039555546,0.112254255,0.045765582,0.31642187,-0.29118595,-0.058645487,0.07906423,0.36881074,-0.086301886,0.3445459,0.22281936,-0.31642187,0.049308266,0.10897696,-15.781383,-4.0774474,0.16694596,5,"{""geodesic"":false,""type"":""Point"",""coordinates"":[110.42135956259145,-7.27033992779064]}"
