system:index,B1,B11,B12,B2,B3,B4,B5,B6,B7,B8,B8A,B9,BSI,EVI,FAI,GNDVI,MNDWI,NBAI,NBI,NDAVI,NDBI,NDBSI,NDVI,NDWI,RENDVI,SAVI,VH,VV,WAVI,landcover,.geo
1_1_1_1_1_63_0,0.0422,0.1187,0.0528,0.0381,0.0592,0.0313,0.0992,0.2917,0.3342,0.3384,0.3553,0.3251,-0.43019944,0.6189286,0.29161093,0.7022133,-0.33445755,-0.38425654,0.004883688,0.79760957,-0.73006135,-0.5140306,0.8306735,-0.7022133,0.5466179,0.5296654,-11.151608,-11.20671,0.513919,0,"{""geodesic"":false,""type"":""Point"",""coordinates"":[110.43553441905946,-7.308077212834922]}"
1_1_1_1_1_185_0,0.043,0.1355,0.0531,0.0363,0.0612,0.03,0.1018,0.338,0.4007,0.4089,0.4306,0.3963,-0.45799902,0.7194395,0.36020324,0.73962986,-0.37773257,-0.43690348,0.003895818,0.83692724,-0.77012986,-0.5774156,0.8632946,-0.73962986,0.6013315,0.605336,-15.171541,-2.0009928,0.5913034,0,"{""geodesic"":false,""type"":""Point"",""coordinates"":[110.41598582892098,-7.2928560748202536]}"
1_1_1_1_1_176_0,0.0413,0.1281,0.0491,0.0367,0.0624,0.0308,0.098,0.3225,0.372,0.3764,0.3962,0.3905,-0.44440562,0.6718768,0.32835644,0.715588,-0.34488186,-0.4458239,0.004017747,0.82231903,-0.76921266,-0.5546116,0.848723,-0.715588,0.58684653,0.57142854,-12.900148,-5.5143247,0.558044,0,"{""geodesic"":false,""type"":""Point"",""coordinates"":[110.41716280730704,-7.293400317558325]}"
1_1_1_1_1_78_0,0.04,0.106,0.0463,0.0346,0.056,0.0314,0.0934,0.2714,0.3037,0.3009,0.322,0.2833,-0.41890466,0.54785335,0.25627935,0.6861866,-0.30864197,-0.39198947,0.0048315716,0.7937407,-0.7332949,-0.5078236,0.8110142,-0.6861866,0.52624905,0.48570228,-12.985691,-7.8307858,0.47809696,0,"{""geodesic"":false,""type"":""Point"",""coordinates"":[110.41571933241929,-7.288785303875369]}"
1_1_1_1_1_16_0,0.0366,0.086,0.0369,0.0327,0.0501,0.0278,0.0755,0.2062,0.2445,0.2555,0.256,0.2128,-0.43383083,0.48362428,0.21738575,0.6721204,-0.26377666,-0.3995118,0.004014951,0.77307427,-0.74760604,-0.4490312,0.80374163,-0.6721204,0.5438066,0.4360398,-11.630035,-9.867325,0.42400405,0,"{""geodesic"":false,""type"":""Point"",""coordinates"":[110.44644915772254,-7.272723070123455]}"
1_1_1_1_1_161_0,0.0394,0.1174,0.0476,0.0353,0.0594,0.0314,0.0962,0.305,0.3477,0.3749,0.3719,0.4008,-0.46762076,0.66131455,0.32825905,0.7264564,-0.32805428,-0.4230303,0.00398677,0.82788885,-0.77467453,-0.53765553,0.8454344,-0.7264564,0.59159416,0.56852037,-14.197084,-8.150953,0.5596572,0,"{""geodesic"":false,""type"":""Point"",""coordinates"":[110.43906747950992,-7.308172074108357]}"
1_1_1_1_1_124_0,0.0336,0.1297,0.0497,0.0308,0.0535,0.0265,0.0922,0.3498,0.4189,0.4298,0.4607,0.4427,-0.4935149,0.7425615,0.38501084,0.7786054,-0.41593888,-0.4459309,0.003064332,0.8662614,-0.7927007,-0.6161994,0.88384837,-0.7786054,0.6467433,0.6325944,-15.876633,-4.190806,0.6230481,0,"{""geodesic"":false,""type"":""Point"",""coordinates"":[110.45078766720464,-7.280688345059952]}"
1_1_1_1_1_172_0,0.0393,0.1207,0.0506,0.0356,0.0575,0.0312,0.0954,0.3257,0.3674,0.3628,0.3958,0.4102,-0.4479375,0.6461419,0.31573877,0.7263859,-0.35465768,-0.4092236,0.0043514883,0.8212851,-0.7552008,-0.5444658,0.8416244,-0.7263859,0.58358794,0.55637586,-13.358719,-7.04451,0.5463045,0,"{""geodesic"":false,""type"":""Point"",""coordinates"":[110.44442103073666,-7.301304171987027]}"
1_1_1_1_1_197_0,0.042,0.128,0.0576,0.0392,0.06,0.0451,0.0993,0.2425,0.259,0.2494,0.3019,0.2355,-0.25016242,0.4165987,0.18960842,0.6121526,-0.36170214,-0.37931037,0.010416038,0.7283437,-0.62475574,-0.5311005,0.6937182,-0.6121526,0.43045598,0.3857143,-10.941046,-3.2680008,0.39982247,0,"{""geodesic"":false,""type"":""Point"",""coordinates"":[110.44898560054256,-7.272726160757613]}"
1_1_1_1_1_73_0,0.0432,0.085,0.0379,0.0402,0.0603,0.0323,0.0831,0.2316,0.2508,0.3026,0.2527,0.2565,-0.49011084,0.5655285,0.2609605,0.66767704,-0.16999312,-0.3832384,0.0040455055,0.7654609,-0.7773862,-0.35782748,0.8071066,-0.66767704,0.56909513,0.48562703,-12.590742,-6.967099,0.4670147,0,"{""geodesic"":false,""type"":""Point"",""coordinates"":[110.41978260412695,-7.29910228797736]}"
1_1_1_1_1_59_0,0.0374,0.09,0.0359,0.0334,0.0566,0.0289,0.0891,0.252,0.3047,0.3587,0.3261,0.2705,-0.534638,0.6433365,0.31897184,0.72742593,-0.22783084,-0.42970613,0.002892417,0.8296353,-0.8180436,-0.458671,0.8508772,-0.72742593,0.6020545,0.5573457,-12.270037,-6.7256885,0.54696786,0,"{""geodesic"":false,""type"":""Point"",""coordinates"":[110.44378822138822,-7.3002179411209935]}"
1_1_1_1_1_192_0,0.0382,0.094,0.0425,0.0326,0.0532,0.0301,0.0858,0.2353,0.2754,0.2615,0.2968,0.1661,-0.4065041,0.48304945,0.2200756,0.6619002,-0.2771739,-0.37728935,0.0048919693,0.7783067,-0.72039473,-0.4849921,0.7935528,-0.6619002,0.5059027,0.43847904,-15.750856,-4.3096895,0.43237627,0,"{""geodesic"":false,""type"":""Point"",""coordinates"":[110.44536288819747,-7.272088561026701]}"
1_1_1_1_1_58_0,0.0374,0.0903,0.0376,0.033,0.055,0.0311,0.0831,0.2126,0.2661,0.2972,0.2816,0.2893,-0.46235606,0.53809756,0.25560853,0.68767744,-0.24294564,-0.41204068,0.003934589,0.8001211,-0.7753883,-0.4647202,0.8105391,-0.68767744,0.5629766,0.48189062,-9.647798,-9.131298,0.47735485,0,"{""geodesic"":false,""type"":""Point"",""coordinates"":[110.44487600313275,-7.299676553630287]}"
1_1_1_1_1_20_0,0.036,0.1282,0.0536,0.0329,0.0598,0.0287,0.1003,0.3338,0.3934,0.411,0.4278,0.4094,-0.47769642,0.7151409,0.36466658,0.74596435,-0.36382976,-0.41034102,0.0037428709,0.85176843,-0.7692639,-0.591558,0.86945647,-0.74596435,0.60766673,0.61024797,-13.653374,-4.5489016,0.60085815,0,"{""geodesic"":false,""type"":""Point"",""coordinates"":[110.44681504904914,-7.269828973621962]}"
1_1_1_1_1_165_0,0.0377,0.0491,0.0258,0.0383,0.059,0.034,0.0637,0.1236,0.1334,0.211,0.1408,0.0608,-0.49999997,0.3923742,0.17432396,0.56296295,0.091581866,-0.31108144,0.004157346,0.69273967,-0.7820946,-0.123569794,0.72244895,-0.56296295,0.5362213,0.3563758,-20.244076,-6.263634,0.34572268,0,"{""geodesic"":false,""type"":""Point"",""coordinates"":[110.44115586708972,-7.304375587526582]}"
1_1_1_1_1_34_0,0.0337,0.0861,0.0362,0.0307,0.0561,0.0282,0.08,0.2211,0.2482,0.3373,0.2878,0.2627,-0.5260212,0.60548484,0.29883894,0.7147941,-0.21097045,-0.40801305,0.0030265048,0.8331522,-0.80615795,-0.47431505,0.84569085,-0.7147941,0.6165828,0.53570193,-12.21087,-10.055886,0.52983874,0,"{""geodesic"":false,""type"":""Point"",""coordinates"":[110.44779458252162,-7.283669701258544]}"
1_1_1_1_1_162_0,0.0413,0.123,0.0502,0.0352,0.0603,0.0307,0.0996,0.3168,0.3714,0.3648,0.3942,0.3183,-0.4448257,0.65000004,0.31774256,0.71630204,-0.3420622,-0.42032334,0.004224616,0.824,-0.7580723,-0.5549937,0.8447535,-0.71630204,0.57105947,0.5596315,-12.7886095,-6.4895635,0.54933333,0,"{""geodesic"":false,""type"":""Point"",""coordinates"":[110.44051800017395,-7.307359787330774]}"
1_1_1_1_1_105_0,0.0381,0.1252,0.0489,0.0352,0.0576,0.0294,0.098,0.3267,0.3898,0.3916,0.419,0.3977,-0.46818027,0.69440186,0.3452223,0.7435441,-0.36980307,-0.43825388,0.003671246,0.83505154,-0.77797955,-0.56109726,0.86033255,-0.7435441,0.5996732,0.5899023,-13.828599,-9.069089,0.5768235,0,"{""geodesic"":false,""type"":""Point"",""coordinates"":[110.44599156314277,-7.276521597935688]}"
1_1_1_1_1_56_0,0.0406,0.1587,0.0697,0.036,0.0636,0.0331,0.1055,0.3567,0.4161,0.4304,0.4435,0.3624,-0.41719842,0.7308683,0.37504113,0.74251014,-0.42780027,-0.38966724,0.005360293,0.84562606,-0.7212557,-0.6302003,0.8571737,-0.74251014,0.60626984,0.6185262,-9.919608,-10.270851,0.6121689,0,"{""geodesic"":false,""type"":""Point"",""coordinates"":[110.45094802749257,-7.297784433556062]}"
1_1_1_1_1_151_0,0.0389,0.1473,0.061,0.037,0.0653,0.0326,0.105,0.3568,0.4112,0.4588,0.4382,0.4301,-0.46751514,0.7738398,0.4058728,0.7508109,-0.38570085,-0.4143063,0.0043343506,0.8507463,-0.7652943,-0.59848076,0.86731786,-0.7508109,0.6275275,0.64484566,-10.64781,-5.3087893,0.6353685,0,"{""geodesic"":false,""type"":""Point"",""coordinates"":[110.44550803460899,-7.30139596254791]}"
1_1_1_1_1_191_0,0.0383,0.1125,0.0456,0.0372,0.0574,0.0295,0.0915,0.2912,0.341,0.3679,0.3646,0.3431,-0.4808993,0.66829926,0.3236907,0.7300729,-0.3243084,-0.42314988,0.0036564283,0.81634164,-0.7794438,-0.503006,0.85153496,-0.7300729,0.60165435,0.5656341,-10.587335,-8.040643,0.548061,0,"{""geodesic"":false,""type"":""Point"",""coordinates"":[110.44526863663592,-7.275073442321804]}"
1_1_1_1_1_177_0,0.0413,0.13,0.0515,0.0376,0.0623,0.0316,0.0987,0.3151,0.3666,0.3635,0.3939,0.3905,-0.42562646,0.65278107,0.3144615,0.70737433,-0.35205406,-0.43250686,0.0044770287,0.81251556,-0.7518072,-0.5513126,0.8400405,-0.70737433,0.57291216,0.55619484,-11.901096,-7.0259657,0.5425036,0,"{""geodesic"":false,""type"":""Point"",""coordinates"":[110.41743411228624,-7.293762483077845]}"
1_1_1_1_1_21_0,0.0355,0.1301,0.0527,0.031,0.06,0.0292,0.1,0.3341,0.3875,0.392,0.4184,0.4068,-0.45285934,0.67955345,0.34491843,0.7345133,-0.36875328,-0.42341354,0.0039256127,0.8534279,-0.76298624,-0.61514586,0.8613485,-0.7345133,0.5934959,0.5907512,-10.719608,-8.124514,0.58667386,0,"{""geodesic"":false,""type"":""Point"",""coordinates"":[110.44599910418943,-7.2703707042368135]}"
1_1_1_1_1_113_0,0.0365,0.1033,0.0433,0.034,0.0578,0.0305,0.0955,0.2908,0.3484,0.3487,0.3568,0.2622,-0.48189738,0.62309074,0.30529833,0.7156212,-0.28243327,-0.40927693,0.0037873532,0.8223151,-0.77908164,-0.50473416,0.839135,-0.7156212,0.5700135,0.5428799,-11.029475,-3.1531906,0.5347796,0,"{""geodesic"":false,""type"":""Point"",""coordinates"":[110.44808337270331,-7.269740064711925]}"
1_1_1_1_1_7_0,0.0394,0.0679,0.0291,0.0334,0.0532,0.0295,0.0737,0.1801,0.2161,0.234,0.2201,0.2342,-0.46600875,0.44054285,0.19769473,0.62952644,-0.12138731,-0.4,0.00366859,0.750187,-0.7787913,-0.3405726,0.7760911,-0.62952644,0.520962,0.40176818,-15.242545,-6.592772,0.3921032,0,"{""geodesic"":false,""type"":""Point"",""coordinates"":[110.44355226047172,-7.271181797705453]}"
1_1_1_1_1_80_0,0.0388,0.1037,0.0439,0.0327,0.0547,0.0278,0.0948,0.3267,0.3498,0.3731,0.3812,0.2132,-0.5105156,0.66678256,0.33184898,0.74427307,-0.30934343,-0.405149,0.0032710265,0.83883685,-0.78944844,-0.52052784,0.86131203,-0.74427307,0.5947852,0.57492507,-13.976069,-5.3871684,0.5637006,0,"{""geodesic"":false,""type"":""Point"",""coordinates"":[110.41517544072198,-7.289055962674012]}"
1_1_1_1_1_50_0,0.0366,0.1332,0.0566,0.033,0.0583,0.0323,0.1041,0.3155,0.3514,0.3777,0.4022,0.3053,-0.42554668,0.6521903,0.32751846,0.7325688,-0.39112273,-0.40358272,0.004840296,0.8392988,-0.7393507,-0.6028881,0.84243906,-0.7325688,0.5678705,0.56934065,-11.6105175,-5.89139,0.5677501,0,"{""geodesic"":false,""type"":""Point"",""coordinates"":[110.44878443421992,-7.289098174606253]}"
1_1_1_1_1_96_0,0.0389,0.0898,0.0407,0.0354,0.0584,0.0296,0.0889,0.2445,0.2841,0.3275,0.2947,0.179,-0.50487244,0.6007986,0.2872313,0.6973309,-0.21187583,-0.3762452,0.0036785344,0.80490494,-0.77892447,-0.4345048,0.8342201,-0.6973309,0.5730067,0.52135104,-11.487996,-5.7511063,0.5077645,0,"{""geodesic"":false,""type"":""Point"",""coordinates"":[110.44183300882185,-7.269641959313732]}"
1_1_1_1_1_145_0,0.0384,0.1589,0.0715,0.0372,0.0677,0.0368,0.1089,0.3209,0.3638,0.3705,0.3967,0.3971,-0.3513424,0.6357159,0.31206137,0.6910087,-0.4024713,-0.37934023,0.007101755,0.81751287,-0.6764706,-0.6206017,0.8192978,-0.6910087,0.5456821,0.55169183,-11.330592,-5.4862475,0.5507877,0,"{""geodesic"":false,""type"":""Point"",""coordinates"":[110.45104291888715,-7.294256825713535]}"
1_1_1_1_1_19_0,0.0363,0.1237,0.0541,0.0324,0.0588,0.0289,0.0976,0.2998,0.3387,0.3556,0.3658,0.3765,-0.4354421,0.6351089,0.3098995,0.7162162,-0.35561642,-0.39145106,0.004396766,0.8329897,-0.73590434,-0.5848815,0.8496749,-0.7162162,0.5692851,0.5540418,-13.380829,-6.729915,0.54594594,0,"{""geodesic"":false,""type"":""Point"",""coordinates"":[110.44509268163405,-7.2708218680392065]}"
1_1_1_1_1_138_0,0.0449,0.1743,0.0894,0.037,0.0682,0.0397,0.1177,0.285,0.3268,0.3508,0.345,0.2502,-0.28880027,0.59302324,0.28724614,0.67446303,-0.43752578,-0.32195675,0.010117389,0.80917996,-0.593821,-0.649787,0.7966709,-0.67446303,0.49754536,0.52403146,-16.356207,-9.0437,0.530187,0,"{""geodesic"":false,""type"":""Point"",""coordinates"":[110.45386561073654,-7.282410704429402]}"
1_1_1_1_1_194_0,0.0387,0.0804,0.0352,0.0348,0.059,0.0362,0.0791,0.2197,0.252,0.3021,0.2699,0.3073,-0.4857773,0.5282921,0.25806686,0.6732207,-0.15351504,-0.39100346,0.0042179413,0.7934105,-0.7912837,-0.3958333,0.78598875,-0.6732207,0.58499473,0.47578433,-13.916475,-7.331278,0.4790895,0,"{""geodesic"":false,""type"":""Point"",""coordinates"":[110.44608104177347,-7.277426251772574]}"
1_1_1_1_1_94_0,0.0361,0.1329,0.0532,0.033,0.0591,0.031,0.1027,0.3498,0.4083,0.4168,0.4405,0.4402,-0.46586278,0.71165055,0.36774123,0.7516285,-0.384375,-0.42826438,0.003956814,0.85326815,-0.773617,-0.60217,0.8615453,-0.7516285,0.6046198,0.61057186,-14.148719,-6.472933,0.6061276,0,"{""geodesic"":false,""type"":""Point"",""coordinates"":[110.44545680419826,-7.2693750422102426]}"
1_1_1_1_1_93_0,0.0365,0.1231,0.0505,0.0337,0.0586,0.0306,0.098,0.3135,0.3676,0.3603,0.3861,0.3987,-0.43874386,0.6383844,0.3133071,0.7202196,-0.3549807,-0.41820273,0.004288926,0.828934,-0.7541383,-0.57015306,0.8434382,-0.7202196,0.57233256,0.55511284,-14.633324,-5.9159737,0.54798657,0,"{""geodesic"":false,""type"":""Point"",""coordinates"":[110.44445901856346,-7.270459274240786]}"
1_1_1_1_1_134_0,0.0378,0.1451,0.0607,0.0329,0.0598,0.0288,0.0982,0.3345,0.4003,0.4244,0.4366,0.4255,-0.44898605,0.7323485,0.37498924,0.75299466,-0.41630062,-0.4101069,0.0041191326,0.85611194,-0.7497423,-0.63033706,0.8729038,-0.75299466,0.62418675,0.62253463,-15.391957,-9.134191,0.61344403,0,"{""geodesic"":false,""type"":""Point"",""coordinates"":[110.45268542686719,-7.284489732828141]}"
1_1_1_1_1_51_0,0.0352,0.1066,0.0501,0.0326,0.0593,0.03,0.0988,0.3,0.3425,0.3664,0.3608,0.2382,-0.48991784,0.645979,0.32282493,0.7214,-0.28511152,-0.3605616,0.004102074,0.8365915,-0.7594238,-0.5316092,0.84863776,-0.7214,0.57523644,0.56291837,-11.187715,-7.374044,0.5569522,0,"{""geodesic"":false,""type"":""Point"",""coordinates"":[110.44941547485936,-7.291631667567559]}"
1_1_1_1_1_143_0,0.0382,0.1462,0.0627,0.0346,0.0605,0.0328,0.1008,0.3182,0.3817,0.3908,0.4135,0.4044,-0.40767702,0.67389506,0.3379032,0.7318857,-0.41461056,-0.39971277,0.0052624363,0.83732957,-0.723484,-0.61725664,0.84513694,-0.7318857,0.5899105,0.58142054,-16.793457,-7.2230906,0.57737195,0,"{""geodesic"":false,""type"":""Point"",""coordinates"":[110.45267829167382,-7.290369266584759]}"
1_1_1_1_1_126_0,0.0335,0.1247,0.0498,0.032,0.054,0.0255,0.0938,0.3361,0.406,0.4093,0.4295,0.4267,-0.49213862,0.72562957,0.36621973,0.7668897,-0.39563513,-0.42922637,0.0031026143,0.8549739,-0.7830538,-0.5915763,0.8827047,-0.7668897,0.6271119,0.61585367,-9.835911,-5.061049,0.60124296,0,"{""geodesic"":false,""type"":""Point"",""coordinates"":[110.44997192641098,-7.281049172756454]}"
1_1_1_1_1_147_0,0.0444,0.178,0.0832,0.042,0.0726,0.0434,0.1185,0.3251,0.3749,0.363,0.3969,0.3603,-0.29310346,0.6106695,0.29574612,0.6666667,-0.42059058,-0.36294028,0.009947328,0.7925926,-0.62707305,-0.6181818,0.7864173,-0.6666667,0.5077882,0.5289056,-11.973702,-8.277414,0.53204423,0,"{""geodesic"":false,""type"":""Point"",""coordinates"":[110.45403364858173,-7.293265449118051]}"
1_1_1_1_1_64_0,0.0411,0.0909,0.0394,0.0381,0.0576,0.0317,0.0756,0.2167,0.2484,0.31,0.2512,0.2468,-0.47907373,0.5728931,0.26780856,0.6866159,-0.22424242,-0.39524174,0.0040289676,0.7810974,-0.7744705,-0.4093023,0.8144571,-0.6866159,0.6078838,0.49596056,-12.296228,-4.30348,0.48089847,0,"{""geodesic"":false,""type"":""Point"",""coordinates"":[110.43181937405645,-7.308615273546195]}"
1_1_1_1_1_89_0,0.0456,0.0664,0.0322,0.0416,0.0568,0.0332,0.073,0.17,0.2015,0.2713,0.2051,0.1015,-0.5170909,0.51381093,0.23221627,0.65376407,-0.07792207,-0.34685597,0.003940435,0.73410034,-0.7878089,-0.22962962,0.7819376,-0.65376407,0.5759512,0.4439403,-21.05139,-11.628578,0.42385286,0,"{""geodesic"":false,""type"":""Point"",""coordinates"":[110.42959698996634,-7.275053984809761]}"
1_1_1_1_1_205_0,0.0383,0.12,0.0574,0.0346,0.0593,0.0351,0.0957,0.2513,0.2943,0.3397,0.3307,0.3504,-0.41405368,0.58994424,0.289554,0.7027569,-0.33853874,-0.35287485,0.005930939,0.8151216,-0.71090406,-0.55239326,0.8127001,-0.7027569,0.56040424,0.5222908,-13.399649,-6.847364,0.52344733,0,"{""geodesic"":false,""type"":""Point"",""coordinates"":[110.45295401482898,-7.287113238342999]}"
1_1_1_1_1_91_0,0.0404,0.0764,0.0353,0.0358,0.0576,0.0303,0.0827,0.22,0.2496,0.2945,0.2613,0.0947,-0.5116705,0.54686207,0.2560301,0.6728202,-0.1402985,-0.36794984,0.003631885,0.7832274,-0.7859309,-0.36185384,0.81342363,-0.6728202,0.56150585,0.4804801,-26.40508,-17.990938,0.46736118,0,"{""geodesic"":false,""type"":""Point"",""coordinates"":[110.43675633292389,-7.272711128739804]}"
1_1_1_1_1_39_0,0.0353,0.1,0.0435,0.034,0.0521,0.0309,0.0886,0.2307,0.2706,0.27,0.3071,0.3537,-0.39802256,0.49795905,0.22685407,0.676498,-0.31492442,-0.39372826,0.004978333,0.7763158,-0.72248805,-0.4925373,0.79461616,-0.676498,0.5058561,0.44780874,-11.519003,-7.979296,0.44029853,0,"{""geodesic"":false,""type"":""Point"",""coordinates"":[110.44815306766,-7.286836043912414]}"
1_1_1_1_1_68_0,0.0456,0.1001,0.0434,0.0389,0.062,0.0371,0.0794,0.2196,0.2518,0.3174,0.2592,0.3442,-0.44397163,0.5613859,0.26913512,0.6731682,-0.23504013,-0.39512196,0.0050729048,0.7816447,-0.7594235,-0.4402878,0.79069114,-0.6731682,0.5997984,0.49204215,-10.840669,-6.5619345,0.48785475,0,"{""geodesic"":false,""type"":""Point"",""coordinates"":[110.42892036013173,-7.308611612574972]}"
1_1_1_1_1_23_0,0.0377,0.0762,0.0345,0.0352,0.0475,0.0292,0.0712,0.1773,0.1982,0.1708,0.2074,0.2815,-0.32305714,0.3271719,0.13327064,0.56481904,-0.23201294,-0.3766938,0.0058981264,0.6582524,-0.6639065,-0.3680431,0.708,-0.56481904,0.41157025,0.30342856,-15.357963,-9.980056,0.28810197,0,"{""geodesic"":false,""type"":""Point"",""coordinates"":[110.44355092414861,-7.272267249165359]}"
1_1_1_1_1_201_0,0.0346,0.1277,0.0503,0.0301,0.0536,0.0272,0.0993,0.3196,0.3756,0.3813,0.4169,0.4101,-0.45294014,0.6712796,0.33628935,0.75350654,-0.40871486,-0.43483147,0.0035881458,0.8536704,-0.76691383,-0.61850446,0.8668299,-0.75350654,0.58676654,0.58464503,-11.065899,-5.0709586,0.5780119,0,"{""geodesic"":false,""type"":""Point"",""coordinates"":[110.44915110510688,-7.285570897943196]}"
1_1_1_1_1_112_0,0.0355,0.1148,0.0489,0.0329,0.0584,0.0295,0.0931,0.296,0.3488,0.3611,0.3773,0.3608,-0.46386772,0.64196384,0.31648308,0.7215733,-0.32563508,-0.40256566,0.003994877,0.83299494,-0.7614634,-0.55450237,0.8489503,-0.7215733,0.59004843,0.5584999,-13.302425,-6.6298194,0.5506711,0,"{""geodesic"":false,""type"":""Point"",""coordinates"":[110.44654251394594,-7.270461822376026]}"
1_1_1_1_1_182_0,0.043,0.0952,0.0495,0.0368,0.0606,0.0317,0.0815,0.2102,0.2496,0.3272,0.267,0.2446,-0.4829904,0.59509426,0.2842465,0.68746775,-0.22207959,-0.31582585,0.004795691,0.7978022,-0.7371914,-0.44242424,0.8233491,-0.68746775,0.6011745,0.516067,-16.901106,-5.29376,0.50416666,0,"{""geodesic"":false,""type"":""Point"",""coordinates"":[110.41860712577937,-7.2973821515006385]}"
1_1_1_1_1_24_0,0.0385,0.1086,0.0465,0.0337,0.0548,0.0311,0.0921,0.2819,0.3105,0.2876,0.3367,0.4032,-0.39392626,0.5249908,0.24276543,0.67990655,-0.32925335,-0.40038684,0.0050283377,0.79022723,-0.7216402,-0.52635276,0.80483216,-0.67990655,0.5148802,0.46995237,-10.055412,-6.6127014,0.46371606,0,"{""geodesic"":false,""type"":""Point"",""coordinates"":[110.4426439377703,-7.273170678908626]}"
1_1_1_1_1_149_0,0.0384,0.1517,0.0629,0.0363,0.0658,0.0317,0.103,0.3594,0.4407,0.4483,0.4651,0.4576,-0.4508982,0.76230556,0.39533353,0.7440187,-0.39494252,-0.41379312,0.004447758,0.85018575,-0.7539124,-0.6138298,0.86791664,-0.7440187,0.62633777,0.63765305,-13.508971,-7.0519724,0.62766606,0,"{""geodesic"":false,""type"":""Point"",""coordinates"":[110.4454155468782,-7.302933572608727]}"
1_1_1_1_1_204_0,0.0393,0.1395,0.062,0.0378,0.0618,0.0414,0.1076,0.2868,0.3402,0.3224,0.3556,0.3531,-0.33136204,0.54571587,0.26361465,0.6782926,-0.3859911,-0.38461542,0.007961539,0.7901166,-0.67741936,-0.5736041,0.7724024,-0.6782926,0.49953488,0.4879602,-14.089563,-6.556029,0.49627995,0,"{""geodesic"":false,""type"":""Point"",""coordinates"":[110.45268081711036,-7.288288816353681]}"
1_1_1_1_1_200_0,0.0351,0.1248,0.0475,0.0324,0.0558,0.0284,0.0935,0.3257,0.3774,0.3895,0.4167,0.3856,-0.4672231,0.6855114,0.34401593,0.74938244,-0.3820598,-0.44863608,0.0034634147,0.8464091,-0.7826087,-0.58778626,0.86408234,-0.74938244,0.6128364,0.59009695,-15.6049795,-7.1691895,0.5810283,0,"{""geodesic"":false,""type"":""Point"",""coordinates"":[110.44960780580051,-7.282496001854462]}"
1_1_1_1_1_190_0,0.0387,0.1234,0.0456,0.0343,0.0578,0.0289,0.0967,0.32,0.3871,0.3802,0.4085,0.3548,-0.46259704,0.6774791,0.33455265,0.7360731,-0.36203092,-0.46035504,0.0034661756,0.8344994,-0.78581494,-0.56499684,0.8587143,-0.7360731,0.59446424,0.5796392,-13.295609,-7.4624076,0.5673592,0,"{""geodesic"":false,""type"":""Point"",""coordinates"":[110.44481592058472,-7.274891978981826]}"
1_1_1_1_1_81_0,0.0396,0.0992,0.0453,0.0356,0.0572,0.0309,0.0974,0.2677,0.2913,0.294,0.3097,0.2361,-0.43397868,0.542519,0.25099584,0.67425966,-0.26854223,-0.3730104,0.004761122,0.7839806,-0.73297966,-0.4718101,0.80978763,-0.67425966,0.5022994,0.47842163,-12.082851,-11.4656315,0.46721312,0,"{""geodesic"":false,""type"":""Point"",""coordinates"":[110.4159930936926,-7.287247940499001]}"
1_1_1_1_1_54_0,0.0372,0.1161,0.0481,0.0305,0.058,0.0284,0.095,0.3096,0.3473,0.356,0.3728,0.3158,-0.45574388,0.63114095,0.31205776,0.7198068,-0.33371627,-0.4141291,0.0038371908,0.84217334,-0.7619401,-0.58390176,0.8522372,-0.7198068,0.57871395,0.5556309,-13.49189,-8.6574335,0.5507614,0,"{""geodesic"":false,""type"":""Point"",""coordinates"":[110.44995648209951,-7.2937127781614945]}"
1_1_1_1_1_152_0,0.039,0.1286,0.052,0.0331,0.0596,0.0317,0.0939,0.3223,0.3586,0.3961,0.3855,0.3941,-0.45614928,0.68084157,0.34722733,0.7384244,-0.36663124,-0.42414173,0.0041615753,0.8457596,-0.76790893,-0.5905999,0.8517999,-0.7384244,0.6167347,0.5891356,-12.689711,-5.867952,0.585988,0,"{""geodesic"":false,""type"":""Point"",""coordinates"":[110.44994731281521,-7.301220483722934]}"
1_1_1_1_1_107_0,0.0399,0.1152,0.0505,0.0339,0.0578,0.0304,0.0923,0.2938,0.3393,0.3648,0.3664,0.2545,-0.46500093,0.6465834,0.3193717,0.7264553,-0.3317919,-0.39046466,0.0042083333,0.82994735,-0.7568023,-0.54527164,0.84615386,-0.7264553,0.5961496,0.56032175,-10.924723,-6.4130974,0.5522978,0,"{""geodesic"":false,""type"":""Point"",""coordinates"":[110.4470797261964,-7.275618382764936]}"
1_1_1_1_1_188_0,0.039,0.1095,0.0408,0.0345,0.0568,0.033,0.0926,0.2712,0.3047,0.2953,0.3282,0.328,-0.39657,0.5311652,0.24874264,0.6773644,-0.31689715,-0.45708582,0.004559431,0.7907823,-0.7572151,-0.5208333,0.7989644,-0.6773644,0.5225574,0.47500905,-15.056668,-5.7273226,0.4714389,0,"{""geodesic"":false,""type"":""Point"",""coordinates"":[110.44363928393939,-7.274076446040494]}"
1_1_1_1_1_178_0,0.0411,0.1271,0.0513,0.0364,0.0604,0.0333,0.101,0.3213,0.375,0.3792,0.4048,0.3974,-0.44305554,0.6621363,0.3292767,0.7252047,-0.35573334,-0.4248879,0.0045049842,0.82483155,-0.7616725,-0.5547401,0.83854544,-0.7252047,0.57934195,0.56860274,-10.445964,-6.630517,0.56159896,0,"{""geodesic"":false,""type"":""Point"",""coordinates"":[110.41743341059527,-7.294305205798921]}"
1_1_1_1_1_166_0,0.0372,0.0857,0.0414,0.0352,0.058,0.0316,0.0919,0.2555,0.2842,0.3253,0.2914,0.1011,-0.5089996,0.5869774,0.2841124,0.697365,-0.1927627,-0.34854445,0.0040216413,0.8047157,-0.77420235,-0.41770056,0.8229196,-0.697365,0.5594439,0.5141207,-13.097377,-8.106289,0.5056944,0,"{""geodesic"":false,""type"":""Point"",""coordinates"":[110.44333626442814,-7.299403295422675]}"
1_1_1_1_1_90_0,0.0455,0.0657,0.0335,0.0374,0.0567,0.0332,0.0803,0.165,0.1928,0.249,0.1929,0.0969,-0.48663378,0.46201935,0.21004033,0.6290481,-0.07352944,-0.32459676,0.004466667,0.7388268,-0.76283187,-0.2744908,0.7647059,-0.6290481,0.5122988,0.41383278,-22.562435,-16.085365,0.4036114,0,"{""geodesic"":false,""type"":""Point"",""coordinates"":[110.42878147443238,-7.275233865825987]}"
1_1_1_1_1_101_0,0.0391,0.1055,0.0407,0.0346,0.05,0.0301,0.0781,0.2557,0.2797,0.2177,0.3268,0.3192,-0.30085075,0.41183704,0.17423758,0.6264475,-0.35691318,-0.44322845,0.005627331,0.7257233,-0.6849845,-0.5060671,0.75706214,-0.6264475,0.47194052,0.37630382,-14.865864,-5.003713,0.36508042,0,"{""geodesic"":false,""type"":""Point"",""coordinates"":[110.44219033155859,-7.273712847242409]}"
1_1_1_1_1_174_0,0.0405,0.1631,0.0712,0.0354,0.0618,0.0339,0.1009,0.3504,0.4138,0.4332,0.4466,0.4324,-0.40805286,0.7280651,0.37640312,0.75030303,-0.45042244,-0.3922322,0.005571745,0.84891164,-0.7176844,-0.643325,0.85484904,-0.75030303,0.6221681,0.6193258,-18.577364,-10.188159,0.6160438,0,"{""geodesic"":false,""type"":""Point"",""coordinates"":[110.44559561903966,-7.3038383371026]}"
1_1_1_1_1_128_0,0.0344,0.1265,0.0484,0.0279,0.0562,0.0274,0.0941,0.3519,0.4227,0.4316,0.4559,0.4509,-0.49820673,0.72868216,0.38663745,0.7695777,-0.38478377,-0.44654086,0.0030726597,0.87856364,-0.79833335,-0.638601,0.88061005,-0.7695777,0.64200115,0.63222104,-14.566522,-6.379992,0.63110995,0,"{""geodesic"":false,""type"":""Point"",""coordinates"":[110.45105437263496,-7.284849575166509]}"
1_1_1_1_1_159_0,0.0402,0.1256,0.0488,0.0356,0.0602,0.0302,0.0958,0.3351,0.3932,0.4077,0.4224,0.4156,-0.4798865,0.7139345,0.36059317,0.7426801,-0.3519914,-0.44036695,0.0036148147,0.8393864,-0.78619933,-0.55831265,0.86206895,-0.7426801,0.61946374,0.6037424,-14.565095,-5.190827,0.59169936,0,"{""geodesic"":false,""type"":""Point"",""coordinates"":[110.43643888700187,-7.309254247919561]}"
1_1_1_1_1_156_0,0.0398,0.1241,0.0565,0.0328,0.0516,0.0324,0.0953,0.2991,0.3593,0.3773,0.379,0.2981,-0.44758207,0.65041107,0.32864887,0.75938445,-0.41263515,-0.37430787,0.0048518423,0.840039,-0.7395113,-0.5818993,0.8418355,-0.75938445,0.5966991,0.56870395,-12.642896,-4.778,0.56779474,0,"{""geodesic"":false,""type"":""Point"",""coordinates"":[110.44369237383073,-7.304469175443396]}"
1_1_1_1_1_127_0,0.033,0.135,0.052,0.0302,0.058,0.0277,0.0958,0.356,0.4347,0.4551,0.4642,0.4623,-0.49783948,0.76605964,0.40838423,0.7739232,-0.39896375,-0.44385028,0.0031650187,0.8755409,-0.7949122,-0.63438255,0.8852527,-0.7739232,0.65220547,0.6523199,-13.865054,-5.02264,0.6468588,0,"{""geodesic"":false,""type"":""Point"",""coordinates"":[110.4512391820835,-7.281864801047233]}"
1_1_1_1_1_72_0,0.0444,0.1187,0.046,0.0373,0.0607,0.0316,0.0975,0.2978,0.3474,0.3265,0.3637,0.3506,-0.41528887,0.59631175,0.2794641,0.68646693,-0.32329988,-0.4414086,0.004452067,0.79494226,-0.7530201,-0.52179486,0.823513,-0.68646693,0.5400943,0.51549935,-12.583113,-5.615356,0.5021996,0,"{""geodesic"":false,""type"":""Point"",""coordinates"":[110.42032557449458,-7.299555254997031]}"
1_1_1_1_1_100_0,0.0367,0.1151,0.0496,0.0333,0.0566,0.0297,0.0973,0.2753,0.3273,0.3347,0.3437,0.2855,-0.4352574,0.6036496,0.28986534,0.7107079,-0.34071052,-0.39769274,0.004401315,0.8190217,-0.7418683,-0.5512129,0.8369923,-0.7107079,0.549537,0.52926886,-10.582608,-5.37331,0.5208525,0,"{""geodesic"":false,""type"":""Point"",""coordinates"":[110.44608658709929,-7.272903536091773]}"
1_1_1_1_1_131_0,0.0346,0.1318,0.0493,0.0302,0.0579,0.0287,0.0978,0.3459,0.4127,0.4148,0.4471,0.4415,-0.46985963,0.7094818,0.36782855,0.7550243,-0.38956246,-0.45554942,0.0034110656,0.8642697,-0.7875458,-0.6271605,0.87057495,-0.7550243,0.6184159,0.61383146,-13.638906,-5.610138,0.6104762,0,"{""geodesic"":false,""type"":""Point"",""coordinates"":[110.45132372137886,-7.286839900495208]}"
1_1_1_1_1_65_0,0.0412,0.121,0.0506,0.036,0.0606,0.0344,0.1015,0.3173,0.3662,0.3528,0.3787,0.2545,-0.42888644,0.6174372,0.30305272,0.7068215,-0.3325991,-0.41025642,0.004933787,0.8148148,-0.7491324,-0.54140127,0.822314,-0.7068215,0.5531587,0.5383228,-12.511164,-5.5373936,0.5346535,0,"{""geodesic"":false,""type"":""Point"",""coordinates"":[110.4310042551469,-7.308433337889713]}"
1_1_1_1_1_173_0,0.0376,0.1282,0.0512,0.0334,0.0575,0.0272,0.0949,0.3486,0.4111,0.4194,0.4411,0.4444,-0.4889839,0.73605585,0.37430075,0.7588593,-0.38072157,-0.42920846,0.003320553,0.8524735,-0.78240544,-0.5866337,0.87819076,-0.7588593,0.6309547,0.62148744,-14.440456,-5.4707766,0.60768265,0,"{""geodesic"":false,""type"":""Point"",""coordinates"":[110.44650433488991,-7.30157809369145]}"
1_1_1_1_1_41_0,0.034,0.1324,0.0541,0.0324,0.0552,0.0272,0.0966,0.3601,0.4297,0.4319,0.4599,0.444,-0.48837954,0.74828047,0.3860564,0.7733525,-0.4115139,-0.41983917,0.003407085,0.86043507,-0.7773663,-0.60679615,0.8815073,-0.7733525,0.6344371,0.63293713,-13.503746,-7.5944767,0.6214352,0,"{""geodesic"":false,""type"":""Point"",""coordinates"":[110.44906206170684,-7.284304427163518]}"
1_1_1_1_1_202_0,0.0357,0.1293,0.0518,0.033,0.0574,0.0296,0.0937,0.3415,0.4028,0.4085,0.4277,0.4382,-0.4706862,0.7076423,0.3612311,0.7535952,-0.3851098,-0.42794034,0.0037534398,0.85050964,-0.7749294,-0.59334564,0.864871,-0.7535952,0.6268419,0.60585225,-13.54448,-3.6296217,0.59824747,0,"{""geodesic"":false,""type"":""Point"",""coordinates"":[110.4516872914209,-7.2858453419310285]}"
1_1_1_1_1_75_0,0.0445,0.1175,0.0504,0.0395,0.0614,0.0366,0.1001,0.2944,0.3287,0.3473,0.3518,0.3143,-0.4302089,0.6113013,0.29636285,0.69953513,-0.31358302,-0.39964265,0.0053113736,0.7957601,-0.74654263,-0.49681526,0.80932534,-0.69953513,0.5525257,0.5272655,-11.093975,-6.270455,0.52063596,0,"{""geodesic"":false,""type"":""Point"",""coordinates"":[110.43148816446235,-7.283920874396132]}"
1_1_1_1_1_199_0,0.0409,0.0867,0.0398,0.0378,0.0496,0.031,0.0768,0.1949,0.2266,0.2182,0.2478,0.2663,-0.37008294,0.41759613,0.17732881,0.6295743,-0.27219367,-0.370751,0.0056544454,0.7046875,-0.6914729,-0.3927711,0.75120384,-0.6295743,0.47932202,0.3747998,-9.788013,-10.623775,0.3579365,0,"{""geodesic"":false,""type"":""Point"",""coordinates"":[110.44925240039407,-7.2767969374261465]}"
1_1_1_1_1_140_0,0.0367,0.1119,0.0482,0.033,0.055,0.03,0.0896,0.2707,0.3124,0.3352,0.3351,0.3185,-0.4436385,0.60187745,0.29068565,0.7180933,-0.3409227,-0.39787632,0.0043138424,0.8207496,-0.7485655,-0.54451346,0.8357065,-0.7180933,0.57815444,0.5291262,-21.187304,-21.673573,0.52211475,0,"{""geodesic"":false,""type"":""Point"",""coordinates"":[110.44934100322877,-7.278425225919402]}"
1_1_1_1_1_67_0,0.045,0.1388,0.0618,0.04,0.0632,0.035,0.1022,0.2992,0.3505,0.3468,0.3657,0.2761,-0.37995008,0.62022597,0.29340452,0.6917073,-0.37425745,-0.38384846,0.006237024,0.79317474,-0.6975037,-0.5525727,0.81665796,-0.6917073,0.5447661,0.53039235,-12.290523,-9.04558,0.5189445,0,"{""geodesic"":false,""type"":""Point"",""coordinates"":[110.42738048995705,-7.308428752330185]}"
1_1_1_1_1_103_0,0.0394,0.0849,0.0375,0.0349,0.0564,0.0327,0.0857,0.2189,0.2491,0.2369,0.2615,0.1763,-0.39599386,0.43582192,0.19494909,0.61541086,-0.2016985,-0.3872549,0.0051762345,0.7431935,-0.7266764,-0.41736227,0.7574184,-0.61541086,0.4686919,0.39799896,-16.431639,-7.742368,0.39258876,0,"{""geodesic"":false,""type"":""Point"",""coordinates"":[110.4422784623721,-7.275702952382289]}"
1_1_1_1_1_38_0,0.0349,0.1007,0.0428,0.0296,0.053,0.028,0.0869,0.275,0.3331,0.3234,0.3485,0.3615,-0.4656425,0.5817709,0.28251606,0.7183847,-0.31034482,-0.40348428,0.003705628,0.83229464,-0.7662479,-0.54566383,0.84063745,-0.7183847,0.5764075,0.52043694,-13.818668,-9.011778,0.5166471,0,"{""geodesic"":false,""type"":""Point"",""coordinates"":[110.44815417430326,-7.285931500906042]}"
1_1_1_1_1_106_0,0.0383,0.0923,0.0417,0.035,0.0574,0.0307,0.0833,0.2066,0.2566,0.2723,0.2536,0.2462,-0.42830583,0.50586265,0.23068322,0.6518047,-0.23313293,-0.3776119,0.0047013955,0.7722096,-0.7343949,-0.45011783,0.79735976,-0.6518047,0.53149605,0.4513076,-12.039308,-7.9134293,0.44091415,0,"{""geodesic"":false,""type"":""Point"",""coordinates"":[110.44807475542638,-7.2767955041497965]}"
1_1_1_1_1_31_0,0.0333,0.1279,0.0473,0.0302,0.0537,0.0269,0.0928,0.3501,0.42,0.424,0.4507,0.4356,-0.4916256,0.7305541,0.37920073,0.7751727,-0.40859032,-0.46004567,0.0030008727,0.86701894,-0.7992786,-0.6179633,0.88068306,-0.7751727,0.6408669,0.62640655,-11.504556,-5.5005507,0.6190526,0,"{""geodesic"":false,""type"":""Point"",""coordinates"":[110.45024270173074,-7.281863592007708]}"
1_1_1_1_1_3_0,0.036,0.1374,0.0544,0.0336,0.0602,0.03,0.1026,0.3621,0.4349,0.4393,0.4664,0.4609,-0.4771201,0.74837273,0.3902665,0.75895894,-0.39068827,-0.43274245,0.003715001,0.85789806,-0.77962327,-0.6070176,0.87215,-0.75895894,0.62133235,0.63339525,-12.523003,-6.3395452,0.6255011,0,"{""geodesic"":false,""type"":""Point"",""coordinates"":[110.44681659840265,-7.268562612741288]}"
1_1_1_1_1_5_0,0.0425,0.1335,0.0543,0.0313,0.0596,0.0285,0.0993,0.3371,0.3942,0.4061,0.4271,0.3947,-0.45945948,0.7032443,0.35899186,0.7440412,-0.38270324,-0.42172524,0.0038107608,0.85688156,-0.76411813,-0.6201456,0.8688449,-0.7440412,0.6070439,0.6060347,-14.218047,-10.073604,0.59974396,0,"{""geodesic"":false,""type"":""Point"",""coordinates"":[110.44464219202679,-7.2688313185565905]}"
1_1_1_1_1_110_0,0.0363,0.1173,0.0489,0.033,0.0594,0.0297,0.0961,0.3153,0.3605,0.4084,0.3943,0.3161,-0.5003399,0.7070047,0.36317548,0.7460453,-0.327674,-0.41155234,0.003556146,0.8504758,-0.78613603,-0.5608782,0.8644145,-0.7460453,0.61902875,0.60553247,-11.893236,-8.03464,0.5981517,0,"{""geodesic"":false,""type"":""Point"",""coordinates"":[110.4478122755945,-7.269197007668766]}"
1_1_1_1_1_158_0,0.0409,0.1276,0.0496,0.0371,0.0609,0.0318,0.0977,0.3291,0.388,0.3963,0.4187,0.4143,-0.46221322,0.6962218,0.34752226,0.7335958,-0.35384616,-0.44018057,0.0039800154,0.82879555,-0.7775286,-0.5494839,0.85143656,-0.7335958,0.60445344,0.58910674,-11.896255,-4.92569,0.57724446,0,"{""geodesic"":false,""type"":""Point"",""coordinates"":[110.43154656226602,-7.309429016691394]}"
1_1_1_1_1_82_0,0.0422,0.096,0.0429,0.0346,0.058,0.03,0.0892,0.2587,0.3079,0.2954,0.2967,0.2351,-0.4473684,0.5456863,0.25370345,0.67176,-0.24675326,-0.3822894,0.0043568043,0.79030305,-0.74637896,-0.4701378,0.81561154,-0.67176,0.53614146,0.4823116,-37.651405,-16.102818,0.47132528,0,"{""geodesic"":false,""type"":""Point"",""coordinates"":[110.4157220277931,-7.286704866838167]}"
1_1_1_1_1_104_0,0.0389,0.1142,0.048,0.0358,0.0586,0.0328,0.0993,0.2786,0.3245,0.3214,0.3359,0.2279,-0.41689804,0.5773385,0.27417424,0.6915789,-0.32175925,-0.4081381,0.004898569,0.7995521,-0.7401191,-0.5226667,0.8147939,-0.6915789,0.5279296,0.50679,-11.780852,-5.1293945,0.49976668,0,"{""geodesic"":false,""type"":""Point"",""coordinates"":[110.44526730371402,-7.276158893913117]}"
1_1_1_1_1_168_0,0.0398,0.0596,0.0281,0.0352,0.0562,0.0268,0.0717,0.1736,0.21,0.331,0.2232,0.0705,-0.6182059,0.61940056,0.29838717,0.7097107,-0.02936095,-0.359179,0.002275166,0.80775535,-0.84349763,-0.25738397,0.85019565,-0.7097107,0.6439037,0.5319422,-13.175792,-6.690384,0.51223737,0,"{""geodesic"":false,""type"":""Point"",""coordinates"":[110.44043381854891,-7.302203790810255]}"
1_1_1_1_1_0_0,0.0355,0.123,0.052,0.033,0.0568,0.029,0.0937,0.3056,0.3665,0.3642,0.3893,0.4393,-0.44646758,0.6492601,0.31854126,0.73016626,-0.3681869,-0.4057143,0.004140582,0.83383685,-0.7501201,-0.5769231,0.8524924,-0.73016626,0.5907403,0.56291986,-14.009646,-9.671989,0.5537227,0,"{""geodesic"":false,""type"":""Point"",""coordinates"":[110.44699677554198,-7.269376922869633]}"
1_1_1_1_1_193_0,0.0381,0.0956,0.0422,0.035,0.0606,0.0311,0.092,0.2588,0.2892,0.346,0.3194,0.2666,-0.5008863,0.61983305,0.30346927,0.7019183,-0.2240717,-0.38751817,0.0037931213,0.816273,-0.7825863,-0.46401227,0.835057,-0.7019183,0.57990867,0.5385361,-10.950901,-4.3336725,0.5295119,0,"{""geodesic"":false,""type"":""Point"",""coordinates"":[110.44662423826034,-7.277698279051508]}"
1_1_1_1_1_33_0,0.034,0.122,0.0488,0.0316,0.0564,0.0288,0.0984,0.3178,0.3713,0.3708,0.4003,0.3846,-0.45480838,0.6543701,0.32548302,0.73595506,-0.367713,-0.42857143,0.0037902913,0.84294236,-0.7673975,-0.5885417,0.8558559,-0.73595506,0.58056265,0.57025343,-14.762748,-7.1057596,0.5638298,0,"{""geodesic"":false,""type"":""Point"",""coordinates"":[110.44815771461366,-7.283036963042076]}"
1_1_1_1_1_87_0,0.0432,0.0857,0.0399,0.0378,0.0606,0.0312,0.0936,0.2465,0.2661,0.3438,0.2827,0.1159,-0.530993,0.6264529,0.3029415,0.70029676,-0.17156525,-0.36464965,0.0036209424,0.8018868,-0.792025,-0.38785425,0.8336,-0.70029676,0.5720165,0.53588575,-11.5256405,-8.300421,0.5206443,0,"{""geodesic"":false,""type"":""Point"",""coordinates"":[110.4240683916677,-7.2772178899856845]}"
1_1_1_1_1_139_0,0.0445,0.1697,0.0848,0.0367,0.0651,0.0372,0.1093,0.2825,0.3266,0.3252,0.3491,0.2509,-0.27250353,0.5655264,0.26451826,0.66641045,-0.4454855,-0.33359528,0.009700369,0.79718155,-0.58634144,-0.64437985,0.794702,-0.66641045,0.49689296,0.5009276,-9.659857,-8.550268,0.5020884,0,"{""geodesic"":false,""type"":""Point"",""coordinates"":[110.45368695019123,-7.280330034489882]}"
1_1_1_1_1_206_0,0.0401,0.1703,0.0837,0.0392,0.0684,0.0436,0.1037,0.2513,0.262,0.3076,0.3048,0.3328,-0.23702513,0.51756585,0.24154615,0.6361702,-0.42689568,-0.3409449,0.01186385,0.7739331,-0.57219523,-0.62577564,0.75170845,-0.6361702,0.49574518,0.46522555,-12.549095,-3.4970992,0.47543693,0,"{""geodesic"":false,""type"":""Point"",""coordinates"":[110.45285782652024,-7.291726301158834]}"
1_1_1_1_1_108_0,0.0382,0.1202,0.0465,0.0315,0.0579,0.0297,0.0916,0.2996,0.3464,0.3643,0.3795,0.3778,-0.45061392,0.64038277,0.31856155,0.72572243,-0.34980348,-0.44211158,0.003790969,0.8408287,-0.77361244,-0.58470666,0.8492386,-0.72572243,0.5981575,0.5614094,-11.790751,-7.3446746,0.55726725,0,"{""geodesic"":false,""type"":""Point"",""coordinates"":[110.44743953233433,-7.277699274379034]}"
1_1_1_1_1_187_0,0.0408,0.1155,0.0449,0.0357,0.0576,0.0306,0.0971,0.2941,0.332,0.3319,0.3546,0.3343,-0.4311855,0.60368663,0.286254,0.7042362,-0.33448875,-0.44014964,0.0041396203,0.8057671,-0.76167727,-0.5277778,0.8311724,-0.7042362,0.54731935,0.524,-16.549376,-9.067432,0.51210237,0,"{""geodesic"":false,""type"":""Point"",""coordinates"":[110.43720622635946,-7.2751539542534385]}"
1_1_1_1_1_57_0,0.0376,0.1577,0.0732,0.0364,0.0601,0.0328,0.1106,0.2985,0.3576,0.392,0.379,0.2895,-0.38439164,0.68247455,0.33706516,0.7341296,-0.44811755,-0.3659593,0.0061248983,0.83006537,-0.68529665,-0.62493557,0.8455744,-0.7341296,0.55988854,0.58261245,-12.32041,-9.397709,0.5745368,0,"{""geodesic"":false,""type"":""Point"",""coordinates"":[110.45076838711067,-7.296517853133598]}"
1_1_1_1_1_207_0,0.0375,0.0826,0.0375,0.0346,0.0556,0.0337,0.075,0.1763,0.1906,0.2729,0.2375,0.3646,-0.4511562,0.4919381,0.2305339,0.66149163,-0.19536902,-0.37552038,0.0046308176,0.7749593,-0.75837624,-0.4095563,0.7801696,-0.66149163,0.5688416,0.44483012,-11.1219015,-10.278984,0.4426625,0,"{""geodesic"":false,""type"":""Point"",""coordinates"":[110.45204349599005,-7.290911224632657]}"
1_1_1_1_1_49_0,0.0366,0.1289,0.0504,0.0318,0.0566,0.0294,0.1006,0.3171,0.3698,0.3547,0.3987,0.3845,-0.4188693,0.6291583,0.30766657,0.7247751,-0.38975742,-0.43781373,0.0041775024,0.8354463,-0.75117254,-0.6042315,0.8469149,-0.7247751,0.55809355,0.5519172,-13.886067,-6.159656,0.5463621,0,"{""geodesic"":false,""type"":""Point"",""coordinates"":[110.44905675847039,-7.288646234241454]}"
1_1_1_1_1_74_0,0.0446,0.1103,0.0464,0.0396,0.0621,0.0348,0.0991,0.3007,0.341,0.3201,0.3539,0.2645,-0.42511886,0.5789837,0.27191985,0.67503923,-0.27958235,-0.40778556,0.0050444235,0.7798165,-0.746794,-0.47164777,0.80388844,-0.67503923,0.5271947,0.5005849,-12.301189,-7.485095,0.48941493,0,"{""geodesic"":false,""type"":""Point"",""coordinates"":[110.43103453392126,-7.284463029443361]}"
1_1_1_1_1_86_0,0.0465,0.1069,0.054,0.0371,0.0571,0.0326,0.0919,0.2823,0.3176,0.3476,0.3165,0.149,-0.4677604,0.62255424,0.30183253,0.7178157,-0.30365852,-0.3287756,0.005064442,0.80712247,-0.7310757,-0.48472223,0.8285113,-0.7178157,0.5817975,0.5368098,-14.223973,-8.557628,0.5264497,0,"{""geodesic"":false,""type"":""Point"",""coordinates"":[110.4238859468148,-7.278212653107518]}"
1_1_1_1_1_203_0,0.0363,0.1352,0.0627,0.0344,0.0596,0.036,0.1015,0.2841,0.3378,0.3332,0.3605,0.3741,-0.36451375,0.57543373,0.27961972,0.6965377,-0.38809034,-0.3663466,0.0067743096,0.81284004,-0.68325335,-0.5943396,0.80498374,-0.6965377,0.53301126,0.51288545,-14.693636,-4.4084206,0.5165975,0,"{""geodesic"":false,""type"":""Point"",""coordinates"":[110.45041583600252,-7.288466978824243]}"
1_1_1_1_1_47_0,0.0353,0.1436,0.0581,0.0316,0.0578,0.03,0.1076,0.3534,0.4131,0.41,0.4469,0.4386,-0.43563068,0.7021434,0.35986775,0.7528859,-0.42601788,-0.42389688,0.0042512193,0.85688406,-0.75176245,-0.6392694,0.8636364,-0.7528859,0.58423495,0.60638297,-11.444282,-7.6296306,0.60280377,0,"{""geodesic"":false,""type"":""Point"",""coordinates"":[110.4507791892609,-7.287653329980392]}"
1_1_1_1_1_22_0,0.0386,0.1168,0.0471,0.034,0.0582,0.0309,0.0977,0.2833,0.3332,0.3436,0.353,0.3486,-0.43765467,0.61361855,0.29747677,0.7103036,-0.33485714,-0.42525932,0.00423571,0.81991524,-0.7588943,-0.5490716,0.83497995,-0.7103036,0.5572173,0.53636366,-13.62763,-6.89979,0.52917045,0,"{""geodesic"":false,""type"":""Point"",""coordinates"":[110.44418592368743,-7.2715443927815056]}"
1_1_1_1_1_70_0,0.0431,0.1166,0.0496,0.0384,0.0622,0.0335,0.0991,0.2843,0.3327,0.3499,0.3482,0.2952,-0.442422,0.6263362,0.301673,0.69813156,-0.30425057,-0.40312874,0.0047487854,0.8022148,-0.7516896,-0.5045161,0.82524776,-0.69813156,0.5585746,0.5372425,-12.431308,-6.084394,0.52600473,0,"{""geodesic"":false,""type"":""Point"",""coordinates"":[110.42168317956414,-7.300551989283239]}"
1_1_1_1_1_8_0,0.038,0.1159,0.0475,0.0356,0.0639,0.0312,0.0979,0.2941,0.3474,0.3984,0.3684,0.3401,-0.4937188,0.6961929,0.35218942,0.72355616,-0.28921023,-0.41860467,0.0037198793,0.8359447,-0.7869477,-0.530033,0.8547486,-0.72355616,0.60548055,0.5925129,-15.39228,-6.3645997,0.58265525,0,"{""geodesic"":false,""type"":""Point"",""coordinates"":[110.44291670307281,-7.272356924559391]}"
1_1_1_1_1_170_0,0.0383,0.1213,0.0515,0.0349,0.0586,0.0313,0.0963,0.3106,0.3554,0.3704,0.3849,0.349,-0.45294857,0.65390104,0.32315016,0.7268065,-0.34852695,-0.40393516,0.0043519167,0.8277819,-0.75586635,-0.553137,0.8441623,-0.7268065,0.5873152,0.56410116,-11.200087,-4.873632,0.55589306,0,"{""geodesic"":false,""type"":""Point"",""coordinates"":[110.44569066849856,-7.300220280354735]}"
1_1_1_1_1_55_0,0.0399,0.1538,0.0735,0.0367,0.0607,0.0357,0.1024,0.2978,0.3408,0.3612,0.3629,0.3229,-0.3547838,0.6258893,0.30457026,0.7122541,-0.43403262,-0.3532776,0.007264535,0.81553155,-0.66183573,-0.6146982,0.8201058,-0.7122541,0.5582399,0.54437506,-11.571166,-5.300717,0.5420982,0,"{""geodesic"":false,""type"":""Point"",""coordinates"":[110.44941193840535,-7.2945262049494]}"
1_1_1_1_1_32_0,0.0351,0.1306,0.0496,0.0306,0.0556,0.0293,0.0971,0.3408,0.3983,0.4175,0.429,0.4143,-0.47401312,0.7116146,0.37024754,0.76495457,-0.40279272,-0.44950056,0.0034809103,0.86342335,-0.7876258,-0.6203474,0.8688451,-0.76495457,0.6226195,0.615019,-11.998742,-2.981977,0.61211896,0,"{""geodesic"":false,""type"":""Point"",""coordinates"":[110.44897301854061,-7.283037956333419]}"
1_1_1_1_1_198_0,0.0418,0.116,0.0531,0.0344,0.0574,0.0334,0.0949,0.2838,0.3301,0.3271,0.3522,0.2165,-0.41514975,0.5783773,0.2790616,0.70143044,-0.33794692,-0.37196922,0.0054220115,0.8096819,-0.7206733,-0.5425532,0.8147018,-0.70143044,0.550237,0.5119698,-11.587884,-7.4187546,0.5096344,0,"{""geodesic"":false,""type"":""Point"",""coordinates"":[110.44943401759616,-7.27643534022193]}"
1_1_1_1_1_136_0,0.0337,0.1326,0.0494,0.0294,0.0566,0.028,0.0968,0.3582,0.4306,0.4445,0.4631,0.4529,-0.49377462,0.7480244,0.39796272,0.77409697,-0.40169132,-0.45714283,0.0031118111,0.8759232,-0.7999595,-0.63703704,0.88148147,-0.77409697,0.6423425,0.6424165,-14.4732275,-7.3971815,0.6393367,0,"{""geodesic"":false,""type"":""Point"",""coordinates"":[110.44906294526409,-7.283580792569336]}"
1_1_1_1_1_129_0,0.0373,0.1301,0.0525,0.0321,0.06,0.0304,0.0957,0.3431,0.4085,0.4216,0.4445,0.4286,-0.47736895,0.7174033,0.37353113,0.7508306,-0.36875328,-0.42497262,0.0037855785,0.8584968,-0.77852774,-0.6041924,0.86548674,-0.7508306,0.63000196,0.6163866,-11.51998,-5.092909,0.61261404,0,"{""geodesic"":false,""type"":""Point"",""coordinates"":[110.45223127040896,-7.28548418283963]}"
1_1_1_1_1_40_0,0.036,0.1289,0.0503,0.0316,0.058,0.0278,0.096,0.341,0.405,0.4133,0.4347,0.4184,-0.47905585,0.7175564,0.367583,0.7538723,-0.37934726,-0.4386161,0.0033833534,0.8579456,-0.7830026,-0.60623056,0.8739515,-0.7538723,0.623012,0.61444056,-13.52146,-6.3030863,0.6059371,0,"{""geodesic"":false,""type"":""Point"",""coordinates"":[110.45060252544715,-7.283944482006611]}"
1_1_1_1_1_179_0,0.0418,0.1186,0.0481,0.0357,0.0597,0.0303,0.0968,0.2943,0.3357,0.3444,0.3584,0.3391,-0.43705103,0.6239819,0.29845142,0.70452857,-0.3303421,-0.42291543,0.0042317947,0.8121547,-0.75490445,-0.53726506,0.8382706,-0.70452857,0.56119674,0.5386418,-16.842205,-8.008105,0.52613336,0,"{""geodesic"":false,""type"":""Point"",""coordinates"":[110.41861401245176,-7.292045377116295]}"
1_1_1_1_1_123_0,0.0399,0.1413,0.0584,0.0332,0.0632,0.0343,0.1059,0.3293,0.3855,0.4061,0.4174,0.3905,-0.42885023,0.68200165,0.3528374,0.7306627,-0.38190708,-0.41512266,0.004932578,0.8488504,-0.74854684,-0.61948425,0.8442325,-0.7306627,0.58632815,0.59304553,-13.369787,-7.878318,0.59549665,0,"{""geodesic"":false,""type"":""Point"",""coordinates"":[110.45042894491645,-7.277702911359489]}"
1_1_1_1_1_122_0,0.038,0.0913,0.0413,0.0361,0.0536,0.0285,0.076,0.2049,0.2524,0.2481,0.2423,0.2595,-0.40693069,0.47807723,0.20847055,0.64468014,-0.26017946,-0.37707394,0.0047442564,0.74595356,-0.7145819,-0.433281,0.79392624,-0.64468014,0.53100896,0.42415658,-14.313824,-3.6785374,0.4055088,0,"{""geodesic"":false,""type"":""Point"",""coordinates"":[110.45015618884803,-7.278516670818116]}"
1_1_1_1_1_164_0,0.037,0.0684,0.0323,0.0366,0.0568,0.0296,0.0758,0.1807,0.2231,0.3113,0.2531,0.0919,-0.5604396,0.579916,0.27482384,0.6913882,-0.09265178,-0.3584906,0.0030712495,0.7895947,-0.8119907,-0.30285716,0.82634205,-0.6913882,0.60836995,0.5024973,-17.814598,-10.512564,0.48596534,0,"{""geodesic"":false,""type"":""Point"",""coordinates"":[110.44215306854007,-7.303834095520239]}"
1_1_1_1_1_79_0,0.0396,0.0882,0.0398,0.0367,0.0567,0.0305,0.0845,0.222,0.2484,0.2924,0.2619,0.1891,-0.4698526,0.5455568,0.25167438,0.6751647,-0.21739133,-0.378125,0.004151505,0.77696747,-0.76038533,-0.41232988,0.811087,-0.6751647,0.5516052,0.47739702,-16.935444,-9.652343,0.46261007,0,"{""geodesic"":false,""type"":""Point"",""coordinates"":[110.4162626380149,-7.288966913312679]}"
1_1_1_1_1_46_0,0.035,0.1284,0.0508,0.0318,0.0594,0.0299,0.1011,0.3149,0.3736,0.3872,0.4017,0.4014,-0.45158496,0.6725774,0.33984378,0.73399013,-0.36741215,-0.4330357,0.0039228303,0.84821004,-0.76803654,-0.60299623,0.85662913,-0.73399013,0.5859103,0.5843965,-16.39726,-3.919159,0.58008707,0,"{""geodesic"":false,""type"":""Point"",""coordinates"":[110.44951004205811,-7.28837542283498]}"
1_1_1_1_1_118_0,0.0411,0.1381,0.0629,0.0357,0.0575,0.0386,0.0979,0.2495,0.3013,0.3094,0.3246,0.2163,-0.32272902,0.53171015,0.25316656,0.6865631,-0.41206542,-0.37412935,0.007847253,0.79310346,-0.66210043,-0.589183,0.7781609,-0.6865631,0.5192733,0.47900942,-11.323755,-11.372089,0.48580047,0,"{""geodesic"":false,""type"":""Point"",""coordinates"":[110.4495274712989,-7.274083636790532]}"
1_1_1_1_1_97_0,0.0409,0.0768,0.0395,0.0375,0.0556,0.0302,0.0732,0.1678,0.185,0.2954,0.196,0.152,-0.5135258,0.55464923,0.25694153,0.6831909,-0.16012087,-0.32072228,0.004038254,0.7747071,-0.76410866,-0.34383202,0.8144963,-0.6831909,0.60282147,0.48183137,-13.223673,-4.858,0.4644615,0,"{""geodesic"":false,""type"":""Point"",""coordinates"":[110.44237719741102,-7.269099902363541]}"
1_1_1_1_1_98_0,0.0392,0.0306,0.0179,0.0334,0.0416,0.028,0.0526,0.0935,0.1116,0.1238,0.1022,0.0627,-0.45690453,0.23000096,0.09533923,0.49697703,0.15235457,-0.2618557,0.0040484653,0.57506365,-0.74735355,0.043749984,0.63109356,-0.49697703,0.4036281,0.2204664,-14.59777,-11.034638,0.2063299,0,"{""geodesic"":false,""type"":""Point"",""coordinates"":[110.43811986135829,-7.268913738533768]}"
1_1_1_1_1_186_0,0.0399,0.1152,0.0472,0.036,0.0606,0.0322,0.0977,0.2914,0.3423,0.3568,0.3555,0.3126,-0.45427617,0.6339843,0.3098907,0.709631,-0.3105802,-0.4187192,0.0042596417,0.81670064,-0.7663366,-0.52380955,0.83444726,-0.709631,0.570077,0.547694,-12.95234,-7.623852,0.5389785,0,"{""geodesic"":false,""type"":""Point"",""coordinates"":[110.43702460033495,-7.275515545872043]}"
1_1_1_1_1_4_0,0.0388,0.1315,0.0545,0.0365,0.0636,0.0306,0.103,0.3578,0.4346,0.4492,0.4595,0.282,-0.49953687,0.77002317,0.40071845,0.7519501,-0.34802663,-0.41397852,0.0037126,0.84970146,-0.78360134,-0.56547624,0.87244684,-0.7519501,0.62694675,0.64084506,-12.376535,-5.9888816,0.62803084,0,"{""geodesic"":false,""type"":""Point"",""coordinates"":[110.44763143402979,-7.268925423932406]}"
1_1_1_1_1_141_0,0.0447,0.2097,0.1096,0.0428,0.0746,0.0447,0.1264,0.3113,0.3569,0.3793,0.3767,0.3428,-0.24789356,0.6306069,0.30535862,0.6712932,-0.47520223,-0.3134983,0.012916214,0.79720443,-0.55164653,-0.6609901,0.78915095,-0.6712932,0.5000989,0.54318184,-14.945315,-11.002351,0.54739183,0,"{""geodesic"":false,""type"":""Point"",""coordinates"":[110.45260196765003,-7.278610088057877]}"
1_1_1_1_1_17_0,0.0375,0.1232,0.0497,0.0351,0.0566,0.0301,0.096,0.3178,0.376,0.3739,0.3939,0.2805,-0.45473945,0.6656341,0.32730076,0.73704994,-0.37041157,-0.42510122,0.0040009893,0.82836187,-0.7653447,-0.5565382,0.8509901,-0.73704994,0.5914024,0.5704646,-12.007168,-5.9623075,0.5590759,0,"{""geodesic"":false,""type"":""Point"",""coordinates"":[110.44662833827259,-7.274351469266247]}"
1_1_1_1_1_144_0,0.036,0.1348,0.0536,0.0306,0.0596,0.0308,0.0992,0.3327,0.3924,0.4069,0.4229,0.4023,-0.4508373,0.6902437,0.35766906,0.7444802,-0.38683128,-0.4309979,0.004057213,0.8601143,-0.76720953,-0.6299879,0.8592643,-0.7444802,0.6079826,0.60163164,-13.427866,-7.400934,0.60208,0,"{""geodesic"":false,""type"":""Point"",""coordinates"":[110.45122564434962,-7.292990685292838]}"
1_1_1_1_1_111_0,0.036,0.1104,0.0472,0.0318,0.0557,0.029,0.0944,0.2896,0.345,0.3372,0.3603,0.2392,-0.4516129,0.6054058,0.29377425,0.71646726,-0.3293197,-0.40101522,0.0040593124,0.82764226,-0.7544225,-0.5527426,0.84161663,-0.71646726,0.56255794,0.5337104,-14.079098,-4.3613305,0.5271576,0,"{""geodesic"":false,""type"":""Point"",""coordinates"":[110.44717684261295,-7.270281687296324]}"
1_1_1_1_1_171_0,0.0405,0.1132,0.0518,0.0372,0.0581,0.0324,0.0949,0.2888,0.3631,0.4084,0.3836,0.3589,-0.5074425,0.71007705,0.36168057,0.75091106,-0.32165793,-0.3721212,0.004109501,0.8330341,-0.77488047,-0.5053192,0.85299456,-0.75091106,0.6228889,0.5994898,-17.828365,-6.905816,0.5888325,0,"{""geodesic"":false,""type"":""Point"",""coordinates"":[110.44441980257311,-7.302299167986192]}"
1_1_1_1_1_9_0,0.0386,0.0645,0.0303,0.0345,0.0518,0.0298,0.0677,0.1427,0.1845,0.239,0.1702,0.3342,-0.48722133,0.4512316,0.20305043,0.64374137,-0.109200306,-0.36075947,0.0037779917,0.7477148,-0.77497214,-0.30303028,0.7782738,-0.64374137,0.5585262,0.40816855,-14.225646,-8.253623,0.39657402,0,"{""geodesic"":false,""type"":""Point"",""coordinates"":[110.44173817703839,-7.273079109743352]}"
1_1_1_1_1_175_0,0.0381,0.1603,0.0691,0.0372,0.0692,0.0359,0.1068,0.3897,0.4604,0.4776,0.4909,0.4639,-0.44810128,0.7809406,0.41965377,0.746891,-0.3969499,-0.39755887,0.0051940745,0.85547787,-0.74721056,-0.62329113,0.86017525,-0.746891,0.6344969,0.65372473,-13.103887,-6.333907,0.6509657,0,"{""geodesic"":false,""type"":""Point"",""coordinates"":[110.4463219248471,-7.302572867846906]}"
1_1_1_1_1_135_0,0.0404,0.1535,0.0673,0.0362,0.061,0.032,0.1032,0.3401,0.4017,0.3992,0.4311,0.4014,-0.40248024,0.6956126,0.3456677,0.73489785,-0.43123543,-0.39039856,0.00539479,0.8337161,-0.7114684,-0.6183447,0.851577,-0.73489785,0.58917195,0.59149486,-16.637411,-6.5984917,0.5821039,0,"{""geodesic"":false,""type"":""Point"",""coordinates"":[110.45322830723838,-7.285033116185388]}"
1_1_1_1_1_121_0,0.0393,0.1104,0.0467,0.0355,0.0576,0.0305,0.0914,0.261,0.3038,0.3065,0.3208,0.3105,-0.4164423,0.5640711,0.26184008,0.6836034,-0.31428573,-0.40547422,0.0046471455,0.7923976,-0.7355606,-0.5133653,0.81899107,-0.6836034,0.5405881,0.49462363,-12.105131,-9.6221075,0.4827791,0,"{""geodesic"":false,""type"":""Point"",""coordinates"":[110.44888872353343,-7.277881948919435]}"
1_1_1_1_1_71_0,0.044,0.1228,0.0483,0.0398,0.0604,0.0327,0.0958,0.3005,0.3548,0.36,0.3842,0.392,-0.4399424,0.6505924,0.31133243,0.7126546,-0.34061134,-0.43541786,0.0043872497,0.80090046,-0.76340926,-0.51045513,0.8334607,-0.7126546,0.5796402,0.5499608,-10.346309,-6.127693,0.5337853,0,"{""geodesic"":false,""type"":""Point"",""coordinates"":[110.42114043918004,-7.29991811606839]}"
1_1_1_1_1_167_0,0.0399,0.0744,0.0352,0.0361,0.0638,0.0331,0.079,0.2304,0.2401,0.3517,0.2524,0.0852,-0.56591964,0.62248445,0.3112808,0.6929001,-0.07670044,-0.35766423,0.0033128236,0.81382155,-0.81804085,-0.34660634,0.8279626,-0.6929001,0.63315535,0.5401221,-21.09063,-11.758423,0.5332282,0,"{""geodesic"":false,""type"":""Point"",""coordinates"":[110.43979809087271,-7.303469361847178]}"
1_1_1_1_1_84_0,0.0435,0.1017,0.0439,0.0407,0.0578,0.0359,0.0953,0.2562,0.283,0.2897,0.3101,0.2292,-0.41196582,0.5288161,0.24213889,0.66733813,-0.27523512,-0.39697802,0.0054401453,0.75363195,-0.73681056,-0.4283708,0.77948403,-0.66733813,0.5049351,0.46111917,-23.013588,-9.437766,0.44978324,0,"{""geodesic"":false,""type"":""Point"",""coordinates"":[110.42560941932796,-7.276405759494676]}"
1_1_1_1_1_115_0,0.0377,0.0667,0.0308,0.0351,0.0499,0.0343,0.0699,0.159,0.1557,0.1813,0.1877,0.1247,-0.3635791,0.32700095,0.14125806,0.5683391,-0.14408232,-0.3682051,0.005827027,0.6756007,-0.70957094,-0.31041253,0.6818182,-0.5683391,0.44347134,0.30813304,-13.571599,-14.475739,0.3061139,0,"{""geodesic"":false,""type"":""Point"",""coordinates"":[110.44817020477771,-7.272815623242412]}"
1_1_1_1_1_61_0,0.041,0.1139,0.0494,0.0385,0.0578,0.0289,0.0982,0.3041,0.3583,0.3509,0.373,0.3565,-0.46335965,0.6515317,0.30693626,0.71715194,-0.32673267,-0.39497855,0.0040685665,0.80225986,-0.7531851,-0.49475065,0.8478146,-0.71715194,0.5626809,0.5489884,-11.932675,-6.2761436,0.52687204,0,"{""geodesic"":false,""type"":""Point"",""coordinates"":[110.4378905460119,-7.307537429703474]}"
1_1_1_1_1_6_0,0.0366,0.1195,0.0484,0.031,0.0591,0.0297,0.0981,0.3052,0.3513,0.356,0.3766,0.3636,-0.44349125,0.6266805,0.3103856,0.71524936,-0.33818588,-0.42346632,0.004037865,0.83979326,-0.76063305,-0.5880399,0.8459943,-0.71524936,0.5679366,0.55261374,-11.244748,-3.3253622,0.5496054,0,"{""geodesic"":false,""type"":""Point"",""coordinates"":[110.4439160544738,-7.270006336436004]}"
1_1_1_1_1_77_0,0.0396,0.1125,0.0463,0.0365,0.0566,0.0305,0.0971,0.2842,0.3216,0.3232,0.3407,0.2848,-0.4310722,0.59373605,0.2781679,0.7019484,-0.33057362,-0.41687655,0.0043692766,0.7970531,-0.7493911,-0.5100671,0.8275375,-0.7019484,0.5379491,0.5142907,-12.460299,-7.2097054,0.50023264,0,"{""geodesic"":false,""type"":""Point"",""coordinates"":[110.41607888061496,-7.290956662612458]}"
1_1_1_1_1_15_0,0.0384,0.1314,0.0519,0.0348,0.0602,0.0315,0.1005,0.3348,0.3869,0.3916,0.4236,0.4153,-0.44714066,0.6822143,0.3423957,0.73351043,-0.37160754,-0.43371522,0.0041747955,0.836773,-0.76595265,-0.5812274,0.851099,-0.73351043,0.5915464,0.58514786,-12.413809,-6.8130713,0.5777202,0,"{""geodesic"":false,""type"":""Point"",""coordinates"":[110.4458111640294,-7.275888196198148]}"
1_1_1_1_1_28_0,0.0353,0.1188,0.0507,0.0298,0.0528,0.028,0.0901,0.2997,0.3506,0.3551,0.3817,0.389,-0.44780892,0.62923205,0.3110084,0.741113,-0.3846154,-0.4017699,0.0039977473,0.8451546,-0.7501232,-0.59892327,0.8538241,-0.741113,0.5952381,0.5555996,-14.348362,-7.7693686,0.55141824,0,"{""geodesic"":false,""type"":""Point"",""coordinates"":[110.44798118196854,-7.279237660718185]}"
1_1_1_1_1_11_0,0.0387,0.112,0.0438,0.0364,0.0584,0.0311,0.0967,0.2789,0.3129,0.31,0.3333,0.2719,-0.41532177,0.56983495,0.26456288,0.6829533,-0.314554,-0.4377407,0.004394129,0.7898383,-0.7524025,-0.509434,0.81764877,-0.6829533,0.5244652,0.49738437,-11.822926,-6.951083,0.48487714,0,"{""geodesic"":false,""type"":""Point"",""coordinates"":[110.44146473823817,-7.274435588641051]}"
1_1_1_1_1_109_0,0.0384,0.1164,0.0485,0.0345,0.0568,0.0318,0.0952,0.2959,0.3428,0.372,0.3719,0.3268,-0.46565711,0.6521989,0.32520714,0.73507464,-0.34411088,-0.4117647,0.0041459682,0.8302583,-0.7693222,-0.54274356,0.8424963,-0.73507464,0.59246576,0.5646161,-12.848388,-5.1349406,0.5584666,0,"{""geodesic"":false,""type"":""Point"",""coordinates"":[110.44744052834342,-7.276885185445468]}"
1_1_1_1_1_36_0,0.037,0.0304,0.0157,0.0336,0.0452,0.0283,0.0509,0.0883,0.1092,0.1398,0.1301,0.0786,-0.49418354,0.26356846,0.11112783,0.51135135,0.19576721,-0.31887203,0.003178183,0.61245674,-0.7980707,0.049999975,0.6632956,-0.51135135,0.46617723,0.25033677,-14.853918,-6.859986,0.23656073,0,"{""geodesic"":false,""type"":""Point"",""coordinates"":[110.44489783513681,-7.2819475239984435]}"
1_1_1_1_1_102_0,0.0385,0.1267,0.0501,0.0352,0.06,0.0329,0.1028,0.3146,0.3717,0.3616,0.3936,0.3866,-0.42631203,0.634556,0.31207672,0.71537006,-0.35725763,-0.43325794,0.004558324,0.82258064,-0.7566189,-0.5651637,0.8332066,-0.71537006,0.5572782,0.5512018,-11.363723,-9.185207,0.5459411,0,"{""geodesic"":false,""type"":""Point"",""coordinates"":[110.44164658389796,-7.273893086420957]}"
1_1_1_1_1_52_0,0.0367,0.1052,0.0427,0.0335,0.0594,0.0299,0.095,0.3035,0.3143,0.3707,0.35,0.2355,-0.49898016,0.6559649,0.32745528,0.72378516,-0.2782503,-0.42258283,0.0034441056,0.8342405,-0.79342043,-0.51694304,0.8507239,-0.72378516,0.59201205,0.5676216,-12.344744,-7.9078345,0.55938953,0,"{""geodesic"":false,""type"":""Point"",""coordinates"":[110.44950794377044,-7.290094054724629]}"
1_1_1_1_1_27_0,0.0363,0.1241,0.0536,0.0309,0.0539,0.0282,0.0962,0.3175,0.3737,0.3769,0.4035,0.3328,-0.45616853,0.6632556,0.33170453,0.74976784,-0.39438203,-0.3967361,0.0040104007,0.84845513,-0.75098723,-0.60129035,0.8607751,-0.74976784,0.59332067,0.57789195,-16.055212,-4.1059456,0.57171184,0,"{""geodesic"":false,""type"":""Point"",""coordinates"":[110.44725691651003,-7.278874959471452]}"
1_1_1_1_1_150_0,0.0377,0.153,0.0642,0.0366,0.0646,0.0361,0.1089,0.347,0.4122,0.3676,0.4369,0.4559,-0.36254847,0.63277847,0.3107829,0.70106435,-0.40625,-0.4088398,0.0063047335,0.81890154,-0.7026401,-0.613924,0.8211543,-0.70106435,0.5429171,0.5502379,-15.6718645,-6.7816095,0.54910415,0,"{""geodesic"":false,""type"":""Point"",""coordinates"":[110.4467752245164,-7.302302060524647]}"
1_1_1_1_1_169_0,0.0377,0.1128,0.0494,0.0362,0.0548,0.0315,0.0948,0.2817,0.3318,0.324,0.3541,0.263,-0.42794845,0.58900523,0.27809197,0.7106653,-0.34606206,-0.39087546,0.004802778,0.79900056,-0.7354044,-0.51409394,0.8227848,-0.7106653,0.5472779,0.512858,-14.41995,-9.446235,0.50186,0,"{""geodesic"":false,""type"":""Point"",""coordinates"":[110.44551026285363,-7.299586878473141]}"
1_1_1_1_1_184_0,0.0407,0.135,0.0532,0.0388,0.0614,0.0322,0.1034,0.3349,0.397,0.3967,0.428,0.4315,-0.4451634,0.70155513,0.34628174,0.7319363,-0.37474543,-0.434644,0.0043182257,0.821814,-0.763503,-0.5535098,0.84984845,-0.7319363,0.5864827,0.5885994,-10.633905,-7.9569535,0.5738642,0,"{""geodesic"":false,""type"":""Point"",""coordinates"":[110.41616572138092,-7.2938513003290755]}"
1_1_1_1_1_95_0,0.0403,0.1016,0.0457,0.0352,0.0613,0.0317,0.0985,0.2855,0.3173,0.3299,0.3378,0.214,-0.46508828,0.5935037,0.2858123,0.68660533,-0.24739105,-0.37949762,0.0043913005,0.8071761,-0.756656,-0.4853801,0.8246681,-0.68660533,0.5401494,0.51915044,-12.769357,-7.358514,0.5109814,0,"{""geodesic"":false,""type"":""Point"",""coordinates"":[110.44128904250337,-7.270003106978899]}"
1_1_1_1_1_189_0,0.0387,0.1244,0.0506,0.0344,0.0568,0.0298,0.096,0.3217,0.3779,0.3776,0.4043,0.3766,-0.45531616,0.6696704,0.33103496,0.73848987,-0.37306842,-0.42171428,0.003993326,0.8330097,-0.76366186,-0.5667506,0.8537064,-0.73848987,0.5945946,0.5749394,-11.090588,-8.156116,0.5644737,0,"{""geodesic"":false,""type"":""Point"",""coordinates"":[110.44418214102822,-7.274619838732454]}"
1_1_1_1_1_116_0,0.0376,0.1338,0.0569,0.0322,0.0572,0.0327,0.0996,0.286,0.3394,0.3421,0.3684,0.218,-0.38424557,0.5964682,0.291483,0.7134986,-0.4010471,-0.4032512,0.005438848,0.8279455,-0.71478695,-0.6120482,0.8255069,-0.7134986,0.54901516,0.5305213,-10.037709,-9.840284,0.5316825,0,"{""geodesic"":false,""type"":""Point"",""coordinates"":[110.44916600327426,-7.273359561559157]}"
1_1_1_1_1_48_0,0.0365,0.1414,0.0678,0.0354,0.0625,0.0406,0.108,0.2957,0.342,0.3483,0.4006,0.3608,-0.35654944,0.57995325,0.28983617,0.69571567,-0.38695437,-0.35181642,0.007903188,0.8154808,-0.6741168,-0.5995475,0.79120594,-0.69571567,0.52662724,0.5192373,-12.687556,-3.5491326,0.53111917,0,"{""geodesic"":false,""type"":""Point"",""coordinates"":[110.44896760486186,-7.287470217897447]}"
1_1_1_1_1_153_0,0.0366,0.1492,0.0634,0.0344,0.0642,0.0314,0.1142,0.3511,0.411,0.424,0.4439,0.4255,-0.43474177,0.7246751,0.3717234,0.736993,-0.39831305,-0.4035748,0.0046951887,0.84991276,-0.7398441,-0.62527233,0.86209923,-0.736993,0.57562244,0.61639106,-10.563733,-5.171929,0.60976624,0,"{""geodesic"":false,""type"":""Point"",""coordinates"":[110.4512180407178,-7.299232032588849]}"
1_1_1_1_1_163_0,0.0372,0.0681,0.0308,0.0317,0.055,0.0308,0.0729,0.1716,0.1859,0.2529,0.2204,0.1235,-0.48422426,0.46272764,0.21548969,0.64274114,-0.10641754,-0.37714863,0.0037510477,0.7772312,-0.7828692,-0.36472943,0.7828692,-0.64274114,0.5524862,0.4250989,-13.291144,-7.0101223,0.42289066,0,"{""geodesic"":false,""type"":""Point"",""coordinates"":[110.44215217138711,-7.304557728617482]}"
1_1_1_1_1_1_0,0.0412,0.1303,0.0555,0.0353,0.0602,0.0294,0.1004,0.3405,0.3894,0.4228,0.4158,0.3793,-0.4830042,0.73700774,0.37551844,0.7507247,-0.36797902,-0.40258342,0.0038592715,0.84588516,-0.76792806,-0.57367146,0.869969,-0.7507247,0.61620796,0.6197227,-17.21138,-4.074749,0.6066694,0,"{""geodesic"":false,""type"":""Point"",""coordinates"":[110.44518582153687,-7.2687415295175315]}"
1_1_1_1_1_12_0,0.0384,0.1096,0.0468,0.0359,0.0591,0.0317,0.0949,0.2776,0.32,0.3154,0.329,0.3507,-0.42630938,0.5736644,0.2698945,0.68437916,-0.29934797,-0.40153453,0.004703741,0.79561627,-0.74157923,-0.5065292,0.8173437,-0.68437916,0.53741163,0.502361,-13.876075,-3.3467906,0.4924821,0,"{""geodesic"":false,""type"":""Point"",""coordinates"":[110.44164535428474,-7.2748880831517075]}"
1_1_1_1_1_120_0,0.0376,0.1226,0.0542,0.0343,0.0596,0.029,0.0981,0.3177,0.3542,0.3649,0.3849,0.361,-0.44952795,0.6552101,0.31931216,0.71919906,-0.34577388,-0.3868778,0.0043074815,0.8281563,-0.74135053,-0.56277883,0.85275453,-0.71919906,0.5762419,0.56365365,-11.328291,-4.1447678,0.5514902,0,"{""geodesic"":false,""type"":""Point"",""coordinates"":[110.44418447757049,-7.272720298635677]}"
1_1_1_1_1_53_0,0.0366,0.1163,0.0433,0.0316,0.0576,0.0294,0.0896,0.2853,0.34,0.3516,0.3617,0.3332,-0.44904518,0.6239349,0.30679953,0.71847504,-0.33755034,-0.4573935,0.0036206485,0.83507305,-0.78070396,-0.5726843,0.84566927,-0.71847504,0.593835,0.5485811,-14.6534,-4.853869,0.54347825,0,"{""geodesic"":false,""type"":""Point"",""coordinates"":[110.45104545323483,-7.292176376411173]}"
1_1_1_1_1_130_0,0.0394,0.1355,0.0575,0.0322,0.0574,0.0298,0.0996,0.3378,0.3982,0.4143,0.4384,0.3689,-0.45962733,0.71119416,0.36576778,0.756625,-0.40487298,-0.40414506,0.004135892,0.8557671,-0.75625265,-0.6159809,0.86579597,-0.756625,0.6123759,0.61089927,-13.444312,-7.7733483,0.6055468,0,"{""geodesic"":false,""type"":""Point"",""coordinates"":[110.45268323205272,-7.286298820301001]}"
1_1_1_1_1_137_0,0.0392,0.1238,0.0501,0.0304,0.0592,0.0287,0.0941,0.3414,0.4016,0.412,0.4301,0.3964,-0.4873088,0.70656985,0.36644632,0.74872667,-0.35300547,-0.42380682,0.0034899756,0.8625678,-0.78316385,-0.6057069,0.86975265,-0.74872667,0.62813675,0.6111938,-11.377593,-7.9122686,0.6073854,0,"{""geodesic"":false,""type"":""Point"",""coordinates"":[110.45060351661401,-7.283130392862059]}"
1_1_1_1_1_76_0,0.0394,0.0972,0.0429,0.0357,0.0581,0.0296,0.0924,0.2621,0.2931,0.3182,0.309,0.2374,-0.47243604,0.5875168,0.27661988,0.69120383,-0.25177076,-0.3875803,0.0039906977,0.7982481,-0.7623927,-0.46275392,0.82978725,-0.69120383,0.54992694,0.5106157,-18.146011,-10.06705,0.49625248,0,"{""geodesic"":false,""type"":""Point"",""coordinates"":[110.41571757414108,-7.2901421105353625]}"
1_1_1_1_1_44_0,0.0403,0.1677,0.0772,0.0375,0.0677,0.0363,0.1069,0.3155,0.3628,0.3839,0.3928,0.3614,-0.34761754,0.65810895,0.32431322,0.70017713,-0.42480883,-0.36953855,0.007299714,0.82202184,-0.66514856,-0.6345029,0.82722515,-0.70017713,0.56438464,0.56661594,-11.532632,-8.071056,0.56392443,0,"{""geodesic"":false,""type"":""Point"",""coordinates"":[110.45404022145307,-7.287838186703757]}"
1_1_1_1_1_2_0,0.0361,0.1346,0.0568,0.0333,0.0598,0.0304,0.1054,0.3544,0.4187,0.4211,0.4453,0.4402,-0.46722636,0.7215143,0.3722336,0.7512996,-0.38477367,-0.40647858,0.0041004987,0.8534331,-0.76229334,-0.6033353,0.8653377,-0.7512996,0.5996201,0.6159222,-13.682058,-4.9383016,0.60949284,0,"{""geodesic"":false,""type"":""Point"",""coordinates"":[110.44591006945399,-7.269104232884584]}"
1_1_1_1_1_10_0,0.0391,0.0989,0.0413,0.0316,0.0587,0.033,0.0876,0.2376,0.265,0.2646,0.2864,0.3159,-0.38378885,0.47242168,0.21992117,0.6368698,-0.25507614,-0.41084164,0.005150793,0.7866307,-0.72997713,-0.5157088,0.77822584,-0.6368698,0.5025554,0.43555668,-10.290002,-8.490319,0.43896008,0,"{""geodesic"":false,""type"":""Point"",""coordinates"":[110.44119409444684,-7.273530711164354]}"
1_1_1_1_1_85_0,0.0446,0.0896,0.0396,0.0356,0.0574,0.0331,0.09,0.2204,0.2568,0.2812,0.2808,0.2099,-0.44163823,0.51141983,0.23808703,0.66095686,-0.2190476,-0.3869969,0.004661309,0.7752525,-0.7531172,-0.4313099,0.7893732,-0.66095686,0.5150862,0.4570183,-13.398214,-8.49701,0.4510284,0,"{""geodesic"":false,""type"":""Point"",""coordinates"":[110.42578990463967,-7.276948713111048]}"
1_1_1_1_1_160_0,0.0394,0.1261,0.0491,0.0353,0.0609,0.0308,0.0968,0.327,0.3861,0.3984,0.4129,0.4221,-0.4686759,0.6970306,0.3507109,0.73481387,-0.34866312,-0.43949774,0.0037958834,0.83721465,-0.78055865,-0.5625774,0.85647714,-0.73481387,0.6090469,0.5934137,-12.83955,-6.205342,0.58332443,0,"{""geodesic"":false,""type"":""Point"",""coordinates"":[110.43526036449883,-7.309885952888272]}"
1_1_1_1_1_13_0,0.039,0.1057,0.044,0.033,0.0582,0.0314,0.0946,0.2761,0.3111,0.3264,0.3328,0.2699,-0.44773415,0.5819459,0.28183252,0.6973479,-0.28981087,-0.41215765,0.004232843,0.8163606,-0.762419,-0.5241529,0.824483,-0.6973479,0.55059385,0.51585454,-14.281734,-7.650028,0.5121015,0,"{""geodesic"":false,""type"":""Point"",""coordinates"":[110.44381867717836,-7.2755239369184235]}"
1_1_1_1_1_37_0,0.0352,0.1252,0.0499,0.0312,0.0566,0.0296,0.0993,0.3358,0.3932,0.3976,0.4144,0.2983,-0.46949965,0.68595284,0.3510577,0.75077057,-0.37733775,-0.43004,0.0037148893,0.8544776,-0.77698326,-0.601023,0.8614232,-0.75077057,0.600322,0.5953408,-10.720584,-5.2745686,0.59173125,0,"{""geodesic"":false,""type"":""Point"",""coordinates"":[110.44797399069137,-7.28511719117472]}"
1_1_1_1_1_146_0,0.042,0.1838,0.0908,0.0373,0.0624,0.0386,0.0979,0.3104,0.3756,0.3755,0.3978,0.3392,-0.29974812,0.63453496,0.31116757,0.71500343,-0.49309504,-0.33867443,0.009333902,0.81928295,-0.6105511,-0.6625961,0.8135716,-0.71500343,0.5863963,0.55283886,-13.191692,-9.250675,0.55576247,0,"{""geodesic"":false,""type"":""Point"",""coordinates"":[110.45167661991765,-7.294619412824628]}"
1_1_1_1_1_155_0,0.0376,0.1404,0.058,0.0346,0.0585,0.0317,0.096,0.3416,0.4061,0.4264,0.4352,0.4274,-0.456326,0.7271019,0.37543613,0.7587131,-0.41176474,-0.4153226,0.0043119136,0.84989154,-0.7605285,-0.60457146,0.86160225,-0.7587131,0.63246554,0.61794174,-13.182196,-6.0769515,0.61155045,0,"{""geodesic"":false,""type"":""Point"",""coordinates"":[110.44777285925686,-7.301398738261516]}"
1_1_1_1_1_66_0,0.0418,0.1043,0.043,0.0378,0.0545,0.03,0.0825,0.2454,0.2855,0.2697,0.2888,0.284,-0.3920326,0.51384836,0.2265325,0.6637878,-0.31360203,-0.41615748,0.0047830925,0.75414634,-0.724976,-0.4679803,0.7997998,-0.6637878,0.5315162,0.4496061,-11.879984,-7.0337505,0.43077397,0,"{""geodesic"":false,""type"":""Point"",""coordinates"":[110.43055128437057,-7.308432766286592]}"
1_1_1_1_1_30_0,0.0344,0.1442,0.0623,0.0338,0.062,0.0322,0.1049,0.3367,0.3879,0.3979,0.4284,0.2493,-0.41983226,0.6835003,0.34585127,0.7303762,-0.3986421,-0.39661017,0.005041619,0.8434098,-0.72924817,-0.6202247,0.85026735,-0.7303762,0.5827367,0.58977526,-11.239916,-7.963745,0.5861865,0,"{""geodesic"":false,""type"":""Point"",""coordinates"":[110.44861242938683,-7.281590245869918]}"
1_1_1_1_1_26_0,0.037,0.1282,0.0507,0.0321,0.0596,0.0297,0.0998,0.3272,0.3813,0.3841,0.4085,0.3981,-0.4499216,0.6704249,0.33694378,0.73135,-0.3652822,-0.4332029,0.0039203074,0.84574723,-0.7667893,-0.59950095,0.8564524,-0.73135,0.5875181,0.5817465,-14.22246,-9.294682,0.57629335,0,"{""geodesic"":false,""type"":""Point"",""coordinates"":[110.4472575808567,-7.2783322335639]}"
1_1_1_1_1_133_0,0.0344,0.1342,0.0527,0.031,0.0563,0.0283,0.0976,0.3426,0.4061,0.4167,0.4465,0.44,-0.46738774,0.7171344,0.36963236,0.761945,-0.40892392,-0.43606207,0.0035790978,0.8615144,-0.77545804,-0.6246973,0.872809,-0.761945,0.62045497,0.61650795,-12.8339205,-7.4472184,0.610478,0,"{""geodesic"":false,""type"":""Point"",""coordinates"":[110.45132317118338,-7.287292172226664]}"
1_1_1_1_1_181_0,0.0398,0.0773,0.0352,0.0341,0.0489,0.0288,0.076,0.1978,0.2241,0.2253,0.2385,0.1581,-0.41942546,0.43003458,0.1879048,0.64332604,-0.2250396,-0.37422222,0.0044996003,0.7370856,-0.72975045,-0.38779172,0.7733176,-0.64332604,0.4955194,0.39086327,-14.823849,-4.7837324,0.3776666,0,"{""geodesic"":false,""type"":""Point"",""coordinates"":[110.4173469125753,-7.2911392063415414]}"
1_1_1_1_1_35_0,0.0366,0.0508,0.0241,0.0335,0.0514,0.0285,0.0656,0.1414,0.148,0.2364,0.1652,0.1184,-0.545819,0.4495524,0.20394798,0.6428075,0.0058708317,-0.3564753,0.002905457,0.7517599,-0.8149712,-0.20521943,0.78482443,-0.6428075,0.5655629,0.40770033,-13.433013,-5.738253,0.39531106,0,"{""geodesic"":false,""type"":""Point"",""coordinates"":[110.44580339250068,-7.282219996769175]}"
1_1_1_1_1_62_0,0.0406,0.1094,0.0469,0.0378,0.0607,0.0318,0.0949,0.2778,0.3226,0.3429,0.3512,0.3588,-0.45890018,0.6221005,0.2973477,0.6992071,-0.28630218,-0.39987203,0.0043494315,0.8014184,-0.7593638,-0.48641303,0.8302642,-0.6992071,0.5664687,0.5334972,-13.490581,-7.4241505,0.5196435,0,"{""geodesic"":false,""type"":""Point"",""coordinates"":[110.43653084155423,-7.308168912726808]}"
1_1_1_1_1_157_0,0.0403,0.1295,0.0508,0.037,0.0621,0.0309,0.0998,0.3447,0.4061,0.4209,0.4409,0.4375,-0.481158,0.73374474,0.37252605,0.74285716,-0.35177454,-0.43649474,0.003729437,0.8383927,-0.78460884,-0.5555556,0.86321384,-0.74285716,0.61666983,0.6146249,-11.635142,-5.4146523,0.6011588,0,"{""geodesic"":false,""type"":""Point"",""coordinates"":[110.43091228723792,-7.309518670914138]}"
1_1_1_1_1_114_0,0.0384,0.0598,0.0257,0.0304,0.039,0.0273,0.0693,0.1517,0.1576,0.1012,0.1792,0.1354,-0.20347509,0.17815815,0.068140335,0.4436519,-0.2105263,-0.3988304,0.006932905,0.5379939,-0.5949567,-0.32594234,0.57509726,-0.4436519,0.18709677,0.17637232,-12.717263,-9.441751,0.16814439,0,"{""geodesic"":false,""type"":""Point"",""coordinates"":[110.44826134420254,-7.272363461737752]}"
1_1_1_1_1_119_0,0.0361,0.0547,0.0286,0.0324,0.048,0.0292,0.0657,0.1475,0.1674,0.1787,0.175,0.1619,-0.43118644,0.33643892,0.14498088,0.57653284,-0.06523854,-0.31332532,0.0046733073,0.6930365,-0.7240714,-0.25602752,0.7190957,-0.57653284,0.4623568,0.31678203,-12.870361,-7.1336956,0.3086064,0,"{""geodesic"":false,""type"":""Point"",""coordinates"":[110.44690176173745,-7.272994986069382]}"
1_1_1_1_1_14_0,0.039,0.0664,0.0276,0.035,0.0519,0.0304,0.0676,0.1571,0.1829,0.1847,0.1856,0.2699,-0.38830963,0.34922144,0.14792006,0.56128484,-0.12256974,-0.41276595,0.004542718,0.6813837,-0.7399906,-0.3096647,0.71734077,-0.56128484,0.46412998,0.32366103,-10.942155,-9.721579,0.31200498,0,"{""geodesic"":false,""type"":""Point"",""coordinates"":[110.44427117080902,-7.275886309833891]}"
1_1_1_1_1_195_0,0.0388,0.0822,0.037,0.0337,0.0576,0.0324,0.0905,0.2444,0.2676,0.2866,0.287,0.1245,-0.4729823,0.51740277,0.24537441,0.66531086,-0.17596567,-0.37919462,0.0041828332,0.7895723,-0.7713226,-0.41846418,0.79686517,-0.66531086,0.5200212,0.46556777,-16.526232,-7.291541,0.46245274,0,"{""geodesic"":false,""type"":""Point"",""coordinates"":[110.445085127776,-7.276972760668072]}"
1_1_1_1_1_42_0,0.0344,0.1326,0.0503,0.0326,0.0608,0.0305,0.0997,0.358,0.42,0.4256,0.4524,0.4369,-0.47497183,0.7241038,0.3770058,0.75,-0.37125126,-0.44997266,0.0036046756,0.85770404,-0.78861105,-0.60532683,0.86625737,-0.75,0.6204074,0.61986196,-11.359403,-5.692979,0.615216,0,"{""geodesic"":false,""type"":""Point"",""coordinates"":[110.45060021228207,-7.28584402322974]}"
1_1_1_1_1_180_0,0.0417,0.0592,0.0337,0.0358,0.0504,0.0312,0.067,0.1342,0.1462,0.2282,0.161,0.0779,-0.489842,0.42941844,0.19203784,0.638191,-0.08029197,-0.2744887,0.0046075373,0.7287879,-0.74264985,-0.2463158,0.7594449,-0.638191,0.54607046,0.389123,-12.259043,-9.442733,0.3777487,0,"{""geodesic"":false,""type"":""Point"",""coordinates"":[110.41916023718369,-7.289965637792885]}"
1_1_1_1_1_43_0,0.0421,0.1653,0.0758,0.0398,0.0593,0.0463,0.1052,0.2972,0.3561,0.32,0.3727,0.3828,-0.25936297,0.5266297,0.25261074,0.68731874,-0.4719501,-0.37121525,0.010967313,0.778766,-0.6169783,-0.61189663,0.74720174,-0.68731874,0.50517404,0.47391203,-11.411491,-6.85193,0.48883462,0,"{""geodesic"":false,""type"":""Point"",""coordinates"":[110.45440291124851,-7.287567260753596]}"
1_1_1_1_1_45_0,0.0357,0.1406,0.0548,0.0338,0.0628,0.0308,0.1045,0.3426,0.4059,0.418,0.4522,0.4416,-0.44993582,0.717409,0.3677412,0.73876876,-0.38249755,-0.43909928,0.004037895,0.8503763,-0.7681895,-0.61238533,0.8627451,-0.73876876,0.6,0.61214167,-13.498583,-9.459844,0.60548437,0,"{""geodesic"":false,""type"":""Point"",""coordinates"":[110.45186638273154,-7.287564194224788]}"
1_1_1_1_1_29_0,0.0346,0.126,0.0498,0.0313,0.0568,0.0296,0.0938,0.3313,0.3975,0.3904,0.4279,0.3978,-0.46093884,0.6765423,0.34371594,0.74597496,-0.3785558,-0.4334471,0.00377582,0.8515532,-0.7737392,-0.60203433,0.8590476,-0.74597496,0.6125568,0.5882609,-13.482774,-3.2799602,0.58440924,0,"{""geodesic"":false,""type"":""Point"",""coordinates"":[110.4490661474035,-7.28095761697104]}"
1_1_1_1_1_125_0,0.0357,0.1299,0.0484,0.0326,0.056,0.0264,0.0928,0.3591,0.4327,0.4348,0.4658,0.4324,-0.4987975,0.7570253,0.39005768,0.7718011,-0.39752552,-0.45709476,0.0029387304,0.8605049,-0.79966885,-0.5987692,0.88551605,-0.7718011,0.64821833,0.6373283,-11.199412,-4.9652004,0.62363034,0,"{""geodesic"":false,""type"":""Point"",""coordinates"":[110.45069509687944,-7.28231641362587]}"
1_1_1_1_1_132_0,0.0342,0.1295,0.0495,0.03,0.0578,0.0273,0.0953,0.3395,0.4083,0.4176,0.4351,0.4368,-0.48113832,0.71936744,0.37218806,0.75683635,-0.38280836,-0.44692737,0.0032359913,0.8659518,-0.78805393,-0.6238245,0.87727576,-0.75683635,0.62838763,0.6195894,-11.368068,-5.448788,0.61355,0,"{""geodesic"":false,""type"":""Point"",""coordinates"":[110.45050874084899,-7.286567547918667]}"
1_1_1_1_1_196_0,0.0393,0.0903,0.0411,0.0324,0.056,0.0312,0.0893,0.2354,0.2726,0.2822,0.2802,0.2589,-0.44278836,0.51166016,0.24052627,0.668835,-0.23444976,-0.37442923,0.004544011,0.79402417,-0.74574697,-0.47188264,0.8008934,-0.668835,0.5192463,0.4628719,-13.815485,-6.4095254,0.45998037,0,"{""geodesic"":false,""type"":""Point"",""coordinates"":[110.43974447345441,-7.273709830157659]}"
1_1_1_1_1_88_0,0.0437,0.0655,0.0315,0.0376,0.0574,0.0331,0.0745,0.1601,0.1676,0.2545,0.1734,0.0584,-0.49526492,0.47263256,0.21565805,0.63193333,-0.06590724,-0.35051546,0.004096857,0.74255395,-0.7797203,-0.27061105,0.7698192,-0.63193333,0.54711246,0.42166075,-30.4664,-9.589865,0.4107436,0,"{""geodesic"":false,""type"":""Point"",""coordinates"":[110.42796618743098,-7.2752328372621164]}"
1_1_1_1_1_142_0,0.036,0.0895,0.0405,0.0313,0.0522,0.0276,0.0775,0.22,0.2443,0.2963,0.2728,0.2775,-0.47335282,0.5474066,0.25773004,0.7004304,-0.2632322,-0.37692308,0.003772528,0.8089133,-0.75950116,-0.48178807,0.829577,-0.7004304,0.5853397,0.4891977,-15.00958,-11.224909,0.48030448,0,"{""geodesic"":false,""type"":""Point"",""coordinates"":[110.44988343169861,-7.279330430009781]}"
1_1_1_1_1_148_0,0.0531,0.1473,0.0776,0.0362,0.0568,0.0376,0.0972,0.2608,0.3047,0.3095,0.3346,0.2309,-0.30305314,0.5379472,0.25245893,0.68987167,-0.4434101,-0.3099155,0.009427334,0.79056984,-0.59907,-0.60544956,0.7833477,-0.68987167,0.5220064,0.4814662,-12.673963,-7.8621235,0.48474637,0,"{""geodesic"":false,""type"":""Point"",""coordinates"":[110.45467008726214,-7.2913666727424635]}"
1_1_1_1_1_117_0,0.0443,0.1288,0.0597,0.0322,0.057,0.0312,0.0929,0.2616,0.3019,0.3335,0.3301,0.1787,-0.3912878,0.5907989,0.28500327,0.7080666,-0.38643706,-0.36657825,0.0055851275,0.8238994,-0.69633776,-0.6,0.82890046,-0.7080666,0.56425893,0.52440155,-10.161269,-6.495056,0.5220631,0,"{""geodesic"":false,""type"":""Point"",""coordinates"":[110.4488957853894,-7.272092870048499]}"
1_1_1_1_1_183_0,0.0428,0.1243,0.0501,0.0382,0.062,0.0323,0.1002,0.3104,0.3507,0.3704,0.3777,0.365,-0.44585988,0.66154027,0.32179573,0.7132285,-0.33440688,-0.42545873,0.004368871,0.8130201,-0.76171225,-0.5298462,0.8395828,-0.7132285,0.57416064,0.56181455,-11.37304,-8.886684,0.54842615,0,"{""geodesic"":false,""type"":""Point"",""coordinates"":[110.41526215892735,-7.292041054075389]}"
1_1_1_1_2_179_0,0.0396,0.03,0.0212,0.0358,0.0433,0.0298,0.0443,0.0544,0.0476,0.039,0.0428,0.0724,-0.111441314,0.024228381,0.009164557,-0.052247852,0.1814461,-0.171875,0.016198974,0.042780776,-0.2956811,0.08814589,0.13372095,0.052247852,-0.06362544,0.024261607,-18.310774,-6.3706613,0.0083507355,1,"{""geodesic"":false,""type"":""Point"",""coordinates"":[110.44097748923708,-7.302114010072943]}"
1_1_1_1_2_64_0,0.0427,0.0562,0.03,0.0402,0.0447,0.0384,0.0587,0.1,0.1124,0.0662,0.1138,0.0811,-0.05870646,0.06984223,0.024645476,0.19386837,-0.113974236,-0.30394435,0.017401813,0.24436094,-0.3762994,-0.16597512,0.26577437,-0.19386837,0.060048062,0.068971224,-15.005452,-6.040237,0.06431399,1,"{""geodesic"":false,""type"":""Point"",""coordinates"":[110.4257911695308,-7.2759537192097925]}"
1_1_1_1_2_22_0,0.0413,0.0324,0.02,0.0331,0.0409,0.0304,0.0487,0.0548,0.0585,0.0557,0.0553,0.0935,-0.17150396,0.06389857,0.024945559,0.15320912,0.11596178,-0.23664124,0.010915619,0.25450447,-0.47159842,0.010687033,0.29384437,-0.15320912,0.06704981,0.064750046,-20.434732,-13.362686,0.057574727,1,"{""geodesic"":false,""type"":""Point"",""coordinates"":[110.4330871229181,-7.309069139248927]}"
1_1_1_1_2_23_0,0.0391,0.0279,0.0225,0.0396,0.0402,0.0371,0.041,0.0476,0.0532,0.0429,0.0439,0.0512,-0.11864408,0.014971609,0.00743043,0.032490987,0.18061674,-0.10714282,0.019458042,0.04,-0.31192657,0.17333335,0.07250002,-0.032490987,0.022646004,0.015000003,-29.615751,-12.134243,0.008497854,1,"{""geodesic"":false,""type"":""Point"",""coordinates"":[110.4390732317888,-7.3035589158927525]}"
1_1_1_1_2_137_0,0.0411,0.0385,0.0226,0.0397,0.0453,0.037,0.0483,0.0736,0.084,0.081,0.0754,0.0741,-0.23037717,0.109425515,0.04373417,0.28266034,0.081145585,-0.2602291,0.010323457,0.34217066,-0.5637066,0.01534529,0.37288135,-0.28266034,0.25290024,0.106796116,-18.5313,-12.397667,0.09980667,1,"{""geodesic"":false,""type"":""Point"",""coordinates"":[110.417080286593,-7.287158888806036]}"
1_1_1_1_2_24_0,0.0398,0.0206,0.0195,0.0262,0.0347,0.0266,0.0343,0.0296,0.0308,0.0237,0.0312,0.0307,-0.027806396,-0.007346977,-0.0018366758,-0.18835613,0.25497285,-0.027431421,0.021886075,-0.05010019,-0.097222224,0.11965811,-0.057654053,0.18835613,-0.1827586,-0.007904776,-20.992863,-26.252806,-0.0068194205,1,"{""geodesic"":false,""type"":""Point"",""coordinates"":[110.43889091721587,-7.304463231569424]}"
1_1_1_1_2_56_0,0.0471,0.029,0.0195,0.0422,0.0461,0.0381,0.0477,0.0498,0.0527,0.0555,0.0477,0.0599,-0.18567961,0.044956595,0.019012706,0.09251967,0.22769643,-0.19587627,0.013386487,0.13613103,-0.48,0.18539326,0.18589744,-0.09251967,0.0755814,0.043969,-19.54689,-9.538127,0.033377953,1,"{""geodesic"":false,""type"":""Point"",""coordinates"":[110.43131928990047,-7.2741516073945345]}"
1_1_1_1_2_1_0,0.0513,0.0441,0.0302,0.036,0.043,0.0335,0.062,0.0502,0.0529,0.0353,0.0571,0.0532,0.04231029,0.0046569407,-7.853701E-5,-0.098339714,-0.012629162,-0.18707941,0.028660057,-0.009817629,-0.077862605,0.10112363,0.0261628,0.098339714,-0.27440903,0.004746837,-16.580046,-16.112871,-0.0018379055,1,"{""geodesic"":false,""type"":""Point"",""coordinates"":[110.42738336902693,-7.30616740500027]}"
1_1_1_1_2_153_0,0.0462,0.0463,0.032,0.0409,0.0419,0.0386,0.0507,0.0476,0.0514,0.0538,0.0528,0.1479,-0.05456569,0.038829,0.013835402,0.12434692,-0.049886618,-0.1826309,0.02295911,0.13621967,-0.25407925,-0.06192663,0.16450216,-0.12434692,0.029665088,0.03848751,-18.15918,-15.902309,0.03253742,1,"{""geodesic"":false,""type"":""Point"",""coordinates"":[110.4264747797487,-7.308246693643008]}"
1_1_1_1_2_200_0,0.0431,0.0181,0.0129,0.0391,0.0464,0.0356,0.0405,0.0333,0.0333,0.0339,0.0337,0.0385,-0.15232833,-0.004453757,0.0014013599,-0.15566625,0.43875965,-0.16774194,0.013546903,-0.071232855,-0.44871795,0.36713284,-0.024460416,0.15566625,-0.088709675,-0.0044776094,-23.772987,-13.166013,-0.013612562,1,"{""geodesic"":false,""type"":""Point"",""coordinates"":[110.43249692458988,-7.274153083694182]}"
1_1_1_1_2_125_0,0.044,0.0401,0.025,0.0395,0.0442,0.0348,0.0474,0.0672,0.0699,0.0689,0.0654,0.0723,-0.18276049,0.08686127,0.033160727,0.2183908,0.048635807,-0.23195085,0.012626996,0.27121767,-0.4675186,-0.0075376756,0.32883313,-0.2183908,0.1848667,0.0847275,-16.264536,-6.92367,0.07248519,1,"{""geodesic"":false,""type"":""Point"",""coordinates"":[110.42343035031028,-7.2802925174071005]}"
1_1_1_1_2_82_0,0.0434,0.049,0.0392,0.0517,0.0507,0.0446,0.0503,0.0447,0.0485,0.0572,0.0541,0.0548,-0.07555556,0.033616137,0.011820231,0.060240947,0.01705118,-0.11111109,0.030565035,0.05050505,-0.18672198,0.026812324,0.123772115,-0.060240947,0.064186044,0.031405784,-16.68328,-17.974268,0.013549022,1,"{""geodesic"":false,""type"":""Point"",""coordinates"":[110.42629393783659,-7.307975101624934]}"
1_1_1_1_2_40_0,0.039,0.0189,0.0137,0.0323,0.0352,0.029,0.0372,0.0342,0.0399,0.0288,0.0347,0.0345,-0.12110092,-5.2053423E-4,0.0015899276,-0.10000001,0.3012939,-0.1595092,0.013795138,-0.057283137,-0.3552941,0.26171875,-0.003460202,0.10000001,-0.12727274,-5.378263E-4,-19.61644,-11.280826,-0.00935662,1,"{""geodesic"":false,""type"":""Point"",""coordinates"":[110.4400193736166,-7.271177447580027]}"
1_1_1_1_2_168_0,0.0397,0.0266,0.0237,0.0479,0.0615,0.0417,0.0475,0.0437,0.0518,0.0453,0.0475,0.037,-0.15417954,0.009612811,0.0062760278,-0.15168542,0.39614075,-0.057654053,0.021816557,-0.02789699,-0.31304345,0.28590605,0.041379284,0.15168542,-0.023706904,0.009199313,-21.253792,-20.442125,-0.006574509,1,"{""geodesic"":false,""type"":""Point"",""coordinates"":[110.43979662687221,-7.304645265162681]}"
1_1_1_1_2_4_0,0.0463,0.0389,0.0292,0.0418,0.0437,0.0387,0.0472,0.0433,0.0438,0.0502,0.0418,0.0663,-0.08490567,0.029672828,0.011464557,0.0692226,0.058111373,-0.14243756,0.022510758,0.091304354,-0.26448363,0.035935573,0.12935884,-0.0692226,0.030800825,0.029291902,-22.187376,-16.83182,0.021283785,1,"{""geodesic"":false,""type"":""Point"",""coordinates"":[110.42665654445182,-7.307794654576503]}"
1_1_1_1_2_61_0,0.0448,0.0354,0.0232,0.0353,0.0368,0.0302,0.0527,0.0576,0.0695,0.0368,0.0673,0.0817,-0.04720408,0.017309206,0.0056784535,0.0,0.0193906,-0.20819113,0.01903913,0.020804428,-0.22666669,-0.0014143984,0.09850746,0.0,-0.17765363,0.017460316,-19.047106,-1.3725456,0.003932877,1,"{""geodesic"":false,""type"":""Point"",""coordinates"":[110.42814759130457,-7.27505215789124]}"
1_1_1_1_2_65_0,0.0446,0.0865,0.0383,0.0369,0.0487,0.0304,0.0797,0.2051,0.2368,0.1525,0.2412,0.2099,-0.23669606,0.2884752,0.11215793,0.51590455,-0.27958578,-0.38621792,0.007634885,0.61034846,-0.5985325,-0.4019449,0.6675779,-0.51590455,0.31352285,0.26819447,-18.686838,-5.783169,0.25152308,1,"{""geodesic"":false,""type"":""Point"",""coordinates"":[110.42579036462062,-7.276586897152026]}"
1_1_1_1_2_203_0,0.0471,0.0352,0.0236,0.042,0.0451,0.0362,0.0448,0.049,0.0507,0.0369,0.0547,0.0599,-0.049900178,0.0018634782,8.7721786E-4,-0.10000002,0.12328767,-0.19727889,0.023152307,-0.06463879,-0.21983467,0.088082895,0.009575882,0.10000002,-0.096695244,0.001832133,-18.549381,-7.0187087,-0.0132147195,1,"{""geodesic"":false,""type"":""Point"",""coordinates"":[110.43168141145851,-7.274332970152802]}"
1_1_1_1_2_92_0,0.0474,0.0312,0.0253,0.0399,0.0436,0.0348,0.0433,0.036,0.0391,0.0408,0.0376,0.078,-0.10020452,0.015783662,0.006637995,-0.03317534,0.16577542,-0.10442477,0.02157941,0.01115242,-0.23449321,0.1223629,0.07936509,0.03317534,-0.029726498,0.015635861,-24.607866,-18.716784,0.0023247814,1,"{""geodesic"":false,""type"":""Point"",""coordinates"":[110.42810811823448,-7.306168324153305]}"
1_1_1_1_2_26_0,0.0415,0.0432,0.0283,0.0442,0.0473,0.0375,0.0454,0.0557,0.0574,0.0488,0.0575,0.0663,-0.07081172,0.02997983,0.01028984,0.0156087335,0.04530385,-0.20839162,0.021746928,0.049462363,-0.26588845,0.011441628,0.13093856,-0.0156087335,0.03609341,0.028910108,-15.750181,-11.615461,0.01163575,1,"{""geodesic"":false,""type"":""Point"",""coordinates"":[110.44197423708546,-7.301934334619779]}"
1_1_1_1_2_70_0,0.0443,0.0448,0.0261,0.0392,0.0482,0.0351,0.0539,0.0894,0.1148,0.1395,0.109,0.0864,-0.38205725,0.2471357,0.102680966,0.48641452,0.036559157,-0.26375175,0.006567097,0.5612759,-0.6847826,-0.06666664,0.5979381,-0.48641452,0.44260603,0.23213758,-28.549524,-16.181572,0.2216738,1,"{""geodesic"":false,""type"":""Point"",""coordinates"":[110.42451718036703,-7.28047480824717]}"
1_1_1_1_2_144_0,0.0486,0.0512,0.0345,0.0439,0.0476,0.0401,0.0568,0.0648,0.0643,0.0939,0.0667,0.0641,-0.20296815,0.13379757,0.051832855,0.3272085,-0.036437225,-0.19486581,0.014733226,0.3628447,-0.46261683,-0.07676127,0.40149254,-0.3272085,0.24618448,0.12728707,-21.304611,-10.365863,0.117591724,1,"{""geodesic"":false,""type"":""Point"",""coordinates"":[110.42765353856747,-7.307434104412203]}"
1_1_1_1_2_180_0,0.0387,0.0251,0.0179,0.0412,0.059,0.0467,0.046,0.0448,0.0426,0.0586,0.0388,0.0406,-0.16317016,0.028889105,0.015727963,-0.0034013547,0.40309155,-0.16744187,0.014265017,0.1743487,-0.5320262,0.2428356,0.113010444,0.0034013547,0.1204589,0.02948951,-15.372399,-13.458369,0.043514505,1,"{""geodesic"":false,""type"":""Point"",""coordinates"":[110.44007167141122,-7.302022433293745]}"
1_1_1_1_2_52_0,0.0459,0.0282,0.0227,0.0374,0.0409,0.0336,0.0471,0.0399,0.0379,0.0343,0.0402,0.0527,-0.074157305,0.0018316953,0.0016569912,-0.08776596,0.1837916,-0.10805501,0.022236735,-0.043235708,-0.20350875,0.14024389,0.010309288,0.08776596,-0.15724817,0.0018489189,-20.068872,-11.634832,-0.008133638,1,"{""geodesic"":false,""type"":""Point"",""coordinates"":[110.43104627508514,-7.275146261172281]}"
1_1_1_1_2_201_0,0.0432,0.0321,0.0223,0.0415,0.0465,0.039,0.0462,0.0567,0.0535,0.0397,0.0552,0.062,-0.06631648,0.001818278,0.0019228226,-0.07888631,0.18320613,-0.18014707,0.0219068,-0.02216745,-0.2806452,0.12771738,0.008894544,0.07888631,-0.07566936,0.0018144134,-17.137724,-10.177455,-0.004645553,1,"{""geodesic"":false,""type"":""Point"",""coordinates"":[110.43594104934263,-7.272710114874839]}"
1_1_1_1_2_169_0,0.0397,0.0244,0.0152,0.034,0.0378,0.0298,0.0395,0.0365,0.0434,0.0579,0.0428,0.037,-0.25804245,0.07155954,0.029056992,0.21003136,0.21543407,-0.23232321,0.007823143,0.26006526,-0.5841313,0.16438359,0.3204105,-0.21003136,0.1889117,0.071720265,-29.428102,-18.599012,0.06056766,1,"{""geodesic"":false,""type"":""Point"",""coordinates"":[110.43952507163287,-7.3044640195367485]}"
1_1_1_1_2_51_0,0.0459,0.0234,0.0173,0.039,0.0402,0.0315,0.0438,0.0347,0.0371,0.038,0.0326,0.0527,-0.16755117,0.017388973,0.007935485,-0.028132994,0.26415095,-0.14987713,0.014340791,-0.012987039,-0.37432185,0.25000003,0.09352516,0.028132994,-0.070904665,0.017120276,-18.871391,-14.034571,-0.0025996587,1,"{""geodesic"":false,""type"":""Point"",""coordinates"":[110.4307742847376,-7.275326827992855]}"
1_1_1_1_2_100_0,0.045,0.0474,0.0383,0.0404,0.0411,0.0365,0.0478,0.0528,0.0485,0.0497,0.0545,0.0939,-0.035632167,0.034172103,0.011268296,0.09471366,-0.07118647,-0.10618438,0.028127767,0.10321866,-0.12954545,-0.07972669,0.15313224,-0.09471366,0.019487174,0.033776868,-26.015905,-16.17158,0.023640063,1,"{""geodesic"":false,""type"":""Point"",""coordinates"":[110.42973777219613,-7.306984473392802]}"
1_1_1_1_2_142_0,0.0414,0.0818,0.0433,0.0318,0.0412,0.0324,0.0689,0.1426,0.1726,0.1025,0.1915,0.2575,-0.08088531,0.16558012,0.061345305,0.42658314,-0.33008128,-0.3077538,0.013687025,0.52643335,-0.40603566,-0.4401408,0.51964414,-0.42658314,0.19603267,0.16561663,-18.449335,-10.257234,0.16719218,1,"{""geodesic"":false,""type"":""Point"",""coordinates"":[110.41743703542153,-7.29150113826604]}"
1_1_1_1_2_81_0,0.0434,0.049,0.0392,0.0439,0.0438,0.0385,0.0503,0.0447,0.0485,0.0508,0.0541,0.0548,-0.03951703,0.03228177,0.0104391845,0.07399576,-0.056034468,-0.11111109,0.029708661,0.07286164,-0.12888888,-0.054897707,0.13773796,-0.07399576,0.0049455925,0.03130833,-18.817862,-16.239485,0.017403727,1,"{""geodesic"":false,""type"":""Point"",""coordinates"":[110.42620334384549,-7.307974986401905]}"
1_1_1_1_2_120_0,0.0433,0.0254,0.0214,0.061,0.0681,0.0432,0.0463,0.0429,0.0408,0.0493,0.0394,0.0643,-0.23309112,0.017920092,0.0092545245,-0.16013627,0.45668447,-0.08547006,0.018752132,-0.10607435,-0.39462516,0.41203704,0.06594593,0.16013627,0.031380754,0.015443035,-22.64087,-12.8956175,-0.02875635,1,"{""geodesic"":false,""type"":""Point"",""coordinates"":[110.42316297610449,-7.276854921524399]}"
1_1_1_1_2_119_0,0.0432,0.0176,0.0143,0.038,0.0427,0.0362,0.0409,0.033,0.031,0.0334,0.0252,0.0433,-0.14057505,-0.0072493856,4.962994E-4,-0.122207634,0.41625208,-0.10344828,0.015498804,-0.06442577,-0.40041927,0.36690646,-0.040229924,0.122207634,-0.10094214,-0.0073736026,-22.743843,-13.311053,-0.012075603,1,"{""geodesic"":false,""type"":""Point"",""coordinates"":[110.42678786220915,-7.2757740730332605]}"
1_1_1_1_2_91_0,0.0513,0.0489,0.0345,0.0357,0.0383,0.0371,0.0566,0.0466,0.055,0.038,0.0456,0.063,0.07701941,0.0022662042,-0.0011912023,-0.0039318656,-0.12155964,-0.17266189,0.033682894,0.03120757,-0.04827586,0.15602836,0.011984026,0.0039318656,-0.19661735,0.0023474188,-21.02726,-14.455803,0.006013591,1,"{""geodesic"":false,""type"":""Point"",""coordinates"":[110.42792647077128,-7.3065299100967245]}"
1_1_1_1_2_73_0,0.0456,0.0371,0.0308,0.0662,0.0614,0.0494,0.0582,0.0562,0.0594,0.0611,0.0599,0.0826,-0.19083256,0.033972118,0.0138798095,-0.0024489907,0.24670053,-0.09278349,0.02490213,-0.04006288,-0.3297062,0.28170383,0.105882324,0.0024489907,0.024308454,0.028746922,-22.835918,-14.573139,-0.012195133,1,"{""geodesic"":false,""type"":""Point"",""coordinates"":[110.42487480816791,-7.2841838807301285]}"
1_1_1_1_2_17_0,0.0461,0.0541,0.0416,0.0363,0.0382,0.0321,0.053,0.0505,0.0543,0.0445,0.0612,0.0635,0.03233532,0.03212935,0.00850115,0.07617899,-0.17226437,-0.1306165,0.030008089,0.10148516,-0.033681773,-0.19690265,0.16187991,-0.07617899,-0.08717948,0.032258067,-17.722431,-14.622756,0.021177689,1,"{""geodesic"":false,""type"":""Point"",""coordinates"":[110.42955635506117,-7.30716515219971]}"
1_1_1_1_2_150_0,0.0462,0.0334,0.023,0.0371,0.0408,0.0296,0.0416,0.045,0.0399,0.0423,0.0574,0.1479,-0.11516854,0.033717413,0.012026563,0.018050533,0.09973049,-0.18439715,0.016094562,0.065491214,-0.29555896,0.052482262,0.17663422,-0.018050533,0.008343275,0.033310022,-24.64038,-17.993923,0.013462208,1,"{""geodesic"":false,""type"":""Point"",""coordinates"":[110.42683738653021,-7.308066246462751]}"
1_1_1_1_2_75_0,0.0462,0.0405,0.0256,0.0354,0.0448,0.0349,0.0561,0.0595,0.0569,0.0533,0.0613,0.0966,-0.08104815,0.046129167,0.017407566,0.0866463,0.050410297,-0.22541605,0.016762475,0.20180385,-0.35107732,-0.06719369,0.20861681,-0.0866463,-0.025594143,0.04692282,-21.659613,-6.5291204,0.04560897,1,"{""geodesic"":false,""type"":""Point"",""coordinates"":[110.42532867571398,-7.283460824494575]}"
1_1_1_1_2_48_0,0.0437,0.0226,0.0186,0.0479,0.0575,0.0456,0.0435,0.036,0.0381,0.0474,0.0375,0.0449,-0.16574922,0.004678972,0.0058760727,-0.09628217,0.43570536,-0.09708739,0.01789367,-0.005246561,-0.43636364,0.35886523,0.019354846,0.09628217,0.042904306,0.0045531215,-22.882124,-14.690902,-0.0012598621,1,"{""geodesic"":false,""type"":""Point"",""coordinates"":[110.43340325130129,-7.273792400741814]}"
1_1_1_1_2_27_0,0.0398,0.0269,0.0188,0.0326,0.0408,0.0319,0.0415,0.0326,0.0448,0.0353,0.04,0.0785,-0.07182321,0.008654046,0.004286104,-0.07227332,0.20531759,-0.1772429,0.016989235,0.039764374,-0.3049908,0.09579831,0.05059526,0.07227332,-0.08072914,0.008991541,-23.348011,-15.226865,0.0071315398,1,"{""geodesic"":false,""type"":""Point"",""coordinates"":[110.44133817713121,-7.303471270582834]}"
1_1_1_1_2_6_0,0.0434,0.0311,0.0224,0.041,0.0421,0.0348,0.0478,0.0401,0.0424,0.053,0.0412,0.0548,-0.17573483,0.047678925,0.018855715,0.11461618,0.15027325,-0.16261683,0.014707925,0.12765956,-0.40583554,0.13730931,0.20728928,-0.11461618,0.051587295,0.046444368,-19.689548,-24.328407,0.030303026,1,"{""geodesic"":false,""type"":""Point"",""coordinates"":[110.42611286528397,-7.307884417290194]}"
1_1_1_1_2_62_0,0.0428,0.0253,0.016,0.0389,0.043,0.0313,0.048,0.0539,0.052,0.0479,0.0539,0.0325,-0.2105997,0.04396419,0.01766332,0.05390536,0.25915083,-0.22518158,0.010455116,0.10368663,-0.4992175,0.21183799,0.20959593,-0.05390536,-0.0010427661,0.042990327,-26.848381,-10.411887,0.023006134,1,"{""geodesic"":false,""type"":""Point"",""coordinates"":[110.42651862562556,-7.27378374091696]}"
1_1_1_1_2_35_0,0.0416,0.059,0.0508,0.0468,0.0485,0.0493,0.0585,0.0598,0.0722,0.0637,0.0701,0.0709,-0.010054828,0.035696574,0.012680959,0.13547234,-0.09767441,-0.074681245,0.03931617,0.15294117,-0.112663746,0.11531193,0.12743361,-0.13547234,0.042553175,0.035236537,-21.936583,-7.3046775,0.04152334,1,"{""geodesic"":false,""type"":""Point"",""coordinates"":[110.43911440341532,-7.270452693943563]}"
1_1_1_1_2_199_0,0.043,0.0289,0.0184,0.0415,0.0472,0.0363,0.0525,0.0627,0.082,0.0926,0.0702,0.0301,-0.34571,0.14086975,0.057611436,0.32474965,0.24047309,-0.22198729,0.0072129588,0.38105893,-0.6684685,0.17897727,0.4367727,-0.32474965,0.27636114,0.13428208,-21.933422,-14.130153,0.12088,1,"{""geodesic"":false,""type"":""Point"",""coordinates"":[110.43267980263504,-7.272796498866806]}"
1_1_1_1_2_155_0,0.0458,0.0583,0.0464,0.0438,0.0451,0.0412,0.0544,0.0567,0.0654,0.0736,0.0726,0.079,-0.08252651,0.08162854,0.02936953,0.24010111,-0.12765957,-0.11365807,0.025973912,0.25383306,-0.22666669,-0.14201763,0.28222996,-0.24010111,0.15,0.0790501,-16.681091,-11.837386,0.07240039,1,"{""geodesic"":false,""type"":""Point"",""coordinates"":[110.42892139394102,-7.3077975273491695]}"
1_1_1_1_2_106_0,0.0413,0.0401,0.0235,0.0358,0.0424,0.0313,0.0552,0.0952,0.0997,0.0926,0.096,0.0935,-0.2852853,0.15144777,0.05974046,0.3718519,0.027878763,-0.26100633,0.007943304,0.4423676,-0.5951766,-0.05665352,0.49475384,-0.3718519,0.25304466,0.1473794,-18.636913,-12.48081,0.13558245,1,"{""geodesic"":false,""type"":""Point"",""coordinates"":[110.43290639058888,-7.308707095582583]}"
1_1_1_1_2_66_0,0.0452,0.0583,0.0349,0.0379,0.0474,0.0321,0.06,0.1159,0.1155,0.0879,0.1036,0.145,-0.16373728,0.1400251,0.05115682,0.2993348,-0.103122026,-0.25107297,0.012745051,0.39745626,-0.4315961,-0.2120582,0.465,-0.2993348,0.18864097,0.13499999,-14.944503,-8.597615,0.11984659,1,"{""geodesic"":false,""type"":""Point"",""coordinates"":[110.42615168099489,-7.277401442249108]}"
1_1_1_1_2_185_0,0.042,0.0265,0.0197,0.0353,0.047,0.0299,0.0364,0.0405,0.0387,0.0327,0.0371,0.0588,-0.09324759,0.00738903,0.0034025486,-0.17942284,0.27891156,-0.14718615,0.018013151,-0.03823534,-0.24809158,0.14239486,0.04472842,0.17942284,-0.05354561,0.007465337,-16.276073,-10.195466,-0.006866205,1,"{""geodesic"":false,""type"":""Point"",""coordinates"":[110.44224668867368,-7.301391945564464]}"
1_1_1_1_2_134_0,0.046,0.0576,0.031,0.0452,0.0524,0.044,0.0567,0.0934,0.1018,0.0815,0.1133,0.1581,-0.10994308,0.093144566,0.035089802,0.21732637,-0.047272716,-0.30022573,0.016736196,0.28650355,-0.4488889,-0.120622545,0.2988048,-0.21732637,0.17945008,0.08992806,-21.228546,-10.954265,0.08688368,1,"{""geodesic"":false,""type"":""Point"",""coordinates"":[110.42496908552968,-7.281289469354824]}"
1_1_1_1_2_80_0,0.0458,0.0465,0.0302,0.0399,0.0429,0.034,0.057,0.0719,0.0829,0.0608,0.0829,0.1028,-0.11147902,0.0693905,0.024584742,0.17261332,-0.04026847,-0.2125163,0.016888158,0.20754716,-0.33626375,-0.07638889,0.28270042,-0.17261332,0.032258075,0.067585744,-19.407495,-16.94695,0.05218911,1,"{""geodesic"":false,""type"":""Point"",""coordinates"":[110.42584062143862,-7.308245886924198]}"
1_1_1_1_2_138_0,0.0388,0.0169,0.0106,0.0307,0.0356,0.0227,0.0441,0.042,0.0487,0.0385,0.0381,0.0602,-0.2720588,0.041823283,0.016827878,0.039136313,0.35619047,-0.2290909,0.00624987,0.11271676,-0.5682281,0.28991598,0.25816992,-0.039136313,-0.06779661,0.04223093,-23.449469,-13.382755,0.020555165,1,"{""geodesic"":false,""type"":""Point"",""coordinates"":[110.41662698732476,-7.287429666318141]}"
1_1_1_1_2_121_0,0.0413,0.0201,0.0158,0.037,0.0402,0.0306,0.0376,0.0358,0.0363,0.0411,0.0358,0.0532,-0.21273293,0.027713258,0.012360815,0.0110701155,0.33333334,-0.119777165,0.011763504,0.052496783,-0.44463974,0.295972,0.1464435,-0.0110701155,0.04447267,0.027549412,-18.284168,-11.838639,0.010638295,1,"{""geodesic"":false,""type"":""Point"",""coordinates"":[110.42243896863896,-7.2763112745054]}"
1_1_1_1_2_84_0,0.0463,0.0369,0.027,0.0389,0.0396,0.032,0.0464,0.0414,0.0425,0.0402,0.047,0.0663,-0.068918906,0.021798069,0.007331617,0.007518784,0.03529413,-0.15492955,0.021492539,0.01643489,-0.19642854,0.02638523,0.113573365,-0.007518784,-0.071593545,0.021495974,-21.481739,-20.039602,0.0033672932,1,"{""geodesic"":false,""type"":""Point"",""coordinates"":[110.42647535653221,-7.307794424263542]}"
1_1_1_1_2_107_0,0.0403,0.0212,0.0142,0.0372,0.0437,0.0338,0.0378,0.0302,0.0297,0.0385,0.0267,0.0497,-0.15837799,0.012210333,0.00693298,-0.063260324,0.3466872,-0.1977401,0.012466493,0.017173046,-0.46110058,0.27397263,0.065006934,0.063260324,0.00917431,0.012318717,-20.5454,-12.1733265,0.00338718,1,"{""geodesic"":false,""type"":""Point"",""coordinates"":[110.43961600309518,-7.304192769738916]}"
1_1_1_1_2_167_0,0.0408,0.0724,0.0486,0.0802,0.0812,0.0838,0.0686,0.0932,0.096,0.1208,0.1079,0.0731,-0.12541993,0.09049995,0.039020315,0.1960396,0.057291664,-0.19669424,0.03371424,0.20199005,-0.42621017,-0.051114008,0.18084066,-0.1960396,0.2756072,0.0787681,-16.497242,-10.98446,0.08687589,1,"{""geodesic"":false,""type"":""Point"",""coordinates"":[110.44315138693266,-7.30238805953593]}"
1_1_1_1_2_77_0,0.0455,0.0327,0.0209,0.0414,0.0507,0.0368,0.05,0.0734,0.0827,0.0896,0.0681,0.0605,-0.30673316,0.13201319,0.0535266,0.277263,0.21582738,-0.22014923,0.008583929,0.3679389,-0.6217194,0.11740894,0.4177215,-0.277263,0.2836676,0.12643677,-18.350613,-13.899272,0.11458002,1,"{""geodesic"":false,""type"":""Point"",""coordinates"":[110.42378889313457,-7.283277958623213]}"
1_1_1_1_2_87_0,0.0486,0.0332,0.026,0.0344,0.0414,0.03,0.0445,0.0424,0.0438,0.0412,0.0415,0.0641,-0.0893372,0.029069772,0.010632896,-0.0024213034,0.109919585,-0.1216216,0.018932039,0.08994708,-0.22619048,0.017751504,0.1573034,0.0024213034,-0.038506407,0.029411769,-20.521898,-16.697184,0.017720638,1,"{""geodesic"":false,""type"":""Point"",""coordinates"":[110.42756352028817,-7.306981719988484]}"
1_1_1_1_2_102_0,0.0461,0.0471,0.0367,0.0379,0.0414,0.0344,0.0465,0.0527,0.0514,0.0561,0.0545,0.0635,-0.07122507,0.05545617,0.019449297,0.15076922,-0.064406775,-0.12410502,0.0225041,0.193617,-0.20905173,-0.108235285,0.23977898,-0.15076922,0.09356725,0.055122774,-17.202541,-12.704887,0.045959592,1,"{""geodesic"":false,""type"":""Point"",""coordinates"":[110.42937539681974,-7.3069840152196255]}"
1_1_1_1_2_163_0,0.0396,0.0337,0.0223,0.0531,0.0473,0.0402,0.0455,0.0634,0.0773,0.0708,0.0681,0.0332,-0.2527806,0.08372093,0.031751934,0.19898391,0.16790122,-0.20357145,0.012661864,0.14285712,-0.52094525,0.22350231,0.27567568,-0.19898391,0.21754083,0.07512275,-17.737942,-13.792421,0.042554893,1,"{""geodesic"":false,""type"":""Point"",""coordinates"":[110.4359893182161,-7.306540060917096]}"
1_1_1_1_2_198_0,0.0421,0.032,0.0188,0.04,0.0438,0.0351,0.0525,0.0654,0.0912,0.0422,0.0808,0.0364,-0.101138614,0.018629296,0.0076493807,-0.018604662,0.1556728,-0.25984254,0.015636967,0.02676399,-0.38360655,0.111111075,0.0918499,0.018604662,-0.10876453,0.01844794,-16.884869,-11.170692,0.0056681554,1,"{""geodesic"":false,""type"":""Point"",""coordinates"":[110.43394813441377,-7.272707630365317]}"
1_1_1_1_2_140_0,0.0421,0.0254,0.016,0.0351,0.0388,0.0292,0.0403,0.0402,0.04,0.0354,0.0406,0.0699,-0.12709832,0.016361427,0.0068734367,-0.045822125,0.20872276,-0.2270531,0.0131977415,0.0042552855,-0.37743187,0.16033061,0.09597521,0.045822125,-0.0647292,0.016471835,-17.259483,-10.992336,7.887755E-4,1,"{""geodesic"":false,""type"":""Point"",""coordinates"":[110.41916198505947,-7.288608830287983]}"
1_1_1_1_2_186_0,0.0372,0.0239,0.0176,0.0322,0.0416,0.032,0.0384,0.034,0.0357,0.044,0.0393,0.0373,-0.15367144,0.030165909,0.013435485,0.028037379,0.270229,-0.15180723,0.012800001,0.15485562,-0.42857143,0.1479501,0.15789472,-0.028037379,0.067961164,0.031249996,-20.765585,-9.544729,0.030718496,1,"{""geodesic"":false,""type"":""Point"",""coordinates"":[110.44850214600018,-7.297690999701889]}"
1_1_1_1_2_166_0,0.0415,0.0525,0.034,0.0411,0.0464,0.0361,0.0575,0.0636,0.0901,0.0534,0.0978,0.0788,-0.032222826,0.044970103,0.014393582,0.07014027,-0.061678454,-0.21387279,0.02298502,0.13015872,-0.22196792,-0.121794865,0.19329607,-0.07014027,-0.036970254,0.04402035,-14.099968,-11.965553,0.031034483,1,"{""geodesic"":false,""type"":""Point"",""coordinates"":[110.44206438159007,-7.30229626316009]}"
1_1_1_1_2_101_0,0.0453,0.0304,0.0244,0.038,0.0424,0.0339,0.0445,0.0408,0.051,0.0423,0.0448,0.0601,-0.11065006,0.021859063,0.009020273,-0.0011806135,0.16483514,-0.10948907,0.01955461,0.053549215,-0.26836583,0.11111109,0.11023623,0.0011806135,-0.025345612,0.02186741,-20.544825,-8.364961,0.011114946,1,"{""geodesic"":false,""type"":""Point"",""coordinates"":[110.4290140548755,-7.30616947145781]}"
1_1_1_1_2_58_0,0.0436,0.0343,0.0248,0.0576,0.0574,0.0565,0.0525,0.0534,0.0512,0.0595,0.0497,0.047,-0.12650314,0.0077599646,0.0069342977,0.01796409,0.2519084,-0.16074447,0.02354958,0.016225468,-0.41162515,0.25353646,0.025862088,-0.01796409,0.062500015,0.0073052007,-12.578907,-11.593337,0.004618382,1,"{""geodesic"":false,""type"":""Point"",""coordinates"":[110.42959630470598,-7.2755967091452876]}"
1_1_1_1_2_19_0,0.0458,0.0583,0.0464,0.0641,0.0696,0.0588,0.0544,0.0567,0.0654,0.0804,0.0726,0.079,-0.10474004,0.05669588,0.021688607,0.071999975,0.08835028,-0.11365807,0.03393433,0.11280277,-0.2681388,0.047385603,0.1551724,-0.071999975,0.19287832,0.050688352,-21.775946,-12.879826,0.037936386,1,"{""geodesic"":false,""type"":""Point"",""coordinates"":[110.4290119879396,-7.307797642023598]}"
1_1_1_1_2_111_0,0.0473,0.0355,0.0261,0.0417,0.0448,0.0368,0.0519,0.0369,0.0364,0.037,0.0377,0.1148,-0.042384107,5.2907167E-4,4.3038628E-4,-0.0953545,0.115815654,-0.15259741,0.02595892,-0.05972047,-0.17274168,0.08031089,0.0027100225,0.0953545,-0.16760404,5.2282936E-4,-20.600765,-12.587029,-0.012182482,1,"{""geodesic"":false,""type"":""Point"",""coordinates"":[110.43104695856084,-7.274603536688534]}"
1_1_1_1_2_182_0,0.0402,0.0439,0.0318,0.0456,0.0507,0.0445,0.0492,0.0646,0.0716,0.0798,0.0663,0.1584,-0.17305893,0.08782843,0.035406332,0.2229885,0.0718816,-0.15984148,0.017733084,0.27272728,-0.4301075,0.018994402,0.28399035,-0.2229885,0.23720932,0.084814996,-18.010866,-17.184591,0.0820275,1,"{""geodesic"":false,""type"":""Point"",""coordinates"":[110.44378587424546,-7.3021174787857275]}"
1_1_1_1_2_63_0,0.0427,0.0257,0.0163,0.0314,0.0354,0.0289,0.0422,0.0436,0.0537,0.024,0.0403,0.0811,-0.007272732,-0.012735209,-0.0043328935,-0.19191918,0.15875615,-0.2238095,0.019627916,-0.13357398,-0.191067,0.09982487,-0.092627585,0.19191918,-0.27492446,-0.013293541,-26.730803,-8.343911,-0.019985592,1,"{""geodesic"":false,""type"":""Point"",""coordinates"":[110.42533857702092,-7.275681782961827]}"
1_1_1_1_2_115_0,0.0459,0.0234,0.0173,0.0375,0.0388,0.0317,0.0438,0.0347,0.0371,0.0314,0.0326,0.0527,-0.11129033,-7.9757895E-4,0.0011709292,-0.10541314,0.24758846,-0.14987713,0.017465288,-0.08853415,-0.28952768,0.23152712,-0.00475438,0.10541314,-0.16489364,-7.991512E-4,-20.746328,-15.530449,-0.016083676,1,"{""geodesic"":false,""type"":""Point"",""coordinates"":[110.43077417076256,-7.275417282067202]}"
1_1_1_1_2_154_0,0.0473,0.032,0.0199,0.0397,0.0483,0.0322,0.0565,0.0639,0.0598,0.0787,0.0599,0.1163,-0.29682365,0.1193348,0.04653544,0.23937005,0.20298879,-0.23314068,0.008142059,0.32939187,-0.5963489,0.10739191,0.41929665,-0.23937005,0.16420117,0.1141758,-15.8863735,-11.545847,0.09459896,1,"{""geodesic"":false,""type"":""Point"",""coordinates"":[110.42538718893339,-7.308607125578536]}"
1_1_1_1_2_190_0,0.0401,0.0753,0.0517,0.055,0.0811,0.0628,0.0856,0.0963,0.1043,0.0706,0.0982,0.0937,0.047402333,0.018842414,0.0055847485,-0.06921555,0.037084408,-0.18582678,0.045988098,0.124203846,-0.15453805,-0.15579432,0.058470804,0.06921555,-0.09603071,0.018471753,-17.442904,-9.799172,0.0374041,1,"{""geodesic"":false,""type"":""Point"",""coordinates"":[110.44886761399803,-7.295158722352542]}"
1_1_1_1_2_187_0,0.0378,0.0382,0.0252,0.0398,0.0453,0.0374,0.0482,0.0555,0.0637,0.0638,0.0663,0.0541,-0.15625,0.066686876,0.026258223,0.16956921,0.08502995,-0.2050473,0.014772414,0.23166023,-0.43370786,0.020512834,0.26086956,-0.16956921,0.13928571,0.065868266,-13.410021,-8.013918,0.059642147,1,"{""geodesic"":false,""type"":""Point"",""coordinates"":[110.44850192446155,-7.2978719082228265]}"
1_1_1_1_2_157_0,0.041,0.0249,0.0166,0.0345,0.0372,0.0327,0.0429,0.0508,0.0556,0.0576,0.0527,0.0706,-0.23046093,0.06255967,0.02628232,0.21518986,0.19806762,-0.20000002,0.009423958,0.25081435,-0.5525606,0.16161613,0.2757475,-0.21518986,0.14626865,0.063272916,-19.025053,-15.205836,0.05852052,1,"{""geodesic"":false,""type"":""Point"",""coordinates"":[110.4334499560794,-7.308707778639384]}"
1_1_1_1_2_41_0,0.0378,0.0334,0.0231,0.0378,0.042,0.0345,0.0429,0.0491,0.0482,0.0435,0.0511,0.121,-0.08981233,0.023267837,0.009194942,0.017543852,0.11405836,-0.18230088,0.018320689,0.0701107,-0.3063063,0.061797753,0.115384616,-0.017543852,0.00694443,0.0233564,-20.058035,-15.16443,0.014708411,1,"{""geodesic"":false,""type"":""Point"",""coordinates"":[110.4421954665722,-7.26955195092832]}"
1_1_1_1_2_196_0,0.0365,0.0687,0.0364,0.0368,0.0427,0.0364,0.063,0.1167,0.1534,0.1186,0.1482,0.1496,-0.19309022,0.1936852,0.07647578,0.4705518,-0.23339318,-0.30732635,0.01117167,0.5263835,-0.53032255,-0.30236965,0.53032255,-0.4705518,0.30616742,0.18824428,-8.528942,-10.337526,0.18721391,1,"{""geodesic"":false,""type"":""Point"",""coordinates"":[110.44995758617864,-7.292808235153989]}"
1_1_1_1_2_50_0,0.0459,0.0234,0.0173,0.039,0.0402,0.0315,0.0438,0.0347,0.0371,0.038,0.0326,0.0527,-0.16755117,0.017388973,0.007935485,-0.028132994,0.26415095,-0.14987713,0.014340791,-0.012987039,-0.37432185,0.25000003,0.09352516,0.028132994,-0.070904665,0.017120276,-18.871391,-14.034571,-0.0025996587,1,"{""geodesic"":false,""type"":""Point"",""coordinates"":[110.4307742847376,-7.275326827992855]}"
1_1_1_1_2_128_0,0.0444,0.0243,0.0144,0.0363,0.0414,0.032,0.0437,0.0538,0.0548,0.0583,0.068,0.048,-0.25381047,0.0672256,0.027664596,0.16950852,0.260274,-0.25581396,0.007903946,0.23255815,-0.60385144,0.1980198,0.29125136,-0.16950852,0.14313725,0.06683042,-16.224796,-16.923649,0.055499494,1,"{""geodesic"":false,""type"":""Point"",""coordinates"":[110.42587681227532,-7.279843355440059]}"
1_1_1_1_2_98_0,0.045,0.0438,0.0353,0.0373,0.0406,0.0335,0.045,0.0439,0.0457,0.049,0.0446,0.0939,-0.055012222,0.039938156,0.013674627,0.09374996,-0.03791467,-0.10745889,0.024133675,0.13557355,-0.16251479,-0.080147944,0.18787876,-0.09374996,0.04255318,0.039914157,-19.591295,-12.478627,0.029933473,1,"{""geodesic"":false,""type"":""Point"",""coordinates"":[110.42973719875772,-7.307436743047196]}"
1_1_1_1_2_90_0,0.05,0.0385,0.0283,0.0399,0.0407,0.035,0.0445,0.0425,0.0466,0.0493,0.0484,0.0593,-0.09649663,0.037237644,0.013679728,0.09555556,0.027777778,-0.1526946,0.020091278,0.10538115,-0.27061856,0.01785716,0.16963227,-0.09555556,0.051172707,0.036710594,-24.672138,-18.079388,0.02393075,1,"{""geodesic"":false,""type"":""Point"",""coordinates"":[110.4284696883561,-7.306801960689331]}"
1_1_1_1_2_53_0,0.0446,0.0288,0.0213,0.042,0.0424,0.0368,0.0484,0.0406,0.0468,0.0406,0.0389,0.0412,-0.114709854,0.0100380415,0.0052177655,-0.02168671,0.19101124,-0.14970061,0.019306403,-0.016949123,-0.31179324,0.18644068,0.04909562,0.02168671,-0.08764043,0.009871841,-18.965853,-13.592865,-0.0036045252,1,"{""geodesic"":false,""type"":""Point"",""coordinates"":[110.43140873881838,-7.275056261938931]}"
1_1_1_1_2_68_0,0.0453,0.0524,0.0376,0.0428,0.0534,0.043,0.063,0.0922,0.0916,0.1656,0.1039,0.0527,-0.37195525,0.2779793,0.12093413,0.5123288,0.00945178,-0.16444446,0.0097632855,0.58925146,-0.62992126,-0.10084032,0.5877277,-0.5123288,0.4488189,0.25952584,-20.169598,-10.61822,0.26002258,1,"{""geodesic"":false,""type"":""Point"",""coordinates"":[110.42596786062926,-7.279481654363212]}"
1_1_1_1_2_95_0,0.0465,0.0445,0.0349,0.0368,0.041,0.0338,0.0461,0.0473,0.0492,0.0437,0.045,0.0517,-0.013853905,0.025502319,0.00800374,0.031877182,-0.04093567,-0.12090683,0.026993591,0.08571426,-0.11195929,-0.094710946,0.12774193,-0.031877182,-0.026726076,0.025714286,-18.923586,-16.200909,0.017829452,1,"{""geodesic"":false,""type"":""Point"",""coordinates"":[110.42711124249426,-7.306438421696447]}"
1_1_1_1_2_160_0,0.042,0.0545,0.0289,0.0357,0.0425,0.0292,0.0581,0.0967,0.1087,0.0962,0.1073,0.2974,-0.22356215,0.16689084,0.06251632,0.38716653,-0.123711325,-0.30695444,0.008772141,0.4586808,-0.53796965,-0.2084257,0.53429025,-0.38716653,0.24692157,0.16069715,-20.765635,-9.60579,0.14361449,1,"{""geodesic"":false,""type"":""Point"",""coordinates"":[110.43453685972187,-7.3088900507883645]}"
1_1_1_1_2_158_0,0.0414,0.0233,0.0133,0.0309,0.0347,0.0225,0.0439,0.0469,0.047,0.0353,0.0435,0.1299,-0.18214285,0.03409515,0.012658224,0.008571467,0.19655171,-0.27322406,0.008477337,0.06646528,-0.45267493,0.1402214,0.2214533,-0.008571467,-0.108585835,0.03442094,-23.526712,-18.207548,0.011656663,1,"{""geodesic"":false,""type"":""Point"",""coordinates"":[110.43399386318158,-7.308437099063755]}"
1_1_1_1_2_72_0,0.0444,0.0224,0.0144,0.0404,0.0414,0.0313,0.0404,0.0369,0.0403,0.0396,0.0332,0.05,-0.19670904,0.02244699,0.009877262,-0.02222223,0.29780567,-0.2173913,0.011381818,-0.009999983,-0.46666667,0.2866242,0.11706627,0.02222223,-0.010000003,0.021807669,-20.556816,-13.390266,-0.002068962,1,"{""geodesic"":false,""type"":""Point"",""coordinates"":[110.42451810279599,-7.279751176598056]}"
1_1_1_1_2_74_0,0.0461,0.0266,0.0156,0.0374,0.0449,0.0324,0.0476,0.0483,0.0553,0.0388,0.062,0.077,-0.12721893,0.016794374,0.0074278796,-0.072879314,0.25594407,-0.2606635,0.013026804,0.01837272,-0.4264706,0.16875,0.08988764,0.072879314,-0.101851836,0.016806724,-18.75711,-17.301128,0.0036445714,1,"{""geodesic"":false,""type"":""Point"",""coordinates"":[110.42496574318383,-7.283912634003333]}"
1_1_1_1_2_59_0,0.0438,0.0387,0.0276,0.034,0.0415,0.0299,0.0586,0.0719,0.0794,0.051,0.0804,0.0495,-0.10677084,0.05408038,0.019540459,0.102702715,0.034912705,-0.16742082,0.016181177,0.19999996,-0.2977099,-0.06464921,0.26081583,-0.102702715,-0.069343075,0.05448442,-23.392128,-10.630784,0.043589737,1,"{""geodesic"":false,""type"":""Point"",""coordinates"":[110.42878113131034,-7.275505227954501]}"
1_1_1_1_2_139_0,0.0428,0.0372,0.0238,0.0346,0.0376,0.03,0.058,0.0566,0.0602,0.0458,0.0535,0.0623,-0.089430906,0.040877577,0.014524013,0.098321356,0.0053475844,-0.21967213,0.015589519,0.13930348,-0.31609195,-0.036211688,0.20844328,-0.098321356,-0.11753371,0.04116013,-26.813192,-14.578266,0.028945554,1,"{""geodesic"":false,""type"":""Point"",""coordinates"":[110.41907057931759,-7.289241890775669]}"
1_1_1_1_2_45_0,0.0453,0.0412,0.0287,0.0352,0.0442,0.0346,0.0492,0.0498,0.0481,0.0417,0.0501,0.0949,-0.007203667,0.01801482,0.0059303455,-0.02910358,0.03512879,-0.17882691,0.023813428,0.084525384,-0.18465912,-0.078534044,0.09305374,0.02910358,-0.08250823,0.01847996,-20.46731,-12.068391,0.016900681,1,"{""geodesic"":false,""type"":""Point"",""coordinates"":[110.43521691812485,-7.272256941652021]}"
1_1_1_1_2_46_0,0.0453,0.0665,0.0516,0.0628,0.0652,0.0637,0.07,0.0919,0.0959,0.0896,0.0973,0.0949,-0.07855625,0.06469824,0.02540378,0.15762271,-0.009870916,-0.12616426,0.036684375,0.17585301,-0.26912177,-0.028615646,0.16894977,-0.15762271,0.122807,0.05946732,-14.925918,-8.457644,0.061618637,1,"{""geodesic"":false,""type"":""Point"",""coordinates"":[110.43539786603607,-7.272438075675698]}"
1_1_1_1_2_172_0,0.0384,0.0268,0.0162,0.0451,0.0485,0.0412,0.0417,0.0351,0.0322,0.0481,0.0348,0.0678,-0.15632753,0.01802413,0.009451973,-0.0041408185,0.28818065,-0.24651161,0.013876093,0.032188825,-0.49611196,0.25452018,0.07726761,0.0041408185,0.07126947,0.017563205,-17.980225,-8.699203,0.007585971,1,"{""geodesic"":false,""type"":""Point"",""coordinates"":[110.44251611454791,-7.3032918183670805]}"
1_1_1_1_2_114_0,0.0459,0.0265,0.0218,0.039,0.0465,0.0369,0.0456,0.0378,0.0446,0.0398,0.0382,0.0527,-0.10829818,0.007484259,0.004743094,-0.077636175,0.27397263,-0.09730848,0.020211557,0.010152267,-0.29220778,0.19083971,0.03780966,0.077636175,-0.0679157,0.0075429184,-21.656002,-12.117331,0.0020732514,1,"{""geodesic"":false,""type"":""Point"",""coordinates"":[110.4312276777855,-7.274965580469024]}"
1_1_1_1_2_71_0,0.0443,0.0387,0.026,0.0422,0.0486,0.0384,0.049,0.0652,0.0621,0.0612,0.0605,0.0864,-0.14570636,0.058455538,0.022746833,0.11475411,0.11340206,-0.19629055,0.016313726,0.18375243,-0.40366971,0.043263283,0.22891565,-0.11475411,0.110707805,0.05703802,-22.80636,-11.612318,0.047232352,1,"{""geodesic"":false,""type"":""Point"",""coordinates"":[110.42460753821665,-7.280655831287978]}"
1_1_1_1_2_161_0,0.0418,0.0997,0.0457,0.0412,0.0484,0.035,0.0783,0.2076,0.2216,0.1576,0.2306,0.2762,-0.19220391,0.28953335,0.111133836,0.53009707,-0.34638757,-0.37138927,0.010149111,0.58551306,-0.55041814,-0.41518804,0.63655245,-0.53009707,0.33615938,0.26552123,-12.2453375,-6.2715993,0.24985689,1,"{""geodesic"":false,""type"":""Point"",""coordinates"":[110.43489980532182,-7.3084382349021215]}"
1_1_1_1_2_30_0,0.0398,0.0214,0.0167,0.0421,0.0443,0.0381,0.0351,0.0335,0.0331,0.0415,0.0263,0.0307,-0.16841368,0.0089065805,0.0063595804,-0.032634065,0.34855402,-0.12335961,0.015331808,-0.007177066,-0.42611682,0.32598424,0.04271354,0.032634065,0.08355089,0.008799166,-20.944536,-15.536111,-0.0015421591,1,"{""geodesic"":false,""type"":""Point"",""coordinates"":[110.4393441100724,-7.304282886308373]}"
1_1_1_1_2_110_0,0.0386,0.0457,0.0267,0.0382,0.0472,0.0334,0.0573,0.0992,0.0945,0.0713,0.1104,0.0655,-0.16118771,0.09617337,0.03572019,0.2033755,0.016146427,-0.26243094,0.012507433,0.30228314,-0.45510206,-0.08939214,0.36198664,-0.2033755,0.108864695,0.094013564,-15.702868,-13.525366,0.081460215,1,"{""geodesic"":false,""type"":""Point"",""coordinates"":[110.44079428000416,-7.303741959866786]}"
1_1_1_1_2_175_0,0.0396,0.0286,0.0204,0.042,0.0458,0.0343,0.0357,0.0395,0.0447,0.0518,0.0479,0.0573,-0.1971921,0.046414178,0.01851016,0.06147542,0.2311828,-0.16734692,0.013508108,0.10447763,-0.43490306,0.1898017,0.20325205,-0.06147542,0.18400002,0.044787582,-16.531702,-10.631148,0.024755815,1,"{""geodesic"":false,""type"":""Point"",""coordinates"":[110.44288151082786,-7.3008500035250465]}"
1_1_1_1_2_88_0,0.049,0.0509,0.036,0.0516,0.052,0.0472,0.0549,0.0495,0.0531,0.0621,0.058,0.063,-0.07365438,0.038870916,0.014244284,0.088518836,0.01068999,-0.17146148,0.027362319,0.09234827,-0.26605508,0.006829275,0.13632204,-0.088518836,0.061538465,0.036681436,-18.263023,-15.194597,0.025664002,1,"{""geodesic"":false,""type"":""Point"",""coordinates"":[110.42810673814387,-7.307253771038014]}"
1_1_1_1_2_78_0,0.0475,0.05,0.0299,0.0386,0.0514,0.0324,0.0589,0.101,0.1302,0.1279,0.1153,0.1096,-0.33788672,0.2311677,0.092380926,0.42665926,0.013806683,-0.25156447,0.0075743548,0.53633636,-0.62103933,-0.12866816,0.59575796,-0.42665926,0.36937904,0.21694686,-19.93737,-15.302957,0.20097525,1,"{""geodesic"":false,""type"":""Point"",""coordinates"":[110.42460223312271,-7.284816712853384]}"
1_1_1_1_2_55_0,0.0467,0.0246,0.0179,0.0397,0.0426,0.0337,0.0439,0.0406,0.0419,0.0408,0.0415,0.097,-0.15994239,0.018778104,0.008712708,-0.021582697,0.26785713,-0.15764706,0.014785049,0.013664596,-0.39011928,0.23483674,0.09530202,0.021582697,-0.036599744,0.018537862,-25.16493,-15.292204,0.0028423772,1,"{""geodesic"":false,""type"":""Point"",""coordinates"":[110.43104752808394,-7.274151266275455]}"
1_1_1_1_2_109_0,0.0387,0.0365,0.0253,0.0372,0.0402,0.0329,0.0507,0.0417,0.062,0.0489,0.0716,0.0426,-0.10739549,0.041352212,0.015362006,0.09764312,0.048239887,-0.18122977,0.017021881,0.1358885,-0.3180593,0.009497974,0.195599,-0.09764312,-0.018072281,0.041251287,-17.246044,-13.68804,0.029943697,1,"{""geodesic"":false,""type"":""Point"",""coordinates"":[110.4391643887505,-7.303106757992386]}"
1_1_1_1_2_94_0,0.0513,0.0429,0.0319,0.0434,0.0482,0.0524,0.0679,0.0676,0.0699,0.0654,0.0546,0.0532,-0.066144034,0.030826133,0.014683591,0.15140843,0.05817783,-0.14705883,0.025559023,0.20220585,-0.34429598,-0.0057937545,0.11035651,-0.15140843,-0.018754711,0.031563606,-24.56934,-22.201216,0.054204985,1,"{""geodesic"":false,""type"":""Point"",""coordinates"":[110.42720229691987,-7.306076721135099]}"
1_1_1_1_2_2_0,0.0465,0.0445,0.0349,0.0398,0.046,0.0358,0.0461,0.0473,0.0492,0.0559,0.045,0.0517,-0.0875,0.051686898,0.018558182,0.09715407,0.016574578,-0.12090683,0.022350982,0.16823407,-0.23127756,-0.05575328,0.21919304,-0.09715407,0.09607843,0.05095488,-16.26457,-14.213093,0.040540542,1,"{""geodesic"":false,""type"":""Point"",""coordinates"":[110.42720183619032,-7.306438536713104]}"
1_1_1_1_2_135_0,0.0418,0.0192,0.0123,0.0303,0.035,0.0265,0.0418,0.0275,0.0317,0.0324,0.0288,0.0603,-0.15682657,0.015298452,0.0071937107,-0.038575657,0.2915129,-0.21904765,0.010060185,0.033492826,-0.44966444,0.22424242,0.1001698,0.038575657,-0.12668462,0.015834678,-20.42448,-11.097497,0.00559801,1,"{""geodesic"":false,""type"":""Point"",""coordinates"":[110.4175332348954,-7.287159472242579]}"
1_1_1_1_2_152_0,0.0451,0.0424,0.0319,0.0404,0.0449,0.0376,0.0448,0.0462,0.0516,0.0496,0.0439,0.0993,-0.05882354,0.030857854,0.011149344,0.049735464,0.0286369,-0.14131896,0.024182256,0.10222226,-0.21717793,-0.024154594,0.1376147,-0.049735464,0.05084747,0.030653955,-18.100481,-15.691878,0.023389839,1,"{""geodesic"":false,""type"":""Point"",""coordinates"":[110.42701880506415,-7.307885568869396]}"
1_1_1_1_2_131_0,0.046,0.0558,0.0353,0.0414,0.0496,0.0461,0.059,0.0826,0.0924,0.0752,0.0886,0.1581,-0.06727689,0.069864586,0.027380958,0.20512818,-0.0588235,-0.22502741,0.021640029,0.28987992,-0.36108595,-0.14814813,0.23990105,-0.20512818,0.12071534,0.070255905,-16.747158,-10.516612,0.0822251,1,"{""geodesic"":false,""type"":""Point"",""coordinates"":[110.42496931599072,-7.281108561436795]}"
1_1_1_1_2_37_0,0.0437,0.033,0.0239,0.0405,0.0436,0.0375,0.044,0.0435,0.045,0.0484,0.0456,0.07,-0.115432866,0.02810292,0.011697491,0.052173905,0.13838121,-0.1599297,0.018517563,0.08886389,-0.33886582,0.10204082,0.12689172,-0.052173905,0.047619045,0.02790578,-19.799181,-7.9850516,0.020122262,1,"{""geodesic"":false,""type"":""Point"",""coordinates"":[110.4392043167839,-7.270995531348592]}"
1_1_1_1_2_11_0,0.0486,0.0449,0.0321,0.0438,0.0485,0.0426,0.0517,0.0512,0.0499,0.0525,0.0532,0.0641,-0.047878128,0.025265414,0.009492393,0.03960393,0.03854391,-0.16623378,0.026046857,0.09034266,-0.24113475,-0.012401353,0.10410095,-0.03960393,0.0076775276,0.02495379,-24.482174,-12.425998,0.021884954,1,"{""geodesic"":false,""type"":""Point"",""coordinates"":[110.42792566544804,-7.30716308742221]}"
1_1_1_1_2_147_0,0.0458,0.0458,0.0337,0.0427,0.0469,0.0402,0.0513,0.0502,0.0488,0.0489,0.052,0.079,-0.031531543,0.022426154,0.007707567,0.02087683,0.011866235,-0.15220125,0.027704293,0.0676856,-0.18401937,-0.035028253,0.09764312,-0.02087683,-0.023952087,0.02215244,-20.532646,-17.671345,0.015720082,1,"{""geodesic"":false,""type"":""Point"",""coordinates"":[110.42883102969968,-7.307616504827463]}"
1_1_1_1_2_126_0,0.0447,0.0527,0.0272,0.0412,0.0527,0.0367,0.0669,0.1125,0.1314,0.1489,0.1627,0.0681,-0.36028624,0.26459768,0.10936447,0.47718254,0.0,-0.31914896,0.0067040967,0.56654394,-0.6910846,-0.12247072,0.60452586,-0.47718254,0.37998146,0.24547842,-19.018759,-11.407369,0.23409651,1,"{""geodesic"":false,""type"":""Point"",""coordinates"":[110.42560550760733,-7.279481194888191]}"
1_1_1_1_2_195_0,0.0381,0.0596,0.0326,0.0302,0.0378,0.0295,0.0634,0.1159,0.1248,0.0616,0.1376,0.1151,-0.014925378,0.079290584,0.026765661,0.23943663,-0.2238193,-0.29284164,0.015612014,0.34204793,-0.3078556,-0.3273942,0.35236004,-0.23943663,-0.014400003,0.0814583,-20.173008,-12.215686,0.0795877,1,"{""geodesic"":false,""type"":""Point"",""coordinates"":[110.44959455808613,-7.293350519848793]}"
1_1_1_1_2_39_0,0.0421,0.0248,0.0175,0.0342,0.0385,0.029,0.0345,0.0357,0.0264,0.0288,0.03,0.0579,-0.078767136,-5.2837277E-4,5.4432626E-4,-0.14413077,0.21642968,-0.17257684,0.017621528,-0.08571432,-0.24406047,0.15932204,-0.003460202,0.14413077,-0.090047404,-5.378263E-4,-20.138184,-13.473586,-0.014387216,1,"{""geodesic"":false,""type"":""Point"",""coordinates"":[110.4389319951099,-7.271447466196847]}"
1_1_1_1_2_16_0,0.0459,0.0309,0.022,0.044,0.048,0.0423,0.0445,0.0413,0.0439,0.0523,0.0395,0.0541,-0.13628317,0.025612125,0.012020312,0.04287137,0.21673004,-0.16824196,0.017793499,0.08618898,-0.4078062,0.17489988,0.10570823,-0.04287137,0.0805785,0.025227038,-20.943285,-17.840672,0.020878749,1,"{""geodesic"":false,""type"":""Point"",""coordinates"":[110.42883217839093,-7.3067119656602095]}"
1_1_1_1_2_34_0,0.0418,0.0361,0.0204,0.036,0.042,0.0324,0.0424,0.0582,0.0524,0.0307,0.0634,0.0774,0.013313628,-0.004449798,-0.0023557167,-0.15543328,0.07554416,-0.27787608,0.021529643,-0.07946025,-0.20156553,0.0013869861,-0.026941376,0.15543328,-0.16005471,-0.0045285053,-25.866964,-11.139672,-0.014028583,1,"{""geodesic"":false,""type"":""Point"",""coordinates"":[110.43884219431345,-7.2708141745479145]}"
1_1_1_1_2_32_0,0.0407,0.0392,0.0249,0.0368,0.0464,0.0324,0.053,0.0772,0.0734,0.084,0.0747,0.0637,-0.25571725,0.12869114,0.0503949,0.28834355,0.08411214,-0.22308892,0.009604286,0.39072847,-0.5426997,-0.031578943,0.44329897,-0.28834355,0.22627737,0.12556781,-17.13928,-11.293332,0.11404639,1,"{""geodesic"":false,""type"":""Point"",""coordinates"":[110.43947630141281,-7.270814958974248]}"
1_1_1_1_2_103_0,0.0444,0.0428,0.0328,0.0404,0.0423,0.035,0.0488,0.0455,0.0504,0.0544,0.0539,0.0603,-0.09849361,0.050447267,0.01801768,0.12512927,-0.0058754524,-0.13227515,0.02110294,0.14767934,-0.24770643,-0.028846195,0.21700224,-0.12512927,0.054263573,0.049372245,-19.448828,-15.710913,0.03530599,1,"{""geodesic"":false,""type"":""Point"",""coordinates"":[110.4291943239329,-7.306893332100533]}"
1_1_1_1_2_31_0,0.0407,0.0274,0.0187,0.0327,0.0383,0.0295,0.0394,0.0513,0.0623,0.0337,0.0486,0.0637,-0.07704784,0.010875758,0.0045721633,-0.063888885,0.16590564,-0.18872018,0.016369436,0.015060272,-0.28625956,0.08818633,0.0664557,0.063888885,-0.07797537,0.01118608,-15.91663,-9.732173,0.0026483105,1,"{""geodesic"":false,""type"":""Point"",""coordinates"":[110.43992934716847,-7.270725064499796]}"
1_1_1_1_2_105_0,0.0461,0.0332,0.0292,0.0359,0.0364,0.0336,0.0445,0.047,0.0449,0.0398,0.0413,0.0635,-0.062456153,0.015944043,0.0062708887,0.044619396,0.04597704,-0.064102545,0.024651255,0.05151914,-0.15362316,0.03907382,0.08446868,-0.044619396,-0.05575327,0.016219046,-15.829229,-13.98679,0.01016154,1,"{""geodesic"":false,""type"":""Point"",""coordinates"":[110.42937493778045,-7.3073458309209425]}"
1_1_1_1_2_5_0,0.0434,0.0365,0.029,0.0407,0.0418,0.036,0.0508,0.0498,0.0513,0.0466,0.0464,0.0548,-0.092615776,0.027680578,0.01051139,0.054298636,0.06768838,-0.11450382,0.022403432,0.06758304,-0.23280424,0.05440415,0.1283293,-0.054298636,-0.04312116,0.027291454,-22.385044,-17.952078,0.015068958,1,"{""geodesic"":false,""type"":""Point"",""coordinates"":[110.42629416861848,-7.307794193877819]}"
1_1_1_1_2_38_0,0.04,0.0212,0.0156,0.0322,0.0389,0.0308,0.0368,0.0325,0.0307,0.0288,0.0301,0.0366,-0.07964603,-0.0051435046,-2.986832E-4,-0.1491876,0.29450914,-0.1521739,0.016683333,-0.05573773,-0.2972973,0.20599253,-0.033557054,0.1491876,-0.12195123,-0.005360973,-23.311945,-14.005231,-0.009090913,1,"{""geodesic"":false,""type"":""Point"",""coordinates"":[110.43965691423787,-7.271267454086841]}"
1_1_1_1_2_129_0,0.0438,0.0221,0.0163,0.0371,0.0402,0.0307,0.0401,0.0483,0.0539,0.0404,0.0512,0.0619,-0.18956253,0.025624765,0.011224095,0.0024813854,0.2905297,-0.15104166,0.012386387,0.042580646,-0.42504406,0.25337836,0.13642755,-0.0024813854,0.0037266887,0.025477145,-15.88817,-11.441756,0.008571428,1,"{""geodesic"":false,""type"":""Point"",""coordinates"":[110.42578576375418,-7.280205056481454]}"
1_1_1_1_2_122_0,0.0443,0.0353,0.0229,0.0367,0.0422,0.0346,0.047,0.0669,0.0728,0.0505,0.078,0.0864,-0.11012093,0.04044361,0.015775947,0.08953617,0.089032225,-0.21305844,0.0156899,0.1582569,-0.3760218,0.019444412,0.18683901,-0.08953617,0.035897452,0.040762264,-20.584538,-15.917169,0.03525205,1,"{""geodesic"":false,""type"":""Point"",""coordinates"":[110.42433611884597,-7.280384123982293]}"
1_1_1_1_2_136_0,0.0418,0.0193,0.0114,0.0324,0.0356,0.0258,0.0392,0.0292,0.0356,0.0385,0.0274,0.0603,-0.22241378,0.0334105,0.013851932,0.039136313,0.29690343,-0.257329,0.0076394808,0.08603665,-0.5430862,0.25338492,0.19751164,-0.039136313,-0.009009012,0.033758637,-17.282852,-14.001642,0.016027322,1,"{""geodesic"":false,""type"":""Point"",""coordinates"":[110.41753300125815,-7.287340379873631]}"
1_1_1_1_2_60_0,0.0448,0.0416,0.0305,0.0516,0.0608,0.0504,0.0602,0.0811,0.0862,0.059,0.0813,0.0817,-0.09180652,0.02206486,0.010159541,-0.015025048,0.1875,-0.15395284,0.026054237,0.06690776,-0.31843576,0.107296154,0.07861061,0.015025048,-0.010067111,0.021168362,-19.404394,-10.503898,0.018178837,1,"{""geodesic"":false,""type"":""Point"",""coordinates"":[110.428056545833,-7.2754138596824935]}"
1_1_1_1_2_132_0,0.0444,0.0507,0.0284,0.0388,0.0465,0.0355,0.0517,0.0817,0.1001,0.0792,0.1,0.1941,-0.15572967,0.10911905,0.041006245,0.2601432,-0.043209877,-0.28192163,0.012729798,0.34237286,-0.47211894,-0.13296089,0.38099387,-0.2601432,0.21008404,0.10663738,-19.463314,-13.340807,0.098058246,1,"{""geodesic"":false,""type"":""Point"",""coordinates"":[110.42451648848353,-7.281017531968784]}"
1_1_1_1_2_43_0,0.0406,0.0245,0.0165,0.036,0.0422,0.0326,0.0385,0.0425,0.0455,0.0575,0.0419,0.1269,-0.24169986,0.06332011,0.026335487,0.1534604,0.26536733,-0.19512194,0.009354782,0.22994655,-0.5540541,0.19008264,0.2763596,-0.1534604,0.19791667,0.06329436,-20.984274,-11.797833,0.054338675,1,"{""geodesic"":false,""type"":""Point"",""coordinates"":[110.44137907024441,-7.270455489896267]}"
1_1_1_1_2_193_0,0.0365,0.0319,0.0229,0.0369,0.0388,0.0354,0.0485,0.0435,0.0376,0.0438,0.0436,0.0393,-0.090540536,0.021440607,0.009020273,0.060532674,0.09759549,-0.16423357,0.018508218,0.08550188,-0.31334332,0.07267441,0.10606062,-0.060532674,-0.050920907,0.021754146,-13.696498,-4.86988,0.01782332,1,"{""geodesic"":false,""type"":""Point"",""coordinates"":[110.44841232920031,-7.297057709268618]}"
1_1_1_1_2_69_0,0.0451,0.0203,0.0145,0.0446,0.0456,0.0374,0.0384,0.0373,0.0403,0.0442,0.0335,0.0761,-0.21228668,0.018199336,0.00983047,-0.015590215,0.383915,-0.1666667,0.012269231,-0.004504497,-0.50596255,0.37442216,0.08333333,0.015590215,0.070217915,0.017537825,-25.044128,-15.749797,-0.00101902,1,"{""geodesic"":false,""type"":""Point"",""coordinates"":[110.42506071100068,-7.280475498750933]}"
1_1_1_1_2_192_0,0.0377,0.0284,0.0192,0.0414,0.0355,0.032,0.038,0.0312,0.0397,0.0341,0.0446,0.0616,-0.1111111,0.0057339403,0.0027379924,-0.020114962,0.11111113,-0.19327728,0.018017597,-0.09668875,-0.2795497,0.18624642,0.03177002,0.020114962,-0.054091543,0.005564383,-20.3849,-12.112107,-0.019026935,1,"{""geodesic"":false,""type"":""Point"",""coordinates"":[110.44949987720233,-7.296697218135142]}"
1_1_1_1_2_25_0,0.0392,0.0167,0.0128,0.0324,0.0417,0.03,0.0425,0.026,0.0308,0.0301,0.0302,0.0251,-0.14468865,2.5850438E-4,0.0024570327,-0.16155992,0.42808223,-0.13220339,0.012757475,-0.036800027,-0.4032634,0.3197556,0.0016638908,0.16155992,-0.17079891,2.6780888E-4,-18.643198,-20.208511,-0.006133338,1,"{""geodesic"":false,""type"":""Point"",""coordinates"":[110.43925599629407,-7.302292783654246]}"
1_1_1_1_2_85_0,0.0471,0.0422,0.0285,0.0408,0.0401,0.0342,0.0527,0.0548,0.0616,0.0497,0.0622,0.0595,-0.08448172,0.04083675,0.014082234,0.106904216,-0.025516383,-0.1937765,0.019611672,0.098342516,-0.27109975,-0.01686744,0.18474372,-0.106904216,-0.02929688,0.03981846,-20.48593,-16.67149,0.022607954,1,"{""geodesic"":false,""type"":""Point"",""coordinates"":[110.42720068426392,-7.307343075632664]}"
1_1_1_1_2_8_0,0.042,0.0318,0.02,0.039,0.0419,0.0345,0.0517,0.0499,0.0569,0.0631,0.0517,0.0594,-0.21258909,0.073138304,0.029078498,0.20190476,0.13704205,-0.22779927,0.0109350225,0.23604311,-0.51865226,0.1016949,0.29303282,-0.20190476,0.099303156,0.071787156,-19.28023,-14.130056,0.060039867,1,"{""geodesic"":false,""type"":""Point"",""coordinates"":[110.42574991189333,-7.308336225469155]}"
1_1_1_1_2_112_0,0.0467,0.0238,0.0167,0.0388,0.0432,0.0333,0.0401,0.0333,0.0383,0.0395,0.0373,0.097,-0.15657312,0.01634504,0.007883595,-0.044740014,0.28955224,-0.17530866,0.0140787335,0.008939982,-0.40569398,0.23961662,0.08516484,0.044740014,-0.0075376653,0.016236035,-24.358631,-12.589854,0.0018156683,1,"{""geodesic"":false,""type"":""Point"",""coordinates"":[110.43086658141844,-7.273970130610156]}"
1_1_1_1_2_42_0,0.0394,0.0334,0.0236,0.0404,0.0466,0.0386,0.0486,0.0515,0.0496,0.0497,0.0574,0.1226,-0.11165945,0.028365526,0.012021545,0.03219107,0.165,-0.17192979,0.018329177,0.10321866,-0.3560709,0.09485094,0.12570779,-0.03219107,0.011190228,0.028301882,-20.568533,-11.719114,0.023640063,1,"{""geodesic"":false,""type"":""Point"",""coordinates"":[110.44292071604609,-7.269100570388802]}"
1_1_1_1_2_133_0,0.0444,0.0644,0.0346,0.0462,0.0512,0.0397,0.0621,0.0986,0.1227,0.0884,0.1415,0.1941,-0.12777543,0.12422201,0.04432265,0.26647565,-0.11418688,-0.3010101,0.015538689,0.31352153,-0.43739834,-0.16455698,0.38017172,-0.26647565,0.17475082,0.11630313,-18.247559,-14.45916,0.099747874,1,"{""geodesic"":false,""type"":""Point"",""coordinates"":[110.42460684642438,-7.281198555013919]}"
1_1_1_1_2_165_0,0.0393,0.0306,0.0223,0.0429,0.0473,0.0376,0.0498,0.054,0.0583,0.0466,0.0609,0.0494,-0.13506658,0.023672996,0.010240543,-0.0074547464,0.2143774,-0.15689982,0.017993134,0.041340776,-0.35268506,0.16734694,0.10688836,0.0074547464,-0.03319503,0.023108523,-20.073114,-17.26937,0.009414757,1,"{""geodesic"":false,""type"":""Point"",""coordinates"":[110.44079562882261,-7.302656510425472]}"
1_1_1_1_2_116_0,0.0459,0.0282,0.0227,0.0394,0.0423,0.0333,0.0471,0.0399,0.0379,0.0348,0.0402,0.0527,-0.09358879,0.003993183,0.0024038241,-0.09727627,0.2,-0.10805501,0.021721553,-0.061994605,-0.21043478,0.16568047,0.022026422,0.09727627,-0.15018314,0.0039605685,-16.706402,-10.969619,-0.012016718,1,"{""geodesic"":false,""type"":""Point"",""coordinates"":[110.43095557368055,-7.275236601491917]}"
1_1_1_1_2_9_0,0.05,0.06,0.038,0.0378,0.0451,0.0378,0.0638,0.0698,0.0774,0.0539,0.0712,0.1785,0.03218997,0.040363017,0.012165705,0.08888889,-0.14176974,-0.2244898,0.026649348,0.17557253,-0.17301416,-0.22699386,0.17557253,-0.08888889,-0.08411215,0.040814605,-18.838676,-11.598146,0.040814605,1,"{""geodesic"":false,""type"":""Point"",""coordinates"":[110.42593075358802,-7.308607817686752]}"
1_1_1_1_2_197_0,0.0365,0.0395,0.0248,0.0323,0.0428,0.0338,0.0509,0.0647,0.0577,0.0554,0.0687,0.1496,-0.08944098,0.053152222,0.020589843,0.12830955,0.040097203,-0.22861587,0.015130686,0.26339796,-0.3815461,-0.100278586,0.24215248,-0.12830955,0.04233301,0.05498982,-10.582043,-8.78361,0.058958653,1,"{""geodesic"":false,""type"":""Point"",""coordinates"":[110.44986721570545,-7.292627216307907]}"
1_1_1_1_2_79_0,0.042,0.0336,0.0236,0.0363,0.0444,0.0337,0.0599,0.0698,0.0807,0.0703,0.0689,0.0594,-0.22599195,0.091477126,0.03661772,0.22580644,0.13846155,-0.17482513,0.01131323,0.31894934,-0.49733758,0.038626626,0.35192305,-0.22580644,0.0798771,0.090894036,-18.050749,-13.69527,0.08407517,1,"{""geodesic"":false,""type"":""Point"",""coordinates"":[110.42556860823969,-7.308426448635096]}"
1_1_1_1_2_67_0,0.0455,0.0379,0.0247,0.0363,0.0418,0.03,0.0494,0.0622,0.0709,0.0662,0.0689,0.0831,-0.20305166,0.092920594,0.03479996,0.22592595,0.048933487,-0.2108626,0.011193353,0.29170734,-0.45654565,-0.021563355,0.3762994,-0.22592595,0.14532875,0.09107683,-21.018435,-17.901636,0.07443984,1,"{""geodesic"":false,""type"":""Point"",""coordinates"":[110.4239758424701,-7.278755492051368]}"
1_1_1_1_2_173_0,0.041,0.0338,0.0188,0.035,0.0393,0.0297,0.0437,0.0596,0.0647,0.0304,0.061,0.0749,-0.014740127,0.0018497006,-2.6603233E-5,-0.12769008,0.0752394,-0.2851711,0.018367104,-0.07033639,-0.23577237,-0.017441886,0.011647265,0.12769008,-0.17948717,0.001874667,-23.22531,-11.759854,-0.012203748,1,"{""geodesic"":false,""type"":""Point"",""coordinates"":[110.44279035817328,-7.301302162539026]}"
1_1_1_1_2_86_0,0.0471,0.0413,0.0366,0.0488,0.0477,0.0468,0.0543,0.0511,0.0504,0.0577,0.0472,0.0595,-0.09455294,0.02802057,0.011874715,0.09487668,0.07191012,-0.06033373,0.029685961,0.08356809,-0.22375397,0.08324085,0.104306236,-0.09487668,0.030357148,0.027047152,-18.872057,-13.202293,0.022011546,1,"{""geodesic"":false,""type"":""Point"",""coordinates"":[110.42729150850418,-7.3071622828616425]}"
1_1_1_1_2_12_0,0.0486,0.0422,0.0325,0.0422,0.0432,0.0346,0.0461,0.0485,0.0473,0.0393,0.0463,0.0641,-0.029690446,0.012628971,0.003353122,-0.04727276,0.011709626,-0.12985276,0.028613232,-0.035582833,-0.09470752,0.0,0.06359943,0.04727276,-0.079625316,0.012284364,-20.335278,-15.05739,-0.0074806553,1,"{""geodesic"":false,""type"":""Point"",""coordinates"":[110.42792532028757,-7.307434449127677]}"
1_1_1_1_2_93_0,0.0539,0.0601,0.0516,0.0558,0.0594,0.0561,0.0589,0.0616,0.0643,0.0791,0.0584,0.0669,-0.07447231,0.057661448,0.022291116,0.14223826,-0.005857746,-0.07609668,0.03659621,0.17272054,-0.21040548,-0.037100967,0.17011833,-0.14223826,0.1463768,0.054313596,-16.833752,-14.709282,0.055048037,1,"{""geodesic"":false,""type"":""Point"",""coordinates"":[110.42747373241727,-7.306348427755684]}"
1_1_1_1_2_145_0,0.0482,0.043,0.0482,0.062,0.064,0.056,0.0561,0.0535,0.0554,0.0732,0.0532,0.0776,-0.15456873,0.0455412,0.019503867,0.06705539,0.19626169,0.057017528,0.036874317,0.082840264,-0.20593083,0.18095236,0.13312693,-0.06705539,0.13225059,0.041004453,-17.698065,-17.070007,0.02644837,1,"{""geodesic"":false,""type"":""Point"",""coordinates"":[110.42810616304395,-7.307706040557858]}"
1_1_1_1_2_96_0,0.0465,0.0581,0.0453,0.0367,0.0421,0.0326,0.0697,0.064,0.0629,0.0465,0.0679,0.0517,0.043128237,0.03594146,0.009380877,0.049661398,-0.15968062,-0.123791106,0.03175871,0.117788486,-0.013071913,-0.2257384,0.17572694,-0.049661398,-0.19965576,0.036004145,-16.98133,-16.878012,0.025205767,1,"{""geodesic"":false,""type"":""Point"",""coordinates"":[110.42729231472002,-7.306529105606605]}"
1_1_1_1_2_76_0,0.0505,0.0307,0.0198,0.0398,0.0476,0.0322,0.0511,0.0542,0.0535,0.0359,0.0496,0.1066,-0.092352085,0.009939821,0.0039658304,-0.14011976,0.21583654,-0.21584159,0.017759332,-0.05151914,-0.2890485,0.129078,0.054331854,0.14011976,-0.17471264,0.009769405,-19.928255,-11.456423,-0.01016154,1,"{""geodesic"":false,""type"":""Point"",""coordinates"":[110.42523866271357,-7.28300843968669]}"
1_1_1_1_2_171_0,0.0386,0.0289,0.0132,0.0312,0.0389,0.0272,0.0383,0.0622,0.0601,0.0413,0.0579,0.1059,-0.1275272,0.03632148,0.013798724,0.029925184,0.14749263,-0.37292162,0.008693463,0.13931035,-0.51559633,0.03826955,0.2058394,-0.029925184,0.037688427,0.037203163,-18.995348,-15.459618,0.02646288,1,"{""geodesic"":false,""type"":""Point"",""coordinates"":[110.44206202649572,-7.304195800091048]}"
1_1_1_1_2_189_0,0.0387,0.0357,0.0269,0.0547,0.0698,0.0554,0.0464,0.0446,0.0501,0.0558,0.0467,0.0762,-0.09623014,0.0010225454,0.0038912434,-0.11146496,0.32322273,-0.14057508,0.02670717,0.0099547515,-0.34945583,0.21017696,0.0035971163,0.11146496,0.0919765,9.816737E-4,-14.286683,-10.118361,0.0027027028,1,"{""geodesic"":false,""type"":""Point"",""coordinates"":[110.44959179559523,-7.295611877106885]}"
1_1_1_1_2_7_0,0.0462,0.0484,0.0349,0.0436,0.0442,0.0403,0.0556,0.0573,0.061,0.0625,0.0657,0.1479,-0.08932238,0.05678911,0.020764513,0.17150891,-0.045356374,-0.16206485,0.02250352,0.17813383,-0.28336757,-0.052173905,0.2159533,-0.17150891,0.058425065,0.055242203,-17.872673,-13.576531,0.04677446,1,"{""geodesic"":false,""type"":""Point"",""coordinates"":[110.42638430107786,-7.308156124578315]}"
1_1_1_1_2_146_0,0.0482,0.0407,0.0308,0.04,0.0422,0.0376,0.0441,0.0431,0.0419,0.049,0.0473,0.0776,-0.06395695,0.029242765,0.010850616,0.0745614,0.018094081,-0.13846155,0.023634287,0.101123594,-0.22807017,-0.00867411,0.13163972,-0.0745614,0.052631564,0.029151037,-20.745548,-19.82726,0.022920202,1,"{""geodesic"":false,""type"":""Point"",""coordinates"":[110.42837782998025,-7.307796838920594]}"
1_1_1_1_2_108_0,0.0403,0.0304,0.024,0.0455,0.0548,0.0498,0.0471,0.038,0.0438,0.0694,0.0427,0.0497,-0.17785749,0.047714096,0.023038074,0.11755232,0.28638497,-0.11764706,0.017221903,0.20800696,-0.48608136,0.19894597,0.1644295,-0.11755232,0.1914163,0.047480613,-18.627207,-13.486975,0.05830216,1,"{""geodesic"":false,""type"":""Point"",""coordinates"":[110.43970715969687,-7.3037406117098]}"
1_1_1_1_2_54_0,0.0473,0.0255,0.0175,0.0411,0.0442,0.0346,0.046,0.0419,0.045,0.0363,0.0433,0.1148,-0.12581818,0.004542294,0.003312706,-0.09813664,0.2682927,-0.1860465,0.016680442,-0.062015496,-0.34944236,0.23423423,0.023977417,0.09813664,-0.11786149,0.004466629,-18.34191,-11.960474,-0.01246969,1,"{""geodesic"":false,""type"":""Point"",""coordinates"":[110.43113731813908,-7.274784558585699]}"
1_1_1_1_2_118_0,0.0424,0.0229,0.0171,0.0356,0.0354,0.0307,0.0431,0.0387,0.0388,0.0422,0.0379,0.0333,-0.18417045,0.029966643,0.012882319,0.087628864,0.21440822,-0.14499998,0.012440048,0.08483291,-0.42327148,0.217094,0.15775034,-0.087628864,-0.010551007,0.030109964,-19.942223,-8.5353985,0.017133957,1,"{""geodesic"":false,""type"":""Point"",""coordinates"":[110.42687936778245,-7.275050555534799]}"
1_1_1_1_2_18_0,0.0426,0.0449,0.0301,0.0394,0.0442,0.0339,0.0512,0.0613,0.0643,0.0872,0.0687,0.0964,-0.23271665,0.13390614,0.051350575,0.32724506,-0.0078563485,-0.19733335,0.01170172,0.37756714,-0.48678604,-0.06524318,0.4401321,-0.32724506,0.26011562,0.12872323,-19.734987,-13.237254,0.11442707,1,"{""geodesic"":false,""type"":""Point"",""coordinates"":[110.43000886594119,-7.3075275404416615]}"
1_1_1_1_2_14_0,0.0468,0.0418,0.0308,0.0418,0.0512,0.0414,0.0478,0.045,0.053,0.0539,0.0523,0.0601,-0.06987143,0.031603962,0.012429111,0.02568983,0.10107526,-0.15151516,0.023657143,0.12643678,-0.27272728,0.0,0.13116473,-0.02568983,0.059980333,0.031496722,-21.838558,-13.553192,0.030468356,1,"{""geodesic"":false,""type"":""Point"",""coordinates"":[110.42892219793316,-7.30716434993096]}"
1_1_1_1_2_143_0,0.0425,0.0872,0.0406,0.0349,0.0438,0.0312,0.0758,0.2053,0.2033,0.1315,0.2269,0.1857,-0.16853935,0.23723924,0.090375654,0.50028527,-0.33129773,-0.36463222,0.009632851,0.58052886,-0.5281813,-0.42833745,0.61647207,-0.50028527,0.26869273,0.22702582,-12.499334,-8.54022,0.21743698,1,"{""geodesic"":false,""type"":""Point"",""coordinates"":[110.41888625093611,-7.291683911268311]}"
1_1_1_1_2_156_0,0.0412,0.0201,0.0137,0.0324,0.035,0.023,0.0432,0.0501,0.0548,0.0477,0.0465,0.0809,-0.30032468,0.06550334,0.025213938,0.1535671,0.27041745,-0.1893491,0.00660587,0.19101122,-0.5537459,0.23428574,0.3493635,-0.1535671,0.04950494,0.06492027,-20.473064,-20.012259,0.03956214,1,"{""geodesic"":false,""type"":""Point"",""coordinates"":[110.43372196666134,-7.308527211946084]}"
1_1_1_1_2_83_0,0.0434,0.0365,0.029,0.0407,0.0418,0.036,0.0508,0.0498,0.0513,0.0466,0.0464,0.0548,-0.092615776,0.027680578,0.01051139,0.054298636,0.06768838,-0.11450382,0.022403432,0.06758304,-0.23280424,0.05440415,0.1283293,-0.054298636,-0.04312116,0.027291454,-22.385044,-17.952078,0.015068958,1,"{""geodesic"":false,""type"":""Point"",""coordinates"":[110.42629416861848,-7.307794193877819]}"
1_1_1_1_2_124_0,0.0443,0.036,0.0233,0.0372,0.0437,0.0318,0.0482,0.0684,0.0723,0.0459,0.0744,0.0864,-0.101391636,0.036806922,0.0133556705,0.024553573,0.0966123,-0.21416526,0.016142486,0.10469312,-0.32658958,0.016393466,0.18146713,-0.024553573,-0.0244421,0.03661069,-33.456196,-17.645716,0.022380376,1,"{""geodesic"":false,""type"":""Point"",""coordinates"":[110.42424518433921,-7.280655370650622]}"
1_1_1_1_2_183_0,0.0377,0.0491,0.0258,0.0379,0.0496,0.0374,0.0637,0.1236,0.1334,0.1399,0.1408,0.0608,-0.34544078,0.23725754,0.10042652,0.47651714,0.0050658663,-0.31108144,0.0068972125,0.57367826,-0.6885938,-0.12873563,0.5781162,-0.47651714,0.37426326,0.22700427,-19.15432,-6.297551,0.2257303,1,"{""geodesic"":false,""type"":""Point"",""coordinates"":[110.44115597943629,-7.3042851334054]}"
1_1_1_1_2_99_0,0.045,0.0429,0.0295,0.0355,0.0392,0.031,0.0455,0.0553,0.0541,0.0516,0.0572,0.0939,-0.0819876,0.053019002,0.018491078,0.13656388,-0.045066983,-0.18508287,0.017722867,0.184845,-0.2725031,-0.09438774,0.2493947,-0.13656388,0.06282185,0.05303811,-33.25641,-14.840127,0.04113439,1,"{""geodesic"":false,""type"":""Point"",""coordinates"":[110.42991873059496,-7.307165610238837]}"
1_1_1_1_2_130_0,0.0441,0.0201,0.0139,0.0425,0.0458,0.0353,0.0421,0.0387,0.0398,0.0434,0.0379,0.0632,-0.2158528,0.021624217,0.010793752,-0.026905825,0.38998485,-0.18235295,0.011305761,0.010477303,-0.5148342,0.35782748,0.10292248,0.026905825,0.015204688,0.020995332,-19.644989,-15.400838,0.0023041484,1,"{""geodesic"":false,""type"":""Point"",""coordinates"":[110.42569483014015,-7.280476303514114]}"
1_1_1_1_2_123_0,0.0443,0.0373,0.0254,0.0427,0.0444,0.0347,0.0492,0.0587,0.0666,0.0445,0.07,0.0864,-0.09547739,0.026274873,0.009339228,0.0011248784,0.08690327,-0.1897927,0.01980629,0.02064221,-0.2732475,0.06749998,0.1237374,-0.0011248784,-0.050160076,0.02537984,-29.893124,-12.561126,0.004598094,1,"{""geodesic"":false,""type"":""Point"",""coordinates"":[110.42469835723902,-7.280475038487579]}"
1_1_1_1_2_174_0,0.0405,0.0351,0.0233,0.052,0.0556,0.0444,0.0457,0.0548,0.0481,0.0763,0.0507,0.0417,-0.2348412,0.08370947,0.033548154,0.1569371,0.22601981,-0.20205483,0.013558583,0.18939985,-0.5321285,0.19402984,0.26429164,-0.1569371,0.25081968,0.07709039,-18.88385,-10.65694,0.058013692,1,"{""geodesic"":false,""type"":""Point"",""coordinates"":[110.44242877082733,-7.300668536115555]}"
1_1_1_1_2_127_0,0.0447,0.0306,0.0197,0.0396,0.046,0.0367,0.0422,0.061,0.0669,0.0526,0.0617,0.0681,-0.15611285,0.040735807,0.016981047,0.06693712,0.20104438,-0.21669981,0.013745056,0.14099783,-0.4550484,0.12820512,0.17805152,-0.06693712,0.10970464,0.040471748,-21.988802,-15.551209,0.032928064,1,"{""geodesic"":false,""type"":""Point"",""coordinates"":[110.42542456132595,-7.279300057095]}"
1_1_1_1_2_113_0,0.0466,0.0259,0.0183,0.0404,0.0447,0.0337,0.0438,0.038,0.0384,0.0382,0.0319,0.0564,-0.13748188,0.012001274,0.005882318,-0.07840774,0.26628894,-0.1719457,0.016144242,-0.027989823,-0.35221237,0.21870284,0.062586896,0.07840774,-0.0682927,0.011802757,-23.359346,-15.231636,-0.0057034222,1,"{""geodesic"":false,""type"":""Point"",""coordinates"":[110.43131849293876,-7.274784786000312]}"
1_1_1_1_2_57_0,0.0455,0.0202,0.0137,0.0402,0.0415,0.0315,0.0426,0.0362,0.0445,0.0347,0.0311,0.0519,-0.18325433,0.008674903,0.0052025905,-0.089238845,0.3452188,-0.1917404,0.0124366,-0.073431246,-0.4338843,0.33112583,0.048338342,0.089238845,-0.10219924,0.008477565,-21.667643,-12.734114,-0.014350322,1,"{""geodesic"":false,""type"":""Point"",""coordinates"":[110.43150091968174,-7.273790018351176]}"
1_1_1_1_2_104_0,0.0459,0.0448,0.034,0.0504,0.0474,0.0414,0.0516,0.0504,0.0493,0.0568,0.0543,0.0541,-0.10858326,0.041522864,0.01479745,0.09021112,0.028199598,-0.1370558,0.02478169,0.059701495,-0.2511013,0.05882355,0.15682282,-0.09021112,0.04797048,0.03861585,-20.7816,-18.149294,0.015810277,1,"{""geodesic"":false,""type"":""Point"",""coordinates"":[110.42901313629572,-7.306893102834928]}"
1_1_1_1_2_176_0,0.0391,0.0334,0.0191,0.0408,0.0491,0.0368,0.0419,0.0575,0.0638,0.082,0.0652,0.1169,-0.27253887,0.11336277,0.045802552,0.25095347,0.19030304,-0.27238095,0.008571707,0.3355049,-0.6221563,0.09973049,0.38047138,-0.25095347,0.32364812,0.109566905,-15.777537,-10.227045,0.09922929,1,"{""geodesic"":false,""type"":""Point"",""coordinates"":[110.44342529143047,-7.300669765503211]}"
1_1_1_1_2_49_0,0.0458,0.0294,0.0171,0.0406,0.0416,0.0322,0.0486,0.0512,0.0496,0.0423,0.0491,0.0847,-0.14740485,0.027121374,0.010596218,0.008343274,0.17183098,-0.26451612,0.013017022,0.020506622,-0.4242424,0.16000001,0.13557047,-0.008343274,-0.069306925,0.026370756,-25.21929,-11.6691475,0.0043746755,1,"{""geodesic"":false,""type"":""Point"",""coordinates"":[110.43050263626797,-7.275236032421679]}"
1_1_1_1_2_149_0,0.045,0.0438,0.0353,0.0415,0.0379,0.0367,0.045,0.0439,0.0457,0.0486,0.0446,0.0939,-0.056271974,0.031068875,0.010641734,0.123699404,-0.072215416,-0.10745889,0.026656585,0.07880134,-0.15852202,-0.026963677,0.13950762,-0.123699404,0.038461532,0.030497182,-19.152914,-8.4221735,0.018047791,1,"{""geodesic"":false,""type"":""Point"",""coordinates"":[110.42964671952916,-7.307346174595303]}"
1_1_1_1_2_151_0,0.0463,0.0335,0.0244,0.0342,0.0395,0.0324,0.0464,0.0471,0.0486,0.0385,0.0433,0.0663,-0.049062047,0.015618596,0.0059050564,-0.012820538,0.08219179,-0.15716755,0.020534026,0.059147157,-0.22416535,0.010339743,0.08603665,0.012820538,-0.09305065,0.016027322,-24.096853,-17.237993,0.011262436,1,"{""geodesic"":false,""type"":""Point"",""coordinates"":[110.4266564291345,-7.307885108456006]}"
1_1_1_1_2_170_0,0.0393,0.0296,0.0169,0.0353,0.0451,0.0314,0.0403,0.0592,0.07,0.0663,0.0747,0.0724,-0.2496925,0.088135764,0.035218995,0.19030519,0.20749666,-0.2731183,0.008003921,0.30511808,-0.59375,0.087827444,0.35721597,-0.19030519,0.24390242,0.08758574,-17.79158,-13.333926,0.07729387,1,"{""geodesic"":false,""type"":""Point"",""coordinates"":[110.44043201902772,-7.303651056659517]}"
1_1_1_1_2_36_0,0.0437,0.0437,0.0362,0.0375,0.045,0.0367,0.0494,0.0492,0.0578,0.0508,0.0541,0.07,-0.04682871,0.035615057,0.012859457,0.060542773,0.014656182,-0.093867294,0.026152363,0.15062284,-0.16781606,-0.076354645,0.16114286,-0.060542773,0.01397205,0.036000002,-19.198889,-8.96403,0.033911265,1,"{""geodesic"":false,""type"":""Point"",""coordinates"":[110.43902359226487,-7.270633490315927]}"
1_1_1_1_2_15_0,0.0461,0.0471,0.0367,0.0386,0.0418,0.0369,0.0465,0.0527,0.0514,0.0478,0.0545,0.0635,-0.014084526,0.027814643,0.009092352,0.0669643,-0.059617553,-0.12410502,0.02833117,0.10648147,-0.13136096,-0.09918318,0.12868951,-0.0669643,0.013785798,0.027963063,-18.412556,-15.884961,0.023533422,1,"{""geodesic"":false,""type"":""Point"",""coordinates"":[110.42928468820342,-7.307074354555301]}"
1_1_1_1_2_164_0,0.0399,0.0291,0.0227,0.033,0.0413,0.0311,0.048,0.0396,0.0462,0.0307,0.0434,0.0585,-0.028248584,-0.0010311387,-4.5558543E-5,-0.1472222,0.17329542,-0.12355213,0.022995766,-0.036106747,-0.14981273,0.06280191,-0.006472481,0.1472222,-0.21982211,-0.0010679939,-15.454892,-12.675804,-0.006120276,1,"{""geodesic"":false,""type"":""Point"",""coordinates"":[110.44133918774257,-7.302657183421133]}"
1_1_1_1_2_141_0,0.0419,0.0539,0.032,0.0344,0.0388,0.0323,0.054,0.0785,0.0599,0.0453,0.0779,0.1314,0.03918022,0.033126086,0.009172037,0.07728892,-0.16289103,-0.2549476,0.022816777,0.13676284,-0.1720569,-0.22083804,0.16752578,-0.07728892,-0.0876133,0.033760387,-19.38237,-11.730419,0.02820424,1,"{""geodesic"":false,""type"":""Point"",""coordinates"":[110.41888706723226,-7.291050734521758]}"
1_1_1_1_2_89_0,0.05,0.0514,0.0448,0.0405,0.0416,0.0348,0.051,0.0457,0.0506,0.0449,0.0476,0.0593,0.004661997,0.026580345,0.0071581393,0.03815029,-0.105376326,-0.06860707,0.034722492,0.051522247,-0.0011148461,-0.11860716,0.12672521,-0.03815029,-0.06360792,0.026134206,-25.605497,-17.972818,0.011274342,1,"{""geodesic"":false,""type"":""Point"",""coordinates"":[110.42828838580542,-7.306892185044968]}"
1_1_1_1_2_117_0,0.0433,0.0312,0.0198,0.0372,0.0462,0.0342,0.0537,0.0669,0.0689,0.0792,0.0742,0.042,-0.28052804,0.111895755,0.04553166,0.2631579,0.19379845,-0.2235294,0.00855,0.36082473,-0.6,0.087719314,0.39682537,-0.2631579,0.19187358,0.11004238,-20.709661,-11.895622,0.10220636,1,"{""geodesic"":false,""type"":""Point"",""coordinates"":[110.42724217602799,-7.274689197631464]}"
1_1_1_1_2_0_0,0.0407,0.0194,0.0166,0.0341,0.0398,0.032,0.0358,0.0344,0.0323,0.0308,0.0279,0.0637,-0.116079085,-0.0031022225,0.0010329771,-0.12747875,0.34459457,-0.0777778,0.017246753,-0.050847456,-0.29957807,0.27476633,-0.019108307,0.12747875,-0.075075075,-0.0031982986,-25.605543,-16.192974,-0.008762613,1,"{""geodesic"":false,""type"":""Point"",""coordinates"":[110.4399290109533,-7.270996427206832]}"
1_1_1_1_2_188_0,0.0389,0.0378,0.0239,0.0306,0.0384,0.029,0.0456,0.0602,0.0474,0.038,0.0505,0.0591,-0.013293949,0.022900762,0.007440459,-0.0052356417,0.007874051,-0.22528361,0.018239474,0.107871704,-0.22778673,-0.105263144,0.13432835,0.0052356417,-0.09090911,0.023809522,-19.507336,-12.514816,0.019521628,1,"{""geodesic"":false,""type"":""Point"",""coordinates"":[110.44940961682403,-7.2964257449042895]}"
1_1_1_1_2_177_0,0.0401,0.0869,0.0438,0.032,0.048,0.0292,0.0781,0.2177,0.2549,0.1505,0.2559,0.1983,-0.22237106,0.27931288,0.11107437,0.5163728,-0.28836176,-0.32976282,0.008498074,0.64931506,-0.5491508,-0.46173254,0.6750139,-0.5163728,0.3167104,0.2676916,-15.707157,-11.045048,0.26043954,1,"{""geodesic"":false,""type"":""Point"",""coordinates"":[110.44414936364142,-7.301213383308219]}"
1_1_1_1_2_159_0,0.0413,0.0245,0.0134,0.0314,0.0327,0.0215,0.0483,0.0587,0.0574,0.0427,0.0555,0.1253,-0.23397169,0.056611832,0.020668337,0.13262601,0.14335664,-0.292876,0.0067470726,0.15249665,-0.52228165,0.1234347,0.33021805,-0.13262601,-0.06153846,0.05636299,-25.666773,-18.230335,0.029524477,1,"{""geodesic"":false,""type"":""Point"",""coordinates"":[110.43417436868462,-7.308980050345716]}"
1_1_1_1_2_97_0,0.0461,0.0459,0.0371,0.0434,0.0471,0.0409,0.0506,0.0437,0.0477,0.0465,0.0501,0.0635,-0.017543882,0.014486759,0.0047138995,-0.0064102453,0.012903244,-0.1060241,0.03263204,0.034482762,-0.11244022,-0.027995495,0.06407324,0.0064102453,-0.0422245,0.014300311,-18.18108,-17.514303,0.007882693,1,"{""geodesic"":false,""type"":""Point"",""coordinates"":[110.42910327086152,-7.307255033162393]}"
1_1_1_1_2_13_0,0.0468,0.0305,0.0252,0.0363,0.0396,0.0323,0.047,0.043,0.0432,0.0516,0.0407,0.0601,-0.16655609,0.049581263,0.019619,0.13157897,0.12981454,-0.09515261,0.015774418,0.17406145,-0.34375,0.08682634,0.23003578,-0.13157897,0.046653163,0.049580414,-22.434937,-13.97207,0.039037257,1,"{""geodesic"":false,""type"":""Point"",""coordinates"":[110.4286505312336,-7.307073551914621]}"
1_1_1_1_2_47_0,0.0428,0.0216,0.0148,0.0348,0.0435,0.0334,0.0404,0.0398,0.041,0.0316,0.0407,0.0351,-0.09390444,-0.0046343994,2.912013E-4,-0.1584554,0.33640552,-0.1868132,0.015643038,-0.048192803,-0.36206895,0.23404254,-0.02769232,0.1584554,-0.122222245,-0.004778763,-18.027843,-12.998576,-0.008474582,1,"{""geodesic"":false,""type"":""Point"",""coordinates"":[110.43394688805279,-7.273702625827575]}"
1_1_1_1_2_21_0,0.0463,0.0417,0.0322,0.042,0.0433,0.0376,0.0453,0.0471,0.048,0.0499,0.0481,0.0663,-0.07359812,0.032014575,0.011573395,0.07081545,0.018823497,-0.1285521,0.024262927,0.085963,-0.21559072,0.003584201,0.14057143,-0.07081545,0.048319317,0.031404253,-20.901134,-17.2068,0.020020273,1,"{""geodesic"":false,""type"":""Point"",""coordinates"":[110.4268376170964,-7.307885338699082]}"
1_1_1_1_2_178_0,0.0395,0.0211,0.0138,0.0372,0.0419,0.0376,0.0361,0.032,0.0307,0.0371,0.0319,0.045,-0.11729323,-0.0012707151,0.0024241377,-0.060759533,0.33015877,-0.20916905,0.013985984,-0.0013459178,-0.4577603,0.27615783,-0.006693454,0.060759533,0.013661182,-0.0013050314,-12.444393,-7.921467,-2.6119195E-4,1,"{""geodesic"":false,""type"":""Point"",""coordinates"":[110.44170324338737,-7.30130081963562]}"
1_1_1_1_2_29_0,0.0399,0.027,0.0203,0.0389,0.0426,0.0333,0.0348,0.0361,0.0284,0.0428,0.0295,0.0852,-0.15070422,0.024977652,0.01061649,0.00234196,0.2241379,-0.14164904,0.01579416,0.04773565,-0.35657686,0.18057661,0.124835745,-0.00234196,0.103092805,0.02473529,-20.721977,-16.70456,0.010056737,1,"{""geodesic"":false,""type"":""Point"",""coordinates"":[110.43943560501587,-7.303559366067093]}"
1_1_1_1_2_191_0,0.0405,0.0345,0.0258,0.0446,0.0538,0.0444,0.0495,0.0452,0.0502,0.0591,0.0477,0.1374,-0.135816,0.037083752,0.016454482,0.046944167,0.21857308,-0.14427857,0.019382741,0.13982642,-0.39222613,0.12768647,0.14202899,-0.046944167,0.08839778,0.036536865,-13.8502035,-6.9259334,0.036027826,1,"{""geodesic"":false,""type"":""Point"",""coordinates"":[110.44868698391333,-7.294706229967366]}"
1_1_1_1_2_44_0,0.0404,0.0372,0.0236,0.0386,0.0418,0.0334,0.0446,0.0554,0.0544,0.04,0.063,0.0947,-0.05361931,0.017351983,0.005926562,-0.022004899,0.058227845,-0.22368419,0.019706002,0.017811675,-0.2578616,0.018469675,0.089918256,0.022004899,-0.054373533,0.017265433,-19.642418,-11.816439,0.0036294442,1,"{""geodesic"":false,""type"":""Point"",""coordinates"":[110.43675678385472,-7.272349312021363]}"
1_1_1_1_2_20_0,0.0468,0.0335,0.0243,0.0408,0.043,0.0371,0.044,0.0425,0.0418,0.0555,0.0465,0.0601,-0.15398444,0.047320243,0.019037995,0.12690355,0.124183014,-0.15916957,0.016243782,0.15264796,-0.39097744,0.098250344,0.19870412,-0.12690355,0.1155779,0.046574425,-20.029139,-12.832867,0.03697803,1,"{""geodesic"":false,""type"":""Point"",""coordinates"":[110.42855947768567,-7.307435252827141]}"
1_1_1_1_2_33_0,0.0437,0.0414,0.0351,0.0394,0.0496,0.041,0.0459,0.0504,0.0498,0.0566,0.0509,0.07,-0.07623318,0.038725052,0.015529111,0.065913364,0.0901099,-0.08235292,0.025425797,0.17916667,-0.23446018,-0.024752479,0.15983605,-0.065913364,0.10439025,0.039156627,-19.636282,-5.7017403,0.043288592,1,"{""geodesic"":false,""type"":""Point"",""coordinates"":[110.43920454121877,-7.27081462290012]}"
1_1_1_1_2_28_0,0.0393,0.0568,0.0339,0.0466,0.0502,0.0488,0.0619,0.0963,0.116,0.0757,0.1387,0.0724,-0.07327775,0.06599607,0.025482237,0.2025417,-0.061682243,-0.25248072,0.021853633,0.2379395,-0.38138685,-0.098646045,0.21606426,-0.2025417,0.1002907,0.06461169,-14.139911,-8.268582,0.07014302,1,"{""geodesic"":false,""type"":""Point"",""coordinates"":[110.44006975821843,-7.303560153172252]}"
1_1_1_1_2_202_0,0.0418,0.0315,0.0234,0.0442,0.0505,0.0437,0.0511,0.0545,0.075,0.0821,0.0623,0.0839,-0.253598,0.094786726,0.04056209,0.23831068,0.23170732,-0.147541,0.012455299,0.30007917,-0.5563981,0.1677675,0.3052464,-0.23831068,0.23273271,0.092042185,-14.697702,-12.115234,0.09077119,1,"{""geodesic"":false,""type"":""Point"",""coordinates"":[110.43630418733488,-7.2720773864509765]}"
1_1_1_1_2_10_0,0.0486,0.0438,0.0314,0.0356,0.0439,0.035,0.0531,0.051,0.0532,0.0528,0.0556,0.0641,-0.05741626,0.04468769,0.016240459,0.09203721,0.0011402701,-0.16489364,0.020814393,0.19457014,-0.2541568,-0.10327457,0.20273349,-0.09203721,-0.002832864,0.045423612,-19.458271,-12.300368,0.043847725,1,"{""geodesic"":false,""type"":""Point"",""coordinates"":[110.42765376878522,-7.307253196617546]}"
1_1_1_1_2_184_0,0.0386,0.0409,0.0246,0.042,0.0452,0.038,0.0469,0.0648,0.0673,0.0493,0.0655,0.1059,-0.07285547,0.029356753,0.010786062,0.04338623,0.04994195,-0.24885496,0.01896146,0.079956196,-0.33423546,0.013268999,0.12943873,-0.04338623,0.024948025,0.028860893,-19.279255,-14.746247,0.01851852,1,"{""geodesic"":false,""type"":""Point"",""coordinates"":[110.44169987706036,-7.3040144437253325]}"
1_1_1_1_2_3_0,0.0465,0.0481,0.0441,0.0396,0.0482,0.0401,0.0606,0.0536,0.0514,0.0416,0.0533,0.0517,0.04132231,0.003806332,8.223554E-5,-0.07349666,0.0010384392,-0.043383915,0.042509858,0.024630547,0.029171543,0.09692131,0.018359844,0.07349666,-0.18590999,0.0038679715,-20.691576,-8.979697,0.005161735,1,"{""geodesic"":false,""type"":""Point"",""coordinates"":[110.42702007267259,-7.306890576111536]}"
1_1_1_2_143_0,0.0404,0.0094,0.0069,0.0329,0.0375,0.0263,0.0303,0.0234,0.0231,0.0205,0.0192,0.0263,-0.19865322,-0.015565454,-0.0028049725,-0.29310346,0.59914714,-0.15337422,0.008852195,-0.23220976,-0.49635038,0.5555556,-0.12393161,0.29310346,-0.19291337,-0.015910752,-17.948666,-30.400785,-0.03361041,2,"{""geodesic"":false,""type"":""Point"",""coordinates"":[110.43019165814646,-7.306261414176818]}"
1_1_1_2_103_0,0.0385,0.0135,0.0086,0.034,0.0373,0.029,0.0373,0.0396,0.0386,0.0284,0.0339,0.0855,-0.18970451,-0.001583278,0.002146919,-0.13546425,0.46850395,-0.22171946,0.00878169,-0.089743614,-0.53513515,0.43157896,-0.010452944,0.13546425,-0.13546422,-0.0016146366,-25.602919,-12.23454,-0.014935993,2,"{""geodesic"":false,""type"":""Point"",""coordinates"":[110.45050466267737,-7.289914358097801]}"
1_1_1_2_109_0,0.0405,0.0085,0.0069,0.0317,0.036,0.0249,0.0369,0.0236,0.0233,0.0205,0.0168,0.021,-0.21962616,-0.011800676,-0.0014935833,-0.27433625,0.6179775,-0.10389613,0.008380976,-0.21455938,-0.49635038,0.5771144,-0.096916296,0.27433625,-0.28571427,-0.01210121,-20.934702,-18.753471,-0.030423759,2,"{""geodesic"":false,""type"":""Point"",""coordinates"":[110.42566151256358,-7.306617486694296]}"
1_1_1_2_44_0,0.0509,0.0366,0.0207,0.0482,0.0568,0.0602,0.0843,0.1009,0.1005,0.0989,0.1053,0.1544,-0.20623206,0.08806663,0.0428824,0.27039176,0.21627408,-0.27748692,0.0126,0.34466347,-0.65384614,-0.13679244,0.24324325,-0.27039176,0.07969431,0.08807465,-32.855804,-17.193724,0.11752433,2,"{""geodesic"":false,""type"":""Point"",""coordinates"":[110.45097775141652,-7.273361759934969]}"
1_1_1_2_106_0,0.039,0.0064,0.0043,0.0307,0.0338,0.0224,0.0307,0.0215,0.0191,0.0173,0.017,0.0182,-0.25000003,-0.013836884,-0.0022644706,-0.32289624,0.68159205,-0.19626166,0.00556763,-0.27916667,-0.6018518,0.6549865,-0.12846345,0.32289624,-0.27916667,-0.014174538,-22.549135,-26.211493,-0.036678832,2,"{""geodesic"":false,""type"":""Point"",""coordinates"":[110.43789676176145,-7.3025624559857505]}"
1_1_1_2_164_0,0.0398,0.0143,0.009,0.032,0.0346,0.025,0.0338,0.0204,0.0215,0.02,0.0252,0.0307,-0.13910186,-0.013440862,-0.0031037412,-0.26739928,0.41513294,-0.22746783,0.0112499995,-0.23076926,-0.37931034,0.38228944,-0.11111113,0.26739928,-0.25650558,-0.01376147,-18.221186,-15.409914,-0.032608703,2,"{""geodesic"":false,""type"":""Point"",""coordinates"":[110.43907210418499,-7.304463456793859]}"
1_1_1_2_14_0,0.0524,0.0106,0.0069,0.0572,0.0826,0.0655,0.0739,0.0411,0.0408,0.0346,0.0296,0.0528,-0.09350806,-0.0773583,-0.021170592,-0.4095563,0.77253217,-0.21142857,0.013062138,-0.24618734,-0.6674699,0.68731564,-0.3086913,0.4095563,-0.36221197,-0.07723712,-21.252508,-15.04497,-0.05728286,2,"{""geodesic"":false,""type"":""Point"",""coordinates"":[110.41925956211425,-7.28318171569445]}"
1_1_1_2_8_0,0.0421,0.0079,0.0052,0.0367,0.0437,0.0316,0.0391,0.025,0.024,0.0234,0.0197,0.0214,-0.20682733,-0.021860834,-0.003999873,-0.30253354,0.6937985,-0.20610684,0.007022222,-0.22129785,-0.6363636,0.6457399,-0.1490909,0.30253354,-0.25120002,-0.02216216,-23.188236,-16.279238,-0.03561864,2,"{""geodesic"":false,""type"":""Point"",""coordinates"":[110.43141465668863,-7.27035264899757]}"
1_1_1_2_33_0,0.0367,0.0055,0.0038,0.0298,0.0388,0.0252,0.0312,0.0185,0.0183,0.0146,0.0152,0.017,-0.18242344,-0.028122678,-0.0071087554,-0.45318353,0.751693,-0.18279569,0.006558904,-0.34234232,-0.5869565,0.68838525,-0.26633164,0.45318353,-0.3624454,-0.029455353,-24.410723,-16.58814,-0.04188097,2,"{""geodesic"":false,""type"":""Point"",""coordinates"":[110.44570824751906,-7.285928511021322]}"
1_1_1_2_154_0,0.0398,0.0132,0.0091,0.0341,0.0418,0.0289,0.0339,0.0273,0.0334,0.0295,0.0295,0.1285,-0.20340587,0.0015837007,0.003382363,-0.17251052,0.52,-0.18385647,0.008914915,-0.07232704,-0.5284974,0.44186047,0.010273987,0.17251052,-0.06940063,0.0016117501,-21.87326,-35.113434,-0.012242724,2,"{""geodesic"":false,""type"":""Point"",""coordinates"":[110.44396571935296,-7.303203152029549]}"
1_1_1_2_38_0,0.0358,0.0091,0.0059,0.0301,0.0318,0.0236,0.0258,0.0202,0.0204,0.0195,0.0215,0.0456,-0.20534627,-0.010958466,-0.0015303028,-0.2397661,0.5550122,-0.21333334,0.007140513,-0.21370965,-0.53543305,0.53571427,-0.09512762,0.2397661,-0.13907284,-0.011323883,-22.22938,-16.935793,-0.028930128,2,"{""geodesic"":false,""type"":""Point"",""coordinates"":[110.44753620450986,-7.2727243964188055]}"
1_1_1_2_95_0,0.0415,0.0067,0.0044,0.0328,0.0396,0.026,0.0355,0.0251,0.0244,0.0222,0.021,0.0215,-0.25427595,-0.010190949,-3.7964474E-4,-0.28155342,0.71058315,-0.20720719,0.0051531536,-0.19272728,-0.66917294,0.6607595,-0.07883819,0.28155342,-0.2305026,-0.010397668,-19.488478,-19.918148,-0.02864865,2,"{""geodesic"":false,""type"":""Point"",""coordinates"":[110.43655212335881,-7.291163547941886]}"
1_1_1_2_99_0,0.0361,0.0242,0.0152,0.0314,0.0349,0.0285,0.0309,0.0379,0.0457,0.0547,0.0273,0.2829,-0.240634,0.06614825,0.026962047,0.22098215,0.18104905,-0.22842638,0.007919562,0.27061558,-0.565093,0.12949638,0.31490383,-0.22098215,0.27803737,0.06738683,-18.813349,-1.9224446,0.059631463,2,"{""geodesic"":false,""type"":""Point"",""coordinates"":[110.44960339214705,-7.286114175099311]}"
1_1_1_2_18_0,0.0411,0.0116,0.0084,0.0344,0.0397,0.0322,0.0358,0.0325,0.0334,0.0303,0.0315,0.0435,-0.19262673,-0.004919732,0.0017507426,-0.13428572,0.5477583,-0.16000001,0.008926732,-0.0633694,-0.5658915,0.4956522,-0.030400008,0.13428572,-0.08320725,-0.005066668,-20.325083,-17.450783,-0.01089074,2,"{""geodesic"":false,""type"":""Point"",""coordinates"":[110.41408777303322,-7.289506824392788]}"
1_1_1_2_122_0,0.0405,0.0144,0.0086,0.0352,0.0414,0.0329,0.0475,0.0405,0.0398,0.0359,0.0301,0.0358,-0.2010135,0.007737539,0.0062785787,-0.07115135,0.48387098,-0.2521739,0.007881338,0.009845298,-0.61348313,0.41935486,0.04360463,0.07115135,-0.13908872,0.007911389,-22.714437,-15.648507,0.0018385589,2,"{""geodesic"":false,""type"":""Point"",""coordinates"":[110.42171727856531,-7.273958547808855]}"
1_1_1_2_60_0,0.0389,0.0154,0.0081,0.0315,0.0411,0.0278,0.0362,0.0364,0.0364,0.0345,0.0376,0.1591,-0.20879121,0.017356614,0.008897535,-0.08730159,0.45486724,-0.31063828,0.006526957,0.045454524,-0.6197183,0.3432836,0.10754414,0.08730159,-0.024045274,0.01787302,-42.818798,-17.995728,0.007950527,2,"{""geodesic"":false,""type"":""Point"",""coordinates"":[110.43946979362858,-7.276061303637251]}"
1_1_1_2_199_0,0.0458,0.0155,0.0096,0.0356,0.04,0.0287,0.0392,0.0293,0.0337,0.026,0.0264,0.0667,-0.16446126,-0.007248709,-3.6068822E-4,-0.21212119,0.44144145,-0.23505974,0.0105969235,-0.15584414,-0.46067414,0.39334637,-0.04936013,0.21212119,-0.20245397,-0.0073012416,-24.525272,-18.518349,-0.025641022,2,"{""geodesic"":false,""type"":""Point"",""coordinates"":[110.42361268188114,-7.279388208649035]}"
1_1_1_2_192_0,0.043,0.0137,0.0105,0.0344,0.0384,0.0245,0.0405,0.032,0.0345,0.0197,0.028,0.0459,-0.17226437,-0.013205676,-0.0028860178,-0.32185888,0.4740883,-0.13223141,0.013058375,-0.27171904,-0.30463576,0.43035343,-0.10859727,0.32185888,-0.34551495,-0.013230428,-21.485428,-15.399152,-0.039794262,2,"{""geodesic"":false,""type"":""Point"",""coordinates"":[110.4279668746149,-7.274690113072845]}"
1_1_1_2_21_0,0.0388,0.0063,0.0046,0.0329,0.035,0.024,0.0324,0.0244,0.0235,0.0214,0.0196,0.0189,-0.28368795,-0.0070755985,5.3680403E-4,-0.24113473,0.69491524,-0.15596329,0.0051588784,-0.21178637,-0.64615387,0.67857146,-0.057268705,0.24113473,-0.20446095,-0.0071507134,-20.537403,-12.0237255,-0.031120334,2,"{""geodesic"":false,""type"":""Point"",""coordinates"":[110.43382644455457,-7.297491936203114]}"
1_1_1_2_87_0,0.0411,0.012,0.0075,0.0327,0.0376,0.0252,0.0386,0.0342,0.0326,0.0282,0.0306,0.1012,-0.2415902,0.008028691,0.0053393114,-0.14285712,0.516129,-0.23076925,0.0067021274,-0.073891595,-0.57983196,0.46308723,0.056179784,0.14285712,-0.15568861,0.008131552,-20.88895,-16.177042,-0.012034225,2,"{""geodesic"":false,""type"":""Point"",""coordinates"":[110.41508684526303,-7.2875181314004145]}"
1_1_1_2_156_0,0.0399,0.0152,0.0104,0.0308,0.0421,0.0267,0.0315,0.0265,0.0275,0.0258,0.0255,0.0585,-0.14923859,-0.002356017,0.0011380374,-0.24005891,0.469459,-0.1875,0.01076279,-0.0883392,-0.42541438,0.33913043,-0.017142829,0.24005891,-0.09947642,-0.0024434347,-17.627064,-16.94874,-0.013474665,2,"{""geodesic"":false,""type"":""Point"",""coordinates"":[110.44115755213824,-7.303018775670675]}"
1_1_1_2_188_0,0.0425,0.0104,0.0063,0.0324,0.0402,0.0277,0.0339,0.0248,0.02,0.0196,0.0229,0.0355,-0.15427305,-0.021478573,-0.0050340844,-0.3444816,0.5889328,-0.24550898,0.008903571,-0.24615385,-0.5135135,0.5140187,-0.17124735,0.3444816,-0.26728973,-0.022199888,-18.682255,-16.926315,-0.03478261,2,"{""geodesic"":false,""type"":""Point"",""coordinates"":[110.43349497252089,-7.272887972737049]}"
1_1_1_2_148_0,0.0413,0.0172,0.0106,0.0296,0.0336,0.0248,0.0334,0.0398,0.0425,0.0294,0.0355,0.1244,-0.16831683,0.012026772,0.0059468755,-0.06666664,0.3228346,-0.2374101,0.008941497,-0.0033898246,-0.47000003,0.26495725,0.08487084,0.06666664,-0.06369426,0.012450377,-20.507475,-14.066882,-5.366717E-4,2,"{""geodesic"":false,""type"":""Point"",""coordinates"":[110.4332691095736,-7.308436189083214]}"
1_1_1_2_189_0,0.043,0.0106,0.0068,0.0356,0.038,0.0294,0.0354,0.0256,0.0236,0.0217,0.0189,0.0301,-0.17780061,-0.02067447,-0.004368254,-0.2730318,0.56378603,-0.21839078,0.009212904,-0.24258287,-0.522807,0.54112554,-0.15068492,0.2730318,-0.23992994,-0.020958085,-28.92423,-18.482422,-0.03741252,2,"{""geodesic"":false,""type"":""Point"",""coordinates"":[110.43240758712851,-7.273157975065176]}"
1_1_1_2_66_0,0.039,0.0095,0.005,0.0336,0.0389,0.0272,0.0315,0.0222,0.026,0.0238,0.0204,0.0371,-0.21997873,-0.009090909,-2.6319642E-4,-0.24082932,0.607438,-0.31034482,0.0057142857,-0.17073168,-0.6527778,0.5591647,-0.06666666,0.24082932,-0.13924049,-0.009255898,-30.153465,-19.276512,-0.026372438,2,"{""geodesic"":false,""type"":""Point"",""coordinates"":[110.43947506754823,-7.2718099554694025]}"
1_1_1_2_161_0,0.0382,0.0107,0.0073,0.0314,0.0393,0.0256,0.0304,0.0201,0.0138,0.0212,0.0158,0.0902,-0.18335207,-0.011710849,-0.0017594143,-0.29917356,0.57199997,-0.18888889,0.008815095,-0.19391635,-0.48771927,0.49168643,-0.094017096,0.29917356,-0.17829458,-0.0120702265,-24.236237,-17.86173,-0.027687294,2,"{""geodesic"":false,""type"":""Point"",""coordinates"":[110.44197266691747,-7.303200692592282]}"
1_1_1_2_6_0,0.0426,0.0073,0.0056,0.032,0.0369,0.0247,0.0407,0.0245,0.0252,0.0207,0.0218,0.0245,-0.24439198,-0.010765423,-9.163634E-4,-0.28124997,0.6696832,-0.13178298,0.0066821254,-0.21442127,-0.5741445,0.62849873,-0.08810574,0.28124997,-0.3257329,-0.011001102,-21.56482,-31.147171,-0.030667635,2,"{""geodesic"":false,""type"":""Point"",""coordinates"":[110.4323134767736,-7.275961938768004]}"
1_1_1_2_179_0,0.0391,0.0157,0.0098,0.0331,0.0433,0.0294,0.0343,0.0311,0.0372,0.0362,0.0307,0.1563,-0.2115385,0.01762846,0.009227923,-0.08930814,0.46779662,-0.23137252,0.007959116,0.044733047,-0.57391304,0.3565574,0.10365856,0.08930814,0.02695038,0.01803395,-23.26024,-13.063745,0.008167926,2,"{""geodesic"":false,""type"":""Point"",""coordinates"":[110.44246432553197,-7.271904096315406]}"
1_1_1_2_196_0,0.0408,0.0102,0.0077,0.0322,0.0364,0.0257,0.0351,0.0227,0.0194,0.0189,0.0107,0.0491,-0.17471266,-0.018248174,-0.004053082,-0.31645572,0.5622318,-0.13966483,0.01047037,-0.260274,-0.42105263,0.5188679,-0.15246636,0.31645572,-0.3,-0.018729342,-31.19239,-21.73081,-0.03620033,2,"{""geodesic"":false,""type"":""Point"",""coordinates"":[110.42098991561251,-7.2760380626266885]}"
1_1_1_2_126_0,0.0431,0.0092,0.0052,0.0349,0.0395,0.0286,0.0364,0.0304,0.0289,0.0259,0.024,0.0276,-0.23326571,-0.0072134626,7.3807896E-4,-0.20795108,0.6221766,-0.2777778,0.0057420847,-0.14802629,-0.6655949,0.5827664,-0.04954127,0.20795108,-0.16853932,-0.007303875,-35.861652,-16.348665,-0.024072748,2,"{""geodesic"":false,""type"":""Point"",""coordinates"":[110.42850124054479,-7.281927121034237]}"
1_1_1_2_160_0,0.0377,0.016,0.0113,0.0316,0.0379,0.0247,0.0312,0.0296,0.0307,0.0217,0.0246,0.0845,-0.13404252,-0.008039448,-0.0014581819,-0.27181208,0.40630797,-0.17216118,0.012862213,-0.18574105,-0.3151515,0.32773104,-0.064655185,0.27181208,-0.17958412,-0.0082357265,-24.059225,-30.857521,-0.026838962,2,"{""geodesic"":false,""type"":""Point"",""coordinates"":[110.44160838557477,-7.304737964680646]}"
1_1_1_2_137_0,0.0463,0.0291,0.0227,0.0353,0.0382,0.024,0.046,0.0402,0.0409,0.0302,0.0329,0.0663,-0.104553126,0.01704327,0.005296176,-0.11695903,0.13521542,-0.12355213,0.018039735,-0.077862605,-0.14177693,0.096273296,0.114391156,0.11695903,-0.20734906,0.016780946,-26.770777,-22.413427,-0.013527853,2,"{""geodesic"":false,""type"":""Point"",""coordinates"":[110.42656629648914,-7.307523177792753]}"
1_1_1_2_30_0,0.0371,0.0151,0.0086,0.0292,0.0332,0.0245,0.0337,0.033,0.0312,0.0289,0.0283,0.1134,-0.18935516,0.011495454,0.0060658725,-0.06924316,0.3747412,-0.2742616,0.0072906576,-0.0051635345,-0.5413333,0.31828442,0.08239701,0.06924316,-0.07667733,0.011926274,-26.777855,-26.737925,-8.0631074E-4,2,"{""geodesic"":false,""type"":""Point"",""coordinates"":[110.45004420280021,-7.296064700085753]}"
1_1_1_2_42_0,0.038,0.0085,0.0063,0.029,0.0339,0.0249,0.0297,0.0192,0.0244,0.0208,0.0174,0.0725,-0.19711536,-0.010758897,-0.0011935838,-0.23948812,0.5990566,-0.14864868,0.007541827,-0.16465862,-0.53505534,0.5466666,-0.08971555,0.23948812,-0.17623763,-0.01126993,-26.06857,-18.977116,-0.022371769,2,"{""geodesic"":false,""type"":""Point"",""coordinates"":[110.44817208227022,-7.271277899155739]}"
1_1_1_2_97_0,0.0445,0.0093,0.0058,0.0368,0.0423,0.0312,0.0376,0.0222,0.0284,0.0218,0.0238,0.0351,-0.18264382,-0.025187565,-0.0055188695,-0.3198128,0.6395349,-0.23178808,0.008300917,-0.2559727,-0.5797101,0.5965293,-0.17735848,0.3198128,-0.26599327,-0.025497284,-22.970718,-16.645077,-0.040279273,2,"{""geodesic"":false,""type"":""Point"",""coordinates"":[110.43059675733068,-7.272432069865107]}"
1_1_1_2_49_0,0.0477,0.0174,0.0101,0.05,0.0607,0.0553,0.0665,0.0509,0.0509,0.0472,0.0375,0.0747,-0.14420247,-0.020169321,-0.0013833413,-0.12511583,0.55441743,-0.26545456,0.011833262,-0.028806573,-0.64746946,0.48367953,-0.07902438,0.12511583,-0.16974492,-0.020165972,-21.945936,-18.325212,-0.007032817,2,"{""geodesic"":false,""type"":""Point"",""coordinates"":[110.44890218021237,-7.266846516041598]}"
1_1_1_2_135_0,0.0387,0.0062,0.0048,0.0324,0.0353,0.0231,0.0402,0.0232,0.0227,0.02,0.0162,0.0175,-0.28274176,-0.008464396,-1.0497351E-4,-0.27667272,0.70120484,-0.12727273,0.0055440003,-0.23664124,-0.6129032,0.6787565,-0.07192576,0.27667272,-0.3355482,-0.00856196,-18.742273,-16.83378,-0.033671256,2,"{""geodesic"":false,""type"":""Point"",""coordinates"":[110.42829378797089,-7.302640850910806]}"
1_1_1_2_34_0,0.0519,0.0182,0.0107,0.0549,0.0728,0.0808,0.0959,0.0951,0.0954,0.0862,0.0813,0.1666,-0.17534362,0.011645465,0.016494006,0.084276706,0.6,-0.25951558,0.010029699,0.22182848,-0.77915376,-0.502052,0.03233534,-0.084276706,-0.05326744,0.012143932,-19.195545,-11.750339,0.0732335,2,"{""geodesic"":false,""type"":""Point"",""coordinates"":[110.45150908060289,-7.283402854640334]}"
1_1_1_2_77_0,0.0503,0.0135,0.0078,0.0553,0.0778,0.0604,0.0712,0.048,0.0478,0.0356,0.0355,0.0599,-0.10315533,-0.0630562,-0.01648836,-0.37213403,0.7042716,-0.26760566,0.013233708,-0.2167217,-0.640553,0.60755813,-0.25833336,0.37213403,-0.33333334,-0.062416114,-26.73617,-17.818165,-0.05000847,2,"{""geodesic"":false,""type"":""Point"",""coordinates"":[110.41753813990202,-7.283360411655365]}"
1_1_1_2_47_0,0.0403,0.0135,0.0102,0.0356,0.0416,0.03,0.034,0.0252,0.0354,0.0228,0.0215,0.0682,-0.14622179,-0.019234877,-0.0042758603,-0.29192546,0.5099819,-0.1392405,0.013421052,-0.21917807,-0.38181818,0.45010182,-0.13636361,0.29192546,-0.19718309,-0.0195369,-20.9746,-30.993093,-0.034383953,2,"{""geodesic"":false,""type"":""Point"",""coordinates"":[110.44826609128312,-7.268473924002458]}"
1_1_1_2_17_0,0.0403,0.0076,0.0053,0.0328,0.0338,0.025,0.0284,0.0236,0.0271,0.0187,0.0194,0.0284,-0.22473246,-0.017069472,-0.0032163633,-0.28761902,0.6328502,-0.1782946,0.0070855613,-0.27378643,-0.55833334,0.62376237,-0.14416477,0.28761902,-0.2059448,-0.01738091,-26.090904,-19.043562,-0.038349956,2,"{""geodesic"":false,""type"":""Point"",""coordinates"":[110.42042675649499,-7.2913240727936]}"
1_1_1_2_27_0,0.0412,0.0068,0.0046,0.0338,0.04,0.0262,0.032,0.0207,0.021,0.0182,0.0171,0.0176,-0.2235294,-0.021694325,-0.004561921,-0.37457043,0.7094017,-0.19298245,0.006621978,-0.29999995,-0.5964912,0.66502464,-0.18018016,0.37457043,-0.27490038,-0.022042613,-23.04316,-15.938175,-0.042391296,2,"{""geodesic"":false,""type"":""Point"",""coordinates"":[110.43608762005184,-7.300389299047126]}"
1_1_1_2_86_0,0.0417,0.0095,0.0067,0.0326,0.0417,0.0292,0.0365,0.0323,0.0368,0.0277,0.0275,0.0458,-0.21818182,-0.0039127744,0.0019912433,-0.20172913,0.62890625,-0.17283951,0.007062816,-0.08126038,-0.6104651,0.5486936,-0.02636206,0.20172913,-0.13707165,-0.004040226,-23.584106,-15.043663,-0.013117976,2,"{""geodesic"":false,""type"":""Point"",""coordinates"":[110.42858793494054,-7.285002671645553]}"
1_1_1_2_197_0,0.0436,0.0175,0.0086,0.0352,0.0378,0.0271,0.0349,0.0298,0.0364,0.0284,0.0314,0.0693,-0.17560074,0.0035059322,0.0030013167,-0.14199394,0.3670886,-0.34099615,0.008206339,-0.10691823,-0.53513515,0.33586338,0.023423417,0.14199394,-0.10268562,0.0035103501,-22.337275,-14.250599,-0.01809794,2,"{""geodesic"":false,""type"":""Point"",""coordinates"":[110.4214396085765,-7.278571350976056]}"
1_1_1_2_67_0,0.0391,0.0095,0.0064,0.0332,0.0385,0.0277,0.0307,0.0216,0.0238,0.0203,0.0196,0.0286,-0.17971335,-0.01973333,-0.004174585,-0.3095238,0.6041667,-0.19496855,0.008733004,-0.24112147,-0.5205993,0.5550351,-0.15416664,0.3095238,-0.20392154,-0.02025547,-24.884912,-17.53189,-0.034959346,2,"{""geodesic"":false,""type"":""Point"",""coordinates"":[110.43847793708682,-7.2723514474803475]}"
1_1_1_2_118_0,0.0439,0.0092,0.0045,0.0358,0.04,0.0284,0.0339,0.0228,0.026,0.0234,0.0207,0.0228,-0.22314048,-0.013509134,-0.0015973668,-0.26182964,0.62601626,-0.3430657,0.005461538,-0.20945945,-0.67741936,0.59111106,-0.09652511,0.26182964,-0.18324609,-0.013591884,-24.366726,-15.22185,-0.033261802,2,"{""geodesic"":false,""type"":""Point"",""coordinates"":[110.42760143060877,-7.277131914090865]}"
1_1_1_2_110_0,0.0381,0.0072,0.0043,0.0283,0.0314,0.0226,0.0408,0.024,0.0236,0.0193,0.0147,0.0177,-0.22997417,-0.008751922,-5.7080376E-4,-0.23865874,0.626943,-0.2521739,0.005035233,-0.18907562,-0.63559324,0.5943662,-0.07875895,0.23865874,-0.3577371,-0.009134526,-24.15316,-18.861217,-0.02465303,2,"{""geodesic"":false,""type"":""Point"",""coordinates"":[110.42657102380394,-7.303814568434459]}"
1_1_1_2_177_0,0.0371,0.0136,0.0077,0.0338,0.0372,0.0264,0.0307,0.0305,0.0281,0.0344,0.0292,0.1435,-0.26062846,0.021292455,0.010268424,-0.03910613,0.46456692,-0.2769953,0.0059093023,0.008797694,-0.63420427,0.4261603,0.13157897,0.03910613,0.056835655,0.021398006,-23.221039,-17.947313,0.0015839564,2,"{""geodesic"":false,""type"":""Point"",""coordinates"":[110.44581648906573,-7.271546389066988]}"
1_1_1_2_138_0,0.0451,0.0223,0.0136,0.0343,0.036,0.0262,0.041,0.0446,0.0483,0.0314,0.0404,0.0993,-0.15061295,0.013958229,0.0058911587,-0.068249255,0.23499142,-0.24233982,0.011347772,-0.04414004,-0.39555553,0.21201414,0.090277754,0.068249255,-0.1325967,0.013988518,-25.662985,-16.628117,-0.00768959,2,"{""geodesic"":false,""type"":""Point"",""coordinates"":[110.42729081740492,-7.30770500620892]}"
1_1_1_2_16_0,0.0393,0.0087,0.0057,0.0318,0.0345,0.0243,0.0307,0.0241,0.0237,0.0206,0.0177,0.0253,-0.2271663,-0.009968745,-9.353592E-4,-0.25226858,0.5972222,-0.20833333,0.0067237862,-0.21374048,-0.56653994,0.5703704,-0.08240533,0.25226858,-0.19688109,-0.010185353,-24.893963,-16.051863,-0.030412748,2,"{""geodesic"":false,""type"":""Point"",""coordinates"":[110.42024732034118,-7.289967032814709]}"
1_1_1_2_198_0,0.0434,0.0125,0.0085,0.0357,0.0385,0.0273,0.0343,0.0293,0.0276,0.029,0.0262,0.0897,-0.23827751,0.0045943437,0.0043228627,-0.14074075,0.5098039,-0.19047616,0.008001725,-0.1035549,-0.5466666,0.4813278,0.030195365,0.14074075,-0.08372829,0.0045838547,-24.06473,-13.6001625,-0.017797064,2,"{""geodesic"":false,""type"":""Point"",""coordinates"":[110.421892432806,-7.2786623832894595]}"
1_1_1_2_81_0,0.0583,0.0138,0.009,0.0563,0.0737,0.0657,0.0814,0.0595,0.0668,0.0532,0.0506,0.0963,-0.15873013,-0.03048335,-0.0033022573,-0.16154456,0.68457144,-0.21052633,0.011114662,-0.028310506,-0.7106109,0.60627675,-0.10513039,0.16154456,-0.20950967,-0.030295692,-24.78807,-12.190914,-0.007629205,2,"{""geodesic"":false,""type"":""Point"",""coordinates"":[110.41409693709475,-7.282451430734762]}"
1_1_1_2_15_0,0.0483,0.0116,0.0078,0.0462,0.0692,0.049,0.0615,0.0406,0.0376,0.0322,0.0325,0.0338,-0.12805757,-0.04287026,-0.01017195,-0.3648915,0.7128713,-0.1958763,0.011869564,-0.1785714,-0.61,0.59861594,-0.20689653,0.3648915,-0.3127001,-0.04335856,-41.58655,-15.981703,-0.03630705,2,"{""geodesic"":false,""type"":""Point"",""coordinates"":[110.42061804727219,-7.283454818794951]}"
1_1_1_2_29_0,0.0395,0.0155,0.0113,0.036,0.0422,0.03,0.0331,0.035,0.0379,0.0323,0.0329,0.1962,-0.20035149,0.0061020902,0.004869697,-0.1328859,0.4627383,-0.15671639,0.010495356,-0.054172758,-0.48165137,0.39805824,0.036918137,0.1328859,-0.012232429,0.0061355145,-22.174475,-30.547949,-0.009765967,2,"{""geodesic"":false,""type"":""Point"",""coordinates"":[110.4513982340182,-7.300046341382909]}"
1_1_1_2_9_0,0.0451,0.0083,0.0064,0.0398,0.0545,0.0367,0.0539,0.0284,0.0283,0.0238,0.02,0.0245,-0.17127073,-0.034108933,-0.007866936,-0.3920817,0.7356688,-0.1292517,0.009868907,-0.2515723,-0.57615894,0.65488565,-0.21322311,0.3920817,-0.38738737,-0.034522742,-31.37974,-14.477987,-0.04258339,2,"{""geodesic"":false,""type"":""Point"",""coordinates"":[110.43196010778907,-7.268815610305252]}"
1_1_1_2_2_0,0.0416,0.006,0.0055,0.0356,0.0402,0.0276,0.0356,0.0235,0.0232,0.0212,0.0203,0.02,-0.25663716,-0.017395087,-0.002572037,-0.30944625,0.7402597,-0.04347827,0.007160377,-0.2535211,-0.58801496,0.71153843,-0.13114755,0.30944625,-0.25352114,-0.017492712,-25.052738,-21.006552,-0.038793102,2,"{""geodesic"":false,""type"":""Point"",""coordinates"":[110.43174967414447,-7.292062079261558]}"
1_1_1_2_201_0,0.0439,0.0087,0.007,0.0346,0.0364,0.0243,0.0363,0.0284,0.0303,0.0282,0.0257,0.0507,-0.31106472,0.010661566,0.0066646407,-0.12693499,0.6141907,-0.10828025,0.006031915,-0.10191083,-0.60227275,0.5981524,0.07428573,0.12693499,-0.12558138,0.010588237,-29.151924,-17.438269,-0.01705757,2,"{""geodesic"":false,""type"":""Point"",""coordinates"":[110.42524246369354,-7.280023458938123]}"
1_1_1_2_54_0,0.0395,0.0101,0.0066,0.034,0.0394,0.029,0.0366,0.0232,0.0226,0.0205,0.0191,0.0415,-0.16452995,-0.022618411,-0.005150531,-0.31552586,0.5919192,-0.20958082,0.009336585,-0.24770643,-0.51291513,0.54195017,-0.17171714,0.31552586,-0.28196147,-0.023202907,-21.0214,-20.477497,-0.03651939,2,"{""geodesic"":false,""type"":""Point"",""coordinates"":[110.43920611210227,-7.269548263720293]}"
1_1_1_2_55_0,0.0385,0.0072,0.0038,0.0354,0.0394,0.0272,0.039,0.0253,0.024,0.0218,0.0192,0.0209,-0.2489083,-0.0146818925,-0.0018555896,-0.28758168,0.6909871,-0.30909088,0.0047412845,-0.23776223,-0.703125,0.6619718,-0.110204086,0.28758168,-0.28289473,-0.014754099,-38.082935,-16.23243,-0.036611628,2,"{""geodesic"":false,""type"":""Point"",""coordinates"":[110.4347670372711,-7.269814114902589]}"
1_1_1_2_73_0,0.0419,0.0119,0.0073,0.0327,0.0366,0.0286,0.0357,0.0276,0.0273,0.0228,0.0211,0.0524,-0.15624999,-0.015276825,-0.0028404167,-0.23232324,0.50927836,-0.23958333,0.009157018,-0.17837834,-0.51495016,0.4663677,-0.11284046,0.23232324,-0.2205128,-0.015778018,-33.007076,-14.275477,-0.026732668,2,"{""geodesic"":false,""type"":""Point"",""coordinates"":[110.41953946981967,-7.276850292946163]}"
1_1_1_2_123_0,0.0357,0.007,0.0041,0.0296,0.0332,0.023,0.0309,0.0186,0.0201,0.0154,0.0174,0.0158,-0.19999999,-0.0203994,-0.0047644717,-0.36625513,0.65174127,-0.26126128,0.0061233765,-0.31555557,-0.5794872,0.61748636,-0.19791667,0.36625513,-0.3347732,-0.02117385,-31.557678,-16.562769,-0.03908257,2,"{""geodesic"":false,""type"":""Point"",""coordinates"":[110.44659981981671,-7.297598218882021]}"
1_1_1_2_7_0,0.0382,0.0078,0.0083,0.0346,0.0442,0.0289,0.0361,0.0243,0.0226,0.0198,0.0181,0.023,-0.19429201,-0.024365427,-0.0053606466,-0.38125,0.7,0.031055907,0.012114646,-0.27205884,-0.40925267,0.6320755,-0.18685831,0.38125,-0.29159212,-0.02487698,-25.179382,-19.84272,-0.04004329,2,"{""geodesic"":false,""type"":""Point"",""coordinates"":[110.4442690562214,-7.277604941142701]}"
1_1_1_2_107_0,0.0397,0.0065,0.0046,0.0317,0.0372,0.023,0.0358,0.0252,0.0243,0.021,0.0196,0.02,-0.28223845,-0.0054274094,9.241383E-4,-0.27835053,0.70251715,-0.17117117,0.0050380956,-0.20303605,-0.640625,0.65968585,-0.045454554,0.27835053,-0.26056337,-0.005514707,-39.33452,-20.346828,-0.029039264,2,"{""geodesic"":false,""type"":""Point"",""coordinates"":[110.43101546448436,-7.299568849435946]}"
1_1_1_2_136_0,0.0413,0.0163,0.0097,0.0288,0.0349,0.0241,0.0419,0.0436,0.0485,0.0375,0.0393,0.1253,-0.24273665,0.0346755,0.014782322,0.035911646,0.36328122,-0.25384614,0.006233867,0.13122174,-0.58898306,0.27716184,0.21753249,-0.035911646,-0.055415597,0.035790604,-31.219486,-19.784897,0.023044327,2,"{""geodesic"":false,""type"":""Point"",""coordinates"":[110.43408388820708,-7.308889482697218]}"
1_1_1_2_200_0,0.0437,0.0139,0.0077,0.0359,0.0392,0.0273,0.0366,0.031,0.0293,0.0239,0.0288,0.0501,-0.18415843,-0.009254722,-0.0010252447,-0.24247226,0.47645953,-0.28703701,0.008795397,-0.2006689,-0.51265824,0.4417671,-0.06640624,0.24247226,-0.20991735,-0.00925254,-27.281876,-13.716699,-0.03215434,2,"{""geodesic"":false,""type"":""Point"",""coordinates"":[110.42433658021153,-7.280022308170753]}"
1_1_1_2_58_0,0.0409,0.0081,0.0042,0.0326,0.0389,0.0294,0.0331,0.0238,0.0245,0.0215,0.0195,0.0219,-0.1812227,-0.020715334,-0.0041252025,-0.28807944,0.65531915,-0.3170732,0.0057432554,-0.2051756,-0.6731518,0.6019656,-0.15520628,0.28807944,-0.2124542,-0.021510255,-26.858124,-16.693947,-0.030048726,2,"{""geodesic"":false,""type"":""Point"",""coordinates"":[110.43367365247705,-7.274878189921249]}"
1_1_1_2_92_0,0.0396,0.0119,0.0081,0.0307,0.0348,0.0237,0.0414,0.0314,0.0291,0.0252,0.024,0.0289,-0.2218579,0.004001492,0.0035912015,-0.16000001,0.49036402,-0.19,0.007617858,-0.09838998,-0.5135135,0.44131455,0.030674832,0.16000001,-0.24324325,0.0040991055,-28.718348,-20.990534,-0.014840798,2,"{""geodesic"":false,""type"":""Point"",""coordinates"":[110.42430040718683,-7.308334377878996]}"
1_1_1_2_132_0,0.0385,0.0088,0.0083,0.0314,0.0332,0.0219,0.0334,0.0313,0.0286,0.0265,0.0292,0.0379,-0.30699772,0.012467475,0.0069215884,-0.112227805,0.5809524,-0.029239772,0.0068592452,-0.08462866,-0.5229885,0.56218904,0.09504131,0.112227805,-0.115191996,0.012582056,-20.598467,-21.033834,-0.013174402,2,"{""geodesic"":false,""type"":""Point"",""coordinates"":[110.43598829737886,-7.307354147189451]}"
1_1_1_2_173_0,0.0383,0.0232,0.0146,0.0297,0.0318,0.0265,0.0348,0.0303,0.0324,0.0252,0.0314,0.0498,-0.049713198,-0.00338031,-7.151719E-4,-0.1157895,0.15636367,-0.22751321,0.015353175,-0.08196721,-0.26633164,0.12287335,-0.025145061,0.1157895,-0.16,-0.0035345287,-21.64606,-18.963078,-0.012164353,2,"{""geodesic"":false,""type"":""Point"",""coordinates"":[110.4490504566622,-7.293802129061338]}"
1_1_1_2_78_0,0.0453,0.0127,0.0087,0.0408,0.0528,0.036,0.0456,0.037,0.0363,0.031,0.0311,0.0387,-0.19170126,-0.013283738,-8.70761E-4,-0.2601432,0.61221373,-0.18691587,0.010103226,-0.13649027,-0.56171286,0.5252337,-0.074626856,0.2601432,-0.19060053,-0.01322751,-27.889786,-18.503302,-0.025708295,2,"{""geodesic"":false,""type"":""Point"",""coordinates"":[110.42261193083968,-7.282733734340349]}"
1_1_1_2_134_0,0.0402,0.0077,0.0055,0.0336,0.0383,0.026,0.0336,0.0234,0.0227,0.0199,0.0182,0.021,-0.2270642,-0.016506117,-0.002856865,-0.3161512,0.6652174,-0.16666667,0.00718593,-0.25607476,-0.5669291,0.62711865,-0.13289762,0.3161512,-0.2560748,-0.016761314,-21.170488,-23.119595,-0.03712737,2,"{""geodesic"":false,""type"":""Point"",""coordinates"":[110.43019268931914,-7.305447328685392]}"
1_1_1_2_157_0,0.0399,0.0222,0.0143,0.0314,0.0399,0.0238,0.0309,0.0381,0.0354,0.0218,0.039,0.0547,-0.072580636,-0.005381553,-0.0017164473,-0.29335496,0.28502417,-0.21643835,0.015611927,-0.18045111,-0.20775624,0.17164178,-0.043859657,0.29335496,-0.17267552,-0.0054985345,-16.843504,-8.292021,-0.026030365,2,"{""geodesic"":false,""type"":""Point"",""coordinates"":[110.44143056672453,-7.302024116589741]}"
1_1_1_2_20_0,0.0413,0.0095,0.0067,0.0327,0.0384,0.0256,0.0356,0.0309,0.0322,0.0272,0.0245,0.0246,-0.26105264,0.0042755627,0.0044532516,-0.17073172,0.6033403,-0.17283951,0.006305882,-0.09181967,-0.60471976,0.549763,0.03030305,0.17073172,-0.13375795,0.0043415367,-24.420221,-17.563292,-0.014734769,2,"{""geodesic"":false,""type"":""Point"",""coordinates"":[110.42105182407494,-7.298380284918437]}"
1_1_1_2_79_0,0.0479,0.0114,0.0061,0.0473,0.0629,0.0474,0.059,0.0413,0.0414,0.0379,0.0297,0.0612,-0.18333332,-0.024546536,-0.0031200615,-0.24801585,0.6931359,-0.30285716,0.007629024,-0.11032862,-0.7227273,0.6115843,-0.11137164,0.24801585,-0.21775025,-0.024346491,-22.801184,-12.436816,-0.024094325,2,"{""geodesic"":false,""type"":""Point"",""coordinates"":[110.42179547219999,-7.283637232613445]}"
1_1_1_2_68_0,0.0384,0.0064,0.0045,0.0326,0.0416,0.029,0.0334,0.0191,0.0202,0.0162,0.0164,0.017,-0.15914492,-0.033837367,-0.008794815,-0.43944636,0.73333335,-0.17431194,0.008055555,-0.33606556,-0.56521744,0.6717949,-0.2831858,0.43944636,-0.3467742,-0.035216432,-26.064798,-15.6120205,-0.044825073,2,"{""geodesic"":false,""type"":""Point"",""coordinates"":[110.44281741345631,-7.279412245534748]}"
1_1_1_2_171_0,0.0365,0.0077,0.0054,0.0299,0.0335,0.0236,0.0299,0.0198,0.0181,0.0159,0.0129,0.0363,-0.18806744,-0.020626841,-0.0048821936,-0.3562753,0.6262136,-0.1755725,0.008015094,-0.30567682,-0.49295777,0.59042555,-0.1949367,0.3562753,-0.30567682,-0.021408712,-12.10295,-4.997462,-0.03847563,2,"{""geodesic"":false,""type"":""Point"",""coordinates"":[110.44823203137891,-7.296333853931671]}"
1_1_1_2_153_0,0.038,0.0251,0.0147,0.031,0.0327,0.0258,0.0362,0.048,0.0563,0.035,0.0654,0.1403,-0.12917022,0.024025904,0.009324053,0.033973437,0.13148786,-0.26130652,0.010836001,0.06060607,-0.4084507,0.105169326,0.15131578,-0.033973437,-0.01685393,0.024607701,-22.759851,-14.673085,0.010600708,2,"{""geodesic"":false,""type"":""Point"",""coordinates"":[110.43915897616264,-7.307448554141048]}"
1_1_1_2_83_0,0.0475,0.0265,0.0171,0.0386,0.0426,0.0303,0.0454,0.0491,0.0501,0.0442,0.0526,0.1096,-0.18624642,0.037106242,0.014573437,0.01843319,0.23299564,-0.2155963,0.011722399,0.067632824,-0.44208807,0.18586792,0.18657717,-0.01843319,-0.013392864,0.036292426,-22.91616,-16.67796,0.014413172,2,"{""geodesic"":false,""type"":""Point"",""coordinates"":[110.42442059290596,-7.285178298178453]}"
1_1_1_2_53_0,0.0393,0.0087,0.0071,0.0331,0.0404,0.0284,0.036,0.0251,0.0268,0.0186,0.0204,0.0366,-0.16441442,-0.026043052,-0.006308756,-0.36949152,0.6456212,-0.101265825,0.01084086,-0.28046423,-0.4474708,0.58373207,-0.20851064,0.36949152,-0.31868133,-0.026873857,-22.991072,-15.662441,-0.039423604,2,"{""geodesic"":false,""type"":""Point"",""coordinates"":[110.43793700194318,-7.270270327164906]}"
1_1_1_2_36_0,0.0378,0.0118,0.0059,0.0304,0.0362,0.0257,0.031,0.0225,0.0261,0.0237,0.0225,0.0514,-0.18122272,-0.005263708,4.633666E-4,-0.20868115,0.5083333,-0.33333334,0.00639789,-0.12384473,-0.6013513,0.4407583,-0.0404858,0.20868115,-0.1334552,-0.0054604984,-26.672504,-18.69386,-0.01813752,2,"{""geodesic"":false,""type"":""Point"",""coordinates"":[110.44834928115067,-7.274534476519194]}"
1_1_1_2_31_0,0.0393,0.0181,0.0099,0.0337,0.0375,0.0245,0.03,0.0373,0.0376,0.0315,0.0395,0.1448,-0.2096475,0.018903594,0.008134212,-0.08695653,0.34892085,-0.29285717,0.0076999995,-0.03374233,-0.5217391,0.30115828,0.12500001,0.08695653,0.024390252,0.018884895,-24.14811,-28.908869,-0.005838641,2,"{""geodesic"":false,""type"":""Point"",""coordinates"":[110.44994830754325,-7.300406395288987]}"
1_1_1_2_32_0,0.0406,0.0061,0.0049,0.0336,0.043,0.0293,0.0352,0.0242,0.0231,0.0205,0.0191,0.0191,-0.20893854,-0.02329768,-0.0046884837,-0.35433072,0.7515275,-0.109090894,0.0070034144,-0.24214415,-0.61417323,0.6926952,-0.17670682,0.35433072,-0.2639138,-0.02400873,-22.09863,-18.931639,-0.03546291,2,"{""geodesic"":false,""type"":""Point"",""coordinates"":[110.43909474149295,-7.28628217771115]}"
1_1_1_2_193_0,0.0421,0.0155,0.0089,0.0346,0.0346,0.0247,0.039,0.0337,0.0298,0.0225,0.0308,0.063,-0.17368963,-0.0060359966,-5.69571E-4,-0.21190892,0.38123754,-0.2704918,0.009770222,-0.21190892,-0.43312106,0.38123754,-0.04661017,0.21190892,-0.26829267,-0.0060307016,-19.214329,-18.721842,-0.03257943,2,"{""geodesic"":false,""type"":""Point"",""coordinates"":[110.42434073144197,-7.276765965606023]}"
1_1_1_2_84_0,0.0414,0.0139,0.0072,0.0315,0.0361,0.0262,0.0348,0.0388,0.039,0.0248,0.0304,0.0474,-0.1680498,-0.0037007653,7.7981304E-4,-0.18555006,0.444,-0.31753555,0.0076064514,-0.11900532,-0.55,0.3876652,-0.02745097,0.18555006,-0.16778523,-0.003811251,-23.58252,-19.738916,-0.018065792,2,"{""geodesic"":false,""type"":""Point"",""coordinates"":[110.42368686059713,-7.292232780621991]}"
1_1_1_2_64_0,0.0391,0.0292,0.0104,0.0329,0.0413,0.0279,0.0392,0.0618,0.0497,0.0433,0.0655,0.277,-0.14328583,0.039939832,0.015169613,0.023640666,0.17163117,-0.47474748,0.0067011546,0.1364829,-0.6126629,0.059581336,0.21629214,-0.023640666,0.04969696,0.040441178,-15.660174,-4.2900414,0.027073925,2,"{""geodesic"":false,""type"":""Point"",""coordinates"":[110.44327615394731,-7.27470918094836]}"
1_1_1_2_162_0,0.041,0.0174,0.011,0.031,0.0394,0.0251,0.0325,0.0268,0.0421,0.0278,0.0378,0.0756,-0.16090818,0.0071360585,0.004064597,-0.17261906,0.38732395,-0.22535212,0.009931655,-0.05442177,-0.4329897,0.28099173,0.05103968,0.17261906,-0.07794363,0.0073250113,-19.9676,-21.14618,-0.008589836,2,"{""geodesic"":false,""type"":""Point"",""coordinates"":[110.4434239493238,-7.301755215528084]}"
1_1_1_2_130_0,0.0365,0.007,0.0067,0.0314,0.0332,0.023,0.0289,0.0193,0.0178,0.0181,0.0168,0.0241,-0.24528301,-0.013306537,-0.0020644707,-0.29434696,0.65174127,-0.021897841,0.008513811,-0.26868683,-0.45967746,0.6354166,-0.11922139,0.29434696,-0.22978722,-0.0135834385,-34.812466,-25.149788,-0.036305726,2,"{""geodesic"":false,""type"":""Point"",""coordinates"":[110.43961453847223,-7.305368672980033]}"
1_1_1_2_51_0,0.0408,0.0133,0.009,0.035,0.0386,0.0293,0.0366,0.0366,0.042,0.0328,0.0364,0.037,-0.22826087,0.009248493,0.006335528,-0.08123251,0.48747593,-0.19282512,0.008039634,-0.032448377,-0.569378,0.44927537,0.056360703,0.08123251,-0.05475504,0.009339974,-21.446777,-14.950142,-0.0058119055,2,"{""geodesic"":false,""type"":""Point"",""coordinates"":[110.43938997647591,-7.267377586064705]}"
1_1_1_2_3_0,0.0417,0.007,0.0048,0.035,0.0438,0.0276,0.0372,0.0258,0.0263,0.0224,0.0208,0.0204,-0.24782608,-0.014046463,-0.0015492578,-0.32326287,0.72440946,-0.18644068,0.0059142862,-0.21951221,-0.6470588,0.6666667,-0.10400001,0.32326287,-0.24832216,-0.01418182,-20.529451,-14.306227,-0.03390743,2,"{""geodesic"":false,""type"":""Point"",""coordinates"":[110.43510573130102,-7.288719479019535]}"
1_1_1_2_88_0,0.0404,0.0096,0.0076,0.0324,0.0362,0.0265,0.0355,0.0277,0.0254,0.0211,0.022,0.0389,-0.19419643,-0.014406147,-0.0024049734,-0.26352534,0.58078605,-0.11627909,0.009545024,-0.21121497,-0.47038326,0.5428571,-0.11344539,0.26352534,-0.25441697,-0.014791819,-28.40587,-18.532207,-0.03062331,2,"{""geodesic"":false,""type"":""Point"",""coordinates"":[110.41807700632073,-7.286979264117806]}"
1_1_1_2_63_0,0.0394,0.0179,0.0072,0.0332,0.0415,0.0298,0.0377,0.0345,0.0422,0.0286,0.0373,0.1428,-0.12876713,-0.0031302166,9.0892444E-4,-0.18402281,0.39730638,-0.4262948,0.0075020976,-0.074433655,-0.5977654,0.29941294,-0.020547943,0.18402281,-0.13725491,-0.0032234953,-26.25035,-16.3216,-0.01228195,2,"{""geodesic"":false,""type"":""Point"",""coordinates"":[110.44037847268783,-7.273801067863299]}"
1_1_1_2_116_0,0.0395,0.0056,0.005,0.0336,0.0424,0.027,0.0339,0.0206,0.0198,0.0169,0.0157,0.0166,-0.21540311,-0.027241345,-0.0063074823,-0.43001688,0.76666665,-0.056603767,0.007988166,-0.33069307,-0.543379,0.71428573,-0.23006837,0.43001688,-0.3346457,-0.027854389,-27.683325,-15.624589,-0.045504086,2,"{""geodesic"":false,""type"":""Point"",""coordinates"":[110.44172397401714,-7.2845667971956605]}"
1_1_1_2_80_0,0.0525,0.0136,0.0089,0.0539,0.0767,0.0618,0.0773,0.0529,0.0559,0.0457,0.0414,0.0721,-0.13828571,-0.039762907,-0.0075579714,-0.253268,0.69878185,-0.2088889,0.012035448,-0.082329325,-0.6739927,0.597037,-0.14976744,0.253268,-0.2569106,-0.039753087,-35.836903,-19.732033,-0.020513678,2,"{""geodesic"":false,""type"":""Point"",""coordinates"":[110.41907954868599,-7.282276944606947]}"
1_1_1_2_167_0,0.0383,0.0172,0.0102,0.0286,0.0362,0.0248,0.0358,0.0268,0.0318,0.0234,0.0298,0.086,-0.10638296,-0.0036545927,-5.3125335E-5,-0.21476513,0.35580525,-0.25547445,0.010810258,-0.10000001,-0.3928571,0.24890828,-0.029045671,0.21476513,-0.20945947,-0.0038307223,-14.406625,-8.2465105,-0.014130436,2,"{""geodesic"":false,""type"":""Point"",""coordinates"":[110.44886440439068,-7.297781896219423]}"
1_1_1_2_127_0,0.0407,0.0081,0.0053,0.0329,0.0356,0.0267,0.0319,0.027,0.0267,0.0232,0.0236,0.0314,-0.23432346,-0.009341802,-2.0369803E-4,-0.21088435,0.6292906,-0.20895524,0.0060995687,-0.17290556,-0.6280702,0.60487807,-0.07014027,0.21088435,-0.15789475,-0.00954719,-22.444891,-18.670448,-0.026164364,2,"{""geodesic"":false,""type"":""Point"",""coordinates"":[110.42133556463848,-7.289063886546551]}"
1_1_1_2_50_0,0.0409,0.0099,0.0091,0.0343,0.039,0.0295,0.0348,0.0255,0.0244,0.0232,0.0206,0.0466,-0.1867905,-0.016702902,-0.002826478,-0.25401932,0.59509206,-0.04210524,0.011571121,-0.19304347,-0.4365325,0.55203617,-0.1195446,0.25401932,-0.2,-0.017097885,-25.216856,-14.514118,-0.02986547,2,"{""geodesic"":false,""type"":""Point"",""coordinates"":[110.43857380378978,-7.268100211488954]}"
1_1_1_2_69_0,0.0405,0.0066,0.0056,0.0334,0.0456,0.0306,0.0376,0.024,0.0237,0.0209,0.0202,0.0202,-0.18688524,-0.025419287,-0.005446708,-0.37142858,0.74712646,-0.08196723,0.008199043,-0.23020257,-0.5773585,0.67,-0.18834952,0.37142858,-0.2854701,-0.026382593,-21.756432,-16.417149,-0.033826444,2,"{""geodesic"":false,""type"":""Point"",""coordinates"":[110.43366423639311,-7.282385880797276]}"
1_1_1_2_74_0,0.042,0.0107,0.0074,0.0342,0.0366,0.0261,0.0346,0.0281,0.0251,0.0221,0.0221,0.0545,-0.2094522,-0.0108436365,-0.0012708046,-0.24701875,0.5475687,-0.18232046,0.008739367,-0.2149201,-0.49830508,0.5233853,-0.08298756,0.24701875,-0.22045857,-0.010944912,-34.31649,-16.094736,-0.032626286,2,"{""geodesic"":false,""type"":""Point"",""coordinates"":[110.4217134574929,-7.276943527494826]}"
1_1_1_2_45_0,0.0498,0.0221,0.0135,0.0453,0.0561,0.0564,0.0741,0.0748,0.0838,0.0762,0.0823,0.0776,-0.215,0.046052936,0.025878664,0.15192744,0.43478262,-0.24157302,0.009992126,0.254321,-0.69899666,-0.34421366,0.14932126,-0.15192744,0.013972062,0.0469491,-19.284273,-8.529109,0.07457764,2,"{""geodesic"":false,""type"":""Point"",""coordinates"":[110.44998305126587,-7.271913281590644]}"
1_1_1_2_43_0,0.0359,0.0097,0.0077,0.03,0.0341,0.0228,0.0276,0.0221,0.0231,0.0204,0.0206,0.0753,-0.21592279,-0.006436386,-7.8410754E-5,-0.25137612,0.5570776,-0.11494254,0.0086058825,-0.19047616,-0.45195732,0.511335,-0.055555545,0.25137612,-0.14999998,-0.006627392,-25.33358,-12.592322,-0.026162786,2,"{""geodesic"":false,""type"":""Point"",""coordinates"":[110.44744760777527,-7.271096107738987]}"
1_1_1_2_19_0,0.0373,0.0105,0.0057,0.0294,0.0315,0.024,0.0326,0.029,0.0302,0.026,0.0232,0.0518,-0.23248054,0.00526593,0.0043924777,-0.09565217,0.5,-0.29629627,0.0052615386,-0.061371837,-0.64037853,0.47368422,0.040000007,0.09565217,-0.112627976,0.0054545463,-23.0595,-18.279999,-0.0091825705,2,"{""geodesic"":false,""type"":""Point"",""coordinates"":[110.41707689563523,-7.289782049102055]}"
1_1_1_2_152_0,0.0378,0.0195,0.011,0.034,0.034,0.0255,0.0345,0.0381,0.0394,0.0344,0.0402,0.1239,-0.20634922,0.023863154,0.009963324,0.005847943,0.27102804,-0.27868855,0.008154069,0.005847943,-0.5154185,0.27102804,0.148581,-0.005847943,-0.0014513618,0.023843547,-25.643265,-13.478876,0.0010555929,2,"{""geodesic"":false,""type"":""Point"",""coordinates"":[110.43988395421545,-7.307268546359017]}"
1_1_1_2_35_0,0.0413,0.0461,0.0248,0.0422,0.057,0.0556,0.0641,0.0699,0.0708,0.0607,0.0598,0.2535,-0.005865093,0.011829655,0.0067835953,0.031435847,0.105722584,-0.30042315,0.02271631,0.1797862,-0.419883,-0.04416764,0.043852113,-0.031435847,-0.027243596,0.012412787,-16.688276,-11.476804,0.046027534,2,"{""geodesic"":false,""type"":""Point"",""coordinates"":[110.45340718514039,-7.286932877101526]}"
1_1_1_2_186_0,0.0399,0.0122,0.008,0.031,0.0385,0.0266,0.0334,0.0247,0.0243,0.0208,0.0195,0.0651,-0.14348787,-0.0152969705,-0.003248024,-0.2984823,0.5187377,-0.20792076,0.010230769,-0.19691119,-0.44444442,0.4351852,-0.12236286,0.2984823,-0.23247233,-0.015893312,-25.157095,-15.905174,-0.027727436,2,"{""geodesic"":false,""type"":""Point"",""coordinates"":[110.43811682594492,-7.271356002214379]}"
1_1_1_2_172_0,0.0514,0.028,0.0178,0.0638,0.08,0.0817,0.0943,0.0924,0.1012,0.0853,0.091,0.1303,-0.15224111,0.008204197,0.0131167425,0.032062918,0.48148146,-0.22270745,0.017048769,0.14419852,-0.65470415,-0.3899782,0.021556895,-0.032062918,-0.05011137,0.0080959555,-18.79266,-16.582136,0.049684174,2,"{""geodesic"":false,""type"":""Point"",""coordinates"":[110.45348845418845,-7.294621607524061]}"
1_1_1_2_183_0,0.0393,0.0109,0.0073,0.0339,0.0336,0.0252,0.0316,0.0304,0.0317,0.0261,0.0324,0.0501,-0.24869928,0.002437572,0.0034342539,-0.12562811,0.51011235,-0.19780219,0.007048276,-0.13,-0.56287426,0.51339287,0.017543865,0.12562811,-0.09532062,0.0024487583,-27.826132,-16.361456,-0.020892857,2,"{""geodesic"":false,""type"":""Point"",""coordinates"":[110.43975176037934,-7.267830304998042]}"
1_1_1_2_180_0,0.0378,0.0214,0.0138,0.034,0.0415,0.0287,0.0367,0.0357,0.0435,0.0363,0.0323,0.121,-0.1677741,0.019926587,0.00889371,-0.06683803,0.3195548,-0.21590912,0.010910744,0.032716896,-0.4491018,0.22743683,0.11692308,0.06683803,-0.005479455,0.020176992,-24.556723,-17.574524,0.006049442,2,"{""geodesic"":false,""type"":""Point"",""coordinates"":[110.44264828769525,-7.269642962160057]}"
1_1_1_2_190_0,0.0442,0.0145,0.0078,0.0359,0.0396,0.0297,0.0362,0.0289,0.0312,0.0223,0.026,0.0382,-0.13671875,-0.019865774,-0.0047062486,-0.27948305,0.46395564,-0.30044842,0.010388341,-0.233677,-0.48172757,0.4246032,-0.1423077,0.27948305,-0.23760685,-0.020108696,-27.406021,-14.782527,-0.036546044,2,"{""geodesic"":false,""type"":""Point"",""coordinates"":[110.4323162045832,-7.273791040353412]}"
1_1_1_2_37_0,0.0388,0.0135,0.0111,0.0304,0.0361,0.0302,0.0351,0.0298,0.0316,0.0326,0.0254,0.1175,-0.18088096,0.0060864263,0.0053595826,-0.05094614,0.45564514,-0.097561,0.010282822,0.034920633,-0.49199086,0.38496584,0.038216554,0.05094614,-0.036927614,0.0063965875,-19.824726,-17.63668,0.0058614565,2,"{""geodesic"":false,""type"":""Point"",""coordinates"":[110.4494352303183,-7.275440342241477]}"
1_1_1_2_28_0,0.0375,0.0065,0.0049,0.0332,0.0369,0.0246,0.0306,0.0197,0.0202,0.0169,0.0166,0.0161,-0.23399015,-0.02102676,-0.0044923085,-0.37174723,0.7004608,-0.14035088,0.0071325446,-0.3253493,-0.55045867,0.67254406,-0.18554218,0.37174723,-0.28842106,-0.02132964,-23.322685,-18.239416,-0.044446465,2,"{""geodesic"":false,""type"":""Point"",""coordinates"":[110.44152587246477,-7.298225154629072]}"
1_1_1_2_40_0,0.0371,0.0078,0.0062,0.0279,0.0312,0.0235,0.0261,0.0191,0.0217,0.0188,0.0152,0.0515,-0.1974359,-0.012361263,-0.0019176373,-0.248,0.6,-0.114285685,0.00775,-0.1948608,-0.504,0.56302524,-0.111111104,0.248,-0.16258353,-0.013000183,-48.85899,-14.747564,-0.024967989,2,"{""geodesic"":false,""type"":""Point"",""coordinates"":[110.44762800782689,-7.271729508986794]}"
1_1_1_2_165_0,0.0364,0.0173,0.0094,0.0284,0.0322,0.0234,0.0325,0.0312,0.0288,0.0278,0.0285,0.0957,-0.15995872,0.011515913,0.0054810448,-0.07333336,0.3010101,-0.29588017,0.00791223,-0.010676172,-0.49462366,0.24288839,0.0859375,0.07333336,-0.07794363,0.011973876,-19.725811,-17.880003,-0.0016181252,2,"{""geodesic"":false,""type"":""Point"",""coordinates"":[110.45013369054459,-7.296969353246644]}"
1_1_1_2_139_0,0.0482,0.027,0.0181,0.0352,0.0387,0.0313,0.0434,0.0444,0.0445,0.0385,0.0493,0.0776,-0.11666665,0.018705182,0.007962047,-0.002590669,0.17808217,-0.19733924,0.014715066,0.04477612,-0.360424,0.13183278,0.10315184,0.002590669,-0.059829064,0.018954016,-21.369635,-25.25712,0.008628203,2,"{""geodesic"":false,""type"":""Point"",""coordinates"":[110.42837771500908,-7.307887292827418]}"
1_1_1_2_98_0,0.0435,0.0086,0.0076,0.0358,0.0424,0.0307,0.0407,0.025,0.0252,0.0216,0.0191,0.0218,-0.18717682,-0.024271842,-0.0051834257,-0.325,0.66274506,-0.061728403,0.010801852,-0.24738674,-0.47945204,0.6126126,-0.17399617,0.325,-0.30658105,-0.024714828,-24.560818,-16.984713,-0.038213126,2,"{""geodesic"":false,""type"":""Point"",""coordinates"":[110.43322752124494,-7.26945037605299]}"
1_1_1_2_166_0,0.0377,0.0141,0.01,0.0271,0.0332,0.0243,0.0317,0.0272,0.024,0.0225,0.0209,0.0861,-0.12727274,-0.0046629678,7.6504475E-6,-0.19210051,0.4038055,-0.1701245,0.010799999,-0.09274193,-0.38461542,0.315534,-0.038461514,0.19210051,-0.16974168,-0.004937817,-19.730251,-15.49755,-0.012554584,2,"{""geodesic"":false,""type"":""Point"",""coordinates"":[110.44922743728961,-7.297239612549861]}"
1_1_1_2_170_0,0.0379,0.0095,0.0077,0.035,0.0389,0.0232,0.0245,0.0269,0.0256,0.0211,0.0225,0.0739,-0.2635135,-0.005847628,3.2792104E-4,-0.29666665,0.607438,-0.10465115,0.008466351,-0.24777184,-0.46527776,0.5730337,-0.047404066,0.29666665,-0.07456142,-0.00578725,-26.84175,-16.351091,-0.03749326,2,"{""geodesic"":false,""type"":""Point"",""coordinates"":[110.44759333820984,-7.300041703100397]}"
1_1_1_2_39_0,0.0363,0.0094,0.0063,0.0288,0.03,0.0227,0.0246,0.0222,0.0215,0.0201,0.0197,0.0224,-0.20740739,-0.0069126906,-2.4296808E-4,-0.19760479,0.52284265,-0.19745222,0.007114926,-0.17791411,-0.52272725,0.5078534,-0.06074769,0.19760479,-0.10067116,-0.00718497,-20.452652,-14.150865,-0.023774823,2,"{""geodesic"":false,""type"":""Point"",""coordinates"":[110.44717463007866,-7.272090774220668]}"
1_1_1_2_11_0,0.0395,0.0093,0.0069,0.0322,0.0358,0.0255,0.0395,0.0236,0.0231,0.0197,0.0182,0.0219,-0.19723186,-0.015571305,-0.002929027,-0.29009008,0.5875831,-0.14814815,0.008931472,-0.2408478,-0.48120302,0.5518072,-0.12831858,0.29009008,-0.33445945,-0.015957445,-26.666437,-16.087027,-0.03397355,2,"{""geodesic"":false,""type"":""Point"",""coordinates"":[110.42416370669862,-7.273509392409216]}"
1_1_1_2_4_0,0.0401,0.0071,0.0059,0.035,0.0447,0.0288,0.0366,0.0207,0.0229,0.022,0.019,0.0209,-0.22712594,-0.018234473,-0.0029543142,-0.34032986,0.7258687,-0.09230768,0.0077236365,-0.22807018,-0.57706094,0.66270787,-0.13385826,0.34032986,-0.24914676,-0.018518517,-24.64109,-23.366602,-0.035008978,2,"{""geodesic"":false,""type"":""Point"",""coordinates"":[110.43837734046264,-7.280401758129645]}"
1_1_1_2_25_0,0.0383,0.0066,0.0048,0.031,0.0347,0.0255,0.03,0.0214,0.0202,0.0181,0.0164,0.0188,-0.20935962,-0.019710204,-0.004050531,-0.3143939,0.6803874,-0.15789472,0.006762431,-0.26272908,-0.58078605,0.64893615,-0.16972473,0.3143939,-0.24740122,-0.020419423,-23.095646,-21.423532,-0.03523948,2,"{""geodesic"":false,""type"":""Point"",""coordinates"":[110.43680726748394,-7.304460636261018]}"
1_1_1_2_1_0,0.0418,0.0074,0.0052,0.0327,0.0421,0.0272,0.0364,0.0247,0.025,0.0218,0.02,0.0222,-0.22334453,-0.014365523,-0.0018910337,-0.31768388,0.7010101,-0.17460318,0.0064880736,-0.19999997,-0.6148148,0.6309227,-0.110204086,0.31768388,-0.2508591,-0.014754099,-24.17058,-18.232967,-0.02948602,2,"{""geodesic"":false,""type"":""Point"",""coordinates"":[110.42949051133952,-7.287626980988312]}"
1_1_1_2_111_0,0.042,0.0064,0.0051,0.0316,0.0388,0.0257,0.0351,0.0227,0.022,0.0195,0.0182,0.0187,-0.22836539,-0.01654745,-0.0027796428,-0.3310463,0.71681416,-0.11304345,0.0067215385,-0.23679057,-0.58536583,0.6631579,-0.13716811,0.3310463,-0.28571427,-0.017057957,-20.259134,-19.322882,-0.032934126,2,"{""geodesic"":false,""type"":""Point"",""coordinates"":[110.42512973462917,-7.2973904988489195]}"
1_1_1_2_155_0,0.0397,0.0103,0.0062,0.0342,0.042,0.0293,0.0325,0.0233,0.0189,0.0183,0.0188,0.0595,-0.14006516,-0.029330205,-0.0076328097,-0.39303482,0.60611856,-0.24848485,0.009926776,-0.30285716,-0.49387756,0.5370787,-0.23109242,0.39303482,-0.27952754,-0.030131483,-24.296177,-20.459578,-0.043167423,2,"{""geodesic"":false,""type"":""Point"",""coordinates"":[110.44242652986438,-7.30247761915345]}"
1_1_1_2_150_0,0.0414,0.0203,0.0116,0.0318,0.0358,0.024,0.0389,0.04,0.0386,0.0304,0.0425,0.0811,-0.16807513,0.017095845,0.007055716,-0.081570975,0.2762923,-0.2727273,0.009157894,-0.022508059,-0.44761905,0.22072937,0.11764706,0.081570975,-0.122655116,0.017316017,-19.604876,-10.460513,-0.003735329,2,"{""geodesic"":false,""type"":""Point"",""coordinates"":[110.43218277880787,-7.307801644168494]}"
1_1_1_2_178_0,0.0401,0.024,0.0102,0.0326,0.0416,0.0286,0.0384,0.0546,0.0584,0.0352,0.0663,0.1934,-0.12624586,0.01714642,0.007415214,-0.083333336,0.26829267,-0.40350875,0.008287501,0.03834807,-0.5506608,0.15194346,0.10344828,0.083333336,-0.043478265,0.017559418,-34.099243,-17.261234,0.006868614,2,"{""geodesic"":false,""type"":""Point"",""coordinates"":[110.44173907094627,-7.27235547569257]}"
1_1_1_2_108_0,0.0395,0.0088,0.0048,0.035,0.0338,0.024,0.037,0.028,0.0266,0.0247,0.0262,0.0305,-0.29081082,0.0019311429,0.0033937527,-0.15555552,0.58685446,-0.29411763,0.0046639675,-0.1725293,-0.6745763,0.5981735,0.01437373,0.15555552,-0.19935168,0.0019136159,-23.19537,-23.626722,-0.027604071,2,"{""geodesic"":false,""type"":""Point"",""coordinates"":[110.4339049768511,-7.307080175464677]}"
1_1_1_2_112_0,0.0428,0.0077,0.0047,0.034,0.0416,0.0282,0.0388,0.0233,0.0285,0.0272,0.0199,0.0216,-0.26055613,-0.0026556198,0.0026330207,-0.20930232,0.6876268,-0.24193549,0.0048727943,-0.111111134,-0.7053292,0.63069546,-0.018050544,0.20930232,-0.17575757,-0.0027007565,-15.245046,-11.468487,-0.018175343,2,"{""geodesic"":false,""type"":""Point"",""coordinates"":[110.42785105212457,-7.294589876799179]}"
1_1_1_2_102_0,0.0439,0.0179,0.0084,0.0408,0.0518,0.0431,0.0524,0.0475,0.0513,0.0412,0.0471,0.1207,-0.14685316,-0.0047796303,0.0025659585,-0.1139785,0.48637018,-0.36121672,0.008787378,0.0048780404,-0.66129035,0.39011928,-0.022538537,0.1139785,-0.11965811,-0.004877628,-24.819204,-13.874325,0.0010309261,2,"{""geodesic"":false,""type"":""Point"",""coordinates"":[110.45141134052871,-7.289282277636193]}"
1_1_1_2_158_0,0.0403,0.0176,0.0131,0.0318,0.0389,0.0247,0.0388,0.0273,0.0331,0.0192,0.0336,0.0497,-0.09324761,-0.014802455,-0.0042417343,-0.33907053,0.37699115,-0.1465798,0.016852604,-0.24705882,-0.18885452,0.28744942,-0.12528473,0.33907053,-0.337931,-0.015168229,-21.25759,-20.470098,-0.034301274,2,"{""geodesic"":false,""type"":""Point"",""coordinates"":[110.43970682180455,-7.304011974011336]}"
1_1_1_2_128_0,0.0397,0.0083,0.0047,0.0299,0.0344,0.0225,0.0422,0.0289,0.029,0.0243,0.0214,0.0288,-0.2752941,0.0048125735,0.0043165307,-0.17206135,0.6112412,-0.2769231,0.004351852,-0.10332103,-0.6758621,0.565445,0.038461514,0.17206135,-0.26917294,0.004937817,-24.709515,-16.334206,-0.0151569825,2,"{""geodesic"":false,""type"":""Point"",""coordinates"":[110.42034023631635,-7.288158071878314]}"
1_1_1_2_174_0,0.0353,0.0143,0.0083,0.0298,0.032,0.0236,0.0324,0.0213,0.0168,0.0254,0.021,0.0874,-0.18582168,0.004769472,0.00344815,-0.114982605,0.38228944,-0.26548672,0.0077118115,-0.07971015,-0.5074184,0.35147393,0.03673467,0.114982605,-0.12110727,0.0049180295,-25.049623,-15.723938,-0.011887608,2,"{""geodesic"":false,""type"":""Point"",""coordinates"":[110.4487807843307,-7.292083166290855]}"
1_1_1_2_195_0,0.0442,0.0174,0.0117,0.0378,0.0403,0.0282,0.0399,0.0327,0.0308,0.0274,0.0232,0.0808,-0.17689529,-0.002190342,0.0011139812,-0.19054653,0.39688042,-0.19587632,0.012041606,-0.1595092,-0.40153453,0.3695652,-0.014388498,0.19054653,-0.18573551,-0.0021598286,-19.751692,-14.562482,-0.027600847,2,"{""geodesic"":false,""type"":""Point"",""coordinates"":[110.42279981616628,-7.27748763755356]}"
1_1_1_2_46_0,0.0398,0.0155,0.0106,0.0299,0.0354,0.0272,0.0319,0.0237,0.0279,0.0228,0.0276,0.1095,-0.1048218,-0.011437484,-0.0023265197,-0.21649483,0.39096266,-0.18773948,0.012645613,-0.13472484,-0.36526948,0.3171806,-0.088,0.21649483,-0.16636197,-0.012,-25.4228,-18.44703,-0.01926904,2,"{""geodesic"":false,""type"":""Point"",""coordinates"":[110.44853696794466,-7.269197889550569]}"
1_1_1_2_105_0,0.0363,0.0063,0.0036,0.0292,0.0341,0.0241,0.0296,0.0179,0.0168,0.0134,0.0126,0.0152,-0.16712329,-0.028487755,-0.007545475,-0.4357895,0.6881188,-0.27272728,0.006474627,-0.37089205,-0.5764706,0.64507043,-0.28533334,0.4357895,-0.3767442,-0.029860467,-23.745079,-18.384432,-0.04367859,2,"{""geodesic"":false,""type"":""Point"",""coordinates"":[110.44379302548563,-7.29632841111729]}"
1_1_1_2_91_0,0.0395,0.0069,0.0059,0.0332,0.0374,0.0257,0.0338,0.0215,0.0201,0.0178,0.0175,0.0205,-0.2200957,-0.021397615,-0.004568254,-0.35507247,0.6884876,-0.07812498,0.008518539,-0.3019608,-0.5021097,0.65586036,-0.1816092,0.35507247,-0.31007752,-0.021803128,-21.832256,-25.183985,-0.041923776,2,"{""geodesic"":false,""type"":""Point"",""coordinates"":[110.42910705899251,-7.304270053582478]}"
1_1_1_2_26_0,0.0402,0.0062,0.0054,0.0344,0.0378,0.0263,0.0312,0.0211,0.0217,0.0183,0.017,0.0212,-0.23708922,-0.021784117,-0.004437867,-0.34759355,0.7181818,-0.06896552,0.0077606556,-0.30550286,-0.5443038,0.6945813,-0.17937218,0.34759355,-0.26060605,-0.022034518,-24.025955,-21.392624,-0.043694593,2,"{""geodesic"":false,""type"":""Point"",""coordinates"":[110.43119116244165,-7.303910868506183]}"
1_1_1_2_191_0,0.0453,0.0188,0.0118,0.0372,0.0414,0.0287,0.0358,0.0295,0.0333,0.0258,0.0313,0.0501,-0.14027151,-0.007889006,-0.0011455156,-0.23214285,0.3754153,-0.22875814,0.0131263565,-0.18095237,-0.3723404,0.32857144,-0.053210985,0.23214285,-0.16233765,-0.007844902,-21.056963,-9.147923,-0.030373,2,"{""geodesic"":false,""type"":""Point"",""coordinates"":[110.43213434805885,-7.274333537974628]}"
1_1_1_2_10_0,0.0423,0.0118,0.0075,0.0366,0.0394,0.0263,0.0389,0.0277,0.0303,0.0241,0.0301,0.0255,-0.22874494,-0.006061274,3.6969755E-4,-0.24094488,0.5390625,-0.22279796,0.008184647,-0.20593083,-0.5253165,0.5123967,-0.043650795,0.24094488,-0.23492064,-0.0059956396,-26.188374,-16.94107,-0.033440344,2,"{""geodesic"":false,""type"":""Point"",""coordinates"":[110.42742472618139,-7.2736039782863]}"
1_1_1_2_151_0,0.0397,0.0236,0.0121,0.0306,0.0396,0.0284,0.0384,0.0317,0.0368,0.0313,0.0381,0.2163,-0.08691835,0.007457315,0.003750659,-0.11706627,0.25316453,-0.32212886,0.010978914,0.011308573,-0.4423963,0.12915127,0.048576225,0.11706627,-0.10186512,0.0077720224,-26.60062,-19.263737,0.0018686617,2,"{""geodesic"":false,""type"":""Point"",""coordinates"":[110.44051867527996,-7.306817062729183]}"
1_1_1_2_100_0,0.0512,0.0178,0.0101,0.0598,0.0742,0.0774,0.0889,0.0963,0.0965,0.0834,0.0772,0.1763,-0.2013423,0.013645058,0.016562348,0.058375675,0.6130435,-0.27598566,0.009373381,0.1648045,-0.78395724,-0.5412371,0.03731346,-0.058375675,-0.031921048,0.013619865,-23.266766,-10.4599495,0.055037323,2,"{""geodesic"":false,""type"":""Point"",""coordinates"":[110.45114694287439,-7.2832215066500074]}"
1_1_1_2_142_0,0.0427,0.0106,0.0058,0.0322,0.0366,0.0272,0.0319,0.0242,0.025,0.0208,0.0194,0.0451,-0.1674009,-0.016976127,-0.0034581395,-0.27526134,0.5508475,-0.29268292,0.007584615,-0.21509436,-0.56390977,0.50467294,-0.13333334,0.27526134,-0.21062618,-0.017518248,-23.971613,-19.694881,-0.030922245,2,"{""geodesic"":false,""type"":""Point"",""coordinates"":[110.42937665905741,-7.305989022011005]}"
1_1_1_2_175_0,0.0371,0.0233,0.0147,0.0303,0.0336,0.024,0.0372,0.0364,0.0441,0.0298,0.0424,0.1134,-0.11918064,0.015318788,0.005924054,-0.059936896,0.18101932,-0.22631578,0.011838927,-0.008319484,-0.33932585,0.13059704,0.10780668,0.059936896,-0.110447764,0.01570964,-24.951702,-13.737788,-0.0013390493,2,"{""geodesic"":false,""type"":""Point"",""coordinates"":[110.44986357120341,-7.295612208073317]}"
1_1_1_2_24_0,0.0383,0.007,0.0062,0.0322,0.0345,0.0224,0.0377,0.0238,0.0233,0.0177,0.0169,0.0211,-0.258512,-0.012903579,-0.0019708036,-0.32183906,0.6626506,-0.060606062,0.0078463275,-0.2905812,-0.48117152,0.64285713,-0.117206976,0.32183906,-0.36101085,-0.013053137,-24.644423,-26.036108,-0.03955265,2,"{""geodesic"":false,""type"":""Point"",""coordinates"":[110.42602492617456,-7.30580386294368]}"
1_1_1_2_5_0,0.0401,0.0076,0.0057,0.0346,0.0416,0.0296,0.0363,0.0246,0.0237,0.0224,0.0205,0.0309,-0.21019109,-0.019138759,-0.0033011492,-0.3,0.6910569,-0.14285715,0.007532143,-0.21403512,-0.59430605,0.63981044,-0.13846156,0.3,-0.23679729,-0.019565219,-29.665627,-14.84866,-0.032854583,2,"{""geodesic"":false,""type"":""Point"",""coordinates"":[110.43502737287334,-7.27895032226242]}"
1_1_1_2_146_0,0.041,0.0107,0.0078,0.033,0.0359,0.0239,0.05,0.036,0.0355,0.0327,0.0256,0.0329,-0.31006977,0.023691574,0.011139309,-0.04664726,0.5407725,-0.15675679,0.0057009174,-0.004566231,-0.6148148,0.5102975,0.155477,0.04664726,-0.20918986,0.02371541,-26.379257,-31.036259,-7.9547823E-4,2,"{""geodesic"":false,""type"":""Point"",""coordinates"":[110.42565977992967,-7.307974294681718]}"
1_1_1_2_61_0,0.0401,0.0156,0.0085,0.0333,0.0435,0.03,0.04,0.043,0.0477,0.0413,0.0418,0.1756,-0.24126457,0.029077247,0.013851975,-0.025943397,0.4720812,-0.29460576,0.0061743343,0.107238576,-0.65863454,0.3619632,0.15848526,0.025943397,0.015990146,0.029669175,-20.326113,-13.713816,0.020884087,2,"{""geodesic"":false,""type"":""Point"",""coordinates"":[110.43847456487916,-7.27506507353262]}"
1_1_1_2_23_0,0.0398,0.0077,0.0059,0.0327,0.0368,0.0242,0.0329,0.0236,0.0232,0.0202,0.0176,0.0232,-0.24764149,-0.010867795,-0.001075862,-0.2912281,0.6539326,-0.13235292,0.0070683174,-0.2362949,-0.5478927,0.61881185,-0.0900901,0.2912281,-0.23917139,-0.0110213095,-24.776283,-20.484743,-0.033912096,2,"{""geodesic"":false,""type"":""Point"",""coordinates"":[110.42385160813652,-7.305077461337411]}"
1_1_1_2_113_0,0.0407,0.0073,0.0048,0.0332,0.0404,0.0254,0.0343,0.025,0.0236,0.021,0.0205,0.0202,-0.24741082,-0.01189961,-0.0011923086,-0.3159609,0.6939203,-0.20661156,0.0058057145,-0.22509225,-0.627907,0.63950616,-0.094827585,0.3159609,-0.24050634,-0.012079063,-32.452316,-12.135834,-0.03302057,2,"{""geodesic"":false,""type"":""Point"",""coordinates"":[110.43192675070046,-7.295318651669846]}"
1_1_1_2_140_0,0.0441,0.0218,0.0153,0.033,0.0374,0.0264,0.044,0.0443,0.0445,0.034,0.052,0.074,-0.16319446,0.020107953,0.008415217,-0.04761902,0.2635135,-0.17520216,0.011879999,0.014925403,-0.37931037,0.20437956,0.12582785,0.04761902,-0.1282051,0.020342618,-20.326572,-14.781685,0.002645508,2,"{""geodesic"":false,""type"":""Point"",""coordinates"":[110.42946507270547,-7.307707761198484]}"
1_1_1_2_0_0,0.0387,0.0071,0.0079,0.0346,0.0381,0.0287,0.0367,0.0215,0.0227,0.0184,0.0171,0.0175,-0.19369371,-0.02765546,-0.006472036,-0.34867257,0.6858407,0.053333305,0.0123222815,-0.30566037,-0.39923957,0.6594724,-0.21868363,0.34867257,-0.3321234,-0.028239807,-22.171572,-19.415293,-0.043942135,2,"{""geodesic"":false,""type"":""Point"",""coordinates"":[110.43358828011192,-7.270717186764242]}"
1_1_1_2_56_0,0.0449,0.0086,0.0075,0.042,0.0543,0.0375,0.0556,0.0298,0.0319,0.0271,0.0225,0.0226,-0.19965276,-0.027745174,-0.0052783275,-0.3341523,0.72655004,-0.06832301,0.0103782285,-0.2156295,-0.566474,0.66007906,-0.16099072,0.3341523,-0.3446191,-0.027630184,-20.40943,-23.384626,-0.039272532,2,"{""geodesic"":false,""type"":""Point"",""coordinates"":[110.43078214550033,-7.2690854959888656]}"
1_1_1_2_168_0,0.0377,0.0197,0.0104,0.0306,0.0359,0.0236,0.037,0.0365,0.0382,0.0343,0.0373,0.2619,-0.1996303,0.028265001,0.011391159,-0.022792038,0.2913669,-0.3089701,0.0071556857,0.057010774,-0.5346756,0.21669981,0.18480136,0.022792038,-0.037868172,0.028768593,-19.993036,-12.752082,0.009824746,2,"{""geodesic"":false,""type"":""Point"",""coordinates"":[110.44868178016105,-7.2989575805187386]}"
1_1_1_2_65_0,0.0398,0.0118,0.0073,0.0326,0.0423,0.031,0.0364,0.036,0.0346,0.032,0.0305,0.1084,-0.20297953,0.0025680587,0.004402636,-0.13862717,0.5637708,-0.2356021,0.0070718746,-0.00928791,-0.62849873,0.46846846,0.015873048,0.13862717,-0.06432746,0.0026643039,-27.568125,-15.412749,-0.0015940461,2,"{""geodesic"":false,""type"":""Point"",""coordinates"":[110.44291815241495,-7.271181018940765]}"
1_1_1_2_57_0,0.0412,0.0085,0.0073,0.0334,0.0377,0.0282,0.0358,0.0237,0.0237,0.0196,0.0186,0.0193,-0.18171681,-0.02291378,-0.005108756,-0.31588134,0.6320346,-0.075949386,0.010503061,-0.26037735,-0.45724908,0.5942721,-0.17991632,0.31588134,-0.29241878,-0.02354874,-24.863731,-18.164675,-0.037432186,2,"{""geodesic"":false,""type"":""Point"",""coordinates"":[110.43222857202134,-7.271439120056001]}"
1_1_1_2_184_0,0.0424,0.0179,0.0111,0.0343,0.0386,0.0271,0.0364,0.0275,0.0286,0.0266,0.0258,0.0584,-0.15014164,-0.0013412763,0.001130428,-0.1840491,0.36637172,-0.23448275,0.011308647,-0.12643678,-0.4111406,0.31417626,-0.0093110055,0.1840491,-0.15555556,-0.0013545268,-23.08174,-11.193087,-0.020591905,2,"{""geodesic"":false,""type"":""Point"",""coordinates"":[110.43576077866321,-7.271986256054312]}"
1_1_1_2_62_0,0.0393,0.011,0.0072,0.0349,0.04,0.0284,0.0359,0.0347,0.0402,0.0315,0.0338,0.0918,-0.25519848,0.008243366,0.0061836373,-0.1188811,0.5686274,-0.20879121,0.0064914282,-0.05120479,-0.627907,0.5206972,0.051752925,0.1188811,-0.06528189,0.008305055,-21.356369,-17.325098,-0.009004232,2,"{""geodesic"":false,""type"":""Point"",""coordinates"":[110.44001410528114,-7.275428796263767]}"
1_1_1_2_22_0,0.0387,0.0054,0.0045,0.033,0.038,0.0257,0.0323,0.0221,0.0225,0.0191,0.0203,0.0197,-0.25240386,-0.017822424,-0.0030024236,-0.33099824,0.75115204,-0.09090912,0.0060549737,-0.26679465,-0.61864406,0.71875,-0.14732143,0.33099824,-0.25680935,-0.018171806,-20.010956,-13.985888,-0.0377649,2,"{""geodesic"":false,""type"":""Point"",""coordinates"":[110.43935458590832,-7.295870654065439]}"
1_1_1_2_117_0,0.0406,0.0063,0.0045,0.0349,0.0408,0.0273,0.0344,0.023,0.024,0.0201,0.0185,0.0193,-0.24153496,-0.019519603,-0.0034783697,-0.3399015,0.7324841,-0.16666669,0.0061119404,-0.2690909,-0.63414633,0.69417477,-0.15189876,0.3399015,-0.26238534,-0.019729633,-22.27855,-15.454736,-0.04,2,"{""geodesic"":false,""type"":""Point"",""coordinates"":[110.43538316342553,-7.284197113250498]}"
1_1_1_2_89_0,0.0403,0.0062,0.0058,0.0304,0.0358,0.0231,0.0393,0.0259,0.0251,0.0211,0.0184,0.0223,-0.27475247,-0.0053665354,9.950264E-4,-0.25834796,0.70476186,-0.033333354,0.006349763,-0.18058254,-0.5687732,0.6612022,-0.045248877,0.25834796,-0.30132452,-0.00551268,-20.493364,-15.270979,-0.025294654,2,"{""geodesic"":false,""type"":""Point"",""coordinates"":[110.4279352096674,-7.299655412273538]}"
1_1_1_2_182_0,0.0369,0.0138,0.0077,0.0307,0.0404,0.0297,0.0381,0.0366,0.0289,0.0236,0.0318,0.076,-0.11042946,-0.015696565,-0.0032821926,-0.26249996,0.4907749,-0.28372094,0.009690254,-0.13075505,-0.50798726,0.3797753,-0.114446506,0.26249996,-0.23500809,-0.016537137,-21.82525,-23.32152,-0.01921342,2,"{""geodesic"":false,""type"":""Point"",""coordinates"":[110.44129060737144,-7.268736747300801]}"
1_1_1_2_82_0,0.0404,0.0106,0.0061,0.0332,0.0357,0.0232,0.0382,0.0351,0.0345,0.0316,0.0289,0.0477,-0.31440163,0.022781512,0.010632978,-0.060921285,0.54211664,-0.26946107,0.004478481,-0.024691375,-0.67639256,0.51598173,0.15328465,0.060921285,-0.0945559,0.022710884,-48.48242,-18.150017,-0.0042492943,2,"{""geodesic"":false,""type"":""Point"",""coordinates"":[110.42088505348819,-7.2871637755793115]}"
1_1_1_2_13_0,0.0534,0.0102,0.0073,0.0518,0.0799,0.0626,0.0701,0.0389,0.0382,0.0319,0.0282,0.0298,-0.06964856,-0.07531895,-0.021413647,-0.4293381,0.7735849,-0.1657143,0.014325392,-0.2377539,-0.627551,0.67096776,-0.32486773,0.4293381,-0.3745098,-0.07746006,-26.937864,-16.626686,-0.051139288,2,"{""geodesic"":false,""type"":""Point"",""coordinates"":[110.41681401321875,-7.2829072093295135]}"
1_1_1_2_185_0,0.0411,0.0175,0.0108,0.0324,0.0375,0.0281,0.0411,0.0288,0.0347,0.0293,0.0248,0.0664,-0.1500466,0.0031416898,0.0030785375,-0.1227545,0.36363637,-0.23674911,0.01035768,-0.050243117,-0.46134663,0.29859722,0.02090592,0.1227545,-0.16761363,0.0032292784,-30.235054,-13.542127,-0.008278442,2,"{""geodesic"":false,""type"":""Point"",""coordinates"":[110.43702944621435,-7.271626016145338]}"
1_1_1_2_181_0,0.04,0.0145,0.0102,0.0312,0.041,0.0283,0.0349,0.0329,0.0299,0.0298,0.0289,0.0549,-0.17533718,0.003883594,0.0039456426,-0.15819211,0.4774775,-0.17408904,0.009686578,-0.022950811,-0.48999998,0.3654267,0.025817543,0.15819211,-0.078825355,0.004031534,-20.905125,-14.304151,-0.0037433142,2,"{""geodesic"":false,""type"":""Point"",""coordinates"":[110.44092568933195,-7.270816748618737]}"
1_1_1_2_169_0,0.0374,0.0114,0.0064,0.03,0.0356,0.0236,0.0296,0.0242,0.0275,0.0253,0.0271,0.0763,-0.22480617,0.0045121536,0.0038620895,-0.16912971,0.5148936,-0.2808989,0.0059699607,-0.08499095,-0.59621453,0.44927534,0.034764804,0.16912971,-0.07832423,0.004645652,-21.02067,-9.174093,-0.012695839,2,"{""geodesic"":false,""type"":""Point"",""coordinates"":[110.44786644748139,-7.2989565845429]}"
1_1_1_2_59_0,0.0385,0.0092,0.0064,0.0337,0.0375,0.0271,0.0337,0.029,0.0276,0.0249,0.0275,0.0903,-0.23498419,-0.005883926,9.7224745E-4,-0.20192309,0.6059957,-0.1794872,0.0069654617,-0.15017064,-0.5910543,0.5710956,-0.04230769,0.20192309,-0.15017064,-0.0059782607,-26.785702,-17.17224,-0.023630505,2,"{""geodesic"":false,""type"":""Point"",""coordinates"":[110.43775132770108,-7.27388827041388]}"
1_1_1_2_194_0,0.0447,0.0134,0.0086,0.0336,0.0371,0.0275,0.0383,0.0267,0.0304,0.0237,0.027,0.067,-0.1670061,-0.0101419855,-0.0013011897,-0.2203947,0.46930692,-0.21818179,0.0099789025,-0.17277484,-0.46749225,0.42978722,-0.074218735,0.2203947,-0.23548386,-0.0103410715,-22.272495,-12.972351,-0.026646325,2,"{""geodesic"":false,""type"":""Point"",""coordinates"":[110.42470158431234,-7.277942327533307]}"
1_1_1_2_159_0,0.0385,0.0194,0.0156,0.0296,0.0382,0.026,0.0339,0.0368,0.0374,0.0242,0.0367,0.0503,-0.084677406,-0.0046963072,-6.303452E-4,-0.22435896,0.32638887,-0.108571455,0.01676033,-0.10037175,-0.21608041,0.20816325,-0.035856586,0.22435896,-0.16695353,-0.004907308,-21.053787,-18.615042,-0.014626219,2,"{""geodesic"":false,""type"":""Point"",""coordinates"":[110.4405214876674,-7.304555710081685]}"
1_1_1_2_131_0,0.0376,0.0096,0.0072,0.0316,0.0332,0.0226,0.0336,0.0317,0.0295,0.0256,0.0235,0.0337,-0.27964202,0.008115123,0.0053038653,-0.1292517,0.55140185,-0.14285718,0.00635625,-0.10489509,-0.5609756,0.53398055,0.062240634,0.1292517,-0.13513514,0.008208679,-20.795298,-23.372066,-0.016152186,2,"{""geodesic"":false,""type"":""Point"",""coordinates"":[110.43752907463912,-7.306813345617093]}"
1_1_1_2_94_0,0.0396,0.0056,0.0048,0.0344,0.0364,0.0256,0.0322,0.0237,0.0239,0.0215,0.0203,0.0211,-0.28358212,-0.011176531,-5.555882E-4,-0.25734025,0.73333335,-0.076923035,0.0057153488,-0.23076923,-0.634981,0.72,-0.087048806,0.25734025,-0.19925511,-0.011241086,-25.164494,-18.941061,-0.03480842,2,"{""geodesic"":false,""type"":""Point"",""coordinates"":[110.43582264109659,-7.294961715694132]}"
1_1_1_2_141_0,0.0474,0.0294,0.0203,0.0348,0.0376,0.0272,0.0373,0.0362,0.0374,0.023,0.0338,0.078,-0.0104895085,-0.0113488985,-0.0045898855,-0.24092409,0.12238805,-0.18309857,0.024006957,-0.20415226,-0.062355638,0.08411215,-0.08366534,0.24092409,-0.2371476,-0.011450383,-19.979403,-23.108273,-0.031731803,2,"{""geodesic"":false,""type"":""Point"",""coordinates"":[110.42837966932025,-7.306349576361985]}"
1_1_1_2_48_0,0.0439,0.0216,0.0151,0.0346,0.0404,0.0306,0.0412,0.038,0.0398,0.0325,0.0395,0.0703,-0.124895215,0.0049654995,0.0034949833,-0.10836763,0.3032258,-0.17711172,0.014217231,-0.031296603,-0.3655462,0.23131673,0.030110914,0.10836763,-0.11804615,0.005061264,-26.812721,-13.440006,-0.005554581,2,"{""geodesic"":false,""type"":""Point"",""coordinates"":[110.44944371460517,-7.268475355152282]}"
1_1_1_2_125_0,0.041,0.0111,0.0076,0.0332,0.0372,0.0271,0.0345,0.0305,0.0309,0.0262,0.0248,0.0638,-0.21721311,-0.0023941272,0.0019355282,-0.17350158,0.54037267,-0.18716575,0.0078610685,-0.1178451,-0.5502958,0.49887133,-0.01688556,0.17350158,-0.13673805,-0.0024399068,-22.777563,-20.442945,-0.018770108,2,"{""geodesic"":false,""type"":""Point"",""coordinates"":[110.42249340439915,-7.304533001458825]}"
1_1_1_2_76_0,0.0493,0.0132,0.0076,0.0489,0.0712,0.053,0.0681,0.0408,0.0381,0.035,0.0265,0.0835,-0.1179214,-0.045627374,-0.010946622,-0.34086627,0.68720376,-0.26923075,0.011508571,-0.16567342,-0.64319247,0.5748792,-0.20454545,0.34086627,-0.3210475,-0.045918364,-21.902014,-21.684114,-0.03570817,2,"{""geodesic"":false,""type"":""Point"",""coordinates"":[110.41554483296217,-7.28362920389175]}"
1_1_1_2_129_0,0.039,0.0072,0.0048,0.0318,0.033,0.0245,0.0289,0.0226,0.0221,0.0189,0.0159,0.0233,-0.23058255,-0.015095967,-0.0025340847,-0.2716763,0.64179105,-0.19999997,0.0062222225,-0.2544379,-0.59493667,0.63076925,-0.12903225,0.2716763,-0.20920503,-0.015458225,-19.74736,-21.438608,-0.035137106,2,"{""geodesic"":false,""type"":""Point"",""coordinates"":[110.43580949187877,-7.305454386016145]}"
1_1_1_2_72_0,0.0435,0.0082,0.005,0.0374,0.0396,0.0287,0.0345,0.0254,0.0265,0.0227,0.0224,0.0245,-0.23917526,-0.016404197,-0.0023669784,-0.27126804,0.65690374,-0.24242425,0.0063215857,-0.24459234,-0.6389892,0.6403509,-0.1167315,0.27126804,-0.20629369,-0.016322087,-29.384481,-17.017689,-0.039367966,2,"{""geodesic"":false,""type"":""Point"",""coordinates"":[110.42750809062024,-7.279302695884526]}"
1_1_1_2_71_0,0.0432,0.0082,0.0049,0.0349,0.0379,0.0288,0.0349,0.0264,0.0258,0.023,0.0203,0.024,-0.22023182,-0.015523792,-0.0021492566,-0.24466339,0.64425164,-0.2519084,0.0061356523,-0.20552675,-0.64874554,0.61948955,-0.111969106,0.24466339,-0.20552677,-0.015766582,-24.355335,-13.329846,-0.031994976,2,"{""geodesic"":false,""type"":""Point"",""coordinates"":[110.42868871330919,-7.276952378345154]}"
1_1_1_2_75_0,0.042,0.0083,0.0053,0.0349,0.0386,0.0281,0.0336,0.0231,0.0202,0.0199,0.0162,0.0276,-0.20175436,-0.022120316,-0.0046910346,-0.31965813,0.64605546,-0.22058824,0.0074839196,-0.27372262,-0.5793651,0.6157407,-0.17083335,0.31965813,-0.2560748,-0.022445258,-28.339922,-18.933733,-0.040555153,2,"{""geodesic"":false,""type"":""Point"",""coordinates"":[110.42588302159353,-7.274958840052308]}"
1_1_1_2_85_0,0.0411,0.0122,0.0064,0.0374,0.0402,0.0272,0.0354,0.0358,0.0309,0.0248,0.0312,0.0362,-0.22440945,-0.0066115693,2.5830834E-4,-0.23692305,0.53435117,-0.31182796,0.0070193545,-0.20257233,-0.5897436,0.5080645,-0.04615384,0.23692305,-0.17607972,-0.006521738,-21.15911,-19.108513,-0.03361793,2,"{""geodesic"":false,""type"":""Point"",""coordinates"":[110.42740705772924,-7.287533894357031]}"
1_1_1_2_163_0,0.0396,0.015,0.0107,0.0334,0.0352,0.0264,0.0345,0.0291,0.0226,0.0205,0.0244,0.0319,-0.13116474,-0.015887547,-0.0038796852,-0.2639138,0.40239045,-0.16731514,0.013779513,-0.23933206,-0.31410256,0.38016528,-0.12579955,0.2639138,-0.25454545,-0.016182115,-24.193193,-14.801841,-0.0349341,2,"{""geodesic"":false,""type"":""Point"",""coordinates"":[110.43898218738846,-7.303920619662885]}"
1_1_1_2_96_0,0.0371,0.0059,0.0044,0.0292,0.037,0.025,0.0321,0.0189,0.0174,0.0162,0.0143,0.0137,-0.19003932,-0.02322635,-0.005415088,-0.39097744,0.72494173,-0.14563109,0.0067901234,-0.2863436,-0.57281554,0.66381764,-0.21359223,0.39097744,-0.32919255,-0.024390243,-22.316639,-16.862953,-0.035753574,2,"{""geodesic"":false,""type"":""Point"",""coordinates"":[110.44624267678284,-7.293346425773565]}"
1_1_1_2_124_0,0.0423,0.0085,0.0052,0.0339,0.0396,0.0282,0.0342,0.0257,0.0244,0.0224,0.0209,0.0248,-0.21075267,-0.015469145,-0.002308757,-0.27741936,0.6465696,-0.24087593,0.006546429,-0.2042629,-0.6231884,0.5990566,-0.11462453,0.27741936,-0.20848058,-0.015800947,-26.123264,-13.551802,-0.031008452,2,"{""geodesic"":false,""type"":""Point"",""coordinates"":[110.42223369694094,-7.295125454162008]}"
1_1_1_2_149_0,0.041,0.0211,0.0123,0.0308,0.0344,0.0224,0.0417,0.0421,0.0427,0.0372,0.0443,0.0706,-0.21973096,0.039336596,0.015030388,0.03910613,0.23963967,-0.26347306,0.0074064513,0.09411765,-0.5030303,0.18689789,0.24832216,-0.03910613,-0.05703422,0.039671198,-20.465275,-17.42409,0.01690141,2,"{""geodesic"":false,""type"":""Point"",""coordinates"":[110.43363091672846,-7.3088889141512325]}"
1_1_1_2_70_0,0.041,0.008,0.0042,0.0368,0.038,0.0268,0.033,0.0225,0.0247,0.0215,0.0215,0.0216,-0.25241676,-0.0146198785,-0.0019682527,-0.2773109,0.6521739,-0.31147546,0.0052353484,-0.26243567,-0.6731518,0.64285713,-0.10973082,0.2773109,-0.21100916,-0.014499357,-25.339485,-15.2802105,-0.041106932,2,"{""geodesic"":false,""type"":""Point"",""coordinates"":[110.43167640386606,-7.278312949885245]}"
1_1_1_2_121_0,0.0397,0.01,0.0071,0.0317,0.0352,0.027,0.0362,0.0263,0.0211,0.0257,0.0225,0.032,-0.21610168,-0.0034212368,0.0017127476,-0.15599345,0.5575221,-0.16959062,0.0074591446,-0.104529634,-0.56707317,0.5203837,-0.02466796,0.15599345,-0.16962844,-0.0035281386,-24.979475,-19.332617,-0.016146397,2,"{""geodesic"":false,""type"":""Point"",""coordinates"":[110.42099095905559,-7.275223977368942]}"
1_1_1_2_41_0,0.0361,0.0102,0.0084,0.0279,0.0316,0.0228,0.0259,0.0238,0.0235,0.0196,0.0213,0.1082,-0.18012421,-0.008446392,-9.6702157E-4,-0.23437497,0.5119617,-0.09677423,0.009771428,-0.17473683,-0.4,0.46456692,-0.0754717,0.23437497,-0.13846153,-0.0088495575,-29.1644,-14.984723,-0.022739723,2,"{""geodesic"":false,""type"":""Point"",""coordinates"":[110.4479012052146,-7.270553933405761]}"
1_1_1_2_12_0,0.0392,0.0082,0.006,0.0336,0.0342,0.0245,0.0347,0.0231,0.0217,0.02,0.0175,0.0189,-0.24217844,-0.012295081,-0.0016113054,-0.26199266,0.6132076,-0.15492958,0.00735,-0.25373134,-0.5384615,0.60765547,-0.101123594,0.26199266,-0.2687386,-0.012396694,-25.810978,-16.371157,-0.036849707,2,"{""geodesic"":false,""type"":""Point"",""coordinates"":[110.42425314115137,-7.2744140472639245]}"
1_1_1_2_90_0,0.0392,0.0063,0.0054,0.0334,0.0366,0.0259,0.0319,0.0191,0.021,0.0167,0.015,0.0193,-0.21749695,-0.0249566,-0.0057264785,-0.37335837,0.7062937,-0.076923065,0.008374851,-0.33333334,-0.5113122,0.68261963,-0.21596247,0.37335837,-0.31275722,-0.025433103,-22.559793,-20.87834,-0.045537174,2,"{""geodesic"":false,""type"":""Point"",""coordinates"":[110.42494231214499,-7.30227477800006]}"
1_1_1_2_120_0,0.0408,0.0079,0.0065,0.0328,0.036,0.026,0.035,0.0212,0.0199,0.0195,0.0174,0.0193,-0.21345708,-0.017482517,-0.0032923084,-0.29729727,0.6400911,-0.09722219,0.008666667,-0.25430208,-0.5,0.61179364,-0.14285715,0.29729727,-0.28440365,-0.01787351,-27.803286,-22.560223,-0.036121674,2,"{""geodesic"":false,""type"":""Point"",""coordinates"":[110.42479770081522,-7.273600651648535]}"
1_1_1_2_187_0,0.041,0.0121,0.0074,0.0332,0.0363,0.0275,0.0335,0.0268,0.0245,0.021,0.0209,0.0585,-0.15565032,-0.017342582,-0.003770804,-0.26701573,0.5,-0.24102564,0.009690477,-0.22509225,-0.47887322,0.46578366,-0.13402063,0.26701573,-0.22935781,-0.017775752,-36.017788,-15.259357,-0.03302057,2,"{""geodesic"":false,""type"":""Point"",""coordinates"":[110.43476296516,-7.27307046440251]}"
1_1_1_2_114_0,0.0421,0.0072,0.0044,0.0382,0.0429,0.0282,0.0355,0.0233,0.0237,0.0209,0.0195,0.0201,-0.25079364,-0.020196991,-0.0035783695,-0.3448276,0.71257484,-0.2413793,0.0059368424,-0.2927242,-0.65217394,0.68281937,-0.14867619,0.3448276,-0.25886524,-0.019941725,-19.005705,-16.116213,-0.046413876,2,"{""geodesic"":false,""type"":""Point"",""coordinates"":[110.42667635722299,-7.292236581895207]}"
1_1_1_2_119_0,0.0448,0.0097,0.006,0.0385,0.0446,0.0324,0.0424,0.029,0.027,0.0229,0.0224,0.025,-0.18647341,-0.025577515,-0.0054770946,-0.32148147,0.6427256,-0.2356688,0.0084890835,-0.25407165,-0.5847751,0.59751034,-0.17179024,0.32148147,-0.29862174,-0.025661806,-21.417204,-15.825913,-0.04168151,2,"{""geodesic"":false,""type"":""Point"",""coordinates"":[110.42969248611203,-7.271164573990651]}"
1_1_1_2_145_0,0.0417,0.0091,0.0068,0.0308,0.0363,0.0242,0.0413,0.0288,0.0288,0.0233,0.0244,0.0288,-0.23798627,-0.0024000008,0.0017760295,-0.21812081,0.59911895,-0.1446541,0.007062661,-0.13863216,-0.5481728,0.54385966,-0.018947376,0.21812081,-0.27863777,-0.0024657543,-22.656061,-19.863947,-0.020303195,2,"{""geodesic"":false,""type"":""Point"",""coordinates"":[110.42620426708356,-7.30725135541625]}"
1_1_1_2_147_0,0.0406,0.0115,0.0065,0.0311,0.0354,0.0244,0.0324,0.0248,0.0277,0.0249,0.0209,0.0662,-0.218716,0.0013325543,0.0027861458,-0.17412934,0.50959486,-0.27777776,0.0063694776,-0.110714264,-0.58598727,0.4600939,0.010142009,0.17412934,-0.13089004,0.0013653769,-33.08776,-21.279911,-0.016726615,2,"{""geodesic"":false,""type"":""Point"",""coordinates"":[110.43118761710606,-7.306714941309665]}"
1_1_1_2_101_0,0.0369,0.0058,0.0048,0.0318,0.0404,0.0253,0.0319,0.0188,0.0167,0.0159,0.0149,0.0153,-0.21065994,-0.02529057,-0.005944199,-0.4351687,0.74891776,-0.094339594,0.007637736,-0.33333334,-0.5362319,0.6914894,-0.22815531,0.4351687,-0.334728,-0.026053213,-18.580095,-18.74737,-0.043545738,2,"{""geodesic"":false,""type"":""Point"",""coordinates"":[110.4456146556638,-7.28837066501468]}"
1_1_1_2_115_0,0.0407,0.0063,0.0045,0.0344,0.0422,0.028,0.0358,0.0235,0.0238,0.0206,0.0184,0.0191,-0.23180291,-0.019879648,-0.0035543148,-0.34394902,0.7402062,-0.16666669,0.006116505,-0.2509091,-0.64143425,0.6904177,-0.15226337,0.34394902,-0.26950353,-0.020233322,-20.376991,-17.286886,-0.0372973,2,"{""geodesic"":false,""type"":""Point"",""coordinates"":[110.44053980251626,-7.28981168525449]}"
1_1_1_2_176_0,0.0578,0.0344,0.0207,0.0693,0.0874,0.0877,0.112,0.1121,0.1229,0.1075,0.1077,0.1225,-0.18300435,0.044436466,0.029245853,0.103129834,0.43513954,-0.24863885,0.01688735,0.21606334,-0.6770671,-0.33654773,0.101434425,-0.103129834,-0.020501131,0.042721517,-17.868505,-14.773868,0.084663115,2,"{""geodesic"":false,""type"":""Point"",""coordinates"":[110.4527821580341,-7.2794243966098895]}"
1_1_1_2_104_0,0.0383,0.0127,0.008,0.0334,0.0379,0.0298,0.0349,0.0352,0.0302,0.0312,0.032,0.1528,-0.2063492,0.0036477318,0.0044304705,-0.09696095,0.49802372,-0.2270531,0.0076410263,-0.03405573,-0.5918367,0.44902384,0.022950811,0.09696095,-0.055975806,0.0037433142,-28.643887,-17.059633,-0.005844846,2,"{""geodesic"":false,""type"":""Point"",""coordinates"":[110.44996155969912,-7.289551880026598]}"
1_1_1_2_93_0,0.0373,0.007,0.0052,0.0304,0.0368,0.0253,0.0322,0.0197,0.0207,0.0171,0.0201,0.0206,-0.19047621,-0.021787647,-0.0049568634,-0.36549163,0.6803653,-0.147541,0.007693567,-0.28,-0.5336323,0.62566847,-0.1933962,0.36549163,-0.306288,-0.02267699,-22.891468,-22.333647,-0.036438357,2,"{""geodesic"":false,""type"":""Point"",""coordinates"":[110.44144133667382,-7.293340517988975]}"
1_1_1_2_144_0,0.0421,0.0107,0.0079,0.0299,0.0354,0.0234,0.0402,0.0289,0.0312,0.0226,0.0157,0.0259,-0.21247114,-0.002130489,0.0014507018,-0.22068964,0.53579175,-0.15053768,0.008179645,-0.1390476,-0.48196724,0.47290638,-0.017391276,0.22068964,-0.28025475,-0.0021977986,-22.75818,-31.855095,-0.019819,2,"{""geodesic"":false,""type"":""Point"",""coordinates"":[110.42683980718276,-7.306166714871662]}"
1_1_2_158_0,0.0423,0.1821,0.1155,0.0514,0.076,0.0761,0.1213,0.1887,0.217,0.2243,0.2454,0.2648,-0.03277767,0.28601202,0.12941462,0.4938395,-0.411081,-0.2237903,0.039186582,0.6271309,-0.3201883,0.55974305,0.49334222,-0.4938395,0.2980324,0.27773613,-16.423336,-7.897946,0.33434317,4,"{""geodesic"":false,""type"":""Point"",""coordinates"":[110.45890384037152,-7.311362211558644]}"
1_1_2_195_0,0.0631,0.1202,0.0582,0.0664,0.0811,0.0805,0.1155,0.1436,0.152,0.1687,0.1513,0.1631,-0.07893528,0.1911242,0.08116434,0.35068053,-0.19423744,-0.3475336,0.027771786,0.435134,-0.48699865,-0.28831726,0.3539326,-0.35068053,0.1871921,0.17658836,-17.815018,-4.5771923,0.2087471,4,"{""geodesic"":false,""type"":""Point"",""coordinates"":[110.4081220024904,-7.279458680761818]}"
1_1_2_5_0,0.0532,0.1453,0.0896,0.0575,0.0804,0.0902,0.138,0.1968,0.2204,0.2123,0.2421,0.2548,-0.067880474,0.23085651,0.11233515,0.45063207,-0.28754985,-0.2371222,0.03806839,0.57375836,-0.40642598,0.43293884,0.40363637,-0.45063207,0.21210392,0.2282243,-16.348612,-3.482512,0.3016368,4,"{""geodesic"":false,""type"":""Point"",""coordinates"":[110.43216929247974,-7.3184752097541255]}"
1_1_2_90_0,0.0514,0.2723,0.1836,0.0667,0.0922,0.0982,0.1568,0.2394,0.2746,0.2818,0.2994,0.314,0.030598063,0.33485317,0.1527459,0.50695187,-0.4941015,-0.19456023,0.06397984,0.61721665,-0.2110013,0.6064897,0.4831579,-0.50695187,0.28499773,0.31295455,-14.459313,-8.561097,0.3802593,4,"{""geodesic"":false,""type"":""Point"",""coordinates"":[110.41655848803467,-7.2703337750541]}"
1_1_2_103_0,0.0614,0.0491,0.0243,0.0626,0.0785,0.0838,0.1078,0.1281,0.1313,0.132,0.1337,0.1452,-0.18839693,0.10340684,0.05434955,0.25415674,0.23040754,-0.33787468,0.015426818,0.35662895,-0.6890595,-0.12085945,0.22335494,-0.25415674,0.10091743,0.10100586,-16.970005,-10.689331,0.14987043,4,"{""geodesic"":false,""type"":""Point"",""coordinates"":[110.39960758245812,-7.278814296046366]}"
1_1_2_144_0,0.0447,0.1832,0.1101,0.0505,0.0803,0.0855,0.1328,0.2156,0.2426,0.2508,0.2677,0.2917,-0.057193,0.2983647,0.14798556,0.51495016,-0.39051232,-0.24923287,0.03753409,0.6647859,-0.3898587,0.567822,0.49152544,-0.51495016,0.30761212,0.29648453,-14.13574,-8.181881,0.3749532,4,"{""geodesic"":false,""type"":""Point"",""coordinates"":[110.4515559182094,-7.319313318759068]}"
1_1_2_131_0,0.0537,0.0774,0.0506,0.0518,0.0703,0.0778,0.1012,0.1172,0.125,0.1211,0.123,0.1822,-0.053946983,0.090253465,0.04337089,0.26541278,-0.04807042,-0.209375,0.032507677,0.4008097,-0.4105999,0.1981424,0.21769735,-0.26541278,0.08951867,0.092931755,-19.388721,-8.520543,0.1544806,4,"{""geodesic"":false,""type"":""Point"",""coordinates"":[110.41108683396551,-7.298276948707275]}"
1_1_2_184_0,0.0458,0.0309,0.0187,0.05,0.0714,0.0704,0.0931,0.1051,0.1124,0.1124,0.0937,0.2238,-0.2317027,0.090532854,0.049000215,0.22306855,0.39589444,-0.24596775,0.011712455,0.38423645,-0.7147216,0.23609395,0.22975932,-0.22306855,0.09391729,0.09226714,-21.695452,-14.394004,0.14130436,4,"{""geodesic"":false,""type"":""Point"",""coordinates"":[110.40975660576909,-7.27638538237136]}"
1_1_2_20_0,0.0566,0.0957,0.0598,0.0572,0.0751,0.0848,0.112,0.1317,0.1371,0.1345,0.14,0.1589,-0.030091338,0.102322325,0.047768295,0.28339696,-0.12060893,-0.23086819,0.0377029,0.4032342,-0.38445702,0.25179857,0.2266302,-0.28339696,0.09127788,0.10364243,-18.04741,-14.045433,0.16763046,4,"{""geodesic"":false,""type"":""Point"",""coordinates"":[110.44331274833203,-7.318398664075145]}"
1_1_2_176_0,0.0527,0.2216,0.1372,0.0594,0.0753,0.0836,0.1318,0.2001,0.2251,0.2164,0.2563,0.2706,0.050602406,0.26090372,0.108343564,0.48371613,-0.49275848,-0.23522854,0.053003326,0.5692531,-0.2239819,0.5772242,0.44266665,-0.48371613,0.2429638,0.249,-13.638121,-9.851646,0.3035576,4,"{""geodesic"":false,""type"":""Point"",""coordinates"":[110.46111934341691,-7.276901664134951]}"
1_1_2_192_0,0.0578,0.03,0.0177,0.0542,0.0758,0.0818,0.1096,0.115,0.1215,0.1186,0.1163,0.1351,-0.21433593,0.07648185,0.04598003,0.22016461,0.43289226,-0.25786164,0.012207925,0.3726852,-0.7402788,-0.28741094,0.18363276,-0.22016461,0.039439104,0.078812115,-22.28163,-17.67278,0.14357908,4,"{""geodesic"":false,""type"":""Point"",""coordinates"":[110.40639904742294,-7.280813232788135]}"
1_1_2_173_0,0.048,0.2456,0.1586,0.0614,0.0862,0.0958,0.1402,0.2232,0.2483,0.2373,0.2781,0.2821,0.066708334,0.26172683,0.11495236,0.46707883,-0.4804099,-0.21523997,0.06402815,0.5888852,-0.19878756,0.6,0.42479736,-0.46707883,0.25721854,0.25477132,-12.273106,-7.313415,0.3303493,4,"{""geodesic"":false,""type"":""Point"",""coordinates"":[110.46111707674726,-7.278801209280662]}"
1_1_2_194_0,0.0616,0.1036,0.0515,0.0759,0.101,0.1044,0.1316,0.1403,0.1443,0.1486,0.1457,0.1356,-0.03815028,0.0916442,0.044341773,0.1907051,-0.012707719,-0.33591232,0.036181696,0.3238307,-0.48525736,0.15431754,0.17470354,-0.1907051,0.06067094,0.0880478,-20.247984,-13.16629,0.15051758,4,"{""geodesic"":false,""type"":""Point"",""coordinates"":[110.4084835247886,-7.280092330110943]}"
1_1_2_71_0,0.0588,0.285,0.2079,0.0727,0.0972,0.1216,0.1542,0.2022,0.2216,0.2408,0.2559,0.2538,0.1292876,0.20910078,0.090242155,0.42485207,-0.4913658,-0.15642117,0.10498605,0.53620416,-0.073322915,0.5935141,0.3289183,-0.42485207,0.21924049,0.20732838,-12.380766,-5.1794295,0.30995697,4,"{""geodesic"":false,""type"":""Point"",""coordinates"":[110.43377964467692,-7.262576539004467]}"
1_1_2_0_0,0.0554,0.0949,0.0586,0.0486,0.057,0.0654,0.0793,0.0934,0.1054,0.0919,0.1118,0.1609,0.06582446,0.059162356,0.021271996,0.23438549,-0.24950624,-0.23648207,0.041702285,0.30818504,-0.22126244,0.32264808,0.16846791,-0.23438549,0.073598124,0.06047467,-14.139669,-8.108244,0.10140515,4,"{""geodesic"":false,""type"":""Point"",""coordinates"":[110.44311035195527,-7.262226265696122]}"
1_1_2_14_0,0.0581,0.1588,0.1137,0.0593,0.0844,0.0976,0.1296,0.1574,0.1641,0.1643,0.1682,0.17,0.06833335,0.12776309,0.0558541,0.3212706,-0.30592108,-0.16550459,0.067541815,0.46958852,-0.18201436,0.45621276,0.25467736,-0.3212706,0.118067354,0.13131644,-13.7524,-5.7452903,0.21766168,4,"{""geodesic"":false,""type"":""Point"",""coordinates"":[110.43905980400164,-7.314322950257836]}"
1_1_2_12_0,0.055,0.0866,0.0485,0.058,0.0799,0.085,0.1133,0.1369,0.1512,0.1595,0.1527,0.1547,-0.117964536,0.1508708,0.07421645,0.33249792,-0.04024025,-0.2820133,0.025846396,0.4666667,-0.53365386,0.197787,0.30470347,-0.33249792,0.16935484,0.15010074,-15.383221,-7.9976797,0.21219513,4,"{""geodesic"":false,""type"":""Point"",""coordinates"":[110.43290091336631,-7.313048885957402]}"
1_1_2_29_0,0.0463,0.1638,0.1068,0.0518,0.0712,0.0786,0.1176,0.1677,0.1906,0.192,0.2162,0.2173,-0.0028794839,0.22233552,0.098300815,0.45896658,-0.39404258,-0.21064302,0.043721247,0.5750615,-0.28514057,0.5194805,0.41906875,-0.45896658,0.24031009,0.2207371,-17.71928,-9.054389,0.28273728,4,"{""geodesic"":false,""type"":""Point"",""coordinates"":[110.45564548141546,-7.308825565058488]}"
1_1_2_6_0,0.0548,0.2155,0.1372,0.0595,0.0874,0.0901,0.1475,0.2129,0.2472,0.2489,0.2685,0.281,-0.004560265,0.29555184,0.13657655,0.480226,-0.42291185,-0.2220017,0.049665406,0.6141375,-0.2893033,0.5672727,0.46843657,-0.480226,0.2558022,0.2839094,-15.018832,-3.510488,0.35143492,4,"{""geodesic"":false,""type"":""Point"",""coordinates"":[110.42936471811784,-7.315396228769809]}"
1_1_2_85_0,0.0487,0.1864,0.1161,0.0558,0.0817,0.0943,0.1336,0.196,0.2288,0.226,0.2539,0.2546,-0.001955549,0.23975095,0.115377985,0.4689633,-0.39052594,-0.23239669,0.048443496,0.60397446,-0.3212511,0.5392238,0.411177,-0.4689633,0.25695217,0.24082652,-11.62741,-8.418741,0.3265541,4,"{""geodesic"":false,""type"":""Point"",""coordinates"":[110.41918746600062,-7.268799431428221]}"
1_1_2_199_0,0.0563,0.0226,0.013,0.0484,0.0625,0.0686,0.0837,0.082,0.0862,0.0847,0.0769,0.1269,-0.1868034,0.03551576,0.024252148,0.15081523,0.46886015,-0.26966292,0.010528925,0.27272728,-0.7338792,-0.36338025,0.105022855,-0.15081523,0.0059382617,0.036966182,-21.115004,-11.695883,0.086005375,4,"{""geodesic"":false,""type"":""Point"",""coordinates"":[110.40929266136285,-7.28479698687156]}"
1_1_2_105_0,0.0554,0.0574,0.0333,0.0579,0.076,0.084,0.1027,0.111,0.1207,0.1136,0.1195,0.1499,-0.096196875,0.06253433,0.034314066,0.19831225,0.13943027,-0.26571113,0.02462324,0.32478133,-0.5466303,-0.0043365224,0.14979757,-0.19831225,0.050392974,0.06364679,-20.691153,-13.584982,0.12442294,4,"{""geodesic"":false,""type"":""Point"",""coordinates"":[110.40023352290385,-7.284965977892772]}"
1_1_2_150_0,0.0455,0.1733,0.1053,0.0526,0.0738,0.0867,0.129,0.195,0.2178,0.225,0.2471,0.2557,-0.03273809,0.25597838,0.1229527,0.5060241,-0.40267098,-0.24407752,0.0405756,0.6210375,-0.3623978,0.5343072,0.44369584,-0.5060241,0.27118644,0.2555747,-14.198957,-4.912436,0.33256173,4,"{""geodesic"":false,""type"":""Point"",""coordinates"":[110.45245614739545,-7.324018040666349]}"
1_1_2_143_0,0.0536,0.1467,0.0926,0.0582,0.0749,0.0922,0.1306,0.1744,0.1922,0.1749,0.2081,0.2203,0.012288138,0.16007276,0.07304148,0.40032023,-0.32400718,-0.22607602,0.04881487,0.5006435,-0.30766353,0.431918,0.30962184,-0.40032023,0.14500818,0.16171293,-13.15541,-7.6030827,0.23878051,4,"{""geodesic"":false,""type"":""Point"",""coordinates"":[110.42926757029358,-7.320551985231087]}"
1_1_2_63_0,0.0572,0.0848,0.0462,0.0576,0.0696,0.0794,0.1023,0.1159,0.1203,0.1172,0.1271,0.1515,-0.031268436,0.0813533,0.03684301,0.254818,-0.09844557,-0.2946565,0.03129932,0.34096113,-0.43451652,0.19101124,0.19226855,-0.254818,0.067881554,0.08139534,-16.563229,-8.189927,0.1324837,4,"{""geodesic"":false,""type"":""Point"",""coordinates"":[110.44220394389781,-7.262677424906549]}"
1_1_2_48_0,0.0661,0.2426,0.1723,0.0854,0.111,0.1386,0.1689,0.2186,0.2427,0.2618,0.2538,0.2665,0.046677664,0.21198978,0.10476905,0.40450642,-0.37217194,-0.16943842,0.09121765,0.5080645,-0.20617369,0.47926828,0.30769226,-0.40450642,0.21569537,0.20524208,-15.958144,-7.859456,0.31232294,4,"{""geodesic"":false,""type"":""Point"",""coordinates"":[110.4592835046806,-7.296980396977826]}"
1_1_2_78_0,0.0573,0.1649,0.1148,0.055,0.0788,0.0831,0.1249,0.169,0.1894,0.1921,0.2029,0.2175,0.0018178152,0.21319044,0.094503365,0.4182355,-0.35330325,-0.17912051,0.049661007,0.5548361,-0.25187358,0.49977264,0.3960756,-0.4182355,0.21198739,0.21091332,-15.764115,-7.2591558,0.27526435,4,"{""geodesic"":false,""type"":""Point"",""coordinates"":[110.42888839953497,-7.262299047911805]}"
1_1_2_104_0,0.0554,0.0669,0.042,0.056,0.0741,0.0803,0.1128,0.1249,0.1323,0.1213,0.1318,0.1499,-0.092758074,0.08663679,0.04337475,0.24155575,0.051063847,-0.22865014,0.027803794,0.3683023,-0.4856093,0.088689975,0.20337299,-0.24155575,0.036309257,0.08765677,-19.976297,-10.565859,0.14461833,4,"{""geodesic"":false,""type"":""Point"",""coordinates"":[110.39978081890318,-7.284784470247163]}"
1_1_2_145_0,0.0453,0.1826,0.1086,0.0502,0.0764,0.0776,0.133,0.2205,0.2462,0.258,0.2764,0.2814,-0.08444753,0.33479324,0.16179183,0.5430622,-0.41003865,-0.25412092,0.032664187,0.6742375,-0.40752864,0.5687285,0.53754467,-0.5430622,0.31969306,0.32383913,-15.788961,-8.697361,0.38567185,4,"{""geodesic"":false,""type"":""Point"",""coordinates"":[110.4515555867496,-7.319584681420147]}"
1_1_2_204_0,0.0522,0.0569,0.0324,0.053,0.0722,0.0755,0.0992,0.1259,0.1296,0.1141,0.1326,0.182,-0.11585979,0.08250685,0.041896306,0.22490607,0.118512794,-0.27435607,0.021439089,0.3656493,-0.5576792,0.0354868,0.20358653,-0.22490607,0.06985467,0.083961725,-26.852362,-8.71808,0.13738571,4,"{""geodesic"":false,""type"":""Point"",""coordinates"":[110.39969131314898,-7.283970268271176]}"
1_1_2_17_0,0.0559,0.056,0.0329,0.0514,0.0673,0.0733,0.0964,0.1088,0.1102,0.0983,0.1119,0.1636,-0.07311829,0.054225244,0.02806592,0.18719809,0.09164637,-0.25984251,0.024532756,0.31329328,-0.4984756,0.04283057,0.14568768,-0.18719809,0.009758616,0.055836823,-21.660545,-18.085983,0.108280756,4,"{""geodesic"":false,""type"":""Point"",""coordinates"":[110.44123038292567,-7.317310635477884]}"
1_1_2_41_0,0.0472,0.1909,0.113,0.056,0.0763,0.0986,0.128,0.1993,0.2245,0.21,0.2452,0.2528,0.042304236,0.20157787,0.09504254,0.46699265,-0.4288922,-0.25633433,0.05305619,0.57894737,-0.3003096,0.54637504,0.36098507,-0.46699265,0.24260354,0.20665346,-13.915682,-10.429404,0.30156657,4,"{""geodesic"":false,""type"":""Point"",""coordinates"":[110.45756083512762,-7.298154240777678]}"
1_1_2_141_0,0.052,0.1211,0.073,0.0488,0.0669,0.0703,0.106,0.1599,0.1842,0.1815,0.1982,0.2067,-0.092245676,0.2246828,0.1021972,0.46135268,-0.28829786,-0.24781042,0.02827493,0.57620496,-0.42632616,0.42554444,0.44162035,-0.46135268,0.2626087,0.22186753,-15.832937,-8.658872,0.27255923,4,"{""geodesic"":false,""type"":""Point"",""coordinates"":[110.42881412708483,-7.320913226387364]}"
1_1_2_25_0,0.0507,0.1124,0.063,0.0516,0.0638,0.0596,0.0877,0.1218,0.1249,0.1231,0.1353,0.1632,-0.007787705,0.14514948,0.054142755,0.31728196,-0.27582294,-0.28164196,0.030502032,0.40927303,-0.32294464,-0.3707317,0.3475643,-0.31728196,0.16793168,0.13951956,-19.011986,-10.273417,0.15895952,4,"{""geodesic"":false,""type"":""Point"",""coordinates"":[110.44693894299003,-7.316503590378799]}"
1_1_2_56_0,0.0468,0.2064,0.1285,0.0584,0.0836,0.0916,0.1444,0.2277,0.2644,0.2699,0.3026,0.2855,-0.04837935,0.3226565,0.15795508,0.52701557,-0.4234483,-0.23260677,0.043610968,0.6442278,-0.35491967,0.5589124,0.49322268,-0.52701557,0.30292058,0.3104469,-14.582386,-10.590333,0.3830134,4,"{""geodesic"":false,""type"":""Point"",""coordinates"":[110.45775540669617,-7.2870285644830135]}"
1_1_2_59_0,0.0689,0.0268,0.0156,0.0878,0.121,0.1278,0.1495,0.1312,0.1353,0.1218,0.1172,0.1325,-0.15101592,-0.01219414,0.011899269,0.0032948873,0.63734776,-0.26415095,0.016368473,0.16221371,-0.7729258,-0.5322862,-0.02403848,-0.0032948873,-0.102101006,-0.012006413,-23.190033,-16.5525,0.07187147,4,"{""geodesic"":false,""type"":""Point"",""coordinates"":[110.45494853004683,-7.285849282365645]}"
1_1_2_79_0,0.0577,0.1556,0.103,0.066,0.086,0.0992,0.1335,0.1733,0.1903,0.214,0.2097,0.2485,-0.047120422,0.2183838,0.10480476,0.42666665,-0.28807944,-0.20340292,0.047745794,0.5285714,-0.35015774,0.40433213,0.36653894,-0.42666665,0.23165467,0.21175602,-15.738155,-9.84396,0.2846154,4,"{""geodesic"":false,""type"":""Point"",""coordinates"":[110.42852845834219,-7.260399055859902]}"
1_1_2_74_0,0.0603,0.2083,0.1453,0.073,0.0952,0.1084,0.1411,0.2243,0.2663,0.2518,0.2834,0.2279,-0.012626661,0.26463422,0.12569568,0.45129684,-0.37265238,-0.1781674,0.06255171,0.55049264,-0.2681944,0.48098114,0.39811215,-0.45129684,0.2817511,0.2500581,-17.36068,-3.6849148,0.32516974,4,"{""geodesic"":false,""type"":""Point"",""coordinates"":[110.42771011014922,-7.262840289103129]}"
1_1_2_92_0,0.0522,0.1801,0.1108,0.0583,0.084,0.089,0.1401,0.2061,0.2286,0.2336,0.2565,0.2602,-0.04064173,0.27173302,0.12845522,0.47103277,-0.3638773,-0.23822619,0.04221404,0.60054815,-0.35656217,0.51090604,0.4482331,-0.47103277,0.25020072,0.26367617,-16.839714,-9.92533,0.33204952,4,"{""geodesic"":false,""type"":""Point"",""coordinates"":[110.41393007945709,-7.271415832814915]}"
1_1_2_35_0,0.0459,0.1737,0.1065,0.0564,0.0773,0.0952,0.1408,0.1884,0.2107,0.2158,0.2404,0.2415,-0.0060986807,0.22104105,0.10668819,0.47253498,-0.38406378,-0.2398287,0.046982393,0.5855988,-0.33912504,0.5097784,0.38778135,-0.47253498,0.2103197,0.22305796,-11.099704,-12.10406,0.3096348,4,"{""geodesic"":false,""type"":""Point"",""coordinates"":[110.45800944195217,-7.301772960335695]}"
1_1_2_19_0,0.0542,0.1248,0.0704,0.053,0.0751,0.0785,0.1205,0.1558,0.1602,0.1814,0.1722,0.1691,-0.07105324,0.2049964,0.09469469,0.41442496,-0.24862431,-0.27868852,0.030465271,0.5477816,-0.44082606,0.4038245,0.3959215,-0.41442496,0.20172243,0.20311883,-13.800058,-9.225434,0.2622549,4,"{""geodesic"":false,""type"":""Point"",""coordinates"":[110.44159490386141,-7.315592457250222]}"
1_1_2_125_0,0.0572,0.1939,0.1303,0.063,0.0878,0.101,0.143,0.191,0.2059,0.2179,0.2163,0.2608,0.024314022,0.2162572,0.1004362,0.4255806,-0.3766418,-0.1961752,0.060396057,0.5514418,-0.25157952,0.5095368,0.36657256,-0.4255806,0.2075367,0.21412869,-17.763811,-8.730781,0.2975413,4,"{""geodesic"":false,""type"":""Point"",""coordinates"":[110.40836896198462,-7.298363850802522]}"
1_1_2_36_0,0.0491,0.1818,0.1214,0.0595,0.0797,0.09,0.1239,0.169,0.1876,0.1834,0.2083,0.2386,0.056149192,0.18282896,0.07713116,0.3941467,-0.39043975,-0.19920842,0.0595747,0.5100865,-0.20341209,0.50683796,0.341624,-0.3941467,0.19362187,0.18114817,-17.037683,-10.605227,0.25016826,4,"{""geodesic"":false,""type"":""Point"",""coordinates"":[110.4591867193729,-7.30213619021201]}"
1_1_2_163_0,0.049,0.0804,0.0475,0.0407,0.0558,0.0644,0.0949,0.123,0.1378,0.1271,0.1466,0.1942,-0.07357647,0.12973309,0.059864476,0.38983053,-0.18061674,-0.25723222,0.024067663,0.5148987,-0.4558992,0.32782823,0.32741514,-0.38983053,0.14504507,0.13600868,-14.568302,-7.2593746,0.19407009,4,"{""geodesic"":false,""type"":""Point"",""coordinates"":[110.46053900347788,-7.307655535265134]}"
1_1_2_46_0,0.0519,0.2327,0.1604,0.0607,0.0864,0.0988,0.1422,0.1807,0.199,0.2126,0.2225,0.2589,0.09623019,0.2107173,0.09007016,0.42207354,-0.45847696,-0.18392266,0.074541494,0.5557995,-0.13994636,0.5862304,0.36544633,-0.42207354,0.19842163,0.21037711,-12.722093,-8.40935,0.29464632,4,"{""geodesic"":false,""type"":""Point"",""coordinates"":[110.45756214249407,-7.2970687879947285]}"
1_1_2_21_0,0.0556,0.0896,0.0492,0.0522,0.0662,0.072,0.1023,0.1166,0.127,0.1208,0.1295,0.1632,-0.034070563,0.1050547,0.045680925,0.2919786,-0.15019251,-0.2910663,0.0293245,0.3965318,-0.4211765,0.26375175,0.25311208,-0.2919786,0.08292247,0.10565821,-16.934294,-8.57688,0.15289748,4,"{""geodesic"":false,""type"":""Point"",""coordinates"":[110.44340491413031,-7.317132418590178]}"
1_1_2_118_0,0.0543,0.0635,0.0348,0.0536,0.078,0.0998,0.1283,0.1339,0.1432,0.1378,0.1449,0.1558,-0.07922185,0.07118237,0.0444331,0.2771084,0.10247349,-0.2919634,0.025203485,0.4399164,-0.5967555,0.08454315,0.15993264,-0.2771084,0.03570084,0.077277645,-21.411728,-9.83621,0.18267283,4,"{""geodesic"":false,""type"":""Point"",""coordinates"":[110.40756196265514,-7.292031028653291]}"
1_1_2_61_0,0.0541,0.1127,0.0609,0.0638,0.0824,0.0918,0.1126,0.1359,0.1465,0.1483,0.1524,0.1693,-0.018242942,0.1157218,0.0527961,0.28565237,-0.15530497,-0.2983871,0.03769804,0.398397,-0.41778204,0.27705383,0.23531866,-0.28565237,0.13683406,0.11451157,-18.276379,-6.0731125,0.17799468,4,"{""geodesic"":false,""type"":""Point"",""coordinates"":[110.45233118947982,-7.277795669929034]}"
1_1_2_186_0,0.0586,0.0334,0.017,0.0566,0.0717,0.0716,0.0977,0.1081,0.1167,0.1059,0.1171,0.1547,-0.21495327,0.07718272,0.041069824,0.19256756,0.36441484,-0.32539678,0.011493863,0.3033846,-0.7233523,0.2577778,0.19323944,-0.19256756,0.040275034,0.07594096,-20.129654,-13.324093,0.11162263,4,"{""geodesic"":false,""type"":""Point"",""coordinates"":[110.40676544106346,-7.277738282878775]}"
1_1_2_142_0,0.0514,0.1837,0.1142,0.0542,0.0792,0.0835,0.1399,0.2044,0.2302,0.2406,0.2536,0.2718,-0.04911034,0.29417273,0.13934252,0.50469047,-0.39748952,-0.23329973,0.039633,0.6322931,-0.35625705,0.54434633,0.48472697,-0.50469047,0.26465178,0.2859483,-13.087477,-6.6226106,0.3517866,4,"{""geodesic"":false,""type"":""Point"",""coordinates"":[110.43017365092564,-7.320462678564335]}"
1_1_2_70_0,0.056,0.2841,0.1949,0.0711,0.1013,0.1154,0.1523,0.2173,0.2432,0.2653,0.2704,0.2852,0.08574534,0.263084,0.1200029,0.44735408,-0.4743124,-0.18622127,0.08477746,0.577289,-0.15297696,0.5996622,0.39374837,-0.44735408,0.27059388,0.25530827,-15.687552,-9.908063,0.34827834,4,"{""geodesic"":false,""type"":""Point"",""coordinates"":[110.4344129483228,-7.263210508888622]}"
1_1_2_73_0,0.0535,0.2326,0.1567,0.068,0.0934,0.1086,0.1501,0.2051,0.2273,0.2294,0.2549,0.2842,0.06858754,0.22027718,0.09882465,0.4213135,-0.42699388,-0.19496533,0.07418317,0.5427034,-0.18829317,0.5475715,0.35739645,-0.4213135,0.20895915,0.21622911,-18.299515,-6.8539467,0.30361173,4,"{""geodesic"":false,""type"":""Point"",""coordinates"":[110.43024512266659,-7.2639289296466885]}"
1_1_2_166_0,0.0412,0.2218,0.1401,0.0586,0.0854,0.0894,0.1281,0.2045,0.2328,0.2382,0.2489,0.2878,0.02368422,0.2786308,0.12533599,0.47218788,-0.4440104,-0.22575296,0.052581616,0.60512125,-0.259318,0.58202565,0.45421243,-0.47218788,0.3005733,0.2696955,-14.273203,-9.956782,0.3381024,4,"{""geodesic"":false,""type"":""Point"",""coordinates"":[110.46037938598508,-7.289654885695989]}"
1_1_2_209_0,0.0565,0.1555,0.094,0.0514,0.07,0.0722,0.1172,0.1744,0.1996,0.203,0.2194,0.2044,-0.055382695,0.26145357,0.116037525,0.4871795,-0.37915742,-0.24649298,0.033432513,0.595912,-0.36700338,0.50314164,0.4752907,-0.4871795,0.2679575,0.25309595,-17.314064,-7.5127783,0.3014316,4,"{""geodesic"":false,""type"":""Point"",""coordinates"":[110.39533990377038,-7.286316269510977]}"
1_1_2_111_0,0.0644,0.1129,0.0624,0.0607,0.0796,0.0902,0.1145,0.1319,0.1423,0.1354,0.1376,0.1479,0.017535068,0.092520565,0.041177094,0.2595349,-0.172987,-0.2880776,0.041569274,0.3809281,-0.36905965,0.30069125,0.2003546,-0.2595349,0.083633445,0.09343991,-14.819584,-4.835648,0.16096824,4,"{""geodesic"":false,""type"":""Point"",""coordinates"":[110.39743239179448,-7.2796254902124184]}"
1_1_2_47_0,0.0553,0.1972,0.128,0.0544,0.0803,0.0891,0.1257,0.1822,0.2042,0.1848,0.2212,0.2418,0.089628935,0.18243861,0.07654246,0.39419085,-0.42126125,-0.2127921,0.06171429,0.5451505,-0.18158565,0.5675676,0.34939757,-0.39419085,0.19033816,0.18548907,-13.223048,-10.85956,0.26461038,4,"{""geodesic"":false,""type"":""Point"",""coordinates"":[110.45810613151441,-7.29670762266763]}"
1_1_2_124_0,0.0441,0.1667,0.0979,0.0546,0.0782,0.0814,0.1405,0.2192,0.2468,0.2465,0.2724,0.2952,-0.096503995,0.31141543,0.1499831,0.5183246,-0.36137202,-0.26001513,0.032328844,0.6373298,-0.431475,0.5065522,0.5035072,-0.5183246,0.27390182,0.29913032,-14.378662,-9.553773,0.35931844,4,"{""geodesic"":false,""type"":""Point"",""coordinates"":[110.40963831407129,-7.297551427437858]}"
1_1_2_1_0,0.0598,0.1385,0.0826,0.0624,0.0848,0.1019,0.1281,0.1434,0.153,0.146,0.1547,0.1555,0.07130126,0.08550489,0.037613727,0.26516464,-0.24048369,-0.2528268,0.05765027,0.40115163,-0.27734035,0.37879544,0.17789432,-0.26516464,0.06530463,0.08844766,-18.463615,-14.426404,0.17701863,4,"{""geodesic"":false,""type"":""Point"",""coordinates"":[110.44222727719793,-7.317040508043296]}"
1_1_2_98_0,0.0554,0.173,0.1015,0.0603,0.083,0.0874,0.1356,0.2064,0.2335,0.2358,0.2585,0.3025,-0.06415096,0.28364998,0.13322993,0.47929737,-0.3515625,-0.26047358,0.037621286,0.5927052,-0.3981619,0.483069,0.45915842,-0.47929737,0.26979,0.27040815,-11.914975,-5.95317,0.33067453,4,"{""geodesic"":false,""type"":""Point"",""coordinates"":[110.40241951201074,-7.27601394844594]}"
1_1_2_112_0,0.0661,0.0833,0.037,0.0624,0.0852,0.0882,0.1254,0.1393,0.1458,0.1467,0.1521,0.1396,-0.09879135,0.12107789,0.059368372,0.26520053,0.011275934,-0.38487116,0.0222454,0.40315637,-0.5971693,0.14344546,0.24904211,-0.26520053,0.078280024,0.11940398,-22.42154,-9.017772,0.17832462,4,"{""geodesic"":false,""type"":""Point"",""coordinates"":[110.39589481936238,-7.277814368492475]}"
1_1_2_188_0,0.0527,0.1221,0.0653,0.0611,0.079,0.0772,0.1064,0.1274,0.1402,0.1399,0.1567,0.2134,-0.0042467937,0.13691749,0.054742794,0.2782092,-0.21432123,-0.30309498,0.03603403,0.3920398,-0.36354774,-0.33296946,0.28880697,-0.2782092,0.13601299,0.13115324,-19.237104,-10.541084,0.16861627,4,"{""geodesic"":false,""type"":""Point"",""coordinates"":[110.40866967579196,-7.2762935110471005]}"
1_1_2_152_0,0.0426,0.1644,0.1019,0.0472,0.0636,0.0672,0.0987,0.1517,0.1817,0.1794,0.2019,0.2439,0.010912255,0.22830865,0.09497417,0.4765432,-0.44210523,-0.23469771,0.038169898,0.58340687,-0.2755066,0.5538752,0.45498785,-0.4765432,0.29018337,0.22542192,-14.061211,-2.587754,0.27291495,4,"{""geodesic"":false,""type"":""Point"",""coordinates"":[110.44738145660281,-7.325006836373669]}"
1_1_2_51_0,0.0576,0.2691,0.1801,0.07,0.0996,0.1122,0.1612,0.2118,0.2412,0.2569,0.2646,0.2833,0.07681445,0.25745502,0.11689411,0.44123423,-0.45972335,-0.19813004,0.07865792,0.5717345,-0.17574374,0.58714247,0.3920347,-0.44123423,0.22889264,0.24974114,-12.172467,-6.7046466,0.3390374,4,"{""geodesic"":false,""type"":""Point"",""coordinates"":[110.458563114798,-7.293361352049693]}"
1_1_2_157_0,0.0398,0.1693,0.0983,0.0462,0.0753,0.0798,0.1245,0.214,0.2484,0.2376,0.272,0.2773,-0.06511539,0.28797722,0.14193876,0.51869607,-0.38430092,-0.26532137,0.0330149,0.6744186,-0.41470674,0.5712297,0.49716446,-0.51869607,0.31234464,0.2895767,-15.173055,-6.4419484,0.36629242,4,"{""geodesic"":false,""type"":""Point"",""coordinates"":[110.45799821584302,-7.3110897604429805]}"
1_1_2_45_0,0.0561,0.244,0.1727,0.057,0.0834,0.0985,0.1611,0.2068,0.213,0.1986,0.2359,0.2283,0.14529344,0.18372366,0.07431441,0.4085106,-0.49053144,-0.17110631,0.08565433,0.5539906,-0.06975489,0.6212625,0.3369236,-0.4085106,0.10425353,0.18837033,-15.022988,-7.7881927,0.2811011,4,"{""geodesic"":false,""type"":""Point"",""coordinates"":[110.45882815189424,-7.298969851773704]}"
1_1_2_97_0,0.0559,0.0365,0.0264,0.0463,0.0628,0.0669,0.0948,0.0936,0.1056,0.0887,0.0975,0.1144,-0.13255033,0.04768779,0.0271875,0.17095709,0.26485395,-0.16057234,0.019911613,0.31407404,-0.54126847,-0.11835751,0.1401028,-0.17095709,-0.033242527,0.049877968,-19.238766,-13.203276,0.10015747,4,"{""geodesic"":false,""type"":""Point"",""coordinates"":[110.40713515096398,-7.272130628220762]}"
1_1_2_81_0,0.0644,0.1901,0.1184,0.0581,0.0875,0.0954,0.1445,0.2073,0.2253,0.235,0.2521,0.2298,-0.0131351575,0.2544381,0.12281722,0.45736435,-0.36959654,-0.23241492,0.04806536,0.6035483,-0.32993776,0.5318292,0.42251816,-0.45736435,0.23847167,0.25216764,-13.997507,-10.006956,0.33457318,4,"{""geodesic"":false,""type"":""Point"",""coordinates"":[110.42155079932598,-7.262470664178877]}"
1_1_2_68_0,0.0559,0.2531,0.1843,0.0678,0.0952,0.1038,0.165,0.2192,0.2417,0.2451,0.2645,0.2507,0.06569125,0.2598573,0.114840984,0.44049367,-0.45334482,-0.1572931,0.078051165,0.5666347,-0.14159292,0.5774385,0.40498713,-0.44049367,0.19531822,0.24967606,-13.431735,-9.721661,0.32716203,4,"{""geodesic"":false,""type"":""Point"",""coordinates"":[110.43178620728179,-7.26302631914885]}"
1_1_2_10_0,0.0499,0.1988,0.121,0.0552,0.0778,0.085,0.1362,0.201,0.2302,0.2416,0.2579,0.2701,-0.022390643,0.2926884,0.1364323,0.5128366,-0.43745482,-0.24327704,0.042570364,0.6280324,-0.3325979,0.56535435,0.47948563,-0.5128366,0.2789836,0.28417614,-15.442377,-9.417659,0.35090363,4,"{""geodesic"":false,""type"":""Point"",""coordinates"":[110.43226503333739,-7.314404896921709]}"
1_1_2_38_0,0.0497,0.182,0.111,0.0508,0.0769,0.0824,0.1378,0.2089,0.2316,0.2387,0.2579,0.2588,-0.045315046,0.2889949,0.13864884,0.5126743,-0.40594825,-0.2423208,0.038317554,0.6490501,-0.36517015,0.5635739,0.48676425,-0.5126743,0.2679947,0.2855316,-12.083273,-7.0813293,0.35699812,4,"{""geodesic"":false,""type"":""Point"",""coordinates"":[110.46009330371088,-7.301594548007681]}"
1_1_2_121_0,0.0628,0.0956,0.0552,0.0613,0.0862,0.105,0.1268,0.1367,0.1485,0.1415,0.1495,0.1759,-0.005453635,0.06956356,0.03816587,0.24286342,-0.051705185,-0.26790452,0.04096113,0.3954635,-0.43873918,0.2186106,0.14807302,-0.24286342,0.0547894,0.07334226,-14.834272,-10.560497,0.17117245,4,"{""geodesic"":false,""type"":""Point"",""coordinates"":[110.41109404698207,-7.292759274357248]}"
1_1_2_156_0,0.0522,0.1432,0.0865,0.0506,0.0708,0.067,0.1041,0.1548,0.1611,0.164,0.1771,0.1836,-0.010357833,0.20438264,0.0834958,0.3969336,-0.33831775,-0.24684371,0.035338413,0.528425,-0.30938128,-0.47781217,0.4199134,-0.3969336,0.2234241,0.19904241,-14.692666,-5.9809155,0.23803528,4,"{""geodesic"":false,""type"":""Point"",""coordinates"":[110.44213948935013,-7.314779043630387]}"
1_1_2_4_0,0.0604,0.2809,0.1942,0.077,0.1136,0.1338,0.1858,0.2368,0.2589,0.2645,0.2864,0.2876,0.096799806,0.21932472,0.10463085,0.39910075,-0.42408112,-0.18248792,0.098238036,0.5490483,-0.15325922,0.5697122,0.3281446,-0.39910075,0.17477237,0.21824557,-16.451385,-9.292738,0.33422458,4,"{""geodesic"":false,""type"":""Point"",""coordinates"":[110.43271206981076,-7.319109072128077]}"
1_1_2_179_0,0.0499,0.1618,0.097,0.0546,0.0742,0.0756,0.1226,0.1835,0.2063,0.2079,0.2366,0.2639,-0.05021006,0.26417732,0.117023595,0.47394544,-0.37118647,-0.2503864,0.03527273,0.584,-0.3637258,0.4953789,0.46666667,-0.47394544,0.2580938,0.25328654,-17.969696,-6.867608,0.30157378,4,"{""geodesic"":false,""type"":""Point"",""coordinates"":[110.42598612755592,-7.265099466684587]}"
1_1_2_138_0,0.0551,0.1973,0.1275,0.0588,0.0848,0.093,0.1377,0.1927,0.2152,0.2025,0.2394,0.2863,0.052574333,0.20746495,0.0910159,0.4096763,-0.39879477,-0.21490149,0.058555555,0.5499426,-0.22727273,0.5408044,0.37055838,-0.4096763,0.1904762,0.20647392,-13.150579,-10.901109,0.2831341,4,"{""geodesic"":false,""type"":""Point"",""coordinates"":[110.42945094737577,-7.318833591169642]}"
1_1_2_18_0,0.0571,0.0924,0.0541,0.061,0.0826,0.0856,0.1183,0.1394,0.1437,0.145,0.1506,0.1552,-0.07291665,0.12363665,0.058194894,0.2741652,-0.056000013,-0.26143345,0.03193766,0.40776697,-0.4565545,0.2046936,0.25758886,-0.2741652,0.101405226,0.121954545,-22.15769,-12.584214,0.17847024,4,"{""geodesic"":false,""type"":""Point"",""coordinates"":[110.44159400434948,-7.3163160899019255]}"
1_1_2_27_0,0.0496,0.0611,0.0372,0.0485,0.0592,0.0656,0.0862,0.0953,0.102,0.0975,0.1046,0.1174,-0.07077374,0.07074111,0.032697488,0.24441606,-0.015793838,-0.24313325,0.025028924,0.3356164,-0.44766146,0.11496348,0.1955855,-0.24441606,0.06151332,0.072161056,-23.551739,-5.7062955,0.11377708,4,"{""geodesic"":false,""type"":""Point"",""coordinates"":[110.45219704463892,-7.313615473241503]}"
1_1_2_109_0,0.0592,0.121,0.0724,0.065,0.0878,0.098,0.1259,0.1484,0.1509,0.1386,0.1522,0.1525,0.03644106,0.08191431,0.03652394,0.22438163,-0.15900381,-0.25129265,0.05119192,0.36149317,-0.31374407,0.30107528,0.17159767,-0.22438163,0.048015147,0.082677186,-14.207948,-5.9940233,0.15690735,4,"{""geodesic"":false,""type"":""Point"",""coordinates"":[110.40042022899301,-7.280805354587787]}"
1_1_2_165_0,0.0477,0.2246,0.1543,0.0526,0.0751,0.0862,0.131,0.1887,0.2167,0.2136,0.2379,0.2722,0.07729637,0.23834468,0.10287268,0.47973675,-0.4988322,-0.18553707,0.06226901,0.6048084,-0.16118509,0.6204906,0.42494997,-0.47973675,0.23969819,0.23893473,-14.623663,-9.091524,0.31519184,4,"{""geodesic"":false,""type"":""Point"",""coordinates"":[110.45701815262824,-7.297429952596718]}"
1_1_2_8_0,0.0536,0.23,0.1525,0.0732,0.0962,0.119,0.1546,0.2102,0.2391,0.2697,0.2635,0.2787,0.008816323,0.26259843,0.1310285,0.47417328,-0.41017783,-0.20261438,0.067287736,0.57305336,-0.27759352,0.5171504,0.38770258,-0.47417328,0.2712703,0.2543603,-16.196722,-7.044815,0.34968558,4,"{""geodesic"":false,""type"":""Point"",""coordinates"":[110.42700923466694,-7.315393240077731]}"
1_1_2_65_0,0.0542,0.1315,0.0977,0.0456,0.0598,0.0703,0.0986,0.1182,0.1299,0.1369,0.1408,0.1568,0.05022121,0.13684556,0.0557541,0.39196745,-0.374804,-0.14746948,0.050170273,0.50027394,-0.1670929,0.4850367,0.32142857,-0.39196745,0.16263267,0.14126131,-15.331152,-13.895252,0.20065932,4,"{""geodesic"":false,""type"":""Point"",""coordinates"":[110.43604201531772,-7.264388442652138]}"
1_1_2_11_0,0.0541,0.0367,0.0188,0.0557,0.0732,0.079,0.104,0.1249,0.1306,0.1366,0.1404,0.1657,-0.24870129,0.120719284,0.06509643,0.30219257,0.33212012,-0.32252252,0.010872621,0.42069682,-0.75804377,-0.20562772,0.2671614,-0.30219257,0.1354946,0.120737836,-22.066422,-18.362856,0.17528528,4,"{""geodesic"":false,""type"":""Point"",""coordinates"":[110.43308096246322,-7.31395365343689]}"
1_1_2_154_0,0.0454,0.1203,0.0679,0.051,0.0684,0.068,0.0916,0.1287,0.1402,0.1291,0.1462,0.2373,0.022258447,0.13229688,0.051831357,0.30734172,-0.27503973,-0.2784272,0.035764527,0.43364796,-0.31065986,-0.40455344,0.30999488,-0.30734172,0.16991389,0.13147323,-15.417319,-7.02663,0.17225407,4,"{""geodesic"":false,""type"":""Point"",""coordinates"":[110.44756788525096,-7.320755713962694]}"
1_1_2_198_0,0.0612,0.1185,0.0642,0.0658,0.0922,0.0865,0.1269,0.1341,0.143,0.1368,0.138,0.1644,0.005888097,0.10819068,0.04462895,0.19475983,-0.12482201,-0.29720855,0.040594295,0.35044423,-0.36119404,-0.28594682,0.22525755,-0.19475983,0.037542686,0.10431358,-20.375088,-9.646228,0.15157984,4,"{""geodesic"":false,""type"":""Point"",""coordinates"":[110.41119786461825,-7.2826285767662045]}"
1_1_2_101_0,0.0663,0.1127,0.0597,0.0644,0.0902,0.0976,0.1266,0.1397,0.1489,0.1408,0.1474,0.1457,0.012274361,0.086858615,0.040523972,0.21904762,-0.11089207,-0.30742458,0.041382954,0.37231967,-0.40448877,0.27272725,0.18120806,-0.21904762,0.05310396,0.08775732,-19.99266,-7.33636,0.16250709,4,"{""geodesic"":false,""type"":""Point"",""coordinates"":[110.3969799359476,-7.279263073235502]}"
1_1_2_155_0,0.0561,0.1096,0.066,0.0583,0.0849,0.0988,0.1238,0.1327,0.143,0.1403,0.1444,0.157,0.024078619,0.08006328,0.039586022,0.24600358,-0.1269923,-0.24829158,0.04647755,0.41289026,-0.36015514,0.305539,0.17356755,-0.24600358,0.062476356,0.08422406,-20.521366,-12.316212,0.17606643,4,"{""geodesic"":false,""type"":""Point"",""coordinates"":[110.44240992901464,-7.315864829114664]}"
1_1_2_128_0,0.0549,0.1109,0.0748,0.0545,0.0704,0.0804,0.1147,0.1412,0.1531,0.1574,0.1644,0.198,-0.05109127,0.15637058,0.071594775,0.38191396,-0.22338666,-0.19439957,0.038207877,0.48560643,-0.35572782,0.34099156,0.32380152,-0.38191396,0.15692759,0.15654649,-16.65393,-3.4817643,0.21681416,4,"{""geodesic"":false,""type"":""Point"",""coordinates"":[110.4124477171542,-7.296741005574842]}"
1_1_2_66_0,0.0578,0.1169,0.0716,0.0524,0.0642,0.07,0.0972,0.1245,0.1303,0.13,0.1356,0.1515,0.01218522,0.12964563,0.051688354,0.33882594,-0.29099944,-0.24031831,0.038553845,0.42543858,-0.28968254,0.3809805,0.29999998,-0.33882594,0.14436617,0.12857142,-38.20257,-14.226322,0.17057443,4,"{""geodesic"":false,""type"":""Point"",""coordinates"":[110.43685672096679,-7.264841726245588]}"
1_1_2_108_0,0.0517,0.1406,0.0789,0.0664,0.0894,0.097,0.1241,0.1387,0.1483,0.1513,0.161,0.2289,0.04370745,0.10989232,0.04657318,0.2571666,-0.22260867,-0.28109336,0.050583612,0.38998622,-0.3145091,0.3584541,0.21868706,-0.2571666,0.098765425,0.10884671,-18.692333,-10.143132,0.17744182,4,"{""geodesic"":false,""type"":""Point"",""coordinates"":[110.40223187167068,-7.2808982038481425]}"
1_1_2_49_0,0.0479,0.2724,0.1714,0.0669,0.0944,0.1026,0.1691,0.2929,0.3136,0.3449,0.3632,0.3356,-0.046771757,0.4152528,0.21220797,0.57022536,-0.48527804,-0.22758,0.050987646,0.675085,-0.33604497,0.6056587,0.5414525,-0.57022536,0.34202337,0.3835884,-19.532335,-10.577297,0.45733714,4,"{""geodesic"":false,""type"":""Point"",""coordinates"":[110.45711419500927,-7.292907341397]}"
1_1_2_75_0,0.0589,0.152,0.1043,0.0645,0.089,0.1094,0.1196,0.1552,0.1844,0.1838,0.1834,0.2006,0.02570139,0.13712263,0.06685041,0.34750733,-0.26141077,-0.18611002,0.06208063,0.4804672,-0.27594584,0.40415704,0.25375172,-0.34750733,0.21160184,0.14069591,-19.41912,-9.466564,0.23914206,4,"{""geodesic"":false,""type"":""Point"",""coordinates"":[110.42825419126692,-7.262388703694171]}"
1_1_2_181_0,0.0531,0.1753,0.105,0.0568,0.0785,0.0758,0.1309,0.2098,0.2433,0.2543,0.2717,0.286,-0.10672358,0.3477905,0.16086656,0.52824515,-0.38140267,-0.25080273,0.03129768,0.6348441,-0.4155302,-0.5105558,0.5407452,-0.52824515,0.32035306,0.3225515,-15.388751,-13.279998,0.36524472,4,"{""geodesic"":false,""type"":""Point"",""coordinates"":[110.42227027998828,-7.266542016385093]}"
1_1_2_96_0,0.0496,0.1532,0.0985,0.0504,0.0714,0.0693,0.1198,0.1704,0.2011,0.2019,0.2118,0.1922,-0.06276327,0.2674034,0.1177312,0.47749725,-0.364203,-0.21732222,0.033809066,0.6004756,-0.34420773,-0.5049116,0.48893803,-0.47749725,0.25520673,0.25790974,-14.159361,-5.6069436,0.30207366,4,"{""geodesic"":false,""type"":""Point"",""coordinates"":[110.40813101003103,-7.272584199022238]}"
1_1_2_174_0,0.0443,0.2189,0.1391,0.0668,0.0919,0.1114,0.1297,0.2262,0.2681,0.2346,0.293,0.3247,0.045749575,0.21968615,0.10414878,0.43705973,-0.40862292,-0.22290501,0.06605175,0.5567352,-0.25555256,0.53237665,0.35606936,-0.43705973,0.28794947,0.2184397,-17.66718,-7.8759136,0.31407535,4,"{""geodesic"":false,""type"":""Point"",""coordinates"":[110.46147813677742,-7.279887094663023]}"
1_1_2_169_0,0.0432,0.1614,0.0964,0.0549,0.074,0.0899,0.1218,0.2112,0.2485,0.2195,0.2591,0.3151,-0.04394141,0.24050774,0.116928734,0.49574107,-0.37128294,-0.25213346,0.039482277,0.59985423,-0.3896803,0.4923717,0.41887525,-0.49574107,0.28625843,0.24017791,-20.055445,-4.86323,0.31882748,4,"{""geodesic"":false,""type"":""Point"",""coordinates"":[110.45866239502767,-7.286125104840133]}"
1_1_2_102_0,0.0659,0.1178,0.0607,0.0668,0.0888,0.0938,0.1242,0.1438,0.1504,0.1434,0.1532,0.1546,0.003319112,0.10288748,0.045346707,0.23514213,-0.14036787,-0.31988794,0.039704744,0.36441484,-0.40519354,0.276273,0.20910624,-0.23514213,0.071748875,0.100922406,-19.463398,-6.9565597,0.16178541,4,"{""geodesic"":false,""type"":""Point"",""coordinates"":[110.3965282061597,-7.2783579348337115]}"
1_1_2_147_0,0.0479,0.1879,0.1177,0.0563,0.0772,0.093,0.1388,0.1939,0.2146,0.2227,0.2429,0.2251,0.0033934806,0.23869115,0.11288177,0.4851617,-0.41757828,-0.22971204,0.049151774,0.59641576,-0.30846062,0.5389026,0.41083306,-0.4851617,0.23208852,0.2385068,-14.858226,-13.100489,0.3204108,4,"{""geodesic"":false,""type"":""Point"",""coordinates"":[110.45671664679284,-7.322033205682937]}"
1_1_2_107_0,0.0506,0.1107,0.0678,0.0493,0.0626,0.0726,0.1065,0.1358,0.155,0.1549,0.1684,0.1897,-0.053935494,0.16854393,0.0755479,0.42436782,-0.27755335,-0.24033612,0.031777147,0.51714003,-0.3911091,0.38375,0.36175823,-0.42436782,0.18515685,0.16969073,-11.442901,-7.133193,0.2249361,4,"{""geodesic"":false,""type"":""Point"",""coordinates"":[110.40023749031839,-7.281981010841608]}"
1_1_2_93_0,0.0581,0.0967,0.0661,0.0614,0.081,0.0928,0.1168,0.1444,0.1518,0.1695,0.1556,0.1665,-0.09847763,0.15148522,0.076008834,0.3532934,-0.08835114,-0.18796067,0.036189266,0.46816802,-0.43887943,0.22327639,0.29241326,-0.3532934,0.18407263,0.15092482,-14.548102,-5.5848765,0.22184977,4,"{""geodesic"":false,""type"":""Point"",""coordinates"":[110.40686172945888,-7.273396624487476]}"
1_1_2_178_0,0.053,0.0804,0.0442,0.0535,0.0651,0.076,0.0975,0.1133,0.1221,0.1169,0.1234,0.1604,-0.042839665,0.08727009,0.04012023,0.28461537,-0.105154626,-0.2905297,0.028735671,0.37206572,-0.4512725,0.20089617,0.21202695,-0.28461537,0.09048506,0.08854091,-19.673723,-9.2868395,0.1418556,4,"{""geodesic"":false,""type"":""Point"",""coordinates"":[110.44301898761452,-7.262859334762776]}"
1_1_2_114_0,0.0608,0.1105,0.0639,0.0584,0.0828,0.0828,0.1157,0.1451,0.1535,0.1451,0.154,0.1559,-0.02570564,0.12937121,0.057390988,0.2733655,-0.14330056,-0.26720184,0.036463957,0.4260442,-0.38851672,0.30846655,0.2733655,-0.2733655,0.112730056,0.12838301,-19.477688,-11.340987,0.1848614,4,"{""geodesic"":false,""type"":""Point"",""coordinates"":[110.39453273315559,-7.28025479781748]}"
1_1_2_146_0,0.0471,0.1758,0.1046,0.0507,0.0751,0.0792,0.13,0.2318,0.2645,0.2536,0.295,0.272,-0.08814591,0.32331023,0.1572805,0.5430484,-0.40135512,-0.25392297,0.032666877,0.6667762,-0.41596875,0.55231786,0.5240385,-0.5430484,0.32221064,0.31412104,-12.9917,-7.981251,0.37840357,4,"{""geodesic"":false,""type"":""Point"",""coordinates"":[110.45200857039764,-7.319585232766927]}"
1_1_2_100_0,0.0592,0.1757,0.1086,0.0618,0.0818,0.0954,0.1361,0.1957,0.2167,0.2244,0.2459,0.2654,-0.027094934,0.24188104,0.11476919,0.4657087,-0.36466017,-0.23601829,0.046169516,0.5681342,-0.34774774,0.47957894,0.40337712,-0.4657087,0.24493758,0.23603319,-13.6144,-10.787584,0.3102264,4,"{""geodesic"":false,""type"":""Point"",""coordinates"":[110.40088096972148,-7.274926471483515]}"
1_1_2_2_0,0.0574,0.1366,0.0836,0.0592,0.0868,0.0951,0.1254,0.1495,0.1567,0.1511,0.1602,0.1611,0.04841631,0.109571874,0.048645344,0.2702816,-0.22291853,-0.24069029,0.052616548,0.43699476,-0.28760117,0.39530134,0.22745733,-0.2702816,0.09294754,0.112570345,-20.314766,-12.108223,0.19407292,4,"{""geodesic"":false,""type"":""Point"",""coordinates"":[110.44195425269467,-7.318035166391879]}"
1_1_2_200_0,0.0548,0.1037,0.0556,0.0645,0.0855,0.0846,0.1187,0.1344,0.138,0.1377,0.1355,0.1225,-0.035595402,0.11428695,0.049715094,0.23387098,-0.096194476,-0.301946,0.034159474,0.36201784,-0.42472842,-0.2330559,0.2388664,-0.23387098,0.07410299,0.11027275,-22.448708,-8.301388,0.15636572,4,"{""geodesic"":false,""type"":""Point"",""coordinates"":[110.41101208223158,-7.286156036174626]}"
1_1_2_202_0,0.0527,0.1806,0.1107,0.0536,0.0758,0.0785,0.1213,0.1903,0.2206,0.2367,0.243,0.2622,-0.05678921,0.30290264,0.14010578,0.51488,-0.40873635,-0.23995882,0.03671293,0.6307268,-0.36269432,0.54227155,0.50190353,-0.51488,0.32234636,0.2910942,-15.483132,-4.439783,0.34752625,4,"{""geodesic"":false,""type"":""Point"",""coordinates"":[110.40313165171624,-7.285512532384869]}"
1_1_2_53_0,0.0454,0.2198,0.15,0.0587,0.0908,0.094,0.1593,0.2366,0.2632,0.2828,0.2919,0.2798,-0.04227071,0.33557284,0.16650565,0.5139186,-0.41532516,-0.18875064,0.04985856,0.6562225,-0.30683914,0.578456,0.50106156,-0.5139186,0.27934855,0.32299268,-13.517211,-10.191649,0.39946523,4,"{""geodesic"":false,""type"":""Point"",""coordinates"":[110.45720750970936,-7.2906460897758]}"
1_1_2_84_0,0.0518,0.1897,0.1222,0.0558,0.0804,0.0936,0.136,0.1903,0.2034,0.2087,0.2334,0.242,0.034319103,0.21286434,0.09806911,0.4437911,-0.40466496,-0.21641555,0.054805554,0.57807183,-0.2614083,0.54541755,0.38074762,-0.4437911,0.21090804,0.21519382,-13.794521,-8.517574,0.3,4,"{""geodesic"":false,""type"":""Point"",""coordinates"":[110.42036531613446,-7.2686200302806245]}"
1_1_2_164_0,0.0553,0.2273,0.1512,0.0689,0.0977,0.1156,0.1475,0.1879,0.2091,0.2079,0.2244,0.2418,0.106664516,0.16663659,0.07250447,0.3606021,-0.39876923,-0.20105682,0.084072724,0.50216764,-0.15789476,0.5347738,0.28531685,-0.3606021,0.16994935,0.16812387,-13.896806,-9.9820795,0.26840886,4,"{""geodesic"":false,""type"":""Point"",""coordinates"":[110.45810569620657,-7.297069440306246]}"
1_1_2_160_0,0.0523,0.2357,0.1706,0.0643,0.0913,0.1094,0.15,0.1864,0.2069,0.2154,0.2309,0.2291,0.10467349,0.19070922,0.08361705,0.40462992,-0.4415902,-0.16022643,0.08664642,0.54022163,-0.11606217,0.57133335,0.32635468,-0.40462992,0.17898193,0.19277401,-16.022337,-5.65871,0.29068872,4,"{""geodesic"":false,""type"":""Point"",""coordinates"":[110.46044732377115,-7.3085599709231]}"
1_1_2_196_0,0.058,0.0625,0.0369,0.0612,0.0809,0.0828,0.1062,0.1175,0.1218,0.1241,0.1134,0.1234,-0.12099213,0.08886307,0.044897575,0.21073171,0.12831241,-0.2575453,0.024619821,0.33944952,-0.5416149,0.0105092935,0.19961333,-0.21073171,0.0777247,0.08763616,-22.981054,-9.59889,0.13767692,4,"{""geodesic"":false,""type"":""Point"",""coordinates"":[110.40875280106813,-7.281992212694367]}"
1_1_2_72_0,0.0536,0.2199,0.1448,0.0604,0.081,0.097,0.1348,0.1862,0.2105,0.2198,0.2331,0.2773,0.061463747,0.22760971,0.10101959,0.46143615,-0.46161515,-0.20592265,0.06390174,0.56887937,-0.20570485,0.56903315,0.38762623,-0.46143615,0.2397067,0.22551419,-17.69591,-6.7282352,0.30645987,4,"{""geodesic"":false,""type"":""Point"",""coordinates"":[110.43341685172254,-7.262937903491331]}"
1_1_2_34_0,0.0491,0.185,0.1167,0.0512,0.0746,0.0928,0.1286,0.1733,0.1923,0.1942,0.2163,0.2244,0.061926622,0.18544257,0.08506026,0.44494045,-0.42526963,-0.22638382,0.055766016,0.58272207,-0.24927628,0.56646913,0.3533101,-0.44494045,0.2032218,0.19326556,-13.591096,-6.8338485,0.28776497,4,"{""geodesic"":false,""type"":""Point"",""coordinates"":[110.45864359462739,-7.301773721161721]}"
1_1_2_24_0,0.0555,0.1202,0.0731,0.054,0.0665,0.0706,0.103,0.1225,0.128,0.1191,0.1404,0.1477,0.048639752,0.106574655,0.039709855,0.28340515,-0.28762722,-0.2436627,0.04333216,0.37608317,-0.23933402,0.38002294,0.25566682,-0.28340515,0.07248986,0.10548063,-20.85421,-6.6081886,0.14507502,4,"{""geodesic"":false,""type"":""Point"",""coordinates"":[110.44675919910696,-7.315327463852615]}"
1_1_2_136_0,0.0525,0.2156,0.1319,0.0606,0.087,0.0928,0.1523,0.2275,0.2523,0.2651,0.2885,0.3042,-0.027282773,0.31501392,0.15053733,0.50582224,-0.42498347,-0.24086331,0.046172462,0.6278784,-0.3355164,0.56118757,0.48141938,-0.50582224,0.27024436,0.3012589,-12.890139,-13.561077,0.37150297,4,"{""geodesic"":false,""type"":""Point"",""coordinates"":[110.4310848880379,-7.316302944205278]}"
1_1_2_110_0,0.0626,0.0282,0.0185,0.0578,0.0714,0.0748,0.0938,0.0957,0.104,0.0983,0.1065,0.1346,-0.20494018,0.05275683,0.03175848,0.15851502,0.43373495,-0.20770878,0.014077314,0.2594491,-0.6832192,-0.34418604,0.1357597,-0.15851502,0.023425313,0.05236964,-19.059698,-12.147699,0.092592604,4,"{""geodesic"":false,""type"":""Point"",""coordinates"":[110.39607417960497,-7.279171412558938]}"
1_1_2_28_0,0.0509,0.0785,0.0409,0.0515,0.0642,0.0642,0.0889,0.1113,0.1165,0.1178,0.1219,0.1635,-0.0852564,0.11999104,0.051065743,0.29450548,-0.10021026,-0.3149079,0.022290153,0.3916125,-0.48456207,0.20769233,0.29450548,-0.29450548,0.13981615,0.11788856,-18.770601,-8.963136,0.14858808,4,"{""geodesic"":false,""type"":""Point"",""coordinates"":[110.45373793856007,-7.312984162305373]}"
1_1_2_58_0,0.0735,0.0329,0.0199,0.0906,0.1178,0.1316,0.1725,0.1561,0.1561,0.1406,0.1357,0.1254,-0.16856201,0.017989902,0.026491655,0.08823529,0.5633709,-0.24621215,0.018626174,0.21626297,-0.7520249,-0.46720645,0.03306388,-0.08823529,-0.101884395,0.017482495,-29.929834,-11.960052,0.10257111,4,"{""geodesic"":false,""type"":""Point"",""coordinates"":[110.4554011523843,-7.286121191026592]}"
1_1_2_159_0,0.0427,0.1623,0.0942,0.0506,0.074,0.0802,0.1304,0.2059,0.2301,0.2314,0.2551,0.2591,-0.0753098,0.2835496,0.13665019,0.5153896,-0.37367755,-0.2654971,0.032648403,0.64113474,-0.42137593,0.52465945,0.48523748,-0.5153896,0.27915975,0.279448,-14.23498,-6.413179,0.34680307,4,"{""geodesic"":false,""type"":""Point"",""coordinates"":[110.45944730269575,-7.311453317894905]}"
1_1_2_9_0,0.0492,0.2293,0.1763,0.0632,0.0844,0.0933,0.1529,0.1981,0.2201,0.2028,0.2344,0.2658,0.09616039,0.21243986,0.08539801,0.4122563,-0.4619063,-0.13067062,0.08110843,0.52481204,-0.069902405,0.5678633,0.3698075,-0.4122563,0.14028677,0.2063183,-21.18918,-8.238499,0.27336815,4,"{""geodesic"":false,""type"":""Point"",""coordinates"":[110.42519732499386,-7.315390932707357]}"
1_1_2_7_0,0.0541,0.2403,0.1671,0.0678,0.091,0.1078,0.1505,0.2033,0.2296,0.2367,0.2498,0.2459,0.066809684,0.23436363,0.10541828,0.444614,-0.45064896,-0.179676,0.07610215,0.5546798,-0.17236257,0.5598832,0.37416545,-0.444614,0.22262396,0.22895204,-14.151213,-3.256015,0.3149161,4,"{""geodesic"":false,""type"":""Point"",""coordinates"":[110.42773376825568,-7.3155750687184335]}"
1_1_2_67_0,0.0573,0.0845,0.0453,0.0566,0.0716,0.0742,0.1046,0.1224,0.1292,0.1211,0.1282,0.137,-0.056480397,0.102688745,0.04507463,0.256876,-0.08263935,-0.3020031,0.027756067,0.3629713,-0.45552886,0.19773209,0.24014339,-0.256876,0.073105894,0.101179354,-21.268833,-8.768874,0.14276229,4,"{""geodesic"":false,""type"":""Point"",""coordinates"":[110.43631309531418,-7.264931505548919]}"
1_1_2_139_0,0.0547,0.2264,0.1557,0.0661,0.089,0.096,0.146,0.2051,0.2158,0.2268,0.2426,0.2632,0.047944106,0.2501817,0.10769044,0.4363521,-0.4356373,-0.1850301,0.06590477,0.5486514,-0.18588234,0.5480342,0.40520445,-0.4363521,0.21673818,0.23845404,-13.984314,-6.186212,0.30401057,4,"{""geodesic"":false,""type"":""Point"",""coordinates"":[110.42646647000102,-7.314759371698845]}"
1_1_2_106_0,0.0535,0.0658,0.0397,0.0508,0.0705,0.0734,0.1083,0.1236,0.1238,0.1206,0.1283,0.1407,-0.10367031,0.1,0.048546877,0.2621664,0.03448274,-0.24739337,0.024162356,0.40723455,-0.5046787,0.12864497,0.24329898,-0.2621664,0.053735256,0.1020173,-21.776558,-14.168391,0.15594281,4,"{""geodesic"":false,""type"":""Point"",""coordinates"":[110.39896503688739,-7.285145202171347]}"
1_1_2_132_0,0.0538,0.1321,0.0809,0.0541,0.083,0.0917,0.1381,0.1782,0.1921,0.2217,0.2177,0.1823,-0.104083255,0.2378948,0.122840285,0.45520183,-0.22826594,-0.2403756,0.03346202,0.60768676,-0.46530074,0.41890442,0.41480535,-0.45520183,0.2323513,0.23973444,-13.857186,-9.622918,0.3240526,4,"{""geodesic"":false,""type"":""Point"",""coordinates"":[110.41226393711835,-7.298730751050198]}"
1_1_2_77_0,0.0567,0.1676,0.1065,0.0575,0.0788,0.0884,0.1292,0.1827,0.2096,0.2148,0.224,0.2525,-0.030853674,0.24049622,0.112364136,0.46321526,-0.36038962,-0.22291136,0.04382961,0.5776717,-0.33706817,0.48911595,0.41688654,-0.46321526,0.2488372,0.23605578,-19.046497,-6.591248,0.30551597,4,"{""geodesic"":false,""type"":""Point"",""coordinates"":[110.426804489847,-7.262658237838173]}"
1_1_2_201_0,0.0569,0.0725,0.0412,0.0581,0.0728,0.0781,0.1023,0.1139,0.1215,0.1162,0.119,0.1328,-0.07294552,0.082894556,0.039092433,0.2296296,0.0020647286,-0.2752858,0.027691225,0.33333334,-0.476493,0.11026032,0.19608851,-0.2296296,0.06361556,0.08231311,-18.95504,-9.346056,0.12924515,4,"{""geodesic"":false,""type"":""Point"",""coordinates"":[110.40702638981514,-7.285969922327832]}"
1_1_2_126_0,0.0524,0.0576,0.0334,0.0542,0.0764,0.0869,0.1134,0.1245,0.1406,0.1269,0.1317,0.1917,-0.11240786,0.08052826,0.045192562,0.2484014,0.1402985,-0.26593408,0.022872025,0.40143567,-0.58328134,0.030411432,0.18709072,-0.2484014,0.056179784,0.08405716,-17.279453,-7.3146276,0.16010866,4,"{""geodesic"":false,""type"":""Point"",""coordinates"":[110.39903825947886,-7.298170625705943]}"
1_1_2_40_0,0.0466,0.1886,0.1327,0.055,0.0764,0.0844,0.1203,0.18,0.1989,0.199,0.2163,0.2356,0.036053132,0.22159487,0.09613362,0.44517067,-0.42339626,-0.17398073,0.0562808,0.56692916,-0.19987942,0.5484401,0.40437546,-0.44517067,0.24647667,0.21942814,-17.134085,-10.739303,0.28647214,4,"{""geodesic"":false,""type"":""Point"",""coordinates"":[110.45665425535144,-7.298695878265122]}"
1_1_2_95_0,0.0548,0.1195,0.0847,0.0611,0.0723,0.0832,0.1121,0.1272,0.1398,0.1223,0.1459,0.1404,0.049987048,0.084031805,0.032666896,0.2569373,-0.24608965,-0.17042112,0.057620935,0.33369684,-0.18164249,0.32336655,0.19026764,-0.2569373,0.043515354,0.08313253,-11.210571,-7.4042053,0.13432837,4,"{""geodesic"":false,""type"":""Point"",""coordinates"":[110.40731501903164,-7.273125855926199]}"
1_1_2_151_0,0.0426,0.194,0.1157,0.0489,0.0724,0.0787,0.1228,0.2078,0.2426,0.2446,0.275,0.2827,-0.036736127,0.30721083,0.14546648,0.54321766,-0.45645645,-0.25282532,0.03722645,0.66678023,-0.35775742,0.5973652,0.5131457,-0.54321766,0.33151877,0.3022592,-16.36496,-10.422539,0.3699433,4,"{""geodesic"":false,""type"":""Point"",""coordinates"":[110.44674637996881,-7.325729690257909]}"
1_1_2_177_0,0.0502,0.1651,0.119,0.065,0.0968,0.1474,0.1804,0.1965,0.1996,0.1893,0.1959,0.2678,0.102681726,0.06603832,0.03876319,0.32331353,-0.26078653,-0.16226678,0.09266033,0.48879278,-0.22802465,0.43502825,0.12444311,-0.32331353,0.024073575,0.075116515,-17.325575,-8.104233,0.24718283,4,"{""geodesic"":false,""type"":""Point"",""coordinates"":[110.45904122848751,-7.2723764551782315]}"
1_1_2_122_0,0.0602,0.0401,0.0231,0.0661,0.0926,0.1156,0.1278,0.1245,0.1339,0.1272,0.1242,0.1439,-0.107736416,0.021885986,0.02498016,0.15741585,0.39562926,-0.26898736,0.020993395,0.316089,-0.6926148,-0.24482109,0.047775988,-0.15741585,-0.002352912,0.0234249,-21.237724,-13.883532,0.13219386,4,"{""geodesic"":false,""type"":""Point"",""coordinates"":[110.41172853602343,-7.292488738963523]}"
1_1_2_140_0,0.053,0.1769,0.1068,0.0548,0.0809,0.0842,0.1335,0.2007,0.2257,0.2484,0.2508,0.2499,-0.07460571,0.30575004,0.14777166,0.5086547,-0.3723817,-0.24709201,0.03620193,0.63852245,-0.39864865,0.52697456,0.4936861,-0.5086547,0.3008641,0.29582033,-18.074562,-10.781172,0.3615538,4,"{""geodesic"":false,""type"":""Point"",""coordinates"":[110.42646693185311,-7.314397556300792]}"
1_1_2_60_0,0.0482,0.0857,0.0492,0.052,0.0719,0.0687,0.0998,0.1311,0.1371,0.1453,0.1378,0.2466,-0.12197897,0.1640257,0.07358725,0.33793738,-0.08756342,-0.27057078,0.023262491,0.47288394,-0.49408743,-0.24473491,0.35794392,-0.33793738,0.18563852,0.16092438,-14.109118,-7.983619,0.20070271,4,"{""geodesic"":false,""type"":""Point"",""coordinates"":[110.45522979855029,-7.277980074612831]}"
1_1_2_187_0,0.0563,0.0412,0.0243,0.0501,0.0618,0.0621,0.0963,0.0997,0.1102,0.0851,0.1047,0.154,-0.13375261,0.05314479,0.02670391,0.15861133,0.19999999,-0.25801528,0.017732432,0.25887576,-0.5557587,-0.09748081,0.15625001,-0.15861133,-0.061741993,0.053306557,-19.531334,-11.484295,0.082651146,4,"{""geodesic"":false,""type"":""Point"",""coordinates"":[110.40875931590055,-7.277017258999076]}"
1_1_2_80_0,0.0607,0.2342,0.1744,0.0714,0.0958,0.1156,0.1534,0.2098,0.2428,0.2262,0.2597,0.2942,0.080630206,0.19973995,0.089581646,0.40496895,-0.41939396,-0.1463534,0.089127496,0.5201613,-0.12930603,0.53272253,0.32358104,-0.40496895,0.19178082,0.19707769,-17.44452,-11.332941,0.29112336,4,"{""geodesic"":false,""type"":""Point"",""coordinates"":[110.42418098045377,-7.2599412918195885]}"
1_1_2_172_0,0.048,0.263,0.1791,0.0646,0.088,0.1028,0.1472,0.2205,0.2423,0.2568,0.2754,0.2821,0.064610034,0.27715787,0.12560926,0.48955917,-0.4985755,-0.18977608,0.0716958,0.5980087,-0.17825186,0.6056166,0.42825362,-0.48955917,0.2712871,0.26872966,-13.157413,-10.785595,0.35098612,4,"{""geodesic"":false,""type"":""Point"",""coordinates"":[110.4608452027517,-7.278891340348036]}"
1_1_2_127_0,0.0539,0.0612,0.0383,0.0532,0.073,0.0798,0.1127,0.137,0.1476,0.1441,0.1429,0.1409,-0.16642031,0.13134241,0.067596294,0.32749885,0.08792845,-0.23015076,0.021209856,0.4607197,-0.58004385,0.069930084,0.28718176,-0.32749885,0.12227413,0.13323662,-22.474888,-10.587944,0.19553994,4,"{""geodesic"":false,""type"":""Point"",""coordinates"":[110.3993097928917,-7.298351894148392]}"
1_1_2_190_0,0.0602,0.077,0.0399,0.0658,0.0804,0.0802,0.112,0.1305,0.1412,0.1267,0.1405,0.15,-0.10094367,0.10431622,0.047067102,0.2235635,0.021601005,-0.31736526,0.025256354,0.3163636,-0.5210084,-0.078431346,0.22474624,-0.2235635,0.061583575,0.098670244,-21.381632,-10.909402,0.13191335,4,"{""geodesic"":false,""type"":""Point"",""coordinates"":[110.40658343383257,-7.278371221267091]}"
1_1_2_113_0,0.0596,0.1064,0.0625,0.062,0.085,0.0883,0.1154,0.1308,0.1401,0.1346,0.135,0.167,-0.0048556156,0.09650659,0.04309231,0.2258652,-0.11180772,-0.2599171,0.041001115,0.36927772,-0.36580417,0.26365796,0.20771648,-0.2258652,0.076799996,0.096071385,-15.961096,-7.463913,0.15633075,4,"{""geodesic"":false,""type"":""Point"",""coordinates"":[110.39616392049636,-7.279804707821748]}"
1_1_2_133_0,0.0523,0.0678,0.0413,0.0569,0.0763,0.0896,0.1121,0.1154,0.1263,0.1233,0.1331,0.1918,-0.06753555,0.06826562,0.03756341,0.23547094,0.05898683,-0.24289644,0.030012,0.3684795,-0.4981774,0.0874098,0.1582903,-0.23547094,0.047578596,0.07090757,-28.646498,-19.320934,0.14642753,4,"{""geodesic"":false,""type"":""Point"",""coordinates"":[110.41307902851854,-7.298912718655152]}"
1_1_2_193_0,0.0623,0.1104,0.0617,0.0701,0.0948,0.0997,0.1345,0.1442,0.1472,0.1436,0.1438,0.1601,-0.008494593,0.09025124,0.042003747,0.20469798,-0.07602337,-0.282975,0.042837672,0.3439401,-0.3989284,0.22326867,0.1804357,-0.20469798,0.03272205,0.08859143,-23.492682,-11.711932,0.15447667,4,"{""geodesic"":false,""type"":""Point"",""coordinates"":[110.40730469205086,-7.280995326916613]}"
1_1_2_39_0,0.0459,0.176,0.1121,0.0526,0.0756,0.0911,0.1326,0.1866,0.2107,0.2101,0.2345,0.2487,0.008305028,0.21839671,0.10395397,0.47077355,-0.39904612,-0.22179799,0.048606902,0.5995432,-0.3041589,0.5398075,0.39508632,-0.47077355,0.22614531,0.22279081,-15.459765,-9.569887,0.30975482,4,"{""geodesic"":false,""type"":""Point"",""coordinates"":[110.4563809486314,-7.299961912480813]}"
1_1_2_135_0,0.0523,0.2242,0.1392,0.058,0.0826,0.0868,0.1404,0.2106,0.237,0.2356,0.2619,0.2757,0.028779365,0.2815196,0.124449894,0.48082966,-0.46153846,-0.23390202,0.051284213,0.60490465,-0.25720382,0.588944,0.46153843,-0.48082966,0.25319147,0.27140078,-15.971766,-6.3239727,0.3356855,4,"{""geodesic"":false,""type"":""Point"",""coordinates"":[110.42963776786193,-7.314401579943035]}"
1_1_2_115_0,0.0528,0.1332,0.0837,0.0601,0.0834,0.0937,0.1235,0.1944,0.2195,0.1869,0.2207,0.2469,-0.042414013,0.17945856,0.08619979,0.38290787,-0.2299169,-0.22821578,0.041961957,0.5133603,-0.38137472,0.37816867,0.33214542,-0.38290787,0.20425259,0.17909302,-14.787535,-11.116598,0.2546185,4,"{""geodesic"":false,""type"":""Point"",""coordinates"":[110.39678860422447,-7.286860925207263]}"
1_1_2_83_0,0.0615,0.2016,0.1241,0.0572,0.0826,0.085,0.1435,0.2152,0.2367,0.2451,0.271,0.2886,-0.026659882,0.3018249,0.1394361,0.4958804,-0.41871923,-0.23794903,0.043037534,0.62156796,-0.32773566,0.5579598,0.48500454,-0.4958804,0.26145136,0.2893025,-14.732566,-6.88401,0.3513025,4,"{""geodesic"":false,""type"":""Point"",""coordinates"":[110.4216423088268,-7.261747147762723]}"
1_1_2_82_0,0.0558,0.2048,0.1314,0.0596,0.0841,0.0922,0.1402,0.2046,0.2294,0.2341,0.2561,0.2665,0.005586592,0.26467952,0.121944964,0.47140163,-0.4177916,-0.2183224,0.051751733,0.5941437,-0.28098494,0.54916793,0.43487588,-0.47140163,0.2508683,0.25759408,-17.511396,-12.947482,0.32978454,4,"{""geodesic"":false,""type"":""Point"",""coordinates"":[110.42137020800463,-7.2620181633638055]}"
1_1_2_208_0,0.0584,0.1655,0.0966,0.0542,0.0824,0.0886,0.1447,0.2211,0.2456,0.2569,0.2718,0.2938,-0.10084927,0.3044501,0.15467176,0.51429415,-0.3352158,-0.26287675,0.033315532,0.651559,-0.45346534,0.5065999,0.48712012,-0.51429415,0.2793825,0.29858074,-16.460005,-7.024553,0.3748613,4,"{""geodesic"":false,""type"":""Point"",""coordinates"":[110.40294676164619,-7.288316354278244]}"
1_1_2_57_0,0.0516,0.2808,0.1981,0.0766,0.1062,0.1362,0.1512,0.2319,0.2558,0.2698,0.2809,0.2798,0.09248101,0.22082646,0.10797392,0.4351064,-0.45116282,-0.17268743,0.10000452,0.55773675,-0.15323788,0.57134867,0.32906407,-0.4351064,0.28171024,0.22119208,-13.162702,-6.12173,0.3423913,4,"{""geodesic"":false,""type"":""Point"",""coordinates"":[110.4586609837202,-7.287301012802207]}"
1_1_2_89_0,0.0539,0.06,0.0363,0.0514,0.0674,0.0762,0.102,0.1175,0.1198,0.1274,0.1215,0.1635,-0.13523808,0.10674672,0.05407097,0.3080082,0.05808479,-0.24610591,0.021711618,0.42505592,-0.5565058,0.07719929,0.25147346,-0.3080082,0.110723615,0.10915292,-13.2483635,-10.3789215,0.16794343,4,"{""geodesic"":false,""type"":""Point"",""coordinates"":[110.4106747453693,-7.266979370054787]}"
1_1_2_37_0,0.0533,0.2159,0.1422,0.0559,0.0778,0.0871,0.1349,0.1866,0.2078,0.2062,0.2328,0.2537,0.07237657,0.22736819,0.096274,0.4521127,-0.47020772,-0.20580846,0.060066048,0.57344526,-0.18369693,0.58866817,0.4060689,-0.4521127,0.20902961,0.22519855,-13.785767,-6.790738,0.29582733,4,"{""geodesic"":false,""type"":""Point"",""coordinates"":[110.45973103937308,-7.301503660117695]}"
1_1_2_137_0,0.0547,0.2055,0.1295,0.0568,0.0839,0.0871,0.1387,0.2049,0.2265,0.219,0.2483,0.2743,0.029556666,0.25064608,0.110917084,0.4460218,-0.4201797,-0.22686568,0.05150434,0.5881073,-0.2568149,0.5669081,0.43090492,-0.4460218,0.2244898,0.245441,-16.670403,-7.440371,0.31361175,4,"{""geodesic"":false,""type"":""Point"",""coordinates"":[110.42990473238335,-7.318200987470214]}"
1_1_2_149_0,0.0475,0.2173,0.1436,0.0541,0.0774,0.0879,0.129,0.183,0.2147,0.2069,0.2361,0.2613,0.07806428,0.22392835,0.09606767,0.45550475,-0.47472006,-0.20421168,0.061007444,0.58544064,-0.18059914,0.60132647,0.40366352,-0.45550475,0.23191427,0.2245848,-14.379332,-9.362059,0.30118266,4,"{""geodesic"":false,""type"":""Point"",""coordinates"":[110.45309066160668,-7.323747448942626]}"
1_1_2_44_0,0.0535,0.2043,0.1437,0.0648,0.0875,0.094,0.1386,0.1871,0.193,0.1878,0.2045,0.2622,0.082955144,0.18525836,0.07425258,0.36432984,-0.40027416,-0.17413792,0.07192651,0.48693585,-0.13303168,0.51839465,0.3328602,-0.36432984,0.1507353,0.17996931,-16.69865,-7.1199374,0.24515015,4,"{""geodesic"":false,""type"":""Point"",""coordinates"":[110.459643703191,-7.298789919114266]}"
1_1_2_86_0,0.0529,0.1897,0.127,0.0655,0.0932,0.1044,0.146,0.2075,0.2294,0.2242,0.2547,0.2531,0.007536853,0.22032587,0.10468308,0.41272843,-0.34110996,-0.19797917,0.059138272,0.54780805,-0.27676535,0.48667714,0.36457697,-0.41272843,0.21123716,0.21687183,-14.842826,-10.699171,0.30144358,4,"{""geodesic"":false,""type"":""Point"",""coordinates"":[110.42226762227435,-7.2686224576968765]}"
1_1_2_129_0,0.0548,0.1902,0.1275,0.0572,0.08,0.0943,0.1419,0.1852,0.206,0.2261,0.2327,0.2231,0.0021134298,0.24176387,0.11480455,0.477295,-0.40784606,-0.197356,0.053176694,0.5961878,-0.27884614,0.5375909,0.4113608,-0.477295,0.22880435,0.24098,-12.267757,-9.67725,0.3234393,4,"{""geodesic"":false,""type"":""Point"",""coordinates"":[110.41308150413653,-7.297013190943619]}"
1_1_2_183_0,0.0487,0.1812,0.1126,0.0554,0.0813,0.0882,0.1397,0.1955,0.2167,0.2246,0.2434,0.2606,-0.019293776,0.25480086,0.11991849,0.46845376,-0.38057142,-0.23349217,0.04421781,0.6042857,-0.3321471,0.53169906,0.43606138,-0.46845376,0.23304969,0.25172243,-14.772193,-7.9867587,0.32538462,4,"{""geodesic"":false,""type"":""Point"",""coordinates"":[110.41982214838461,-7.268347973486074]}"
1_1_2_30_0,0.0445,0.1654,0.1007,0.0526,0.0766,0.0886,0.1278,0.1823,0.2071,0.2156,0.2299,0.2276,-0.027192643,0.23471574,0.11338946,0.47570157,-0.36694214,-0.24314168,0.041382283,0.6077554,-0.36326274,0.5174312,0.4174885,-0.47570157,0.2556785,0.23688136,-12.234431,-6.953751,0.3182765,4,"{""geodesic"":false,""type"":""Point"",""coordinates"":[110.45528244547734,-7.309367853493719]}"
1_1_2_91_0,0.0515,0.2696,0.1801,0.0662,0.0874,0.0949,0.1531,0.2273,0.2571,0.2675,0.2905,0.3127,0.044113412,0.32191887,0.14163959,0.5074669,-0.5103642,-0.1990216,0.063893415,0.60323644,-0.19526367,0.60571766,0.47626933,-0.5074669,0.27199242,0.30020875,-12.80912,-5.1382008,0.36218065,4,"{""geodesic"":false,""type"":""Point"",""coordinates"":[110.4170114194182,-7.270334357672495]}"
1_1_2_123_0,0.0562,0.1797,0.1154,0.0598,0.081,0.0912,0.1374,0.1982,0.2165,0.2086,0.2398,0.254,0.0046356483,0.22450852,0.10171598,0.44060773,-0.3785961,-0.21789224,0.050452925,0.55439645,-0.2876543,0.5006263,0.39159438,-0.44060773,0.20578034,0.22018003,-12.271945,-7.970859,0.2904737,4,"{""geodesic"":false,""type"":""Point"",""coordinates"":[110.41072600541747,-7.297100578492971]}"
1_1_2_203_0,0.0559,0.1037,0.0658,0.0588,0.0796,0.0832,0.1131,0.1376,0.1423,0.1381,0.1458,0.1553,-0.026055241,0.11472874,0.05126698,0.26871842,-0.13147844,-0.22359878,0.039642002,0.4027425,-0.35458556,0.27630767,0.24807952,-0.26871842,0.099522285,0.11416886,-22.347578,-11.155657,0.17068446,4,"{""geodesic"":false,""type"":""Point"",""coordinates"":[110.40077825790306,-7.284062162469191]}"
1_1_2_134_0,0.0538,0.1848,0.114,0.0601,0.0795,0.0877,0.1467,0.2115,0.2424,0.2313,0.2567,0.2615,-0.033516575,0.27472737,0.12639189,0.488417,-0.39841092,-0.23694779,0.043224387,0.58750856,-0.3397046,0.5091874,0.45015672,-0.488417,0.22380951,0.26300365,-11.820592,-6.9044223,0.32448825,4,"{""geodesic"":false,""type"":""Point"",""coordinates"":[110.42909442570713,-7.314219983975245]}"
1_1_2_116_0,0.0483,0.1775,0.106,0.052,0.0742,0.08,0.1244,0.201,0.2259,0.2184,0.2561,0.2651,-0.024436465,0.26444513,0.121121004,0.49282297,-0.4104092,-0.25220457,0.038827837,0.61538464,-0.34648582,0.54684097,0.463807,-0.49282297,0.27421236,0.26002005,-13.682256,-10.134314,0.32398754,4,"{""geodesic"":false,""type"":""Point"",""coordinates"":[110.39615617466681,-7.28559373067418]}"
1_1_2_64_0,0.0551,0.1189,0.0804,0.048,0.064,0.066,0.093,0.1152,0.1241,0.1357,0.1265,0.1571,0.003255556,0.14871554,0.060325038,0.35903853,-0.300164,-0.19317614,0.039103903,0.47740883,-0.25590006,0.42480528,0.34556273,-0.35903853,0.18670748,0.1489953,-14.850002,-3.0893066,0.19240895,4,"{""geodesic"":false,""type"":""Point"",""coordinates"":[110.43658620350975,-7.263846392572411]}"
1_1_2_119_0,0.0521,0.1799,0.1164,0.0502,0.0723,0.083,0.1256,0.1655,0.1852,0.1797,0.1978,0.2118,0.06696428,0.18579005,0.07952733,0.42619047,-0.42664552,-0.21430983,0.05376294,0.5632884,-0.21377912,0.56366795,0.36810052,-0.42619047,0.17720276,0.19017963,-16.103693,-8.946959,0.26613235,4,"{""geodesic"":false,""type"":""Point"",""coordinates"":[110.40765124537582,-7.29302613733005]}"
1_1_2_206_0,0.0558,0.0921,0.0551,0.0618,0.0828,0.0841,0.1163,0.1351,0.1383,0.1537,0.1403,0.1592,-0.100331865,0.14563106,0.06818223,0.29978856,-0.053173248,-0.2513587,0.03014906,0.4264501,-0.4722222,0.1968811,0.29268292,-0.29978856,0.1385185,0.14150175,-15.894963,-8.085601,0.19266246,4,"{""geodesic"":false,""type"":""Point"",""coordinates"":[110.408657945202,-7.285248427049125]}"
1_1_2_175_0,0.0596,0.1662,0.1085,0.0651,0.0809,0.095,0.1163,0.1699,0.1853,0.1664,0.1919,0.2402,0.06028008,0.14301166,0.0587819,0.34573394,-0.34520438,-0.21004733,0.06194411,0.437581,-0.21062206,0.4370947,0.2731446,-0.34573394,0.17721967,0.14066194,-15.724007,-8.282208,0.20772386,4,"{""geodesic"":false,""type"":""Point"",""coordinates"":[110.46193388368408,-7.277535815085139]}"
1_1_2_99_0,0.0552,0.1679,0.098,0.0552,0.0752,0.0747,0.1182,0.2072,0.2424,0.2647,0.2619,0.3009,-0.13742223,0.36569405,0.17348304,0.55751693,-0.38132456,-0.26288077,0.027656214,0.65489215,-0.4596085,-0.5051546,0.5598114,-0.55751693,0.38260642,0.33952823,-14.366821,-7.040565,0.38327843,4,"{""geodesic"":false,""type"":""Point"",""coordinates"":[110.40142221405219,-7.276645808165514]}"
1_1_2_55_0,0.0459,0.2215,0.1519,0.0797,0.1064,0.1344,0.1469,0.2226,0.2673,0.2678,0.2931,0.3207,0.011941976,0.22587967,0.117964104,0.43132016,-0.35102165,-0.1863953,0.0762336,0.541295,-0.27614966,0.47078353,0.3316758,-0.43132016,0.29153606,0.2217912,-14.48854,-6.604748,0.33292034,4,"{""geodesic"":false,""type"":""Point"",""coordinates"":[110.45811852846973,-7.286395817526971]}"
1_1_2_26_0,0.0491,0.0827,0.0473,0.0517,0.0632,0.07,0.0965,0.1099,0.1197,0.1162,0.1242,0.139,-0.047411107,0.100570336,0.0439493,0.29542923,-0.13365321,-0.2723077,0.028493976,0.38415724,-0.42140672,0.23065476,0.2481203,-0.29542923,0.09261871,0.100990966,-19.96486,-8.99994,0.14485702,4,"{""geodesic"":false,""type"":""Point"",""coordinates"":[110.45156133026605,-7.314881061497667]}"
1_1_2_3_0,0.0526,0.2265,0.1423,0.0644,0.089,0.1042,0.1541,0.2108,0.2353,0.2486,0.264,0.2964,0.027497271,0.25956285,0.122725934,0.47274882,-0.43581617,-0.22830805,0.059644647,0.5884984,-0.2719366,0.55723614,0.40929708,-0.47274882,0.23466602,0.25398687,-16.107094,-9.252033,0.3398524,4,"{""geodesic"":false,""type"":""Point"",""coordinates"":[110.43063076273297,-7.3172069111393006]}"
1_1_2_76_0,0.0591,0.1121,0.075,0.0568,0.0742,0.077,0.1168,0.1601,0.1703,0.1663,0.181,0.1986,-0.08248424,0.18568577,0.08307956,0.38295218,-0.20343533,-0.19828966,0.0347264,0.4908113,-0.37836716,0.32741266,0.36703658,-0.38295218,0.17484987,0.18020988,-15.635902,-5.3021507,0.227147,4,"{""geodesic"":false,""type"":""Point"",""coordinates"":[110.42734857155018,-7.2622066535648395]}"
1_1_2_167_0,0.0492,0.2156,0.1455,0.0602,0.0838,0.1012,0.142,0.1886,0.2116,0.2274,0.2376,0.2404,0.048312366,0.22811078,0.10592598,0.46143958,-0.44021374,-0.19412903,0.06475198,0.581363,-0.21962993,0.56345177,0.38405356,-0.46143958,0.23118572,0.22845764,-13.211732,-10.576632,0.31843576,4,"{""geodesic"":false,""type"":""Point"",""coordinates"":[110.46065224049488,-7.288750665125793]}"
1_1_2_182_0,0.0514,0.1548,0.0927,0.0515,0.0688,0.073,0.1148,0.1798,0.2102,0.1824,0.2401,0.2775,-0.013212056,0.22161002,0.094903365,0.4522293,-0.38461536,-0.2509091,0.037100326,0.5596409,-0.32606328,0.5007271,0.4283477,-0.4522293,0.22745627,0.21723591,-13.041482,-7.4411583,0.26754326,4,"{""geodesic"":false,""type"":""Point"",""coordinates"":[110.4210915094547,-7.267445054609386]}"
1_1_2_62_0,0.064,0.0944,0.0492,0.0609,0.0754,0.08,0.1052,0.1245,0.1299,0.1261,0.1341,0.1444,-0.03486442,0.10027408,0.04354803,0.2516129,-0.11189635,-0.31476328,0.03121332,0.34866312,-0.43867657,0.21571155,0.22367784,-0.2516129,0.09035885,0.09793232,-21.56973,-7.6767507,0.1423581,4,"{""geodesic"":false,""type"":""Point"",""coordinates"":[110.44184115706533,-7.263038796636434]}"
1_1_2_52_0,0.057,0.2646,0.1771,0.0824,0.1018,0.119,0.1596,0.2336,0.2631,0.2733,0.2952,0.2861,0.037738424,0.28171328,0.12849668,0.4572114,-0.44432315,-0.19809827,0.077112705,0.5366882,-0.2135879,0.52507204,0.39332142,-0.4572114,0.26264724,0.25938585,-16.102852,-9.509869,0.3346383,4,"{""geodesic"":false,""type"":""Point"",""coordinates"":[110.45847339280515,-7.292637608077504]}"
1_1_2_162_0,0.0465,0.1541,0.0932,0.0481,0.0718,0.0786,0.1265,0.2,0.2186,0.2259,0.2393,0.2419,-0.08150779,0.27548158,0.13391985,0.51763517,-0.3643205,-0.24625961,0.032428153,0.6489051,-0.4158571,0.52423346,0.48374385,-0.51763517,0.2820658,0.27464265,-15.4216585,-5.798915,0.34457365,4,"{""geodesic"":false,""type"":""Point"",""coordinates"":[110.4601746711271,-7.309283280890108]}"
1_1_2_16_0,0.0548,0.1757,0.1231,0.0694,0.0896,0.104,0.1293,0.1692,0.1793,0.1542,0.1871,0.186,0.11146433,0.09978532,0.03749329,0.26497132,-0.32453826,-0.17603748,0.08302464,0.37924868,-0.11215292,0.43370053,0.19442293,-0.26497132,0.08783069,0.09931417,-14.856698,-10.314579,0.17578773,4,"{""geodesic"":false,""type"":""Point"",""coordinates"":[110.4392417851259,-7.313689997347442]}"
1_1_2_22_0,0.0581,0.1062,0.0624,0.0608,0.08,0.093,0.1177,0.1321,0.1398,0.1377,0.143,0.1548,0.0017601129,0.09014279,0.042360693,0.26504368,-0.14070894,-0.2597865,0.04214379,0.38740554,-0.37631187,0.27185628,0.19375814,-0.26504368,0.07830856,0.091761336,-23.526018,-10.961464,0.1651396,4,"{""geodesic"":false,""type"":""Point"",""coordinates"":[110.44313357439614,-7.316770266352118]}"
1_1_2_94_0,0.0604,0.0588,0.0396,0.0508,0.0606,0.0658,0.0902,0.1062,0.117,0.0927,0.1154,0.1773,-0.07049605,0.06077721,0.028140537,0.20939332,0.015075382,-0.19512196,0.02810874,0.29198605,-0.40136054,0.07299271,0.16971605,-0.20939332,0.013668656,0.061275613,-22.350811,-8.699549,0.09766899,4,"{""geodesic"":false,""type"":""Point"",""coordinates"":[110.4067718551941,-7.272853783744362]}"
1_1_2_130_0,0.0538,0.065,0.0382,0.0581,0.0768,0.0988,0.1115,0.1129,0.1234,0.1245,0.1212,0.1823,-0.05427251,0.05013459,0.03169005,0.23695974,0.08321584,-0.25968993,0.030314539,0.36363637,-0.5304241,0.056051973,0.115091786,-0.23695974,0.055084743,0.053297378,-17.224127,-11.912957,0.14591269,4,"{""geodesic"":false,""type"":""Point"",""coordinates"":[110.4125363028625,-7.298278836169691]}"
1_1_2_148_0,0.0469,0.1617,0.0928,0.0516,0.0759,0.0794,0.138,0.2184,0.2481,0.2598,0.2717,0.2656,-0.12723981,0.33427215,0.16581474,0.5478105,-0.36111107,-0.27072692,0.02836151,0.6685934,-0.4736245,0.5161744,0.5318396,-0.5478105,0.306184,0.32244992,-16.853157,-9.103186,0.3848903,4,"{""geodesic"":false,""type"":""Point"",""coordinates"":[110.45553558970367,-7.324745411018838]}"
1_1_2_170_0,0.0474,0.2351,0.1395,0.0754,0.1072,0.1192,0.1688,0.2601,0.3,0.3201,0.3354,0.3092,-0.054948002,0.3417132,0.18036015,0.49824482,-0.37364885,-0.25520554,0.051947515,0.6187105,-0.3929504,0.5143317,0.45731848,-0.49824482,0.30947027,0.32082403,-14.10532,-8.211505,0.40988275,4,"{""geodesic"":false,""type"":""Point"",""coordinates"":[110.45811994101403,-7.285219909623889]}"
1_1_2_189_0,0.0503,0.0456,0.0291,0.0483,0.0598,0.0553,0.0803,0.0995,0.1079,0.0937,0.0951,0.1342,-0.16920543,0.090289205,0.040119037,0.2208469,0.13472484,-0.22088353,0.017174281,0.3197183,-0.5260586,0.028754003,0.25771812,-0.2208469,0.07701149,0.08875192,-20.229586,-10.46996,0.10607476,4,"{""geodesic"":false,""type"":""Point"",""coordinates"":[110.40758013619312,-7.278191618406407]}"
1_1_2_197_0,0.054,0.1262,0.072,0.0534,0.0716,0.0722,0.1049,0.1319,0.142,0.1279,0.1425,0.1782,0.04503556,0.11998105,0.046130095,0.28220555,-0.27603644,-0.2734612,0.04064425,0.41092116,-0.27963987,0.40534523,0.27836084,-0.28220555,0.09879727,0.1193401,-14.486387,-8.898996,0.16402467,4,"{""geodesic"":false,""type"":""Point"",""coordinates"":[110.40630465160804,-7.283707630884603]}"
1_1_2_185_0,0.0519,0.0787,0.0469,0.0564,0.0737,0.075,0.1023,0.1224,0.1304,0.1421,0.1288,0.1724,-0.12720047,0.14348646,0.066444285,0.31696016,-0.032808367,-0.2531847,0.024753695,0.43173805,-0.5037037,0.1650629,0.30907416,-0.31696016,0.16284782,0.140357,-20.130402,-14.351259,0.18403724,4,"{""geodesic"":false,""type"":""Point"",""coordinates"":[110.40966519083182,-7.277018440444205]}"
1_1_2_15_0,0.0542,0.1722,0.1256,0.0504,0.0698,0.0836,0.1126,0.1355,0.1453,0.1466,0.154,0.2063,0.12985866,0.12399621,0.047298256,0.35489833,-0.4231405,-0.15648086,0.071624555,0.48832485,-0.07714915,0.5471698,0.27367505,-0.35489833,0.13117282,0.12941658,-16.812838,-6.0104356,0.20703012,4,"{""geodesic"":false,""type"":""Point"",""coordinates"":[110.43951323270045,-7.313961697542609]}"
1_1_2_168_0,0.0426,0.2108,0.145,0.0702,0.0942,0.125,0.1324,0.2107,0.2361,0.2423,0.254,0.2602,0.035940148,0.20006141,0.10209448,0.44011888,-0.3822951,-0.18493539,0.074803956,0.55072,-0.25122645,0.50035584,0.31935748,-0.44011888,0.2933013,0.20287098,-16.621265,-11.368918,0.31772307,4,"{""geodesic"":false,""type"":""Point"",""coordinates"":[110.4620125033403,-7.287576375009068]}"
1_1_2_50_0,0.054,0.2375,0.1597,0.0612,0.0846,0.093,0.1429,0.2082,0.2387,0.223,0.2667,0.2844,0.07532129,0.24583964,0.104391634,0.449935,-0.4746973,-0.19587107,0.06660135,0.5693174,-0.16540371,0.5902243,0.4113924,-0.449935,0.21891229,0.2389706,-17.749159,-11.301554,0.30948737,4,"{""geodesic"":false,""type"":""Point"",""coordinates"":[110.45811037460422,-7.293179900386843]}"
1_1_2_205_0,0.0524,0.063,0.0401,0.0539,0.0737,0.0774,0.1087,0.1309,0.1279,0.12,0.1395,0.1504,-0.106586054,0.090242766,0.045151975,0.2390294,0.07827361,-0.22211444,0.0258645,0.3801035,-0.49906307,0.07784432,0.21580547,-0.2390294,0.049409695,0.09162603,-19.304623,-8.933684,0.14712866,4,"{""geodesic"":false,""type"":""Point"",""coordinates"":[110.39860364567198,-7.284421092601012]}"
1_1_2_88_0,0.0563,0.069,0.0442,0.0514,0.0674,0.0742,0.1084,0.144,0.1536,0.1206,0.1576,0.1498,-0.09137057,0.0982801,0.04732155,0.2829787,-0.011730186,-0.21908127,0.02719436,0.4023256,-0.46359223,0.14617941,0.23819304,-0.2829787,0.05327511,0.10017272,-16.96857,-7.785523,0.15446429,4,"{""geodesic"":false,""type"":""Point"",""coordinates"":[110.41058569217634,-7.265803353141134]}"
1_1_2_117_0,0.055,0.1067,0.0682,0.0558,0.0824,0.0988,0.1268,0.1374,0.1467,0.1416,0.1471,0.1639,0.02010427,0.081313156,0.041399952,0.26428568,-0.12850344,-0.22012581,0.04758588,0.43465045,-0.349857,0.31323078,0.17803659,-0.26428568,0.055141572,0.08670987,-10.566811,-6.7987022,0.18454258,4,"{""geodesic"":false,""type"":""Point"",""coordinates"":[110.40810526798491,-7.29221264791697]}"
1_1_2_207_0,0.0591,0.1108,0.0621,0.0654,0.0886,0.094,0.127,0.1427,0.1464,0.1453,0.1491,0.157,-0.014199767,0.10522646,0.0483227,0.24241127,-0.11133398,-0.28166568,0.04017481,0.37921217,-0.40115717,0.25766176,0.21437529,-0.24241127,0.067205295,0.10408495,-22.210566,-12.173464,0.16863656,4,"{""geodesic"":false,""type"":""Point"",""coordinates"":[110.4096544257865,-7.28524972822384]}"
1_1_2_69_0,0.0593,0.2725,0.1967,0.0792,0.1104,0.129,0.1603,0.2095,0.2368,0.2732,0.2529,0.2596,0.065128,0.24807325,0.11876886,0.42440042,-0.42334816,-0.16155158,0.09287811,0.55051076,-0.1628006,0.54961616,0.35852814,-0.42440042,0.2604383,0.2397473,-13.835895,-12.524415,0.34138903,4,"{""geodesic"":false,""type"":""Point"",""coordinates"":[110.43169664452904,-7.262212118469925]}"
1_1_2_161_0,0.0488,0.2051,0.1293,0.0532,0.0772,0.0845,0.135,0.1892,0.2187,0.2183,0.2424,0.2351,0.032258067,0.25220537,0.112427205,0.47749576,-0.4530641,-0.22667465,0.0500497,0.60810316,-0.25604144,0.5880759,0.44187582,-0.47749576,0.23577696,0.25,-13.286965,-7.7090087,0.32099807,4,"{""geodesic"":false,""type"":""Point"",""coordinates"":[110.45935975320428,-7.308920486770316]}"
1_1_2_33_0,0.0496,0.1972,0.1352,0.0542,0.076,0.0826,0.1212,0.1721,0.1817,0.2076,0.2088,0.2223,0.033234857,0.24099638,0.10469053,0.46403387,-0.44363105,-0.18652229,0.053793445,0.58594346,-0.21120188,0.56881464,0.43073744,-0.46403387,0.26277372,0.2372817,-13.03927,-7.3320103,0.3020478,4,"{""geodesic"":false,""type"":""Point"",""coordinates"":[110.45917910776456,-7.308467997665715]}"
1_1_2_153_0,0.048,0.1136,0.071,0.0526,0.0676,0.0733,0.0992,0.1165,0.129,0.1265,0.1318,0.2087,0.02131148,0.113500595,0.04605801,0.30345184,-0.25386316,-0.23076922,0.041140713,0.41261864,-0.28101262,0.36702767,0.2662663,-0.30345184,0.120957,0.11403258,-20.249811,-10.719188,0.16323073,4,"{""geodesic"":false,""type"":""Point"",""coordinates"":[110.44657176545269,-7.3203926738202485]}"
1_1_2_32_0,0.0498,0.184,0.1131,0.0539,0.0758,0.0901,0.1438,0.2042,0.2282,0.2383,0.2607,0.2392,-0.031961855,0.26952314,0.13155898,0.51735115,-0.4164742,-0.23864019,0.042762525,0.6310746,-0.35628912,0.54686844,0.45127892,-0.51735115,0.24731745,0.26834863,-14.907242,-5.377306,0.34915423,4,"{""geodesic"":false,""type"":""Point"",""coordinates"":[110.45999478508091,-7.3081976113077545]}"
1_1_2_23_0,0.0495,0.0439,0.0243,0.0448,0.0584,0.06,0.0795,0.0895,0.1007,0.0999,0.1053,0.1218,-0.16411906,0.08875345,0.04275325,0.26216045,0.14173998,-0.28739005,0.014594594,0.38078785,-0.6086956,-0.010146523,0.24953097,-0.26216045,0.11371237,0.09069556,-19.362621,-8.506328,0.12819916,4,"{""geodesic"":false,""type"":""Point"",""coordinates"":[110.45119972055414,-7.3142474407373905]}"
1_2_74_0,0.0508,0.1327,0.0686,0.0504,0.073,0.0507,0.108,0.2469,0.3117,0.3109,0.3332,0.33,-0.3266018,0.5258265,0.24566792,0.6196926,-0.2902285,-0.3184302,0.0111869415,0.72100747,-0.63847166,-0.44948116,0.71957964,-0.6196926,0.48436382,0.45299444,-15.729592,-10.216942,0.45367467,3,"{""geodesic"":false,""type"":""Point"",""coordinates"":[110.42408567719319,-7.263649791838005]}"
1_2_82_0,0.0495,0.1477,0.0729,0.0361,0.054,0.0328,0.0795,0.2486,0.3299,0.332,0.3491,0.2965,-0.34196135,0.59457093,0.27883735,0.7202072,-0.4645513,-0.33907527,0.007202169,0.8038576,-0.6399111,-0.6071817,0.8201754,-0.7202072,0.6136087,0.51896393,-18.239725,-8.007954,0.511289,3,"{""geodesic"":false,""type"":""Point"",""coordinates"":[110.43196476556224,-7.265106991116089]}"
1_2_161_0,0.0401,0.1254,0.0621,0.039,0.064,0.0451,0.0966,0.2227,0.2791,0.2829,0.3034,0.2793,-0.3074736,0.47145125,0.2235692,0.63101757,-0.32418162,-0.33760002,0.0099,0.7576887,-0.64,-0.52554744,0.725,-0.63101757,0.4909091,0.4307971,-14.796687,-11.044469,0.44512716,3,"{""geodesic"":false,""type"":""Point"",""coordinates"":[110.45737561648082,-7.301500835479964]}"
1_2_111_0,0.0424,0.1538,0.0662,0.0345,0.0446,0.0284,0.0732,0.2406,0.2986,0.3046,0.3322,0.3268,-0.30097833,0.5677287,0.25397655,0.744559,-0.55040324,-0.3981818,0.006172292,0.79652023,-0.6429342,-0.63356346,0.82942945,-0.744559,0.6124934,0.49735895,-9.549972,-10.825777,0.48283875,3,"{""geodesic"":false,""type"":""Point"",""coordinates"":[110.44464841125048,-7.263765876256886]}"
1_2_116_0,0.0433,0.1468,0.0657,0.0324,0.044,0.0283,0.0681,0.2204,0.2698,0.277,0.2964,0.2922,-0.277193,0.51648945,0.22769938,0.7258567,-0.5387841,-0.38164705,0.0067123105,0.7905624,-0.6165743,-0.63839287,0.8146086,-0.7258567,0.6053318,0.4632435,-9.916434,-6.1655736,0.45329875,3,"{""geodesic"":false,""type"":""Point"",""coordinates"":[110.45587535385484,-7.268483117481719]}"
1_2_179_0,0.0347,0.1743,0.0858,0.0312,0.0496,0.024,0.0686,0.2625,0.3649,0.3732,0.3755,0.376,-0.34196118,0.6803304,0.32256377,0.7653737,-0.556945,-0.34025374,0.005517685,0.84569734,-0.6261438,-0.6963504,0.8791541,-0.7653737,0.68945223,0.5838163,-15.724467,-8.956227,0.5672269,3,"{""geodesic"":false,""type"":""Point"",""coordinates"":[110.45346263145618,-7.315878369513167]}"
1_2_53_0,0.0428,0.1424,0.07,0.0414,0.0686,0.0415,0.1027,0.2682,0.3391,0.3443,0.3605,0.3433,-0.35428372,0.59011537,0.28491846,0.66771615,-0.34976304,-0.34086627,0.008437409,0.7853254,-0.66208065,-0.5495103,0.78486264,-0.66771615,0.5404922,0.5127568,-14.723689,-11.606256,0.5129841,3,"{""geodesic"":false,""type"":""Point"",""coordinates"":[110.41683549618439,-7.266263700092355]}"
1_2_164_0,0.0382,0.1384,0.0659,0.026,0.0414,0.026,0.0582,0.228,0.3354,0.3459,0.3491,0.3199,-0.3869103,0.6119443,0.2999804,0.78621227,-0.5394883,-0.35487032,0.0049534547,0.86017746,-0.6799417,-0.6836983,0.86017746,-0.78621227,0.7119525,0.55034983,-13.899987,-9.997224,0.55034983,3,"{""geodesic"":false,""type"":""Point"",""coordinates"":[110.4604519893695,-7.3046704314684225]}"
1_2_58_0,0.0479,0.1509,0.0767,0.0436,0.057,0.0406,0.0791,0.1998,0.2393,0.2304,0.2416,0.3062,-0.17722876,0.41368786,0.17025258,0.60334027,-0.45165947,-0.32601056,0.013515713,0.68175185,-0.5004884,-0.55167097,0.700369,-0.60334027,0.48885298,0.3692607,-18.323526,-12.2312975,0.3620155,3,"{""geodesic"":false,""type"":""Point"",""coordinates"":[110.42399060038184,-7.267177383114229]}"
1_2_88_0,0.0426,0.2008,0.0951,0.0369,0.0667,0.0338,0.1003,0.3059,0.367,0.3811,0.3896,0.3577,-0.28102973,0.66423136,0.31770417,0.70209914,-0.50130844,-0.3572153,0.008434479,0.82344496,-0.60058796,-0.68952465,0.83706915,-0.70209914,0.5832987,0.5694065,-11.786337,-5.8382006,0.5624183,3,"{""geodesic"":false,""type"":""Point"",""coordinates"":[110.44410534335974,-7.263403393471278]}"
1_2_87_0,0.0521,0.1874,0.0867,0.0389,0.0804,0.0392,0.1309,0.3589,0.4167,0.4675,0.4375,0.297,-0.38171896,0.75888586,0.40203592,0.7065158,-0.39955193,-0.36738417,0.0072698183,0.8463665,-0.68711656,-0.6562086,0.8452733,-0.7065158,0.5625,0.63817424,-13.362104,-9.629193,0.6388116,3,"{""geodesic"":false,""type"":""Point"",""coordinates"":[110.43133510053336,-7.261578485694119]}"
1_2_175_0,0.0365,0.1567,0.0785,0.0349,0.0542,0.0331,0.0721,0.2073,0.2534,0.2519,0.2591,0.3087,-0.20352495,0.46014717,0.19689552,0.64586735,-0.4860123,-0.332483,0.0103150075,0.7566248,-0.52481836,-0.6356994,0.76771927,-0.64586735,0.55493826,0.41808915,-16.252392,-11.32287,0.41370106,3,"{""geodesic"":false,""type"":""Point"",""coordinates"":[110.45400708699134,-7.315155394254857]}"
1_2_57_0,0.0578,0.1354,0.0743,0.0425,0.0616,0.0381,0.0925,0.2082,0.2503,0.3096,0.2631,0.2199,-0.33980215,0.5566034,0.25425643,0.66810346,-0.37461928,-0.29136863,0.009143508,0.7585913,-0.61292005,-0.52220345,0.7808455,-0.66810346,0.53991544,0.48041758,-15.238722,-8.90896,0.4701913,3,"{""geodesic"":false,""type"":""Point"",""coordinates"":[110.42281056111032,-7.269075419647497]}"
1_2_48_0,0.0511,0.1383,0.0674,0.0386,0.0526,0.0357,0.0768,0.2118,0.2894,0.3086,0.3023,0.2582,-0.33231005,0.55319065,0.25471717,0.70874864,-0.44892615,-0.3446767,0.007797084,0.77764976,-0.6414894,-0.56359524,0.7926227,-0.70874864,0.60145307,0.48483953,-20.474033,-13.281936,0.47804534,3,"{""geodesic"":false,""type"":""Point"",""coordinates"":[110.42108896180319,-7.269435041460066]}"
1_2_56_0,0.0492,0.1607,0.0775,0.0412,0.0549,0.0356,0.0745,0.2354,0.3301,0.2948,0.3309,0.3255,-0.26244602,0.54027015,0.23702973,0.68601656,-0.49072352,-0.3492863,0.009358887,0.75476193,-0.5836691,-0.59187716,0.78450364,-0.68601656,0.596534,0.4682081,-18.357895,-8.66458,0.45502394,3,"{""geodesic"":false,""type"":""Point"",""coordinates"":[110.42308393513431,-7.267809409750347]}"
1_2_174_0,0.0377,0.1353,0.069,0.0321,0.0471,0.0288,0.0654,0.2056,0.2648,0.243,0.271,0.2453,-0.25273225,0.45572528,0.19532602,0.6752844,-0.4835526,-0.32452276,0.008177778,0.7666303,-0.5576923,-0.61648744,0.7880795,-0.6752844,0.57587546,0.41629955,-18.9178,-13.636508,0.4081409,3,"{""geodesic"":false,""type"":""Point"",""coordinates"":[110.45482826538063,-7.310362303592142]}"
1_2_71_0,0.0465,0.1311,0.0704,0.033,0.0463,0.0348,0.0753,0.2006,0.277,0.2846,0.2924,0.2835,-0.31375387,0.50124407,0.23273365,0.72015715,-0.47801578,-0.30124068,0.008608293,0.79219145,-0.60338026,-0.5978062,0.78209144,-0.72015715,0.5815504,0.4572858,-16.37757,-8.950231,0.4615949,3,"{""geodesic"":false,""type"":""Point"",""coordinates"":[110.42698359785663,-7.2642866397155235]}"
1_2_16_0,0.0492,0.1382,0.0746,0.0436,0.0525,0.0498,0.0958,0.203,0.2297,0.1793,0.2328,0.2104,-0.084935494,0.2812527,0.1138337,0.5470233,-0.44939697,-0.29887214,0.020719912,0.6087932,-0.41236705,-0.520352,0.56525534,-0.5470233,0.30352598,0.26642436,-12.768311,-9.639131,0.28157422,3,"{""geodesic"":false,""type"":""Point"",""coordinates"":[110.4166088339014,-7.301450000982608]}"
1_2_132_0,0.065,0.2022,0.1146,0.0392,0.0594,0.0396,0.1044,0.2369,0.2699,0.2623,0.2928,0.2496,-0.109884076,0.4616884,0.19388396,0.63071185,-0.54587156,-0.27651513,0.01730141,0.73996687,-0.39188114,-0.6752278,0.7376615,-0.63071185,0.43059725,0.41657317,-12.824918,-5.6420727,0.41752964,3,"{""geodesic"":false,""type"":""Point"",""coordinates"":[110.46011638258656,-7.28232774817493]}"
1_2_156_0,0.0406,0.2017,0.0961,0.0392,0.0766,0.0417,0.1273,0.3156,0.3515,0.3475,0.3696,0.3639,-0.2274242,0.5864079,0.27744472,0.63876444,-0.44951493,-0.3546004,0.011532001,0.79725885,-0.56672674,-0.67455375,0.78571427,-0.63876444,0.4637742,0.5158569,-12.77808,-8.559364,0.5215405,3,"{""geodesic"":false,""type"":""Point"",""coordinates"":[110.46027893596082,-7.297886132972327]}"
1_2_63_0,0.0517,0.1284,0.0661,0.0386,0.051,0.0366,0.0868,0.2219,0.2797,0.2917,0.2857,0.2374,-0.33373713,0.52197576,0.23883116,0.7023636,-0.43143812,-0.32030848,0.0082936585,0.7662731,-0.63051987,-0.53772455,0.7770332,-0.7023636,0.54134744,0.4619703,-15.643715,-6.4927583,0.45724437,3,"{""geodesic"":false,""type"":""Point"",""coordinates"":[110.42743366189471,-7.266548562973982]}"
1_2_151_0,0.038,0.1447,0.0699,0.0363,0.0556,0.0308,0.0807,0.2368,0.3034,0.3052,0.3081,0.311,-0.32108316,0.56333405,0.25421458,0.691796,-0.44483277,-0.34855548,0.007054128,0.7874085,-0.6272994,-0.598895,0.81666666,-0.691796,0.58175695,0.4923445,-13.943644,-7.2084517,0.47932264,3,"{""geodesic"":false,""type"":""Point"",""coordinates"":[110.4562054423884,-7.295258066676626]}"
1_2_104_0,0.0502,0.1895,0.0951,0.0372,0.0564,0.0344,0.0832,0.2599,0.332,0.3177,0.3609,0.3004,-0.22633033,0.56882983,0.2558131,0.6984763,-0.54127693,-0.33169362,0.010297262,0.7903635,-0.5392442,-0.67181295,0.80460095,-0.6984763,0.5849339,0.49870905,-11.053734,0.22616282,0.49216282,3,"{""geodesic"":false,""type"":""Point"",""coordinates"":[110.45179643940504,-7.270558660018065]}"
1_2_98_0,0.0431,0.1592,0.0707,0.0321,0.0529,0.0303,0.079,0.2537,0.2948,0.2984,0.3245,0.3536,-0.27115387,0.5407641,0.24525629,0.6988329,-0.5011787,-0.38494998,0.0071789874,0.8057489,-0.616906,-0.6644015,0.81563735,-0.6988329,0.5813461,0.48527816,-10.394035,-4.7277937,0.48097533,3,"{""geodesic"":false,""type"":""Point"",""coordinates"":[110.45107591728731,-7.2671205154075755]}"
1_2_102_0,0.0463,0.1016,0.0633,0.0354,0.045,0.0436,0.0756,0.1378,0.1476,0.0981,0.1691,0.2088,0.041980628,0.12452019,0.044221207,0.37106916,-0.38608456,-0.23226199,0.028133333,0.46966293,-0.2156134,-0.48321167,0.38461536,-0.37106916,0.12953368,0.12739597,-14.201019,-2.3268807,0.14846092,3,"{""geodesic"":false,""type"":""Point"",""coordinates"":[110.44971360235473,-7.270013409660713]}"
1_2_54_0,0.0434,0.1415,0.0701,0.0432,0.0712,0.0464,0.111,0.2703,0.3342,0.3352,0.3619,0.34,-0.33639416,0.55986357,0.27194634,0.6496063,-0.33051246,-0.33742908,0.009703579,0.77167016,-0.6540834,-0.5322144,0.7568134,-0.6496063,0.50246525,0.49137932,-16.68638,-12.398013,0.4986339,3,"{""geodesic"":false,""type"":""Point"",""coordinates"":[110.41810346006862,-7.266446236417971]}"
1_2_178_0,0.0358,0.1535,0.0761,0.0304,0.0454,0.0272,0.068,0.2463,0.3442,0.3592,0.3501,0.347,-0.36629844,0.6412237,0.30961704,0.7755808,-0.5434892,-0.33710805,0.0057625836,0.8439425,-0.65035605,-0.66938555,0.85921323,-0.7755808,0.68164796,0.5618231,-19.37773,-12.240633,0.55440646,3,"{""geodesic"":false,""type"":""Point"",""coordinates"":[110.45427700656744,-7.316693446128451]}"
1_2_101_0,0.046,0.1143,0.0567,0.0317,0.0508,0.0328,0.0698,0.172,0.2125,0.2758,0.2382,0.2819,-0.35283765,0.49196258,0.22855651,0.6889161,-0.3846154,-0.33684212,0.0067431475,0.79382116,-0.65894735,-0.5657534,0.78742707,-0.6889161,0.5960648,0.4507791,-14.424728,-9.994275,0.45343652,3,"{""geodesic"":false,""type"":""Point"",""coordinates"":[110.45043972555474,-7.268838381361797]}"
1_2_27_0,0.0474,0.1581,0.0777,0.0353,0.0516,0.0316,0.078,0.2496,0.3415,0.3481,0.3522,0.3335,-0.3379864,0.6215877,0.2940816,0.7418063,-0.50786835,-0.3409669,0.00705349,0.8158581,-0.6350399,-0.63495344,0.83355284,-0.7418063,0.6338888,0.5396726,-14.629331,-9.506984,0.5311297,3,"{""geodesic"":false,""type"":""Point"",""coordinates"":[110.40214284078392,-7.2797221875486855]}"
1_2_138_0,0.0491,0.1372,0.07,0.0324,0.0512,0.0316,0.0726,0.2364,0.3036,0.3221,0.3101,0.2759,-0.3548634,0.5724364,0.27178553,0.7256898,-0.4564756,-0.3243243,0.006867432,0.81720734,-0.6429482,-0.6179245,0.8213175,-0.7256898,0.6321257,0.5104252,-16.25409,-7.5984774,0.508543,3,"{""geodesic"":false,""type"":""Point"",""coordinates"":[110.45585661194825,-7.2840412842910105]}"
1_2_149_0,0.0382,0.1274,0.0592,0.0291,0.044,0.0268,0.067,0.2032,0.26,0.2751,0.2853,0.3052,-0.32722515,0.50979346,0.23047161,0.7242244,-0.4865811,-0.36548766,0.005767212,0.8086785,-0.6458271,-0.628115,0.8224578,-0.7242244,0.60830164,0.4644594,-14.463604,-9.778821,0.4588411,3,"{""geodesic"":false,""type"":""Point"",""coordinates"":[110.45520805649285,-7.295980501346061]}"
1_2_159_0,0.0382,0.1334,0.064,0.0297,0.0447,0.0293,0.0672,0.1994,0.2467,0.259,0.2571,0.2773,-0.27913162,0.4737841,0.21125135,0.70563054,-0.49803478,-0.35157037,0.007240155,0.7942501,-0.6037152,-0.63580626,0.7967395,-0.70563054,0.58798283,0.4370798,-14.82698,-11.40612,0.43609738,3,"{""geodesic"":false,""type"":""Point"",""coordinates"":[110.45565664336284,-7.299599222031292]}"
1_2_28_0,0.0557,0.1426,0.0697,0.0382,0.0493,0.0325,0.0702,0.2079,0.2783,0.2591,0.2899,0.2859,-0.25867906,0.48518327,0.20708801,0.68028533,-0.48619074,-0.343382,0.008742764,0.74302053,-0.576034,-0.57743365,0.7770919,-0.68028533,0.57364106,0.42938352,-20.793468,-11.864336,0.4155901,3,"{""geodesic"":false,""type"":""Point"",""coordinates"":[110.40268553058985,-7.280356080046339]}"
1_2_68_0,0.0498,0.1498,0.0756,0.0382,0.0539,0.0338,0.0723,0.2292,0.285,0.3172,0.3048,0.2341,-0.3187384,0.5743818,0.26284242,0.7095123,-0.4707904,-0.32919258,0.008055737,0.78503096,-0.6150713,-0.593617,0.80740744,-0.7095123,0.6287548,0.49953,-16.090694,-12.556349,0.48924482,3,"{""geodesic"":false,""type"":""Point"",""coordinates"":[110.4296092016283,-7.265375398638192]}"
1_2_189_0,0.0403,0.1384,0.0719,0.0394,0.0642,0.0433,0.0991,0.2572,0.3282,0.3254,0.3495,0.3388,-0.33504117,0.5468326,0.26524633,0.6704312,-0.36623892,-0.31621492,0.009567517,0.7839912,-0.6380569,-0.55680543,0.7651207,-0.6704312,0.53309774,0.48710716,-14.54097,-11.085058,0.49606845,3,"{""geodesic"":false,""type"":""Point"",""coordinates"":[110.43633422112175,-7.320470431221715]}"
1_2_155_0,0.0425,0.1174,0.0573,0.0298,0.0413,0.0268,0.0571,0.1864,0.2617,0.2742,0.2702,0.2403,-0.35653725,0.51052415,0.23134382,0.73819333,-0.47952113,-0.3440183,0.005600438,0.8039474,-0.6542986,-0.5951087,0.8219269,-0.73819333,0.6552973,0.46329588,-18.145954,-8.482884,0.45597014,3,"{""geodesic"":false,""type"":""Point"",""coordinates"":[110.45565828360441,-7.298242406561494]}"
1_2_42_0,0.0503,0.1899,0.0998,0.038,0.069,0.0401,0.1053,0.2889,0.3418,0.3503,0.3734,0.3124,-0.2560246,0.59384334,0.28365237,0.6708801,-0.46697566,-0.3110114,0.011424435,0.80427504,-0.556543,-0.6665204,0.7945697,-0.6708801,0.53775245,0.5225741,-18.244696,-7.2529864,0.5273557,3,"{""geodesic"":false,""type"":""Point"",""coordinates"":[110.41039709117011,-7.271501705469585]}"
1_2_185_0,0.0476,0.1727,0.0971,0.0486,0.0715,0.0631,0.124,0.2375,0.2771,0.2719,0.3081,0.3358,-0.15225597,0.40590978,0.18937662,0.58357596,-0.4144144,-0.28020757,0.022534057,0.6967239,-0.47371274,-0.56077725,0.62328357,-0.58357596,0.37357917,0.37508982,-16.809341,-8.260818,0.4082267,3,"{""geodesic"":false,""type"":""Point"",""coordinates"":[110.43335058084902,-7.315672620376936]}"
1_2_127_0,0.0428,0.1798,0.0851,0.0344,0.0546,0.0326,0.0829,0.2677,0.33,0.3157,0.3428,0.338,-0.24479999,0.5647092,0.25701314,0.705104,-0.5341297,-0.3574934,0.008787647,0.80348474,-0.5753493,-0.6788049,0.81280506,-0.705104,0.58404416,0.50058943,-14.448778,-7.280207,0.49635336,3,"{""geodesic"":false,""type"":""Point"",""coordinates"":[110.45803032904783,-7.284405711018647]}"
1_2_45_0,0.0489,0.147,0.0799,0.0469,0.075,0.0572,0.1169,0.2548,0.3087,0.3114,0.3302,0.3278,-0.27395555,0.4877768,0.23828559,0.6118012,-0.3243243,-0.29572502,0.014676557,0.7382082,-0.5916177,-0.5162455,0.68963647,-0.6118012,0.45412093,0.43898228,-16.132801,-12.301304,0.46225095,3,"{""geodesic"":false,""type"":""Point"",""coordinates"":[110.41610462199932,-7.271056822850487]}"
1_2_133_0,0.045,0.19,0.0907,0.031,0.0552,0.0329,0.094,0.2715,0.3322,0.3184,0.3478,0.3457,-0.22103791,0.5561833,0.25765866,0.7044968,-0.5497553,-0.35375845,0.009371954,0.8225529,-0.55658764,-0.71945703,0.8126957,-0.7044968,0.54413193,0.50305414,-15.406671,-9.260968,0.50753474,3,"{""geodesic"":false,""type"":""Point"",""coordinates"":[110.46048122669822,-7.280247726531025]}"
1_2_34_0,0.0423,0.1293,0.0702,0.0428,0.073,0.0526,0.1127,0.2512,0.2937,0.2944,0.311,0.2748,-0.29917166,0.4689682,0.22820719,0.602613,-0.27829957,-0.29624057,0.012542527,0.7461447,-0.61492044,-0.50261474,0.69683,-0.602613,0.4463277,0.42821723,-16.275942,-10.190503,0.45078835,3,"{""geodesic"":false,""type"":""Point"",""coordinates"":[110.40966696409014,-7.275661634478132]}"
1_2_75_0,0.0495,0.1548,0.0782,0.0488,0.0766,0.0486,0.1151,0.2803,0.3467,0.3488,0.3651,0.3593,-0.32312813,0.58890456,0.2813792,0.6398684,-0.33794296,-0.32875538,0.010895986,0.75452715,-0.6337237,-0.5206287,0.7554102,-0.6398684,0.5037724,0.50178295,-19.241173,-14.966004,0.50133693,3,"{""geodesic"":false,""type"":""Point"",""coordinates"":[110.42281910173463,-7.2623818246691805]}"
1_2_99_0,0.0529,0.2345,0.1168,0.0371,0.0599,0.0364,0.0989,0.328,0.42,0.4299,0.4536,0.3068,-0.26575413,0.71803945,0.3583926,0.7554104,-0.5930707,-0.33504128,0.009889557,0.8411135,-0.57270896,-0.72680414,0.8438773,-0.7554104,0.6259455,0.61083513,-11.545456,-3.1799357,0.6093071,3,"{""geodesic"":false,""type"":""Point"",""coordinates"":[110.45143957842664,-7.26603550060491]}"
1_2_55_0,0.0492,0.1657,0.0875,0.0412,0.058,0.0424,0.0988,0.2409,0.2982,0.2946,0.3171,0.3098,-0.23478581,0.5084678,0.23034872,0.6710153,-0.48144838,-0.30884677,0.012593346,0.75461584,-0.5420047,-0.60173994,0.74836797,-0.6710153,0.49771225,0.45197135,-16.2203,-14.213695,0.45477387,3,"{""geodesic"":false,""type"":""Point"",""coordinates"":[110.41991540275806,-7.266267648895152]}"
1_2_78_0,0.0535,0.1457,0.0775,0.051,0.0781,0.0528,0.1185,0.2733,0.3327,0.3352,0.35,0.3366,-0.32101935,0.55612445,0.26593623,0.6220663,-0.30205536,-0.30555552,0.012207637,0.7358881,-0.6244245,-0.48144382,0.72783506,-0.6220663,0.4776284,0.47702703,-19.020325,-17.447525,0.48104268,3,"{""geodesic"":false,""type"":""Point"",""coordinates"":[110.42454159292545,-7.26129856171692]}"
1_2_73_0,0.05,0.1496,0.0783,0.0516,0.07,0.0529,0.1078,0.2456,0.3053,0.3031,0.3282,0.334,-0.27315146,0.5070936,0.23306276,0.62476546,-0.3624772,-0.31285653,0.013665688,0.7090499,-0.58940744,-0.48707753,0.702809,-0.62476546,0.4752981,0.43843457,-11.263957,-7.944363,0.4413829,3,"{""geodesic"":false,""type"":""Point"",""coordinates"":[110.42345192759359,-7.26337762466025]}"
1_2_117_0,0.0402,0.1586,0.0786,0.0298,0.0476,0.0269,0.0669,0.256,0.3352,0.3155,0.354,0.2922,-0.30105498,0.57563424,0.26526004,0.73781323,-0.5383123,-0.33726814,0.0067015532,0.82739645,-0.6011165,-0.6836518,0.8428738,-0.73781323,0.6501046,0.5138889,-15.521738,-10.309511,0.50697976,3,"{""geodesic"":false,""type"":""Point"",""coordinates"":[110.45287997805094,-7.273454514860051]}"
1_2_163_0,0.0388,0.1331,0.0673,0.0351,0.0484,0.0362,0.0735,0.1759,0.2215,0.2259,0.2355,0.2553,-0.21310711,0.40195787,0.17252733,0.6471017,-0.46666667,-0.32834333,0.010784684,0.73103446,-0.5409277,-0.5826397,0.72376955,-0.6471017,0.509018,0.3733762,-13.408529,-8.325866,0.3760841,3,"{""geodesic"":false,""type"":""Point"",""coordinates"":[110.45864109203251,-7.303854172224477]}"
1_2_120_0,0.0466,0.1146,0.0644,0.041,0.0621,0.045,0.0851,0.1748,0.2,0.1891,0.2046,0.2197,-0.18090837,0.31282562,0.13176544,0.5055732,-0.29711375,-0.28044692,0.015325226,0.6436332,-0.4919132,-0.4730077,0.6155489,-0.5055732,0.3792852,0.29444218,-15.653567,-10.22985,0.30427337,3,"{""geodesic"":false,""type"":""Point"",""coordinates"":[110.45423627717012,-7.275536605341517]}"
1_2_81_0,0.0507,0.135,0.0762,0.0423,0.0617,0.043,0.0867,0.1777,0.2187,0.2126,0.2171,0.2485,-0.17763914,0.36762473,0.1532957,0.55012757,-0.37264872,-0.2784091,0.015412043,0.6681051,-0.47229916,-0.52284265,0.6635367,-0.55012757,0.42064816,0.33668607,-17.799858,-10.013686,0.3383892,3,"{""geodesic"":false,""type"":""Point"",""coordinates"":[110.43287175422016,-7.2642035828094125]}"
1_2_190_0,0.0429,0.1623,0.0831,0.0441,0.0792,0.048,0.1189,0.2872,0.3385,0.3433,0.3681,0.368,-0.2963025,0.5676445,0.2750437,0.62508875,-0.3440994,-0.3227384,0.011618991,0.7723283,-0.61022514,-0.5726744,0.75466394,-0.62508875,0.48550412,0.49697074,-13.645602,-9.665097,0.50574714,3,"{""geodesic"":false,""type"":""Point"",""coordinates"":[110.43678686404874,-7.32074235990859]}"
1_2_8_0,0.0331,0.1121,0.045,0.0294,0.0382,0.0233,0.0499,0.1796,0.23,0.2556,0.2612,0.3181,-0.3558516,0.4942974,0.21656282,0.7399592,-0.4916833,-0.42711645,0.0041021127,0.7936842,-0.7005988,-0.5844523,0.832915,-0.7399592,0.67332244,0.44736168,-16.060064,-5.7190084,0.4322293,3,"{""geodesic"":false,""type"":""Point"",""coordinates"":[110.42022017798554,-7.311042769639949]}"
1_2_136_0,0.0547,0.1889,0.1152,0.0472,0.0712,0.068,0.1078,0.2189,0.2498,0.2702,0.2701,0.2701,-0.10534567,0.38173994,0.18077405,0.58289397,-0.45251825,-0.24235448,0.028991858,0.7025835,-0.40217957,-0.6001694,0.59787107,-0.58289397,0.42962965,0.36184683,-16.3314,-7.2447777,0.4092244,3,"{""geodesic"":false,""type"":""Point"",""coordinates"":[110.45739870247375,-7.282324498714314]}"
1_2_5_0,0.0475,0.1322,0.0652,0.0344,0.0484,0.0323,0.0668,0.2124,0.3067,0.3016,0.3196,0.3025,-0.34265736,0.54408437,0.25159568,0.7234286,-0.46400887,-0.33941236,0.006982626,0.7952381,-0.6444929,-0.5870348,0.8065289,-0.7234286,0.63735074,0.4844106,-14.426836,-11.203801,0.47942585,3,"{""geodesic"":false,""type"":""Point"",""coordinates"":[110.4290900573763,-7.317657231633173]}"
1_2_196_0,0.047,0.1363,0.0727,0.0472,0.0691,0.0508,0.1114,0.2399,0.2871,0.2974,0.3109,0.2975,-0.29621968,0.49391124,0.23144764,0.6229195,-0.3271665,-0.3043062,0.012418157,0.7260592,-0.6071332,-0.48555857,0.7082137,-0.6229195,0.4549902,0.43609998,-17.22418,-15.717873,0.44435236,3,"{""geodesic"":false,""type"":""Point"",""coordinates"":[110.41302351024774,-7.271957383622774]}"
1_2_66_0,0.0461,0.1271,0.0652,0.0346,0.0479,0.0333,0.0691,0.1951,0.2777,0.2802,0.2914,0.2754,-0.32491583,0.50573534,0.23027672,0.70801586,-0.45257145,-0.3218929,0.0077486085,0.7801779,-0.6224667,-0.572047,0.7875598,-0.70801586,0.6043516,0.45525506,-15.271741,-11.625206,0.4521355,3,"{""geodesic"":false,""type"":""Point"",""coordinates"":[110.42752619362236,-7.265010958263421]}"
1_2_12_0,0.0472,0.1504,0.0777,0.0349,0.0594,0.034,0.0857,0.2452,0.3026,0.3111,0.3124,0.2735,-0.30467573,0.5527187,0.25647154,0.6793522,-0.43374643,-0.31871986,0.008491803,0.79826593,-0.60030866,-0.62331355,0.8029557,-0.6793522,0.56804436,0.4918353,-16.273083,-13.123707,0.48971632,3,"{""geodesic"":false,""type"":""Point"",""coordinates"":[110.40945594467497,-7.29845572703265]}"
1_2_121_0,0.0491,0.2219,0.1207,0.0495,0.0843,0.0578,0.1364,0.3064,0.331,0.3107,0.3581,0.2707,-0.12580091,0.4915452,0.22381811,0.5731646,-0.4493795,-0.2953882,0.022454007,0.7251527,-0.4404265,-0.63522476,0.6862958,-0.5731646,0.38984567,0.43678758,-13.120555,-10.340718,0.45547548,3,"{""geodesic"":false,""type"":""Point"",""coordinates"":[110.45568361280067,-7.277256983569231]}"
1_2_50_0,0.0444,0.1454,0.0766,0.045,0.0656,0.0482,0.11,0.2299,0.2751,0.281,0.3013,0.3,-0.25481138,0.47213432,0.21557416,0.6214656,-0.37819907,-0.3099099,0.013139218,0.72392637,-0.57158834,-0.5273109,0.7071689,-0.6214656,0.43734014,0.42112878,-19.694588,-13.675354,0.4285714,3,"{""geodesic"":false,""type"":""Point"",""coordinates"":[110.4178279772566,-7.269340412459296]}"
1_2_49_0,0.0482,0.1371,0.0702,0.037,0.0534,0.0362,0.0798,0.209,0.2833,0.2862,0.2974,0.2616,-0.30191338,0.50982946,0.23211843,0.68551236,-0.43937007,-0.32272065,0.008879246,0.7710396,-0.60606056,-0.5749569,0.7754342,-0.68551236,0.5639344,0.45598248,-17.059603,-9.735859,0.45408162,3,"{""geodesic"":false,""type"":""Point"",""coordinates"":[110.41818869194296,-7.270607232041983]}"
1_2_38_0,0.0504,0.1623,0.088,0.052,0.078,0.0664,0.1255,0.2401,0.288,0.2817,0.3124,0.3163,-0.18669982,0.4172157,0.19830453,0.5663052,-0.35081148,-0.2968438,0.020742634,0.6883428,-0.5239383,-0.51469904,0.6185004,-0.5663052,0.38359526,0.38079235,-15.14928,-13.433428,0.41327813,3,"{""geodesic"":false,""type"":""Point"",""coordinates"":[110.40640594369796,-7.275566919921227]}"
1_2_183_0,0.0446,0.1473,0.0771,0.0385,0.0566,0.0394,0.0802,0.2111,0.2628,0.2613,0.2683,0.2565,-0.23247686,0.45886925,0.2027779,0.64391315,-0.44482592,-0.31283423,0.011625488,0.7431621,-0.54432625,-0.5855759,0.7379448,-0.64391315,0.5303075,0.41569877,-18.547548,-5.5187407,0.41785446,3,"{""geodesic"":false,""type"":""Point"",""coordinates"":[110.43815170007244,-7.31604044846215]}"
1_2_186_0,0.046,0.1657,0.0913,0.0462,0.0692,0.0524,0.1122,0.2487,0.3074,0.312,0.3339,0.3293,-0.24310255,0.5070709,0.23952092,0.636936,-0.41081312,-0.28949416,0.015333719,0.74204355,-0.5472353,-0.5639453,0.71240395,-0.636936,0.47100425,0.4504859,-14.906348,-12.617486,0.46457702,3,"{""geodesic"":false,""type"":""Point"",""coordinates"":[110.43298625718484,-7.3172098816353675]}"
1_2_83_0,0.0504,0.14,0.0722,0.0349,0.0474,0.0345,0.0769,0.2228,0.3048,0.3273,0.327,0.2796,-0.34972984,0.57522297,0.27410325,0.7469976,-0.4941302,-0.3195099,0.0076104486,0.8072888,-0.6385482,-0.60091484,0.8092869,-0.7469976,0.61949533,0.50963104,-20.681538,-11.323346,0.5086987,3,"{""geodesic"":false,""type"":""Point"",""coordinates"":[110.43450217690626,-7.264296071922392]}"
1_2_115_0,0.0443,0.1769,0.0864,0.0336,0.051,0.0324,0.0804,0.2533,0.3113,0.2974,0.3294,0.3191,-0.22524522,0.53436035,0.23939162,0.7072331,-0.5524353,-0.3437144,0.009412778,0.79697883,-0.54976547,-0.6807601,0.8035173,-0.7072331,0.57437795,0.4790311,-16.737446,-10.036016,0.47617328,3,"{""geodesic"":false,""type"":""Point"",""coordinates"":[110.45108283090671,-7.2614218861051585]}"
1_2_130_0,0.0402,0.1446,0.067,0.0289,0.0415,0.0259,0.0729,0.2061,0.2583,0.2223,0.2688,0.2899,-0.19136824,0.42292947,0.17536391,0.6853677,-0.55400324,-0.36672968,0.0078061186,0.76990443,-0.53681296,-0.6668588,0.7912973,-0.6853677,0.50609756,0.39374498,-10.661347,-3.469368,0.3861821,3,"{""geodesic"":false,""type"":""Point"",""coordinates"":[110.4605660853595,-7.2850419231435]}"
1_2_144_0,0.0493,0.1791,0.0988,0.0284,0.0489,0.0344,0.0758,0.2184,0.279,0.2713,0.2955,0.2938,-0.16796567,0.46829286,0.21125618,0.6945659,-0.5710526,-0.28895286,0.012527536,0.81047714,-0.4660902,-0.7262651,0.77494276,-0.6945659,0.56323826,0.44104505,-13.771319,-8.080561,0.45560834,3,"{""geodesic"":false,""type"":""Point"",""coordinates"":[110.46210028830883,-7.28992829979233]}"
1_2_172_0,0.0379,0.1429,0.0708,0.0322,0.0474,0.0294,0.0662,0.2184,0.2864,0.2791,0.2866,0.2606,-0.2874276,0.5142092,0.22958547,0.7096478,-0.5018392,-0.33738887,0.007457972,0.79312557,-0.59531295,-0.63221014,0.8094003,-0.7096478,0.6165653,0.4632653,-12.640427,-9.508266,0.4564896,3,"{""geodesic"":false,""type"":""Point"",""coordinates"":[110.45455472455234,-7.3118092437420765]}"
1_2_76_0,0.0481,0.1539,0.0812,0.0448,0.0708,0.0524,0.1154,0.257,0.3065,0.3178,0.3345,0.3421,-0.27474073,0.5118809,0.2474121,0.635615,-0.36982644,-0.3092301,0.013388547,0.7528958,-0.5929824,-0.5490689,0.71690977,-0.635615,0.46722066,0.45748103,-19.888126,-8.707727,0.47472754,3,"{""geodesic"":false,""type"":""Point"",""coordinates"":[110.42073171492602,-7.265454605096579]}"
1_2_91_0,0.0401,0.1955,0.0983,0.0375,0.053,0.0373,0.0908,0.2218,0.265,0.2518,0.2902,0.2962,-0.108216815,0.44898897,0.18646371,0.652231,-0.5734407,-0.3308373,0.014561518,0.74075353,-0.43844613,-0.67811155,0.7419578,-0.652231,0.46993577,0.407743,-13.76473,-11.421971,0.40725958,3,"{""geodesic"":false,""type"":""Point"",""coordinates"":[110.4449228301777,-7.261595304456957]}"
1_2_21_0,0.058,0.1812,0.1075,0.0462,0.0673,0.058,0.0955,0.2193,0.2683,0.2514,0.2848,0.2587,-0.10879284,0.3859047,0.17156643,0.57765925,-0.4583501,-0.25528228,0.024801115,0.6895161,-0.40094733,-0.59366757,0.6250808,-0.57765925,0.44940904,0.35841364,-15.332398,-9.914755,0.3859077,3,"{""geodesic"":false,""type"":""Point"",""coordinates"":[110.41064002889644,-7.293572767142038]}"
1_2_150_0,0.0375,0.1377,0.0647,0.0322,0.0481,0.0277,0.0688,0.2264,0.3009,0.2938,0.3137,0.3047,-0.3268213,0.54595816,0.24660574,0.7186312,-0.482239,-0.36067197,0.006100034,0.802454,-0.6390516,-0.6209535,0.82768273,-0.7186312,0.62051845,0.48587948,-16.285324,-7.544272,0.47506052,3,"{""geodesic"":false,""type"":""Point"",""coordinates"":[110.45593235574245,-7.2963431921155735]}"
1_2_90_0,0.0385,0.1751,0.0818,0.0318,0.0518,0.0288,0.076,0.2303,0.2862,0.2923,0.3135,0.318,-0.2276515,0.53705364,0.23757263,0.6989247,-0.5434112,-0.36317635,0.008059665,0.8037642,-0.56268376,-0.6926051,0.8206166,-0.6989247,0.58729297,0.48136646,-10.450092,-7.2382216,0.4741536,3,"{""geodesic"":false,""type"":""Point"",""coordinates"":[110.44437820992228,-7.262499182910488]}"
1_2_123_0,0.0501,0.199,0.1123,0.0467,0.0764,0.0598,0.1324,0.2664,0.2963,0.2878,0.3169,0.2313,-0.12759146,0.4396961,0.20333092,0.58045036,-0.44517067,-0.27850947,0.02333405,0.7207773,-0.43864036,-0.6198616,0.65592635,-0.58045036,0.3698239,0.40349224,-20.432018,-7.530201,0.4333733,3,"{""geodesic"":false,""type"":""Point"",""coordinates"":[110.45423332610427,-7.277978874993934]}"
1_2_157_0,0.0408,0.2099,0.1047,0.0386,0.077,0.0386,0.1247,0.2865,0.3202,0.334,0.3337,0.3453,-0.19980676,0.5787164,0.26504213,0.6253041,-0.46322763,-0.3343929,0.0121000605,0.7928073,-0.52268064,-0.689336,0.7928073,-0.6253041,0.4562895,0.5077928,-10.059612,-6.972432,0.5077928,3,"{""geodesic"":false,""type"":""Point"",""coordinates"":[110.46064195588966,-7.297343839119803]}"
1_2_31_0,0.046,0.1316,0.0655,0.0329,0.0434,0.0286,0.0629,0.2219,0.3154,0.3196,0.3271,0.2935,-0.3750731,0.58459556,0.27274626,0.76088154,-0.504,-0.3353628,0.0058613895,0.81333333,-0.6598286,-0.6,0.83572656,-0.76088154,0.6711111,0.5146192,-15.9466,-8.588845,0.5044575,3,"{""geodesic"":false,""type"":""Point"",""coordinates"":[110.40567827096437,-7.277827311488545]}"
1_2_9_0,0.0324,0.1391,0.0609,0.0294,0.046,0.0281,0.0741,0.2235,0.273,0.285,0.3071,0.2943,-0.30564782,0.5208418,0.23722851,0.72205436,-0.50297135,-0.391,0.0060045263,0.8129771,-0.64787513,-0.6510386,0.8205046,-0.72205436,0.5873016,0.47392693,-12.436804,-9.330663,0.47077602,3,"{""geodesic"":false,""type"":""Point"",""coordinates"":[110.41886523545882,-7.307965592924212]}"
1_2_119_0,0.0396,0.1357,0.0698,0.035,0.0492,0.0361,0.0682,0.1912,0.257,0.2354,0.2578,0.258,-0.22297603,0.4188735,0.18164884,0.6542516,-0.46782047,-0.3206813,0.010704247,0.7411243,-0.542595,-0.58992386,0.73407,-0.6542516,0.5507246,0.3874919,-12.328783,-12.634672,0.39018694,3,"{""geodesic"":false,""type"":""Point"",""coordinates"":[110.45387458164387,-7.274993442128723]}"
1_2_39_0,0.0504,0.144,0.0742,0.0509,0.0742,0.0528,0.1065,0.2521,0.3093,0.3063,0.3295,0.3163,-0.28953072,0.5105329,0.2373375,0.6099869,-0.31989002,-0.31989002,0.012790596,0.7150056,-0.6099869,-0.47768083,0.7059315,-0.6099869,0.48401165,0.44261438,-21.35091,-11.031739,0.44692022,3,"{""geodesic"":false,""type"":""Point"",""coordinates"":[110.40667758636914,-7.275657729571131]}"
1_2_64_0,0.0455,0.1515,0.0734,0.0332,0.0518,0.0292,0.0756,0.2556,0.3571,0.375,0.3727,0.3004,-0.38631347,0.6643867,0.32412592,0.75726336,-0.49040827,-0.34726545,0.0057154135,0.83733463,-0.67261374,-0.6404981,0.8555171,-0.75726336,0.6644474,0.57365626,-14.76943,-12.916778,0.5645232,3,"{""geodesic"":false,""type"":""Point"",""coordinates"":[110.42652826380098,-7.266185602528396]}"
1_2_166_0,0.0391,0.1585,0.0798,0.032,0.0514,0.0268,0.0725,0.2456,0.3127,0.3232,0.3251,0.2707,-0.31433856,0.59565914,0.27306005,0.72557396,-0.510243,-0.33025596,0.0066170795,0.8198198,-0.6039702,-0.664042,0.84685713,-0.72557396,0.6335608,0.52305883,-21.473122,-8.462728,0.5107577,3,"{""geodesic"":false,""type"":""Point"",""coordinates"":[110.45999771725096,-7.30575534257012]}"
1_2_72_0,0.0452,0.1318,0.0643,0.0351,0.0483,0.032,0.0674,0.2053,0.2881,0.2942,0.3038,0.2858,-0.33563173,0.535999,0.24451339,0.7179562,-0.4636313,-0.3442121,0.006993882,0.78682053,-0.6412831,-0.57938886,0.80380136,-0.7179562,0.6272124,0.47603485,-14.237483,-14.09331,0.46864825,3,"{""geodesic"":false,""type"":""Point"",""coordinates"":[110.42589714906588,-7.263832995506478]}"
1_2_122_0,0.0438,0.1685,0.0774,0.0323,0.0483,0.0296,0.0767,0.2365,0.2812,0.2911,0.3076,0.2742,-0.24026844,0.5330425,0.23688406,0.7153801,-0.55442804,-0.37047583,0.007870285,0.8002474,-0.57991856,-0.67828685,0.8154038,-0.7153801,0.5829255,0.47794566,-13.942498,-6.689465,0.4714598,3,"{""geodesic"":false,""type"":""Point"",""coordinates"":[110.45441275422104,-7.279426364093956]}"
1_2_52_0,0.0445,0.1497,0.0762,0.0432,0.073,0.0503,0.1214,0.2701,0.3203,0.3321,0.3447,0.3467,-0.3047106,0.5378273,0.2641843,0.63959515,-0.34440953,-0.32536522,0.011541283,0.76978415,-0.62674505,-0.5520995,0.7369247,-0.63959515,0.4646086,0.47903445,-19.35559,-10.854161,0.49508741,3,"{""geodesic"":false,""type"":""Point"",""coordinates"":[110.4164714038215,-7.267620042341974]}"
1_2_142_0,0.044,0.116,0.0589,0.0425,0.0728,0.0552,0.1053,0.1877,0.1921,0.203,0.2159,0.2024,-0.17830573,0.3040026,0.13702498,0.47208118,-0.22881353,-0.32647225,0.016016157,0.6537678,-0.55021,-0.46372238,0.5724245,-0.47208118,0.31689912,0.29240304,-17.882345,-7.1948743,0.3229376,3,"{""geodesic"":false,""type"":""Point"",""coordinates"":[110.46373017179306,-7.290563418141102]}"
1_2_22_0,0.0552,0.1437,0.0747,0.0405,0.0499,0.0342,0.0755,0.2216,0.2892,0.3041,0.2991,0.2247,-0.31904307,0.55970305,0.25049436,0.7180791,-0.48450416,-0.3159341,0.008400987,0.76494485,-0.60559666,-0.5602606,0.7978126,-0.7180791,0.60221285,0.4829417,-12.79085,-9.342142,0.46815062,3,"{""geodesic"":false,""type"":""Point"",""coordinates"":[110.41317633743196,-7.2937569749804645]}"
1_2_95_0,0.037,0.1875,0.087,0.0264,0.0464,0.0264,0.0773,0.2702,0.3529,0.332,0.3815,0.3316,-0.25248992,0.59114826,0.27704975,0.75475687,-0.60324925,-0.36612022,0.0069180722,0.85267854,-0.58472556,-0.7531557,0.85267854,-0.75475687,0.6222819,0.5340168,-13.910262,-8.686598,0.5340168,3,"{""geodesic"":false,""type"":""Point"",""coordinates"":[110.44836329607304,-7.263046771042722]}"
1_2_61_0,0.0482,0.1668,0.0845,0.0386,0.0566,0.033,0.0799,0.2411,0.3072,0.3547,0.3279,0.3255,-0.3262519,0.6366767,0.29798788,0.7247751,-0.4932856,-0.32749704,0.007861573,0.8037122,-0.61520946,-0.624148,0.82976526,-0.7247751,0.63230556,0.5435958,-16.657656,-11.08312,0.5307847,3,"{""geodesic"":false,""type"":""Point"",""coordinates"":[110.42290218622573,-7.26826144915544]}"
1_2_30_0,0.0473,0.1486,0.075,0.0372,0.0496,0.03,0.0698,0.2639,0.3671,0.3704,0.3812,0.3231,-0.39065167,0.6693409,0.31938165,0.7638095,-0.49949545,-0.3291592,0.006074514,0.8174681,-0.66322404,-0.59956944,0.85014987,-0.7638095,0.6828714,0.56708133,-18.183035,-13.107354,0.55068314,3,"{""geodesic"":false,""type"":""Point"",""coordinates"":[110.40567672331134,-7.279003209033175]}"
1_2_17_0,0.0474,0.1331,0.0734,0.0321,0.0505,0.0334,0.0737,0.1968,0.2307,0.2521,0.2446,0.2244,-0.2611493,0.45120692,0.2010311,0.666226,-0.44989106,-0.28910413,0.009724554,0.77410275,-0.5490015,-0.61138016,0.76602453,-0.666226,0.5475752,0.41763207,-12.191406,-6.2204113,0.420811,3,"{""geodesic"":false,""type"":""Point"",""coordinates"":[110.41425248711465,-7.302170581047218]}"
1_2_192_0,0.0422,0.1832,0.0978,0.0346,0.0525,0.0308,0.0871,0.2609,0.343,0.3733,0.3557,0.3535,-0.31178644,0.6593639,0.3154916,0.75340533,-0.55451846,-0.30391458,0.008069221,0.8303506,-0.5848015,-0.6822773,0.8475625,-0.75340533,0.62163335,0.56824464,-23.249971,-8.250664,0.559588,3,"{""geodesic"":false,""type"":""Point"",""coordinates"":[110.43424924413621,-7.321462811845374]}"
1_2_67_0,0.0463,0.1196,0.0587,0.0336,0.044,0.0312,0.0618,0.189,0.271,0.2876,0.2795,0.2179,-0.36101696,0.52420676,0.24073371,0.73462003,-0.46210268,-0.34155917,0.006368011,0.7907846,-0.6609876,-0.56135774,0.80426604,-0.73462003,0.6462507,0.46971178,-16.570383,-7.8128505,0.4639552,3,"{""geodesic"":false,""type"":""Point"",""coordinates"":[110.4284318189629,-7.265193008459925]}"
1_2_7_0,0.0337,0.1557,0.0683,0.0295,0.0449,0.0251,0.0745,0.2469,0.2996,0.3175,0.3321,0.3481,-0.314892,0.5862774,0.26925498,0.7522075,-0.55234295,-0.39017856,0.0053994646,0.8299712,-0.6459305,-0.68142545,0.8534734,-0.7522075,0.61989796,0.52053165,-17.688118,-6.1534004,0.5100354,3,"{""geodesic"":false,""type"":""Point"",""coordinates"":[110.41967263980173,-7.314117497879341]}"
1_2_47_0,0.0446,0.1397,0.0731,0.0405,0.0557,0.0403,0.079,0.193,0.2376,0.2141,0.2513,0.3275,-0.17165211,0.37712103,0.15618429,0.5871016,-0.42988738,-0.3129699,0.013759598,0.6818539,-0.49094707,-0.55049944,0.6831761,-0.5871016,0.46093485,0.34557265,-15.032854,-6.3781557,0.3450835,3,"{""geodesic"":false,""type"":""Point"",""coordinates"":[110.41700908614139,-7.272143435090105]}"
1_2_139_0,0.0484,0.1452,0.0736,0.0301,0.0482,0.0297,0.0694,0.2569,0.3305,0.3272,0.3328,0.2328,-0.3427283,0.5812136,0.27703103,0.7432072,-0.5015512,-0.32723948,0.0066806846,0.8315141,-0.63273454,-0.65658873,0.83356684,-0.7432072,0.6500252,0.5207726,-17.777912,-9.369645,0.5198297,3,"{""geodesic"":false,""type"":""Point"",""coordinates"":[110.45576580410379,-7.28422208421121]}"
1_2_169_0,0.0365,0.1291,0.0652,0.0298,0.0468,0.0303,0.0705,0.1766,0.2202,0.2329,0.2182,0.2184,-0.24472874,0.42520148,0.1850906,0.66535574,-0.46787947,-0.32887286,0.008482439,0.77312523,-0.5625629,-0.6249213,0.76975685,-0.66535574,0.53526694,0.3981918,-15.196108,-7.4840784,0.3994362,3,"{""geodesic"":false,""type"":""Point"",""coordinates"":[110.45518976807901,-7.311086376006877]}"
1_2_154_0,0.0418,0.1077,0.0553,0.0405,0.0578,0.045,0.0806,0.164,0.1994,0.2111,0.2051,0.2426,-0.24462032,0.35269883,0.15498827,0.5701004,-0.30151057,-0.32147238,0.011788253,0.6780604,-0.5848348,-0.4534413,0.64857477,-0.5701004,0.44737744,0.3295199,-13.842048,-8.654363,0.34047365,3,"{""geodesic"":false,""type"":""Point"",""coordinates"":[110.4569296323964,-7.295711210229117]}"
1_2_198_0,0.0522,0.1726,0.0905,0.0352,0.0511,0.0348,0.0836,0.2272,0.2592,0.2494,0.2895,0.2792,-0.15691057,0.44925475,0.19017902,0.6599002,-0.54313815,-0.31204867,0.012627906,0.7526353,-0.46749046,-0.6612127,0.75510204,-0.6599002,0.4978979,0.41048202,-16.334806,-9.018386,0.40950805,3,"{""geodesic"":false,""type"":""Point"",""coordinates"":[110.40614594705599,-7.266611648079675]}"
1_2_89_0,0.0383,0.172,0.0794,0.0288,0.0501,0.0266,0.0756,0.2406,0.2976,0.3173,0.3222,0.3195,-0.27079123,0.576374,0.26493213,0.72727275,-0.5488519,-0.3683373,0.0066562877,0.8335741,-0.5996975,-0.7131474,0.8453039,-0.72727275,0.6151692,0.51670814,-12.329378,-8.34682,0.51146436,3,"{""geodesic"":false,""type"":""Point"",""coordinates"":[110.4457363225332,-7.263043570400878]}"
1_2_181_0,0.0443,0.1283,0.0666,0.035,0.0544,0.0302,0.0828,0.2133,0.249,0.2367,0.2626,0.2431,-0.26313344,0.44681495,0.18911466,0.62624526,-0.4044882,-0.31657258,0.008497339,0.7423629,-0.56083083,-0.5713411,0.77369803,-0.62624526,0.48169014,0.4038988,-12.22965,-11.257695,0.3920565,3,"{""geodesic"":false,""type"":""Point"",""coordinates"":[110.4491133591441,-7.316415799664533]}"
1_2_97_0,0.0587,0.1415,0.0705,0.0304,0.0385,0.0265,0.0654,0.2071,0.2397,0.2587,0.2628,0.241,-0.2649311,0.48793817,0.21181965,0.74091524,-0.57222223,-0.33490565,0.0072216853,0.78969216,-0.57168895,-0.646306,0.81416553,-0.74091524,0.5964209,0.44358128,-10.616813,-2.7941768,0.43397543,3,"{""geodesic"":false,""type"":""Point"",""coordinates"":[110.44645668856357,-7.266572174918394]}"
1_2_143_0,0.0405,0.1825,0.0943,0.0326,0.0621,0.0357,0.0992,0.2942,0.3459,0.3676,0.3597,0.2841,-0.2943079,0.6204666,0.30588403,0.7109611,-0.49223223,-0.31864163,0.0091580795,0.83708143,-0.5916865,-0.69688517,0.82296056,-0.7109611,0.5749786,0.5511458,-15.768121,-6.201318,0.5582093,3,"{""geodesic"":false,""type"":""Point"",""coordinates"":[110.46309721931677,-7.289567665982746]}"
1_2_37_0,0.0464,0.1128,0.0564,0.0449,0.0631,0.049,0.0892,0.1727,0.2093,0.2286,0.2393,0.3187,-0.25660464,0.37863135,0.16829333,0.5673637,-0.28254688,-0.33333334,0.012089239,0.67166364,-0.6042105,-0.43056437,0.6469741,-0.5673637,0.43864065,0.34645063,-14.669032,-8.950459,0.35623786,3,"{""geodesic"":false,""type"":""Point"",""coordinates"":[110.40667663588542,-7.276381359037426]}"
1_2_41_0,0.0506,0.2142,0.1057,0.0453,0.0836,0.0456,0.1273,0.3816,0.4359,0.4944,0.4459,0.3592,-0.35009378,0.78557676,0.4189206,0.7107266,-0.43854937,-0.3391685,0.00974903,0.83212894,-0.64772534,-0.65086704,0.83111113,-0.7107266,0.5904777,0.6473077,-12.036267,-5.9277897,0.6479273,3,"{""geodesic"":false,""type"":""Point"",""coordinates"":[110.40568731364415,-7.270952832310145]}"
1_2_10_0,0.0316,0.1421,0.0621,0.0304,0.0493,0.0271,0.0737,0.2257,0.2812,0.2902,0.3064,0.3039,-0.30910572,0.53702646,0.24271964,0.7095729,-0.4848485,-0.39177278,0.005799139,0.8103556,-0.64745957,-0.6475362,0.82918376,-0.7095729,0.59494364,0.48287043,-20.460379,-11.193015,0.4748964,3,"{""geodesic"":false,""type"":""Point"",""coordinates"":[110.41669309457252,-7.306334619747035]}"
1_2_13_0,0.0503,0.284,0.1431,0.0479,0.0902,0.0498,0.1314,0.3842,0.4426,0.4577,0.4688,0.3564,-0.20467,0.72982645,0.36639497,0.67074287,-0.5179049,-0.32989937,0.015569979,0.81052214,-0.5236352,-0.71135885,0.80374384,-0.67074287,0.5538958,0.6072953,-18.58643,-13.038467,0.61127687,3,"{""geodesic"":false,""type"":""Point"",""coordinates"":[110.40673831042487,-7.298361712011716]}"
1_2_113_0,0.0415,0.1762,0.0855,0.0353,0.0488,0.0335,0.0771,0.2245,0.2769,0.2587,0.2956,0.2835,-0.16736154,0.47114944,0.19991064,0.68260163,-0.56622225,-0.34658006,0.011071704,0.759864,-0.5031958,-0.66619384,0.770705,-0.68260163,0.5407981,0.4264075,-13.311753,-8.337784,0.4220403,3,"{""geodesic"":false,""type"":""Point"",""coordinates"":[110.44392706232212,-7.261051358886045]}"
1_2_203_0,0.0413,0.1777,0.0805,0.0389,0.0512,0.0311,0.0785,0.2555,0.3479,0.3704,0.3739,0.3784,-0.32438117,0.6704209,0.31331947,0.7571158,-0.55264306,-0.37645236,0.006759044,0.80991936,-0.64293635,-0.6408126,0.845081,-0.7571158,0.6502562,0.5645591,-13.757499,-13.032887,0.54684925,3,"{""geodesic"":false,""type"":""Point"",""coordinates"":[110.42619861077664,-7.3116835948380094]}"
1_2_33_0,0.0419,0.1382,0.0679,0.0335,0.0525,0.0321,0.077,0.2542,0.3484,0.3344,0.3613,0.3144,-0.36714977,0.5923966,0.2834969,0.72861207,-0.44939697,-0.34109655,0.0065179127,0.8178853,-0.66244096,-0.6097845,0.82482946,-0.72861207,0.62566847,0.52331215,-16.803743,-9.938737,0.5200484,3,"{""geodesic"":false,""type"":""Point"",""coordinates"":[110.41030048431375,-7.276114728972682]}"
1_2_18_0,0.0453,0.135,0.0679,0.0375,0.0539,0.035,0.0763,0.2158,0.282,0.2755,0.2952,0.2857,-0.29606622,0.49927342,0.22277795,0.6727383,-0.4293277,-0.33070478,0.008626135,0.76038337,-0.6045428,-0.5652174,0.7745572,-0.6727383,0.56623083,0.44509563,-14.730767,-10.078432,0.4391144,3,"{""geodesic"":false,""type"":""Point"",""coordinates"":[110.41416436665186,-7.300270935690977]}"
1_2_60_0,0.0578,0.1558,0.0858,0.0453,0.0628,0.0547,0.0947,0.2388,0.3209,0.2895,0.3249,0.2199,-0.22794792,0.4593294,0.216883,0.64348567,-0.4254346,-0.2897351,0.016211607,0.7293907,-0.5427658,-0.5494779,0.68216157,-0.64348567,0.50702757,0.41719973,-14.954725,-7.53679,0.43878773,3,"{""geodesic"":false,""type"":""Point"",""coordinates"":[110.42262904234937,-7.269346550919451]}"
1_2_36_0,0.0546,0.1259,0.0597,0.0305,0.0419,0.0254,0.0537,0.213,0.3091,0.2997,0.3152,0.2541,-0.37154725,0.5605509,0.25648934,0.75468385,-0.5005959,-0.35668102,0.00505966,0.81526345,-0.6677796,-0.60997444,0.8437404,-0.75468385,0.69609505,0.49866682,-19.479712,-9.547226,0.4863888,3,"{""geodesic"":false,""type"":""Point"",""coordinates"":[110.4080374609498,-7.2748454235954085]}"
1_2_32_0,0.0482,0.1497,0.0676,0.0375,0.0634,0.0377,0.1143,0.2977,0.3505,0.3447,0.3912,0.2554,-0.34199437,0.5951227,0.2871513,0.68929183,-0.4049742,-0.3778187,0.0073934435,0.8037677,-0.67208344,-0.599359,0.80282426,-0.68929183,0.5019608,0.52187216,-9.47662,-6.735987,0.5223305,3,"{""geodesic"":false,""type"":""Point"",""coordinates"":[110.40539971730743,-7.2829828125690605]}"
1_2_19_0,0.0654,0.1911,0.1246,0.0441,0.0689,0.0423,0.1107,0.2393,0.2975,0.3333,0.3103,0.2293,-0.23575638,0.57905835,0.26462957,0.6573844,-0.47000003,-0.21064302,0.015813323,0.7662957,-0.45577636,-0.625,0.77476037,-0.6573844,0.50135136,0.4985153,-14.089282,-3.566639,0.4944153,3,"{""geodesic"":false,""type"":""Point"",""coordinates"":[110.40973589769293,-7.292214779985604]}"
1_2_107_0,0.0489,0.123,0.066,0.042,0.0638,0.0448,0.1115,0.2088,0.2436,0.2466,0.2547,0.2231,-0.26468012,0.42027658,0.18794136,0.58891755,-0.3169165,-0.3015873,0.011990267,0.70893973,-0.5777351,-0.4909091,0.6925189,-0.58891755,0.3772689,0.38248673,-10.914486,-5.3882627,0.38917068,3,"{""geodesic"":false,""type"":""Point"",""coordinates"":[110.43866888008617,-7.264482154247047]}"
1_2_129_0,0.0438,0.1535,0.0719,0.03,0.045,0.0309,0.0758,0.2131,0.2547,0.2896,0.2904,0.3034,-0.26825398,0.5174,0.23697278,0.7310221,-0.5465995,-0.36202306,0.0076716505,0.81226534,-0.602213,-0.67302454,0.8071763,-0.7310221,0.5851122,0.47294334,-12.994224,-9.490599,0.47510982,3,"{""geodesic"":false,""type"":""Point"",""coordinates"":[110.45893633502499,-7.284316340556695]}"
1_2_26_0,0.0481,0.0751,0.0404,0.0407,0.0488,0.034,0.0717,0.1242,0.1387,0.112,0.1275,0.1728,-0.16653936,0.19292605,0.07071624,0.39303485,-0.21226795,-0.3004329,0.012264285,0.46692863,-0.4698163,-0.2970639,0.53424656,-0.39303485,0.21937944,0.18111455,-15.864928,-15.185155,0.16385783,3,"{""geodesic"":false,""type"":""Point"",""coordinates"":[110.4016852250875,-7.283249278893514]}"
1_2_128_0,0.0463,0.1823,0.0865,0.0319,0.048,0.0336,0.0786,0.2525,0.3294,0.2927,0.3403,0.3485,-0.20111006,0.5161149,0.2327473,0.71822715,-0.5831524,-0.35639882,0.009929621,0.8034504,-0.5437764,-0.70214754,0.79405457,-0.71822715,0.57662266,0.47034976,-8.861056,-1.1865301,0.47441182,3,"{""geodesic"":false,""type"":""Point"",""coordinates"":[110.45857310768572,-7.2850395428989785]}"
1_2_6_0,0.0453,0.1371,0.0684,0.0374,0.0552,0.0411,0.0776,0.2014,0.2402,0.2235,0.2735,0.2846,-0.1883398,0.38332212,0.16538683,0.60387516,-0.42589703,-0.33430654,0.0125782555,0.7133001,-0.5313463,-0.5713467,0.6893424,-0.60387516,0.48455662,0.35783416,-13.39712,-6.65903,0.36686817,3,"{""geodesic"":false,""type"":""Point"",""coordinates"":[110.42465328883078,-7.315752054342494]}"
1_2_96_0,0.0376,0.1589,0.0731,0.0273,0.046,0.0241,0.0633,0.226,0.3076,0.3028,0.3182,0.3113,-0.28668877,0.5606969,0.25481066,0.73623854,-0.5510005,-0.36982757,0.005818065,0.83459556,-0.61106676,-0.7067669,0.8525543,-0.73623854,0.65419286,0.50556296,-16.25767,-7.784848,0.49783158,3,"{""geodesic"":false,""type"":""Point"",""coordinates"":[110.44800062380835,-7.2633176936509045]}"
1_2_114_0,0.0439,0.1721,0.0862,0.0354,0.0506,0.0359,0.0751,0.2138,0.2536,0.2684,0.2794,0.2824,-0.18718253,0.47709927,0.20836258,0.6827586,-0.545577,-0.33255902,0.011529732,0.766952,-0.5138184,-0.6587952,0.76404864,-0.6827586,0.5627366,0.4336069,-13.053227,-9.674116,0.43480968,3,"{""geodesic"":false,""type"":""Point"",""coordinates"":[110.45008562634855,-7.262053861095596]}"
1_2_59_0,0.0598,0.1668,0.0902,0.0436,0.0642,0.0463,0.0921,0.1896,0.2079,0.2038,0.2272,0.1907,-0.07448422,0.34102717,0.13614492,0.52089554,-0.44415587,-0.2980545,0.020491954,0.6475344,-0.38639453,-0.5855513,0.6297481,-0.52089554,0.37749237,0.31495798,-12.333128,-9.946195,0.32151458,3,"{""geodesic"":false,""type"":""Point"",""coordinates"":[110.42190169257812,-7.2714260685365835]}"
1_2_146_0,0.0383,0.1338,0.062,0.0296,0.0411,0.0263,0.0572,0.2156,0.3012,0.2896,0.3171,0.3067,-0.33194244,0.53717154,0.2442488,0.75143635,-0.53001714,-0.3667007,0.0056305244,0.81453633,-0.6473265,-0.6376989,0.8334916,-0.75143635,0.6701269,0.4840667,-15.282923,-6.970136,0.47607425,3,"{""geodesic"":false,""type"":""Point"",""coordinates"":[110.45702240466231,-7.293902231066778]}"
1_2_92_0,0.0423,0.1635,0.0791,0.0356,0.0477,0.0317,0.0689,0.2006,0.2432,0.2403,0.2673,0.2836,-0.17130122,0.4482166,0.18524234,0.66875,-0.54829544,-0.34789777,0.010434748,0.7419355,-0.5046963,-0.6423908,0.76691175,-0.66875,0.55433375,0.40531087,-14.478969,-6.7938027,0.39573398,3,"{""geodesic"":false,""type"":""Point"",""coordinates"":[110.44628182622375,-7.261416055223959]}"
1_2_131_0,0.0396,0.1646,0.0748,0.0349,0.0546,0.0331,0.0761,0.2467,0.3046,0.3025,0.3031,0.309,-0.2610727,0.54343003,0.24609551,0.6942033,-0.5018248,-0.37510443,0.008184727,0.7931239,-0.6034986,-0.6501253,0.80274135,-0.6942033,0.5979926,0.4836046,-14.141056,-5.7854023,0.47934082,3,"{""geodesic"":false,""type"":""Point"",""coordinates"":[110.45993130630875,-7.285583893644501]}"
1_2_43_0,0.0478,0.1446,0.0754,0.0468,0.076,0.0485,0.1165,0.2812,0.3405,0.3399,0.3646,0.3448,-0.33390823,0.5691851,0.2743691,0.6345275,-0.3109701,-0.31454545,0.010758754,0.7579519,-0.636889,-0.5109718,0.75025743,-0.6345275,0.4894829,0.4920081,-15.859602,-8.305044,0.4958272,3,"{""geodesic"":false,""type"":""Point"",""coordinates"":[110.415107586348,-7.271507807572592]}"
1_2_162_0,0.0401,0.1274,0.0611,0.038,0.0579,0.0389,0.093,0.2195,0.2843,0.2865,0.3081,0.285,-0.32233092,0.50125515,0.231916,0.66376305,-0.37506744,-0.35172415,0.0082959505,0.76579356,-0.6484465,-0.54050785,0.7609097,-0.66376305,0.50988144,0.44996366,-17.41962,-11.108947,0.4520922,3,"{""geodesic"":false,""type"":""Point"",""coordinates"":[110.4572843689177,-7.302043452861414]}"
1_2_70_0,0.0476,0.1631,0.0774,0.0344,0.055,0.032,0.0761,0.2605,0.3416,0.3419,0.3499,0.3126,-0.31711584,0.60721844,0.28666636,0.7228521,-0.4956442,-0.35634097,0.0072442237,0.81716716,-0.63081324,-0.65164554,0.82883126,-0.7228521,0.6358852,0.53192586,-19.508701,-10.240857,0.5263608,3,"{""geodesic"":false,""type"":""Point"",""coordinates"":[110.42997142961768,-7.2654663081318045]}"
1_2_15_0,0.0419,0.166,0.0921,0.0397,0.0577,0.0393,0.0872,0.2413,0.3039,0.3075,0.3208,0.3283,-0.2568326,0.5383164,0.24574617,0.6840088,-0.4841305,-0.2863231,0.011770829,0.77131337,-0.539039,-0.614001,0.77335644,-0.6840088,0.5581454,0.47508267,-12.623263,-7.47207,0.47415015,3,"{""geodesic"":false,""type"":""Point"",""coordinates"":[110.4090957137462,-7.29682708765927]}"
1_2_110_0,0.0568,0.1817,0.0912,0.0405,0.057,0.0408,0.0885,0.2399,0.2868,0.3361,0.3194,0.2464,-0.25721917,0.5780449,0.27032962,0.7099975,-0.5224131,-0.33162332,0.011070991,0.7849177,-0.57313365,-0.63546354,0.783497,-0.7099975,0.5831371,0.5051317,-8.869193,-4.876839,0.50581795,3,"{""geodesic"":false,""type"":""Point"",""coordinates"":[110.43849006633866,-7.26258239099626]}"
1_2_118_0,0.0387,0.1399,0.0671,0.0313,0.0438,0.0246,0.0597,0.2381,0.3607,0.3776,0.3677,0.3342,-0.42622954,0.68387,0.3325665,0.7921215,-0.52313554,-0.3516908,0.004371451,0.84690636,-0.69822353,-0.63434577,0.8776728,-0.7921215,0.7269609,0.5868987,-15.966168,-10.774542,0.571515,3,"{""geodesic"":false,""type"":""Point"",""coordinates"":[110.45342372170758,-7.273274261822161]}"
1_2_140_0,0.0551,0.3001,0.1683,0.0588,0.0954,0.076,0.1452,0.3185,0.3614,0.3673,0.4003,0.404,-0.062328607,0.5268393,0.2515849,0.5876378,-0.5175727,-0.28138342,0.03482385,0.72400844,-0.37154594,-0.6723321,0.65711707,-0.5876378,0.43336585,0.46321425,-15.076018,-10.515587,0.49967605,3,"{""geodesic"":false,""type"":""Point"",""coordinates"":[110.4613742641501,-7.291012890957677]}"
1_2_173_0,0.0348,0.1233,0.0611,0.0306,0.0489,0.0327,0.0655,0.1813,0.2298,0.2367,0.2369,0.2689,-0.2629341,0.42379925,0.18794382,0.65756303,-0.43205574,-0.3373102,0.008440937,0.7710438,-0.5896575,-0.6023392,0.7572383,-0.65756303,0.5665122,0.3977125,-16.860197,-6.4155264,0.4029063,3,"{""geodesic"":false,""type"":""Point"",""coordinates"":[110.45636750407553,-7.311087797415844]}"
1_2_112_0,0.0443,0.1722,0.079,0.0375,0.0507,0.0346,0.0804,0.2574,0.3462,0.3563,0.3502,0.3654,-0.31135532,0.62702215,0.29731447,0.7508599,-0.54508746,-0.37101907,0.007671626,0.80954796,-0.6370319,-0.6423462,0.8229726,-0.7508599,0.63178384,0.54164326,-14.576556,-4.1838098,0.53501904,3,"{""geodesic"":false,""type"":""Point"",""coordinates"":[110.44419515092781,-7.264036684733071]}"
1_2_191_0,0.0477,0.1693,0.0883,0.0425,0.0705,0.0519,0.1071,0.2387,0.2679,0.2769,0.2892,0.2995,-0.18165,0.44307038,0.2041943,0.5941278,-0.41201,-0.31444103,0.01655027,0.733876,-0.51642936,-0.598678,0.68430656,-0.5941278,0.4421875,0.40721524,-16.720533,-11.970475,0.42909446,3,"{""geodesic"":false,""type"":""Point"",""coordinates"":[110.43515487110844,-7.321735311058267]}"
1_2_80_0,0.0508,0.1733,0.0962,0.0402,0.0582,0.0447,0.1083,0.2113,0.2522,0.2618,0.2728,0.2744,-0.16153845,0.44179893,0.19430943,0.63624996,-0.4971922,-0.28608537,0.016425287,0.73377484,-0.46256983,-0.6234192,0.7083197,-0.63624996,0.41475275,0.40378177,-17.645468,-8.327649,0.41446382,3,"{""geodesic"":false,""type"":""Point"",""coordinates"":[110.43178529861711,-7.263749952252797]}"
1_2_20_0,0.0515,0.1443,0.0746,0.0352,0.0501,0.0366,0.0835,0.2102,0.2656,0.2591,0.2826,0.2791,-0.23863634,0.45793197,0.20341334,0.6759379,-0.4845679,-0.31841022,0.010537863,0.7607883,-0.5528918,-0.6077995,0.7524518,-0.6759379,0.51255107,0.419442,-13.582043,-9.6222925,0.42282513,3,"{""geodesic"":false,""type"":""Point"",""coordinates"":[110.40873714681584,-7.2939320970872386]}"
1_2_176_0,0.035,0.1365,0.0661,0.0276,0.0396,0.0263,0.0578,0.1822,0.2514,0.2657,0.2542,0.2681,-0.2861215,0.49198523,0.21987031,0.74058306,-0.55025554,-0.3474827,0.0065428303,0.8117968,-0.6015672,-0.66361976,0.819863,-0.74058306,0.6426584,0.4534091,-15.844189,-10.073943,0.450208,3,"{""geodesic"":false,""type"":""Point"",""coordinates"":[110.45672408862919,-7.315882313247887]}"
1_2_177_0,0.0338,0.1305,0.0632,0.0246,0.0385,0.0231,0.0551,0.1898,0.2679,0.2748,0.276,0.2684,-0.3218543,0.5120433,0.23266652,0.7542292,-0.5443787,-0.34744453,0.0053126635,0.83567137,-0.6260355,-0.68278533,0.8449144,-0.7542292,0.66595936,0.4731796,-16.782785,-7.53158,0.46947712,3,"{""geodesic"":false,""type"":""Point"",""coordinates"":[110.45654169272446,-7.316877092160458]}"
1_2_14_0,0.0366,0.1602,0.0726,0.0297,0.0504,0.0253,0.0757,0.3013,0.3583,0.3884,0.3924,0.3206,-0.38535452,0.68902045,0.33919293,0.77028257,-0.52136755,-0.37628865,0.004729094,0.8579287,-0.68503255,-0.68720376,0.8776891,-0.77028257,0.6737772,0.5960928,-10.838928,-5.8154364,0.58604723,3,"{""geodesic"":false,""type"":""Point"",""coordinates"":[110.40692139980185,-7.296914692328991]}"
1_2_165_0,0.0367,0.1522,0.0758,0.0291,0.0474,0.0262,0.0669,0.2329,0.316,0.3119,0.3202,0.3028,-0.31305352,0.5710117,0.26337022,0.7361536,-0.5250501,-0.33508772,0.0063672974,0.8293255,-0.608976,-0.6789851,0.84501624,-0.7361536,0.6467793,0.51133513,-11.32757,-11.094131,0.50439954,3,"{""geodesic"":false,""type"":""Point"",""coordinates"":[110.45963468905413,-7.306297635149671]}"
1_2_109_0,0.0478,0.137,0.0621,0.0325,0.0505,0.0299,0.072,0.2088,0.2617,0.2666,0.2873,0.3108,-0.28369102,0.49220213,0.21771969,0.6814885,-0.4613333,-0.37619284,0.006964703,0.7826814,-0.62214786,-0.61651915,0.7983137,-0.6814885,0.5747194,0.44576272,-9.268244,-5.8535023,0.43943188,3,"{""geodesic"":false,""type"":""Point"",""coordinates"":[110.43921530734946,-7.262131015672173]}"
1_2_85_0,0.0484,0.1511,0.0731,0.039,0.0568,0.0352,0.0915,0.2335,0.2765,0.3062,0.312,0.3115,-0.29896522,0.55310637,0.25046015,0.6870523,-0.45358345,-0.34790364,0.008403396,0.77404404,-0.6145531,-0.5896896,0.7937903,-0.6870523,0.53985417,0.48312336,-11.648256,-6.8242245,0.47420728,3,"{""geodesic"":false,""type"":""Point"",""coordinates"":[110.43015818207911,-7.261034284194604]}"
1_2_25_0,0.0499,0.1383,0.0686,0.0409,0.054,0.0381,0.071,0.2152,0.2824,0.2813,0.2924,0.2656,-0.29241878,0.50534016,0.22544251,0.6779004,-0.43837753,-0.33687773,0.009291361,0.74612045,-0.607888,-0.54352677,0.7614277,-0.6779004,0.59693444,0.4452038,-16.868616,-11.95014,0.43857944,3,"{""geodesic"":false,""type"":""Point"",""coordinates"":[110.40267966434917,-7.2847883060161465]}"
1_2_193_0,0.0414,0.1642,0.0814,0.0356,0.056,0.0293,0.0806,0.2771,0.3615,0.3705,0.3763,0.3362,-0.35456973,0.6667709,0.31729296,0.73739743,-0.49137145,-0.33713353,0.006437301,0.8246737,-0.6397433,-0.6436436,0.8534267,-0.73739743,0.6426513,0.56879306,-18.836887,-11.413918,0.554409,3,"{""geodesic"":false,""type"":""Point"",""coordinates"":[110.43895994245261,-7.321740068151114]}"
1_2_168_0,0.0392,0.1211,0.0595,0.0305,0.0392,0.025,0.0543,0.1974,0.2817,0.275,0.2929,0.2631,-0.35296723,0.52246606,0.23296912,0.75047743,-0.510917,-0.34108526,0.005409091,0.80032736,-0.64424515,-0.5976253,0.8333333,-0.75047743,0.6702095,0.46875,-19.10743,-7.188276,0.45530728,3,"{""geodesic"":false,""type"":""Point"",""coordinates"":[110.4574578106111,-7.308465930653533]}"
1_2_148_0,0.0382,0.155,0.0781,0.0285,0.0434,0.0238,0.0741,0.2602,0.3644,0.391,0.3806,0.3662,-0.40230653,0.6954282,0.34394866,0.80018413,-0.5625,-0.3299013,0.0047539133,0.86412394,-0.66702193,-0.6893733,0.8852459,-0.80018413,0.6813589,0.6020988,-16.991543,-10.70102,0.591354,3,"{""geodesic"":false,""type"":""Point"",""coordinates"":[110.45493846913423,-7.29417108619488]}"
1_2_134_0,0.045,0.2255,0.1135,0.0406,0.0745,0.045,0.1157,0.3037,0.3496,0.348,0.3764,0.3457,-0.17918372,0.5767034,0.27101168,0.64733726,-0.50333333,-0.33038348,0.014676725,0.7910448,-0.50812566,-0.6948516,0.77099234,-0.64733726,0.5009704,0.5089586,-14.714392,-8.345451,0.5189061,3,"{""geodesic"":false,""type"":""Point"",""coordinates"":[110.46011908726861,-7.280066385613723]}"
1_2_106_0,0.0485,0.1529,0.0803,0.0463,0.0722,0.0494,0.1064,0.2288,0.247,0.2529,0.28,0.2583,-0.19322036,0.4232353,0.18515769,0.555829,-0.3585073,-0.31132072,0.015685331,0.690508,-0.5180072,-0.5351405,0.67317235,-0.555829,0.40773728,0.38046867,-11.27431,-8.045318,0.38776276,3,"{""geodesic"":false,""type"":""Point"",""coordinates"":[110.43866966562118,-7.263848974547979]}"
1_2_200_0,0.0316,0.1726,0.0902,0.0382,0.0584,0.0468,0.0821,0.2227,0.2836,0.3108,0.3,0.3072,-0.22800842,0.50570834,0.24170564,0.6836403,-0.49437228,-0.31354642,0.01358224,0.7810888,-0.55012465,-0.63757116,0.738255,-0.6836403,0.5820819,0.46175373,-15.757303,-12.778092,0.48162544,3,"{""geodesic"":false,""type"":""Point"",""coordinates"":[110.42031287187358,-7.309414718280171]}"
1_2_152_0,0.0457,0.1452,0.0738,0.032,0.0446,0.0266,0.0775,0.2288,0.3103,0.3199,0.326,0.2834,-0.3438992,0.5915692,0.27228165,0.7552812,-0.5300316,-0.32602742,0.006136542,0.81813014,-0.62509525,-0.6388262,0.84646463,-0.7552812,0.6099648,0.5197283,-15.435971,-10.305058,0.5069257,3,"{""geodesic"":false,""type"":""Point"",""coordinates"":[110.45756323181354,-7.296164243969009]}"
1_2_23_0,0.0582,0.1569,0.0772,0.0363,0.0548,0.0347,0.0813,0.2322,0.3012,0.3324,0.3258,0.2599,-0.31608066,0.586786,0.27604365,0.71694213,-0.48228627,-0.3404528,0.008059085,0.80309194,-0.6230469,-0.6242236,0.8109507,-0.71694213,0.60696155,0.5149925,-15.016311,-4.988529,0.5112812,3,"{""geodesic"":false,""type"":""Point"",""coordinates"":[110.411548889981,-7.291312605049989]}"
1_2_0_0,0.0525,0.1615,0.0816,0.0318,0.0483,0.0326,0.0847,0.2491,0.2891,0.2762,0.328,0.2834,-0.22684722,0.49379712,0.22075626,0.7023112,-0.5395615,-0.32867134,0.009631283,0.7935065,-0.5438793,-0.6709778,0.7888601,-0.7023112,0.5306179,0.4517804,-12.891788,-4.507399,0.45371285,3,"{""geodesic"":false,""type"":""Point"",""coordinates"":[110.4467282252513,-7.266753415167777]}"
1_2_105_0,0.0472,0.1483,0.07,0.0392,0.056,0.0411,0.0804,0.2332,0.261,0.2762,0.2969,0.2847,-0.24960378,0.47831216,0.21610196,0.6628537,-0.4517866,-0.35868073,0.010416365,0.75142676,-0.5956095,-0.5818667,0.7409392,-0.6628537,0.5490746,0.43148172,-10.722606,-5.678749,0.43598235,3,"{""geodesic"":false,""type"":""Point"",""coordinates"":[110.44482580786206,-7.2668415452757]}"
1_2_2_0,0.0432,0.1609,0.0868,0.0426,0.0647,0.0501,0.1083,0.23,0.2733,0.2855,0.296,0.309,-0.21721387,0.4646297,0.21576396,0.63049686,-0.42641842,-0.2991522,0.015231804,0.74032307,-0.53370935,-0.5813268,0.70143026,-0.63049686,0.4499746,0.4225706,-17.095472,-10.537314,0.43998307,3,"{""geodesic"":false,""type"":""Point"",""coordinates"":[110.43679151560158,-7.317033746114758]}"
1_2_167_0,0.0398,0.1607,0.0845,0.0307,0.0505,0.0291,0.0728,0.2487,0.3353,0.3207,0.3343,0.3,-0.29859573,0.57626176,0.26827776,0.72790945,-0.52178025,-0.3107667,0.0076674465,0.82527035,-0.582922,-0.67920583,0.8336192,-0.72790945,0.6299873,0.51470935,-15.041981,-11.416122,0.51092315,3,"{""geodesic"":false,""type"":""Point"",""coordinates"":[110.4591812832012,-7.306658910003491]}"
1_2_180_0,0.0338,0.1322,0.0628,0.0258,0.0389,0.0225,0.0534,0.2186,0.3122,0.2831,0.3251,0.2972,-0.33261433,0.53201044,0.24115892,0.7583851,-0.5452952,-0.35589746,0.004991169,0.83295566,-0.6368893,-0.67341775,0.8527487,-0.7583851,0.68261516,0.48522842,-14.526727,-11.650283,0.47712943,3,"{""geodesic"":false,""type"":""Point"",""coordinates"":[110.45581812812229,-7.3158812201334875]}"
1_2_160_0,0.0424,0.1381,0.0677,0.0331,0.0486,0.03,0.0623,0.2167,0.3031,0.3035,0.3135,0.2527,-0.3338617,0.5535317,0.25434247,0.72394204,-0.47937867,-0.3420797,0.006691927,0.8033274,-0.6352371,-0.6133177,0.82008994,-0.72394204,0.6593767,0.49220157,-12.842252,-13.288769,0.4848195,3,"{""geodesic"":false,""type"":""Point"",""coordinates"":[110.4561976868236,-7.301680327277977]}"
1_2_44_0,0.0451,0.1424,0.0718,0.0446,0.072,0.046,0.1091,0.2565,0.3157,0.3277,0.338,0.3413,-0.32798287,0.55487704,0.26461592,0.6397298,-0.3283582,-0.3295985,0.010078731,0.7604083,-0.6405507,-0.52299464,0.7538132,-0.6397298,0.5004579,0.4836328,-16.246294,-10.665361,0.48681647,3,"{""geodesic"":false,""type"":""Point"",""coordinates"":[110.41628462669014,-7.271961594737291]}"
1_2_145_0,0.0417,0.1416,0.0682,0.0322,0.0447,0.029,0.0619,0.2099,0.2898,0.2884,0.2969,0.3046,-0.3053746,0.53116554,0.23944497,0.73161215,-0.5201288,-0.349857,0.006857836,0.7991266,-0.6174986,-0.62945914,0.8172653,-0.73161215,0.6465886,0.47602153,-15.6559105,-10.439302,0.46831587,3,"{""geodesic"":false,""type"":""Point"",""coordinates"":[110.45702469334455,-7.2920026884759075]}"
1_2_65_0,0.0434,0.104,0.049,0.0344,0.0481,0.0324,0.0718,0.1817,0.2392,0.2535,0.2582,0.2862,-0.3570587,0.46453485,0.20841102,0.6810345,-0.3675214,-0.35947713,0.0062627215,0.7610281,-0.6760331,-0.50289017,0.7733473,-0.6810345,0.5585613,0.42200026,-14.421616,-9.575134,0.41712147,3,"{""geodesic"":false,""type"":""Point"",""coordinates"":[110.42743515031461,-7.265372660207945]}"
1_2_153_0,0.0518,0.1395,0.0703,0.0425,0.055,0.0426,0.0837,0.2152,0.2516,0.2411,0.2723,0.2661,-0.21795146,0.42128274,0.18132733,0.62850386,-0.43444732,-0.32983798,0.012421318,0.7002821,-0.5484907,-0.53296703,0.6996828,-0.62850386,0.4846059,0.37992856,-14.267166,-11.74042,0.38016844,3,"{""geodesic"":false,""type"":""Point"",""coordinates"":[110.45792679751303,-7.2951696803313935]}"
1_2_35_0,0.0433,0.1539,0.0744,0.0358,0.0526,0.0339,0.0702,0.241,0.3288,0.3203,0.3453,0.3435,-0.3094319,0.57042706,0.26513356,0.71788687,-0.4905569,-0.348226,0.007874368,0.7989329,-0.62300485,-0.62256193,0.8085827,-0.71788687,0.64046097,0.5029267,-26.065992,-11.246557,0.4984815,3,"{""geodesic"":false,""type"":""Point"",""coordinates"":[110.40740240250568,-7.2755682243293744]}"
1_2_29_0,0.0471,0.1647,0.0781,0.0378,0.052,0.0294,0.0715,0.2886,0.4085,0.4016,0.417,0.3515,-0.3872139,0.7188104,0.34822208,0.7707231,-0.52007383,-0.35667214,0.0057174806,0.8279472,-0.6743798,-0.62666667,0.8635731,-0.7707231,0.69773835,0.59967774,-14.993568,-16.228193,0.5809027,3,"{""geodesic"":false,""type"":""Point"",""coordinates"":[110.40504272770266,-7.278911922758337]}"
1_2_69_0,0.0492,0.1348,0.0698,0.039,0.051,0.0364,0.0685,0.1922,0.2677,0.2229,0.2688,0.2269,-0.20942046,0.40585828,0.1690615,0.6276013,-0.45102262,-0.31769308,0.011398475,0.7021764,-0.52306116,-0.55120826,0.7192441,-0.6276013,0.52985585,0.36843145,-14.828442,-6.4849787,0.3620554,3,"{""geodesic"":false,""type"":""Point"",""coordinates"":[110.42906580287864,-7.2652842609198585]}"
1_2_182_0,0.0439,0.1262,0.0629,0.0417,0.0616,0.0434,0.0915,0.2231,0.286,0.2896,0.3069,0.3151,-0.32281893,0.49747425,0.23152615,0.64920276,-0.343983,-0.33474356,0.009426312,0.74826443,-0.6431206,-0.50327575,0.73933935,-0.64920276,0.5198111,0.44333735,-18.176773,-9.146261,0.44731146,3,"{""geodesic"":false,""type"":""Point"",""coordinates"":[110.4395107501601,-7.315951686711825]}"
1_2_141_0,0.0502,0.2899,0.1636,0.0532,0.0866,0.0679,0.1561,0.3052,0.3351,0.3526,0.376,0.3894,-0.06286014,0.5229611,0.24535705,0.60564667,-0.53997344,-0.27850056,0.031504367,0.7378019,-0.36613718,-0.68988633,0.6770511,-0.60564667,0.38627875,0.46393266,-17.103325,-11.325635,0.49580482,3,"{""geodesic"":false,""type"":""Point"",""coordinates"":[110.4620085099853,-7.290923191458116]}"
1_2_86_0,0.0495,0.2094,0.1031,0.05,0.0838,0.0552,0.1279,0.3329,0.3809,0.3804,0.4141,0.3407,-0.23856115,0.6082598,0.2978726,0.63894874,-0.42837653,-0.34015998,0.014960883,0.767658,-0.5735264,-0.614495,0.74655646,-0.63894874,0.4967539,0.52137667,-13.184884,-10.886916,0.53267413,3,"{""geodesic"":false,""type"":""Point"",""coordinates"":[110.429796527211,-7.260491104519666]}"
1_2_46_0,0.0457,0.144,0.0709,0.0399,0.0664,0.0386,0.0996,0.2704,0.3503,0.3564,0.3719,0.3367,-0.3691484,0.6164889,0.29912096,0.6859035,-0.3688213,-0.3401582,0.007678844,0.7986374,-0.6681489,-0.5660685,0.80455697,-0.6859035,0.5631579,0.53262573,-19.862076,-15.702592,0.52967757,3,"{""geodesic"":false,""type"":""Point"",""coordinates"":[110.41574063941842,-7.272322709900858]}"
1_2_187_0,0.0464,0.1469,0.0729,0.0374,0.0551,0.0356,0.0801,0.2414,0.3222,0.3086,0.335,0.3172,-0.30936614,0.5496497,0.25327536,0.697003,-0.45445544,-0.3366697,0.008409721,0.783815,-0.6178244,-0.59414,0.7931435,-0.697003,0.58785695,0.48507464,-16.425047,-9.450281,0.48085108,3,"{""geodesic"":false,""type"":""Point"",""coordinates"":[110.43280826310004,-7.314676943131335]}"
1_2_202_0,0.0471,0.1771,0.0762,0.0378,0.0558,0.0325,0.0864,0.3273,0.4087,0.3801,0.4405,0.404,-0.3319522,0.67280895,0.32197392,0.74397796,-0.52082443,-0.3983419,0.0065153902,0.8190955,-0.6660092,-0.6482085,0.8424624,-0.74397796,0.629582,0.57133466,-12.922445,-3.6427612,0.5593747,3,"{""geodesic"":false,""type"":""Point"",""coordinates"":[110.42547431537787,-7.311320856541758]}"
1_2_40_0,0.0485,0.1414,0.0743,0.0468,0.0691,0.0482,0.1088,0.2457,0.298,0.3075,0.3141,0.3119,-0.30281302,0.52039015,0.24278305,0.6330324,-0.34346792,-0.3110802,0.011646373,0.73581713,-0.610791,-0.50265676,0.72898513,-0.6330324,0.47730002,0.45454013,-18.974602,-12.33296,0.4577432,3,"{""geodesic"":false,""type"":""Point"",""coordinates"":[110.4064073698762,-7.2744814757276295]}"
1_2_170_0,0.0347,0.1234,0.0628,0.0314,0.0473,0.0318,0.0637,0.1832,0.233,0.2194,0.2397,0.2523,-0.23546797,0.39925086,0.1713666,0.64529437,-0.44581136,-0.32545653,0.009102279,0.7496013,-0.5549256,-0.5943153,0.74681526,-0.64529437,0.54998237,0.37460065,-13.994046,-9.483177,0.37559935,3,"{""geodesic"":false,""type"":""Point"",""coordinates"":[110.45627745601837,-7.310635416554613]}"
1_2_62_0,0.0489,0.1266,0.0607,0.0344,0.0479,0.0303,0.0674,0.2028,0.2766,0.2919,0.2786,0.2068,-0.3505795,0.53796166,0.24453367,0.7180695,-0.45100287,-0.35184196,0.006300822,0.7891511,-0.6557005,-0.5726708,0.8119181,-0.7180695,0.6248261,0.47725615,-19.788448,-6.5901556,0.46744525,3,"{""geodesic"":false,""type"":""Point"",""coordinates"":[110.427524705514,-7.266186861066957]}"
1_2_126_0,0.0393,0.1319,0.0633,0.0328,0.0508,0.0315,0.0757,0.2212,0.29,0.3041,0.3156,0.3361,-0.34679195,0.54646784,0.25480705,0.71372217,-0.4438971,-0.35143444,0.006556889,0.8052835,-0.6554164,-0.60170007,0.81227654,-0.71372217,0.60136914,0.48934898,-13.610442,-10.694541,0.48625883,3,"{""geodesic"":false,""type"":""Point"",""coordinates"":[110.45721404199877,-7.285218823859228]}"
1_2_194_0,0.0489,0.1281,0.0645,0.0412,0.0526,0.0404,0.0714,0.1878,0.2261,0.2051,0.2372,0.2093,-0.18756029,0.3616601,0.14915776,0.5917734,-0.41781956,-0.33021808,0.012705021,0.6654486,-0.52151334,-0.51329,0.6708758,-0.5917734,0.4835443,0.33138832,-16.136972,-10.169545,0.32942516,3,"{""geodesic"":false,""type"":""Point"",""coordinates"":[110.39824792336016,-7.279445667307091]}"
1_2_11_0,0.0316,0.1269,0.0513,0.0256,0.0382,0.0247,0.0562,0.1945,0.2531,0.2685,0.2838,0.3065,-0.3197218,0.4976729,0.22568806,0.75089663,-0.53725016,-0.42424244,0.0047192182,0.82590955,-0.6791745,-0.6642623,0.8315143,-0.75089663,0.6538343,0.46104386,-13.092345,-6.1883326,0.4588213,3,"{""geodesic"":false,""type"":""Point"",""coordinates"":[110.41533548531302,-7.30533787020114]}"
1_2_108_0,0.0507,0.1389,0.0597,0.036,0.046,0.0301,0.0744,0.2285,0.2736,0.2331,0.3003,0.2712,-0.22848666,0.44373524,0.1837184,0.670369,-0.5024337,-0.39879152,0.007709009,0.7324415,-0.5922131,-0.58833617,0.7712766,-0.670369,0.51609755,0.398978,-14.912996,-5.0950456,0.38441035,3,"{""geodesic"":false,""type"":""Point"",""coordinates"":[110.43939591710414,-7.262583510775426]}"
1_2_4_0,0.0441,0.1583,0.083,0.035,0.0539,0.0347,0.0804,0.2279,0.2954,0.3127,0.2977,0.2749,-0.2861106,0.55228865,0.25609556,0.70594656,-0.4919887,-0.3120597,0.0092104245,0.798677,-0.5804903,-0.6378686,0.80023026,-0.70594656,0.5909438,0.49209347,-17.399824,-9.472425,0.49138847,3,"{""geodesic"":false,""type"":""Point"",""coordinates"":[110.43579473261966,-7.317213407288292]}"
1_2_93_0,0.0409,0.1729,0.0803,0.0346,0.0536,0.0338,0.0784,0.2534,0.3073,0.3169,0.3324,0.3164,-0.25940526,0.56161726,0.25844863,0.7106613,-0.52671087,-0.3657188,0.0085646575,0.80312943,-0.5956697,-0.66650605,0.8072427,-0.7106613,0.60333925,0.49917716,-12.383665,-8.6710615,0.4972989,3,"{""geodesic"":false,""type"":""Point"",""coordinates"":[110.44745909951358,-7.2616888533060555]}"
1_2_137_0,0.0466,0.1252,0.0659,0.0327,0.0484,0.0332,0.0695,0.213,0.2764,0.2577,0.2868,0.2316,-0.29411763,0.46321133,0.2081957,0.68376344,-0.4423963,-0.31030875,0.008490027,0.7747934,-0.59270704,-0.5858138,0.7717429,-0.68376344,0.5751834,0.42578074,-13.576148,-11.634135,0.42699897,3,"{""geodesic"":false,""type"":""Point"",""coordinates"":[110.45567586914662,-7.283679248711806]}"
1_2_135_0,0.0527,0.2216,0.1241,0.046,0.0744,0.0509,0.1224,0.2916,0.3331,0.3327,0.3583,0.2991,-0.16308357,0.5448148,0.25154847,0.63448787,-0.4972973,-0.28203645,0.018986143,0.7570636,-0.456655,-0.65620327,0.7346194,-0.63448787,0.46209627,0.4783839,-13.974327,-10.157737,0.4894162,3,"{""geodesic"":false,""type"":""Point"",""coordinates"":[110.45585999288997,-7.281237196878273]}"
1_2_84_0,0.0507,0.1325,0.0677,0.0333,0.048,0.0332,0.0633,0.2041,0.2895,0.2683,0.2961,0.2333,-0.29081962,0.48265243,0.217502,0.69649065,-0.46814403,-0.32367632,0.008377339,0.7791777,-0.5970238,-0.5983112,0.7797678,-0.69649065,0.6182147,0.4399875,-16.207378,-9.095926,0.43974552,3,"{""geodesic"":false,""type"":""Point"",""coordinates"":[110.43522697266134,-7.264206520280565]}"
1_2_158_0,0.0382,0.1227,0.0655,0.038,0.0567,0.0414,0.0865,0.2054,0.2593,0.2646,0.283,0.2884,-0.29676452,0.4543974,0.20879199,0.64705884,-0.36789298,-0.30393198,0.010248299,0.7488434,-0.6031506,-0.5270691,0.7294118,-0.64705884,0.5072629,0.41538462,-18.555252,-9.374419,0.42349863,3,"{""geodesic"":false,""type"":""Point"",""coordinates"":[110.45810188631735,-7.300235344396367]}"
1_2_1_0,0.0439,0.1595,0.0789,0.0392,0.0576,0.0376,0.0757,0.223,0.2911,0.2867,0.2951,0.31,-0.24627152,0.5111631,0.22749683,0.6654081,-0.46936896,-0.33808723,0.0103475405,0.7594354,-0.5683808,-0.6054353,0.76811594,-0.6654081,0.5822296,0.4532937,-19.066977,-9.247995,0.44950965,3,"{""geodesic"":false,""type"":""Point"",""coordinates"":[110.43624884793967,-7.316309434352333]}"
1_2_195_0,0.0473,0.1297,0.0715,0.0428,0.0623,0.0426,0.0978,0.2129,0.2397,0.2328,0.2533,0.243,-0.23063184,0.40731543,0.1747641,0.57777023,-0.35104167,-0.2892644,0.0130837625,0.6894049,-0.530069,-0.5037681,0.6906318,-0.57777023,0.40834847,0.36793914,-11.05585,-8.65527,0.36745745,3,"{""geodesic"":false,""type"":""Point"",""coordinates"":[110.40105326557688,-7.281620276023333]}"
1_2_51_0,0.0447,0.1547,0.0789,0.0478,0.0745,0.0528,0.1113,0.2688,0.336,0.34,0.3508,0.3455,-0.3028725,0.5530309,0.26914123,0.64053077,-0.3499127,-0.3244863,0.012252706,0.75348115,-0.6232991,-0.52790123,0.7311609,-0.64053077,0.5067583,0.4825269,-13.802666,-11.930801,0.49369228,3,"{""geodesic"":false,""type"":""Point"",""coordinates"":[110.41610684172994,-7.269338199503093]}"
1_2_147_0,0.0373,0.1316,0.0629,0.0308,0.0442,0.0284,0.0623,0.2051,0.2781,0.2818,0.2921,0.3274,-0.3228946,0.51875204,0.23511085,0.72883433,-0.49715587,-0.3532134,0.006339106,0.80294305,-0.635045,-0.6206897,0.8168923,-0.72883433,0.63789594,0.46914342,-17.206203,-10.475339,0.4633276,3,"{""geodesic"":false,""type"":""Point"",""coordinates"":[110.45684067619594,-7.294354285370031]}"
1_2_197_0,0.0533,0.1395,0.0758,0.0465,0.0728,0.0518,0.1059,0.2245,0.2509,0.2514,0.2643,0.2481,-0.21790676,0.4112242,0.18405776,0.5508945,-0.31417805,-0.29586625,0.015618299,0.6878147,-0.5366748,-0.5,0.6583113,-0.5508945,0.4072208,0.37275895,-17.280615,-9.398834,0.38519862,3,"{""geodesic"":false,""type"":""Point"",""coordinates"":[110.41248293011274,-7.2696953345143775]}"
1_2_188_0,0.045,0.1659,0.0842,0.0396,0.0644,0.0402,0.1003,0.2642,0.3354,0.344,0.3649,0.3361,-0.3010005,0.5895824,0.28152338,0.68462294,-0.4407295,-0.32666934,0.009839651,0.79353493,-0.6067258,-0.6145986,0.790734,-0.68462294,0.5485033,0.51538116,-14.202773,-11.698191,0.5167497,3,"{""geodesic"":false,""type"":""Point"",""coordinates"":[110.42646404489254,-7.316658902443072]}"
1_2_125_0,0.0429,0.1464,0.0706,0.0348,0.0538,0.0335,0.0842,0.2388,0.3173,0.3284,0.336,0.3278,-0.33750686,0.58124405,0.2748918,0.718472,-0.46253747,-0.34930876,0.0072018886,0.80837005,-0.64611524,-0.615894,0.81486595,-0.718472,0.5918565,0.51322657,-22.817936,-11.948236,0.5101946,3,"{""geodesic"":false,""type"":""Point"",""coordinates"":[110.45820977047863,-7.285853199296336]}"
1_2_79_0,0.0531,0.1477,0.0811,0.0472,0.0678,0.043,0.1125,0.2548,0.3002,0.3082,0.3249,0.3251,-0.30159312,0.54693943,0.24664502,0.6393617,-0.37076566,-0.2910839,0.011315056,0.73438376,-0.5833547,-0.515649,0.7551253,-0.6393617,0.4651771,0.46734023,-11.852006,-10.632706,0.4576806,3,"{""geodesic"":false,""type"":""Point"",""coordinates"":[110.4236364381225,-7.260754688385916]}"
1_2_24_0,0.0489,0.1631,0.0889,0.037,0.047,0.0348,0.0821,0.1959,0.2346,0.2168,0.261,0.2298,-0.1237547,0.39630696,0.15926261,0.6436695,-0.552594,-0.29444447,0.014269926,0.70843184,-0.41838405,-0.6301849,0.72337043,-0.6436695,0.4506524,0.36322513,-13.458414,-6.560859,0.35778722,3,"{""geodesic"":false,""type"":""Point"",""coordinates"":[110.41064475987956,-7.289954619720465]}"
1_2_201_0,0.0364,0.1492,0.0679,0.0276,0.042,0.0257,0.0723,0.2102,0.2672,0.2787,0.2836,0.3264,-0.2730673,0.51594746,0.23111326,0.738073,-0.5606695,-0.37448183,0.0062613203,0.8197845,-0.6081939,-0.6877828,0.83114326,-0.738073,0.58803415,0.4717802,-13.175261,-7.872189,0.46713382,3,"{""geodesic"":false,""type"":""Point"",""coordinates"":[110.42212219794234,-7.31140702692853]}"
1_2_100_0,0.0462,0.1587,0.0774,0.0371,0.0518,0.0344,0.0805,0.2254,0.2823,0.2854,0.3048,0.2918,-0.25096974,0.517078,0.2289715,0.6927639,-0.5078385,-0.34434563,0.009329222,0.7699225,-0.57331866,-0.6210419,0.78486556,-0.6927639,0.5599891,0.45925835,-9.302932,-5.872257,0.45282677,3,"{""geodesic"":false,""type"":""Point"",""coordinates"":[110.45162217579447,-7.264859811959751]}"
1_2_77_0,0.0489,0.1706,0.0902,0.0473,0.0805,0.0581,0.1338,0.294,0.3519,0.3457,0.3762,0.3669,-0.26427537,0.5367474,0.26766267,0.6222431,-0.35882118,-0.3082822,0.015159445,0.75928754,-0.5861436,-0.5658559,0.7122338,-0.6222431,0.44191867,0.477318,-15.136859,-8.857032,0.5012318,3,"{""geodesic"":false,""type"":""Point"",""coordinates"":[110.42018855057158,-7.2651825489864414]}"
1_2_171_0,0.0366,0.1117,0.0548,0.0285,0.04,0.0266,0.0562,0.1728,0.2279,0.2198,0.2361,0.2224,-0.2845318,0.4143611,0.17811853,0.69207084,-0.47264338,-0.34174174,0.006631847,0.77043897,-0.600874,-0.59343797,0.78409094,-0.69207084,0.5927536,0.38826367,-13.214734,-7.5630527,0.3834692,3,"{""geodesic"":false,""type"":""Point"",""coordinates"":[110.45582305754039,-7.311810776299594]}"
1_2_3_0,0.0452,0.1571,0.0753,0.0363,0.0528,0.0308,0.0717,0.2445,0.3448,0.3443,0.3529,0.3025,-0.33896217,0.6235828,0.29111704,0.734072,-0.4969033,-0.35197937,0.006736102,0.80924857,-0.64108676,-0.6246122,0.8357771,-0.734072,0.65528846,0.53736717,-15.882655,-11.087315,0.5246423,3,"{""geodesic"":false,""type"":""Point"",""coordinates"":[110.4363376275422,-7.317756811612168]}"
1_2_124_0,0.0427,0.1902,0.0981,0.041,0.0686,0.0496,0.1119,0.2774,0.3117,0.2777,0.3316,0.3417,-0.14127126,0.44979492,0.2031828,0.60381174,-0.4698609,-0.3194589,0.017521642,0.74270475,-0.4779138,-0.6453287,0.69691414,-0.60381174,0.4255647,0.41357428,-14.938963,-10.019508,0.43367535,3,"{""geodesic"":false,""type"":""Point"",""coordinates"":[110.45558975287261,-7.279970508045615]}"
2_22_0,0.0582,0.2112,0.1824,0.0608,0.0746,0.0817,0.1064,0.1419,0.1551,0.1576,0.1812,0.2421,0.14570701,0.15921296,0.052949946,0.35745046,-0.4779566,-0.07317072,0.09455635,0.44322345,0.072941184,0.55294114,0.31717512,-0.35745046,0.1939394,0.15399703,-10.813087,-1.974076,0.2021158,5,"{""geodesic"":false,""type"":""Point"",""coordinates"":[110.41470415627316,-7.303166159305521]}"
2_80_0,0.0851,0.3662,0.3674,0.0924,0.1054,0.3088,0.274,0.2784,0.2927,0.314,0.2667,0.2978,0.24838172,0.0052550714,-0.0049724574,0.49737722,-0.553011,0.0016357559,0.36131567,0.5452756,0.07836804,-0.59703445,0.008349387,-0.49737722,0.06802723,0.006946916,-12.585919,-7.633081,0.36672553,5,"{""geodesic"":false,""type"":""Point"",""coordinates"":[110.45749331388838,-7.278977792080052]}"
2_72_0,0.0509,0.227,0.1798,0.2194,0.2144,0.171,0.1416,0.2569,0.284,0.2735,0.2981,0.2748,-0.106521495,0.39181954,0.09257565,0.12113138,-0.028545547,-0.11602752,0.112416096,0.109758556,-0.20670636,-0.017025078,0.23059615,-0.12113138,0.31775475,0.16278453,-10.782608,-5.7012672,0.08173028,5,"{""geodesic"":false,""type"":""Point"",""coordinates"":[110.46147014877408,-7.286580728744281]}"
2_30_0,0.0641,0.2335,0.1988,0.0894,0.0927,0.1026,0.1138,0.1382,0.1569,0.1528,0.1705,0.1774,0.16237248,0.11430912,0.027001826,0.24480651,-0.43163705,-0.080268346,0.13348743,0.26176712,0.1308305,0.4462682,0.19655441,-0.24480651,0.14628655,0.09968227,-15.026951,-6.916855,0.12813257,5,"{""geodesic"":false,""type"":""Point"",""coordinates"":[110.42302651857669,-7.312674540344487]}"
2_106_0,0.0575,0.1475,0.1234,0.1274,0.124,0.1002,0.1178,0.1341,0.1282,0.1619,0.1329,0.1768,-0.07746742,0.19099802,0.053317472,0.13256384,-0.08655616,-0.08896268,0.076372325,0.11925338,-0.13494566,-0.073117495,0.23540634,-0.13256384,0.15766893,0.12144076,-13.5894785,-8.841729,0.06556443,5,"{""geodesic"":false,""type"":""Point"",""coordinates"":[110.44419037177205,-7.267926220539046]}"
2_151_0,0.0652,0.2308,0.2155,0.0896,0.0942,0.1046,0.125,0.1458,0.1574,0.1687,0.1833,0.2062,0.12986359,0.14253312,0.041734766,0.2833777,-0.4203077,-0.034281887,0.13361767,0.30623308,0.12181157,0.44069916,0.23454079,-0.2833777,0.14879127,0.12433725,-13.435043,-2.552517,0.1564684,5,"{""geodesic"":false,""type"":""Point"",""coordinates"":[110.40786967392864,-7.26462391562879]}"
2_46_0,0.0598,0.2143,0.1598,0.0491,0.0662,0.0654,0.1051,0.1892,0.177,0.2071,0.2111,0.191,0.04385146,0.28771576,0.11531187,0.5155507,-0.52798575,-0.145683,0.05046315,0.6167057,-0.12891799,-0.627183,0.52000004,-0.5155507,0.32671365,0.27514565,-16.750128,-9.663212,0.31340915,5,"{""geodesic"":false,""type"":""Point"",""coordinates"":[110.44883735248382,-7.319852726307193]}"
2_164_0,0.0648,0.2146,0.1869,0.0894,0.0987,0.105,0.1125,0.1423,0.1565,0.1525,0.1652,0.2053,0.13837932,0.10678959,0.028076638,0.21417198,-0.36993295,-0.068991266,0.12868524,0.2608516,0.10135534,0.4118421,0.18446605,-0.21417198,0.15094341,0.09405942,-7.46075,-8.996719,0.12757784,5,"{""geodesic"":false,""type"":""Point"",""coordinates"":[110.42122149145298,-7.307335444567245]}"
2_27_0,0.0572,0.1191,0.0777,0.0482,0.051,0.0542,0.091,0.1267,0.1372,0.1242,0.1457,0.1633,0.0026034035,0.16086037,0.05849839,0.41780823,-0.40035272,-0.21036586,0.033907726,0.44083527,-0.23031206,0.4237896,0.3923767,-0.41780823,0.1542751,0.15477595,-5.510019,1.0046841,0.16954194,5,"{""geodesic"":false,""type"":""Point"",""coordinates"":[110.42303371549194,-7.307066403905659]}"
2_94_0,0.0696,0.2415,0.1879,0.1188,0.1582,0.1546,0.1623,0.2385,0.2065,0.2027,0.2476,0.2552,0.10395763,0.0970306,0.032699544,0.12330288,-0.20840633,-0.12482533,0.14331199,0.26096424,-0.037890416,-0.34054956,0.1346208,-0.12330288,0.11068494,0.08415959,-10.538132,-3.6636605,0.15319538,5,"{""geodesic"":false,""type"":""Point"",""coordinates"":[110.45315589913889,-7.270017574318145]}"
2_4_0,0.0785,0.2546,0.2308,0.094,0.1007,0.0979,0.1293,0.1498,0.1716,0.1561,0.187,0.1835,0.1699303,0.14010592,0.030429548,0.21573211,-0.43315506,-0.049031697,0.14474902,0.24830072,0.19307314,-0.46069995,0.22913386,-0.21573211,0.09390331,0.11578249,-12.691095,-2.911534,0.12418346,5,"{""geodesic"":false,""type"":""Point"",""coordinates"":[110.40512210704857,-7.287414682911263]}"
2_147_0,0.0766,0.3166,0.2974,0.2512,0.2466,0.2402,0.2123,0.2328,0.2573,0.2986,0.2563,0.2394,0.006325695,0.17060056,0.044860344,0.09537782,-0.12428976,-0.031270355,0.2392347,0.086213164,-0.002013407,-0.115181416,0.108389,-0.09537782,0.16891758,0.084328055,-16.495806,-10.254321,0.067727186,5,"{""geodesic"":false,""type"":""Point"",""coordinates"":[110.41375371539921,-7.2677069917425925]}"
2_155_0,0.0692,0.2475,0.2345,0.0762,0.0893,0.1006,0.1185,0.1457,0.1635,0.1527,0.1784,0.1853,0.20658576,0.10993419,0.026066314,0.26198348,-0.46971497,-0.026970947,0.1544905,0.3342071,0.21126032,0.5291937,0.20568499,-0.26198348,0.12610622,0.103743546,-11.909974,-6.0633225,0.15742901,5,"{""geodesic"":false,""type"":""Point"",""coordinates"":[110.42164045928973,-7.263194411448273]}"
2_183_0,0.0797,0.2535,0.2349,0.0684,0.083,0.0814,0.136,0.1532,0.1689,0.1609,0.1947,0.2077,0.18716769,0.1749098,0.04900034,0.3193932,-0.5066865,-0.038083572,0.11883692,0.40340164,0.18696311,-0.5750233,0.32810566,-0.3193932,0.08386661,0.16064933,-15.416077,-10.843183,0.19025092,5,"{""geodesic"":false,""type"":""Point"",""coordinates"":[110.43505561783216,-7.328609697049786]}"
2_8_0,0.0674,0.2422,0.2062,0.0733,0.0814,0.0894,0.1168,0.1506,0.167,0.1571,0.1871,0.2105,0.18007118,0.14797816,0.04062071,0.31740046,-0.49690977,-0.08028545,0.11734106,0.36371532,0.13515,0.5353407,0.27464506,-0.31740046,0.147134,0.13603485,-11.512305,-4.725115,0.1720975,5,"{""geodesic"":false,""type"":""Point"",""coordinates"":[110.41000956371522,-7.290767875938439]}"
2_79_0,0.0851,0.4515,0.4347,0.097,0.1134,0.3628,0.2999,0.371,0.3626,0.3715,0.3468,0.2978,0.2695666,0.007710564,-0.0070194765,0.53227466,-0.598513,-0.01895733,0.42452,0.58591247,0.07839249,-0.6463081,0.011847996,-0.53227466,0.10664282,0.010572774,-10.354444,-9.949544,0.42514196,5,"{""geodesic"":false,""type"":""Point"",""coordinates"":[110.45758379387301,-7.2790683550627895]}"
2_171_0,0.06,0.1837,0.1448,0.0986,0.115,0.1164,0.1379,0.2001,0.2326,0.1957,0.2481,0.2499,0.009757728,0.17170449,0.06737306,0.2597361,-0.22999664,-0.11841701,0.0861253,0.32993546,-0.14948604,0.30145234,0.2540852,-0.2597361,0.1732614,0.14647211,-11.19448,-6.971912,0.18336901,5,"{""geodesic"":false,""type"":""Point"",""coordinates"":[110.42628747356162,-7.313040517953361]}"
2_153_0,0.0754,0.2375,0.2224,0.098,0.1126,0.1336,0.1423,0.164,0.1764,0.1771,0.195,0.1785,0.1485608,0.087440714,0.025086794,0.22264412,-0.35675523,-0.03283323,0.16777323,0.28753182,0.11339172,0.41579732,0.14000645,-0.22264412,0.108954296,0.080486014,-12.607003,-4.4365697,0.15307704,5,"{""geodesic"":false,""type"":""Point"",""coordinates"":[110.41892291220137,-7.263190940089844]}"
2_99_0,0.0757,0.2198,0.1971,0.1406,0.1542,0.1984,0.1848,0.2077,0.2344,0.2558,0.2283,0.1945,0.026761597,0.103111304,0.053607486,0.24780488,-0.17540105,-0.054449502,0.15287194,0.29061556,-0.12960921,0.21975583,0.12637605,-0.24780488,0.16114391,0.090232655,-19.596445,-5.8630157,0.1927711,5,"{""geodesic"":false,""type"":""Point"",""coordinates"":[110.45325304705709,-7.264590416304459]}"
2_90_0,0.0719,0.2308,0.2111,0.0784,0.0973,0.0974,0.1202,0.1394,0.1407,0.1361,0.1635,0.1847,0.20950803,0.08543044,0.015058774,0.16623819,-0.40688816,-0.044580236,0.15107378,0.26899764,0.21601383,0.49288487,0.16573873,-0.16623819,0.062036656,0.07914109,-13.009501,-4.228317,0.12113365,5,"{""geodesic"":false,""type"":""Point"",""coordinates"":[110.45641071386085,-7.275267855569761]}"
2_125_0,0.0927,0.3025,0.3289,0.2984,0.3096,0.3208,0.2201,0.2299,0.2548,0.3393,0.2603,0.2645,-0.011419512,0.045073584,0.021743136,0.04576978,0.011599389,0.041811846,0.31096706,0.06413673,-0.015564198,0.00682309,0.028026056,-0.04576978,0.21308546,0.023920352,-10.550104,-5.0616927,0.05392457,5,"{""geodesic"":false,""type"":""Point"",""coordinates"":[110.42444974307163,-7.262293441183734]}"
2_119_0,0.0487,0.2101,0.1584,0.0836,0.0932,0.0994,0.1074,0.1967,0.2262,0.1766,0.2544,0.2801,0.08653677,0.16841187,0.057581685,0.30911785,-0.38542697,-0.1402985,0.08915606,0.35741735,-0.054328345,0.4307116,0.27971014,-0.30911785,0.24366195,0.1492268,-13.479283,-7.772734,0.18350433,5,"{""geodesic"":false,""type"":""Point"",""coordinates"":[110.4508029504686,-7.268115185027094]}"
2_172_0,0.0545,0.2026,0.1709,0.0461,0.0578,0.0734,0.1131,0.1398,0.1504,0.1299,0.1594,0.2045,0.22123896,0.11534849,0.033603102,0.3841236,-0.5560676,-0.08487283,0.09656706,0.47613633,0.13630322,0.6292722,0.2779144,-0.3841236,0.06913578,0.120503336,-17.617758,-3.2766898,0.18594673,5,"{""geodesic"":false,""type"":""Point"",""coordinates"":[110.42719607509372,-7.310961230947207]}"
2_101_0,0.0707,0.2504,0.2164,0.1648,0.1888,0.1834,0.1568,0.1839,0.196,0.22,0.2084,0.202,0.059858307,0.08437844,0.024726218,0.07632092,-0.140255,-0.072836354,0.18039891,0.14345112,-0.008249315,-0.2061657,0.09072879,-0.07632092,0.16772823,0.06077041,-14.108274,-9.517869,0.09358046,5,"{""geodesic"":false,""type"":""Point"",""coordinates"":[110.44545935550646,-7.2672945925928945]}"
2_156_0,0.0475,0.1889,0.1512,0.0602,0.0644,0.0733,0.1064,0.1688,0.1878,0.2059,0.2185,0.2426,-0.0073821815,0.2775917,0.11211331,0.5234924,-0.491512,-0.110849746,0.053826902,0.5475385,-0.1531784,0.51666,0.47492838,-0.5234924,0.3186039,0.2552618,-18.357435,-9.79013,0.2852761,5,"{""geodesic"":false,""type"":""Point"",""coordinates"":[110.4182357577662,-7.304346625486776]}"
2_124_0,0.0709,0.2282,0.2101,0.0984,0.1028,0.116,0.1369,0.17,0.167,0.1591,0.1834,0.1948,0.14409176,0.096455105,0.023215855,0.21496755,-0.37885198,-0.041295934,0.15318416,0.23572816,0.1381365,0.39742807,0.1566703,-0.21496755,0.07499999,0.083408594,-9.811605,-9.046953,0.12019802,5,"{""geodesic"":false,""type"":""Point"",""coordinates"":[110.43459626568718,-7.261492105096545]}"
2_201_0,0.0513,0.0705,0.0717,0.1064,0.0979,0.1112,0.0751,0.0794,0.0805,0.0976,0.0647,0.063,-0.05781695,-0.03516756,-0.006387125,-0.0015345528,0.16270785,0.008438804,0.08169098,-0.043137256,-0.15298286,-0.2029395,-0.0651341,0.0015345528,0.13028371,-0.028781038,-20.29127,-15.2166605,-0.01875,5,"{""geodesic"":false,""type"":""Point"",""coordinates"":[110.42783564692381,-7.306710703030354]}"
2_77_0,0.1195,0.3515,0.262,0.1876,0.2168,0.2396,0.266,0.3135,0.3116,0.3515,0.338,0.2446,0.046009555,0.20240937,0.09206902,0.2370227,-0.2370227,-0.14588429,0.17859231,0.30402523,-0.14588429,0.30402523,0.18930808,-0.2370227,0.13846155,0.15383558,-5.2742124,-1.1730704,0.23659898,5,"{""geodesic"":false,""type"":""Point"",""coordinates"":[110.45848783621435,-7.280607165394849]}"
2_87_0,0.0653,0.279,0.2779,0.1004,0.107,0.145,0.1929,0.2122,0.2235,0.1924,0.2309,0.2373,0.18303573,0.09049946,0.023652444,0.28523713,-0.44559586,-0.0019752264,0.20943607,0.31420764,0.18179889,0.4707433,0.14048606,-0.28523713,-0.0012977069,0.084905654,-17.01474,-11.494138,0.17406659,5,"{""geodesic"":false,""type"":""Point"",""coordinates"":[110.45532453175208,-7.274542914460606]}"
2_126_0,0.0668,0.303,0.2279,0.151,0.2112,0.2876,0.2988,0.344,0.3373,0.4633,0.4139,0.3297,-0.019669656,0.21360141,0.17297079,0.37375835,-0.17852977,-0.14145792,0.14147215,0.5083835,-0.3405671,0.3348018,0.23398586,-0.37375835,0.21585093,0.21068828,-17.503069,-11.721294,0.42039844,5,"{""geodesic"":false,""type"":""Point"",""coordinates"":[110.42191487141336,-7.261114316011954]}"
2_23_0,0.0572,0.2159,0.2257,0.1686,0.211,0.1614,0.1656,0.1795,0.1817,0.2079,0.1577,0.0531,0.0010613074,0.12749505,0.03684148,-0.007400317,-0.011478118,0.022192033,0.17521876,0.1043825,0.041051667,-0.12301693,0.12591389,0.007400317,0.11325302,0.080236964,-18.242525,-14.891649,0.06725615,5,"{""geodesic"":false,""type"":""Point"",""coordinates"":[110.42729346633249,-7.305624566639933]}"
2_42_0,0.0695,0.2666,0.2332,0.0845,0.0897,0.0984,0.1266,0.1434,0.1634,0.1569,0.1815,0.1917,0.20382586,0.13133673,0.028691512,0.2725061,-0.49649173,-0.06682676,0.14625162,0.29991716,0.19559085,0.51865566,0.22914222,-0.2725061,0.10687832,0.11617901,-11.584633,-3.8072746,0.14647964,5,"{""geodesic"":false,""type"":""Point"",""coordinates"":[110.43905381702093,-7.319117014325144]}"
2_26_0,0.0644,0.2009,0.1797,0.137,0.1394,0.1456,0.1415,0.1669,0.1861,0.1774,0.1679,0.1799,0.048570164,0.077674605,0.021999693,0.11994946,-0.18072288,-0.055701528,0.14748773,0.12849873,0.0064407988,0.18910924,0.09845197,-0.11994946,0.11257446,0.057958663,-5.6600585,-4.092311,0.07441061,5,"{""geodesic"":false,""type"":""Point"",""coordinates"":[110.4230312784622,-7.30896593414639]}"
2_19_0,0.075,0.2375,0.2047,0.1138,0.1386,0.1456,0.1504,0.1824,0.2049,0.2048,0.2232,0.2202,0.09191964,0.12082616,0.042913426,0.19277807,-0.26296195,-0.07417459,0.14552891,0.28562462,-2.442044E-4,0.3521207,0.16894974,-0.19277807,0.15315314,0.10442143,-15.545131,-6.5606623,0.1667481,5,"{""geodesic"":false,""type"":""Point"",""coordinates"":[110.41235252204345,-7.300268581527788]}"
2_54_0,0.0709,0.2483,0.237,0.2082,0.2234,0.2052,0.1616,0.1878,0.1945,0.232,0.1971,0.1742,0.01488197,0.07430407,0.019161787,0.01888449,-0.0527878,-0.023284562,0.20962243,0.054066338,0.010661002,-0.0878423,0.06129916,-0.01888449,0.17886178,0.04289371,-12.46309,-6.8434877,0.037970647,5,"{""geodesic"":false,""type"":""Point"",""coordinates"":[110.46498404984551,-7.3026858253482105]}"
2_60_0,0.0665,0.2683,0.2383,0.114,0.127,0.1352,0.1342,0.1593,0.1721,0.1888,0.191,0.2174,0.14257395,0.1170306,0.030011961,0.19569348,-0.35745,-0.05921832,0.17064701,0.24702775,0.11589789,0.40360972,0.16543214,-0.19569348,0.16904026,0.09757284,-12.510387,-7.104669,0.13976085,5,"{""geodesic"":false,""type"":""Point"",""coordinates"":[110.45901487798362,-7.294356893199851]}"
2_0_0,0.0477,0.1077,0.0886,0.0816,0.1034,0.082,0.0919,0.0901,0.0938,0.0882,0.0918,0.2668,0.055354644,0.01600909,0.001645434,-0.07933192,-0.020369485,-0.09730003,0.08237188,0.038869258,0.0022624396,0.13787636,0.036427736,0.07933192,-0.020544125,0.013876456,-19.196745,-11.450432,0.014780532,5,"{""geodesic"":false,""type"":""Point"",""coordinates"":[110.44600209661239,-7.267928437157075]}"
2_58_0,0.0729,0.2469,0.1904,0.1196,0.1686,0.154,0.1889,0.276,0.2946,0.3326,0.301,0.2709,-0.060133617,0.3284054,0.16213621,0.3272147,-0.18844768,-0.12920192,0.08815875,0.47103053,-0.2718929,-0.34733972,0.36703658,-0.3272147,0.2755513,0.27153862,-14.592486,-5.53724,0.33553874,5,"{""geodesic"":false,""type"":""Point"",""coordinates"":[110.46353897326136,-7.298975471670472]}"
2_196_0,0.0645,0.2501,0.2378,0.0664,0.076,0.105,0.1271,0.1588,0.1683,0.1443,0.1846,0.2141,0.25521383,0.07698034,0.013585306,0.31003177,-0.5338853,-0.025210053,0.17303534,0.36971998,0.24470034,0.5804107,0.15764141,-0.31003177,0.063375086,0.07867343,-13.916835,-5.8735967,0.16441536,5,"{""geodesic"":false,""type"":""Point"",""coordinates"":[110.46406636571866,-7.3125442864684915]}"
2_121_0,0.0619,0.2616,0.2339,0.1402,0.1734,0.1746,0.1448,0.1973,0.2217,0.2533,0.245,0.2251,0.051464356,0.1574756,0.06328183,0.18725102,-0.2027586,-0.055903114,0.16122755,0.2874206,-0.03981941,0.30214033,0.18392149,-0.18725102,0.2725446,0.12722276,-13.239956,-12.892547,0.1898713,5,"{""geodesic"":false,""type"":""Point"",""coordinates"":[110.43187974438321,-7.260674624768248]}"
2_25_0,0.05,0.0666,0.0689,0.107,0.1056,0.106,0.0729,0.0665,0.0624,0.1044,0.0595,0.0593,-0.10104167,-0.00426484,0.005382491,-0.005714276,0.22648081,0.016974127,0.06995593,-0.012298956,-0.20484711,-0.23271888,-0.0076045496,0.005714276,0.17766498,-0.0033783726,-14.322168,-9.156055,-0.0054821465,5,"{""geodesic"":false,""type"":""Point"",""coordinates"":[110.42819825195805,-7.306530254605394]}"
2_1_0,0.0697,0.2291,0.1958,0.0698,0.0792,0.0892,0.1053,0.1374,0.1398,0.1483,0.171,0.1849,0.18680088,0.12737072,0.034306858,0.3037363,-0.48621473,-0.078371376,0.11777046,0.35992667,0.13804126,0.5329542,0.24884214,-0.3037363,0.16955838,0.120203406,-11.553062,-8.734246,0.1639744,5,"{""geodesic"":false,""type"":""Point"",""coordinates"":[110.40802025982508,-7.287961207782446]}"
2_137_0,0.0708,0.2058,0.1851,0.0563,0.0684,0.0928,0.1201,0.1527,0.1406,0.1344,0.1595,0.207,0.22051911,0.08195752,0.021574078,0.32544374,-0.50109404,-0.0529547,0.12780716,0.40954378,0.15868548,0.57039297,0.18309858,-0.32544374,0.056188587,0.085808575,-12.520568,-7.0931826,0.16961053,5,"{""geodesic"":false,""type"":""Point"",""coordinates"":[110.40423972238325,-7.269594124989657]}"
2_200_0,0.0513,0.0864,0.0734,0.0942,0.0878,0.0899,0.0801,0.0916,0.0948,0.1144,0.0872,0.063,-0.083917886,0.06465744,0.02512027,0.13155289,0.008036747,-0.08135171,0.057680596,0.096836045,-0.21831737,-0.043189358,0.11992167,-0.13155289,0.17634961,0.052179463,-14.514646,-12.640199,0.042760372,5,"{""geodesic"":false,""type"":""Point"",""coordinates"":[110.42747361728733,-7.306438881653957]}"
2_184_0,0.1137,0.3592,0.4019,0.2544,0.274,0.2514,0.3034,0.3513,0.3218,0.3023,0.331,0.1858,0.04617491,0.14096604,0.03179564,0.049106397,-0.13455467,0.056103,0.33422974,0.08604273,0.14143707,-0.17079528,0.09192706,-0.049106397,-0.0018160704,0.072458975,-12.307253,-3.336654,0.067994684,5,"{""geodesic"":false,""type"":""Point"",""coordinates"":[110.44003909085964,-7.328163656930854]}"
2_130_0,0.0618,0.1263,0.108,0.0483,0.0609,0.0904,0.1171,0.1168,0.1263,0.1248,0.1216,0.157,0.11185226,0.065902896,0.028037775,0.3441034,-0.349359,-0.07810501,0.078230776,0.44194105,-0.07216492,0.4467354,0.15985127,-0.3441034,0.03183132,0.07214764,-13.553212,-3.1755927,0.17047986,5,"{""geodesic"":false,""type"":""Point"",""coordinates"":[110.42117757914772,-7.270972874117241]}"
2_188_0,0.0552,0.2116,0.1638,0.0504,0.0602,0.0662,0.0915,0.1395,0.1748,0.1771,0.1828,0.2243,0.09954483,0.23175624,0.08513214,0.4926254,-0.5570272,-0.12733085,0.06122846,0.5569231,-0.039014377,0.61526716,0.45581585,-0.4926254,0.3186895,0.22379927,-11.248821,-5.208132,0.2612371,5,"{""geodesic"":false,""type"":""Point"",""coordinates"":[110.4549059093793,-7.321036018883199]}"
2_163_0,0.0591,0.1889,0.1532,0.0844,0.1016,0.0974,0.1349,0.1879,0.1929,0.1797,0.2035,0.2463,0.040334295,0.18190257,0.066084325,0.27763954,-0.30051634,-0.10435543,0.08303662,0.3608482,-0.079603486,-0.3823637,0.2970047,-0.27763954,0.14240305,0.15885986,-17.488886,-9.247903,0.18708286,5,"{""geodesic"":false,""type"":""Point"",""coordinates"":[110.42085969869507,-7.306882710583027]}"
2_170_0,0.0673,0.2028,0.1489,0.0982,0.1196,0.1172,0.1348,0.2124,0.2418,0.2294,0.2589,0.2268,-0.011735619,0.23451215,0.09702992,0.31461316,-0.25806454,-0.15325563,0.076072715,0.40048838,-0.21279407,-0.3475083,0.32371607,-0.31461316,0.2597474,0.19879517,-9.374665,-8.1064625,0.23779602,5,"{""geodesic"":false,""type"":""Point"",""coordinates"":[110.42619745599548,-7.312588133388187]}"
2_17_0,0.0664,0.2004,0.2018,0.11,0.1078,0.1014,0.1269,0.1411,0.1601,0.1317,0.1706,0.182,0.11057959,0.08277781,0.012755161,0.099791214,-0.30045423,0.0034808773,0.15537222,0.0897807,0.21019493,-0.29123712,0.12998709,-0.099791214,0.018561464,0.06199698,-15.599978,-10.920171,0.04388566,5,"{""geodesic"":false,""type"":""Point"",""coordinates"":[110.40429640150478,-7.295283071714437]}"
2_43_0,0.0618,0.2563,0.2179,0.1678,0.2028,0.2272,0.189,0.2406,0.2464,0.2792,0.262,0.2908,0.039226245,0.0939374,0.04684287,0.15850618,-0.11653233,-0.08097851,0.1773169,0.249217,-0.12331522,0.20867722,0.1026856,-0.15850618,0.19265269,0.07750396,-17.89985,-9.052652,0.17645195,5,"{""geodesic"":false,""type"":""Point"",""coordinates"":[110.43923376721769,-7.320112234265175]}"
2_52_0,0.0648,0.2544,0.2042,0.1096,0.0928,0.118,0.1399,0.2066,0.2186,0.2056,0.2266,0.2572,0.08318793,0.20062292,0.06342711,0.37801608,-0.46543783,-0.10946362,0.1171965,0.3045685,-0.0034162859,0.39780223,0.27070457,-0.37801608,0.19015917,0.15954345,-12.173658,-4.8663,0.17664376,5,"{""geodesic"":false,""type"":""Point"",""coordinates"":[110.46343737927779,-7.308201719253385]}"
2_39_0,0.0666,0.2366,0.2093,0.0942,0.1152,0.1204,0.1197,0.1619,0.1694,0.1836,0.1862,0.1947,0.124763705,0.13172154,0.042606972,0.22891566,-0.34508243,-0.06122449,0.13725337,0.32181424,0.06541105,0.43047157,0.20789473,-0.22891566,0.21068248,0.117910445,-11.967361,-5.806829,0.17240936,5,"{""geodesic"":false,""type"":""Point"",""coordinates"":[110.43552158033451,-7.318298514617424]}"
2_3_0,0.0619,0.209,0.1755,0.0807,0.0885,0.1004,0.1151,0.1419,0.1649,0.1535,0.1746,0.199,0.138337,0.11536959,0.033853855,0.26859507,-0.40504202,-0.087126136,0.114789575,0.31084543,0.066869296,0.44287193,0.20913747,-0.26859507,0.14296353,0.105650626,-13.33537,-8.771009,0.14873332,5,"{""geodesic"":false,""type"":""Point"",""coordinates"":[110.40575516096283,-7.288229598976309]}"
2_98_0,0.061,0.2417,0.2254,0.1052,0.1378,0.1544,0.1401,0.1603,0.1716,0.1892,0.1837,0.2142,0.14728458,0.06558117,0.019328643,0.15718657,-0.2737813,-0.034896154,0.18394166,0.2853261,0.08731308,0.39348513,0.10128054,-0.15718657,0.14910416,0.061877653,-1.4120315,6.586053,0.15861027,5,"{""geodesic"":false,""type"":""Point"",""coordinates"":[110.45207313232524,-7.266488539114051]}"
2_138_0,0.0986,0.2243,0.2033,0.0787,0.0918,0.1074,0.1444,0.1513,0.1579,0.1353,0.1738,0.1988,0.21568628,0.05864054,0.0071829166,0.19154558,-0.41917115,-0.049111314,0.16137783,0.26448599,0.20082694,-0.48052806,0.11495672,-0.19154558,-0.032534875,0.05634845,-11.739864,-9.035598,0.118907556,5,"{""geodesic"":false,""type"":""Point"",""coordinates"":[110.40350369115149,-7.278186268019082]}"
2_143_0,0.0633,0.2319,0.2142,0.1078,0.1354,0.1226,0.125,0.1601,0.1681,0.1867,0.1844,0.224,0.092449926,0.14387684,0.0447298,0.15926732,-0.26272804,-0.039677206,0.14065838,0.26791173,0.06859567,-0.36532235,0.20724218,-0.15926732,0.19794674,0.118806385,-4.8597107,-2.706075,0.14896162,5,"{""geodesic"":false,""type"":""Point"",""coordinates"":[110.4154812719854,-7.262734250283367]}"
2_64_0,0.0647,0.2579,0.2264,0.107,0.1256,0.1366,0.1335,0.1842,0.2135,0.2061,0.2167,0.2072,0.11503674,0.14204545,0.048003152,0.24268919,-0.34498045,-0.065042324,0.15005454,0.3165123,0.04693642,0.41353795,0.20280127,-0.24268919,0.21378092,0.1237095,-16.117992,-6.663524,0.18281884,5,"{""geodesic"":false,""type"":""Point"",""coordinates"":[110.46101049354223,-7.292188367300426]}"
2_78_0,0.1228,0.4218,0.4136,0.3712,0.2488,0.1938,0.1996,0.2084,0.3359,0.4061,0.3642,0.262,-0.11608874,-2.4674575,0.17189373,0.24018936,-0.25797793,-0.009815645,0.19737917,0.04489902,0.00914968,-0.063808315,0.35389233,-0.24018936,0.34092787,0.2895263,-12.358326,-3.6638033,0.040984903,5,"{""geodesic"":false,""type"":""Point"",""coordinates"":[110.45848837872205,-7.280154892988534]}"
2_146_0,0.0784,0.2565,0.2211,0.2676,0.2508,0.2196,0.2251,0.2566,0.2303,0.2652,0.2408,0.2613,-0.056199796,0.19798532,0.039060544,0.02790693,-0.011235939,-0.07412061,0.18308282,-0.004504525,-0.090684734,0.021179153,0.09405937,-0.02790693,0.08178664,0.0694557,-14.016234,-6.7198734,-0.0034856857,5,"{""geodesic"":false,""type"":""Point"",""coordinates"":[110.4120363498454,-7.264810241903545]}"
2_161_0,0.0518,0.1787,0.1629,0.1128,0.1196,0.1432,0.1237,0.1524,0.1467,0.1908,0.1651,0.2355,0.02925659,0.09883722,0.04130867,0.22938144,-0.19812271,-0.046252925,0.12226038,0.25691697,-0.07888039,0.22607203,0.14251497,-0.22938144,0.21335453,0.085611515,-14.898037,-8.433292,0.1455948,5,"{""geodesic"":false,""type"":""Point"",""coordinates"":[110.41913947021644,-7.306066413947446]}"
2_115_0,0.0437,0.077,0.0562,0.06,0.0693,0.0783,0.0857,0.0935,0.101,0.1103,0.1046,0.1057,-0.046068788,0.070790194,0.032230385,0.22828504,-0.052631553,-0.15615614,0.039895378,0.29536113,-0.32492492,0.1240876,0.16967125,-0.22828504,0.12551019,0.06970665,-16.026403,-6.0898128,0.11256154,5,"{""geodesic"":false,""type"":""Point"",""coordinates"":[110.44835722941035,-7.268021762319441]}"
2_141_0,0.0749,0.2043,0.1935,0.1698,0.21,0.204,0.1731,0.1963,0.216,0.2409,0.2187,0.1864,-0.002930398,0.07742991,0.03684683,0.06852961,0.013758128,-0.02714933,0.16386051,0.17311905,-0.10911602,-0.09222134,0.08293998,-0.06852961,0.16376811,0.058577627,-12.902516,-3.7001307,0.11710771,5,"{""geodesic"":false,""type"":""Point"",""coordinates"":[110.40440670391246,-7.280358347354304]}"
2_65_0,0.0678,0.314,0.2606,0.2994,0.2498,0.3276,0.1898,0.2812,0.2974,0.4261,0.2985,0.3268,-0.061370768,0.21484031,0.10091018,0.2608374,-0.11387019,-0.09293423,0.20035805,0.17463817,-0.2410077,0.023801774,0.13068858,-0.2608374,0.38366616,0.117851146,-9.806507,-7.1505823,0.15507954,5,"{""geodesic"":false,""type"":""Point"",""coordinates"":[110.46146399071257,-7.291736634724064]}"
2_89_0,0.0658,0.2424,0.2062,0.1122,0.1446,0.126,0.1323,0.1773,0.191,0.2128,0.2055,0.241,0.06259015,0.19249533,0.06617153,0.19082259,-0.25271317,-0.0806955,0.12209211,0.30953845,-0.015751772,-0.3671743,0.25619832,-0.19082259,0.23326571,0.15522173,-17.846764,-5.6659026,0.18290909,5,"{""geodesic"":false,""type"":""Point"",""coordinates"":[110.45631914619219,-7.27608183708699]}"
2_73_0,0.0613,0.2433,0.208,0.0842,0.0988,0.1122,0.1306,0.1879,0.2126,0.2013,0.2403,0.2388,0.10920438,0.17920354,0.06586638,0.3415528,-0.42239112,-0.07821848,0.11593443,0.4101576,0.016369434,0.48580152,0.2842105,-0.3415528,0.21301596,0.1642901,-12.575433,3.5227373,0.22361551,5,"{""geodesic"":false,""type"":""Point"",""coordinates"":[110.46111016505465,-7.284590298263559]}"
2_11_0,0.07,0.2063,0.189,0.1424,0.1406,0.1616,0.155,0.1942,0.2088,0.1933,0.2177,0.2141,0.04576465,0.07238104,0.023778241,0.15783168,-0.18939178,-0.043764256,0.15800516,0.15162347,-0.011247707,0.1832521,0.08932094,-0.15783168,0.10996266,0.05562054,-15.120807,-6.0839753,0.09136053,5,"{""geodesic"":false,""type"":""Point"",""coordinates"":[110.41154806334718,-7.291945780956117]}"
2_95_0,0.0758,0.3008,0.2351,0.2208,0.2222,0.2386,0.2337,0.2804,0.2617,0.255,0.2699,0.2388,0.06264776,0.039782636,0.0053768787,0.06873426,-0.15028678,-0.12259749,0.21997985,0.07187894,-0.040603947,0.15337422,0.03322527,-0.06873426,0.043585014,0.024758445,-10.878052,6.614681,0.052572247,5,"{""geodesic"":false,""type"":""Point"",""coordinates"":[110.45542144080656,-7.269296664151628]}"
2_16_0,0.0556,0.2462,0.1922,0.086,0.1024,0.0908,0.143,0.2307,0.2519,0.2082,0.2695,0.2597,0.067807354,0.26489168,0.089859925,0.34063104,-0.41250718,-0.12317516,0.0838221,0.41536367,-0.039960008,-0.4822396,0.3926421,-0.34063104,0.18564919,0.22040048,-14.446946,-10.306577,0.23079827,5,"{""geodesic"":false,""type"":""Point"",""coordinates"":[110.4057460976101,-7.2951040730045476]}"
2_136_0,0.0691,0.269,0.2277,0.1288,0.1444,0.1512,0.1671,0.2146,0.2097,0.2213,0.2312,0.248,0.09100348,0.15075271,0.04922343,0.21028166,-0.301403,-0.083148785,0.1555727,0.26421022,0.014253873,0.3524384,0.18818794,-0.21028166,0.13954687,0.12051578,-12.567114,-3.61311,0.1632161,5,"{""geodesic"":false,""type"":""Point"",""coordinates"":[110.40940158626684,-7.270776778389197]}"
2_97_0,0.0591,0.2932,0.2244,0.125,0.2018,0.2878,0.1835,0.2791,0.3555,0.4169,0.3566,0.2964,0.034820545,0.14629225,0.12814301,0.34766445,-0.18464643,-0.13292116,0.15491082,0.5386603,-0.30017152,0.4021999,0.18319851,-0.34766445,0.38874084,0.1607454,-12.0230465,-6.721936,0.42024186,5,"{""geodesic"":false,""type"":""Point"",""coordinates"":[110.45161888595007,-7.267573444975811]}"
2_35_0,0.0623,0.2231,0.1981,0.094,0.1028,0.1062,0.1029,0.1206,0.1309,0.1522,0.1485,0.1996,0.1443962,0.10604942,0.025282916,0.1937255,-0.36913165,-0.05935424,0.13822746,0.23639318,0.13103054,0.4071271,0.17801856,-0.1937255,0.19325754,0.09098101,-9.193899,-2.6642091,0.116992764,5,"{""geodesic"":false,""type"":""Point"",""coordinates"":[110.42718523431915,-7.319463893644467]}"
2_88_0,0.0777,0.2587,0.2239,0.0595,0.0684,0.1038,0.1204,0.1537,0.1666,0.192,0.1917,0.1804,0.18078177,0.16111945,0.06074854,0.47465438,-0.5817793,-0.07210942,0.12104594,0.52683896,0.076701134,0.6260214,0.29817444,-0.47465438,0.22919334,0.1662478,-11.80665,-4.6656704,0.26447105,5,"{""geodesic"":false,""type"":""Point"",""coordinates"":[110.4557780151534,-7.274091186343819]}"
2_194_0,0.0796,0.2497,0.2114,0.192,0.2136,0.1992,0.183,0.221,0.2411,0.2757,0.2451,0.2609,-0.020510588,0.1855175,0.06755036,0.12691602,-0.077919275,-0.083062224,0.15274169,0.17896087,-0.13200575,-0.13063164,0.16108654,-0.12691602,0.20209287,0.11770438,-15.175014,-10.502146,0.12974063,5,"{""geodesic"":false,""type"":""Point"",""coordinates"":[110.4651517892645,-7.313992848693191]}"
2_175_0,0.0596,0.2036,0.1654,0.0388,0.0518,0.0574,0.0856,0.1433,0.1652,0.1596,0.1894,0.2076,0.13626468,0.2106348,0.07629036,0.50993377,-0.5943618,-0.10352305,0.05948596,0.608871,0.017846135,0.679868,0.47096777,-0.50993377,0.30179447,0.21380754,-14.484363,-5.927382,0.25945017,5,"{""geodesic"":false,""type"":""Point"",""coordinates"":[110.42646023270102,-7.319643879002415]}"
2_28_0,0.0589,0.2478,0.2492,0.1362,0.145,0.1486,0.143,0.2289,0.2496,0.2492,0.2661,0.2302,0.014070085,0.22469401,0.083019726,0.26433283,-0.2617108,0.0028169192,0.1486,0.2932019,0.0,0.290625,0.2528909,-0.26433283,0.2707802,0.16807753,-14.616893,-6.3052635,0.19143891,5,"{""geodesic"":false,""type"":""Point"",""coordinates"":[110.4234829733804,-7.3099615053892455]}"
2_180_0,0.054,0.1989,0.1578,0.0789,0.0751,0.0874,0.1114,0.1462,0.1559,0.1622,0.175,0.2113,0.08570343,0.17079967,0.05503992,0.36704597,-0.45182484,-0.115222864,0.085029095,0.34549978,-0.01375,0.43196544,0.29967952,-0.36704597,0.18567252,0.14967984,-14.433977,-8.352322,0.16860074,5,"{""geodesic"":false,""type"":""Point"",""coordinates"":[110.43189063538692,-7.323902101618731]}"
2_195_0,0.0696,0.1986,0.1534,0.0628,0.0816,0.118,0.1247,0.1772,0.2064,0.1831,0.2184,0.2246,0.12568888,0.1146046,0.050816026,0.38345295,-0.41755885,-0.12840906,0.098859645,0.48922327,-0.0882615,0.5195103,0.21620724,-0.38345295,0.1897336,0.121894896,-6.008244,-5.1764073,0.24192251,5,"{""geodesic"":false,""type"":""Point"",""coordinates"":[110.4656959018746,-7.313541221079439]}"
2_33_0,0.0569,0.1748,0.133,0.1098,0.1232,0.1384,0.1316,0.1979,0.2196,0.2062,0.2299,0.2446,-0.0044501116,0.13972467,0.061349176,0.2519733,-0.17315435,-0.13580245,0.08926867,0.30506328,-0.2158019,0.2283907,0.19674985,-0.2519733,0.22084074,0.12041203,-11.994403,-4.634858,0.17720588,5,"{""geodesic"":false,""type"":""Point"",""coordinates"":[110.42710455822551,-7.311684746840156]}"
2_96_0,0.0706,0.2301,0.2155,0.1476,0.1316,0.1406,0.1411,0.1688,0.1961,0.1782,0.1894,0.187,0.06446518,0.10275473,0.021738771,0.15041962,-0.27232513,-0.03276483,0.17002973,0.09392269,0.094742164,0.21842735,0.11794232,-0.15041962,0.116191685,0.06888131,-14.597536,0.360652,0.055582486,5,"{""geodesic"":false,""type"":""Point"",""coordinates"":[110.45361287702225,-7.266671305496222]}"
2_75_0,0.0691,0.2075,0.1753,0.1054,0.1016,0.1064,0.1062,0.1613,0.1786,0.1537,0.1745,0.1921,0.09563699,0.118061095,0.029383002,0.20407362,-0.34260756,-0.08411702,0.12135277,0.18641448,0.06565352,0.32630232,0.18185313,-0.20407362,0.18276258,0.093342975,-15.723544,-3.1228893,0.09544195,5,"{""geodesic"":false,""type"":""Point"",""coordinates"":[110.46056803192853,-7.283413742195881]}"
2_86_0,0.0587,0.2286,0.1932,0.0468,0.0583,0.065,0.0895,0.1191,0.1458,0.1365,0.1695,0.2146,0.23128538,0.15206295,0.042506725,0.40143737,-0.5935866,-0.083926,0.092,0.4893617,0.17197454,0.66013074,0.35483873,-0.40143737,0.2079646,0.15288667,-13.422768,-4.3803697,0.19691205,5,"{""geodesic"":false,""type"":""Point"",""coordinates"":[110.45260657188106,-7.274811002962142]}"
2_40_0,0.0786,0.2483,0.2207,0.1032,0.1048,0.1154,0.1483,0.1718,0.1865,0.1711,0.1961,0.2112,0.14012538,0.12781094,0.032147396,0.24030447,-0.40640044,-0.058848627,0.14885318,0.24753919,0.12659517,0.41280225,0.19441536,-0.24030447,0.07138386,0.10623014,-12.370306,-6.5465174,0.13153817,5,"{""geodesic"":false,""type"":""Point"",""coordinates"":[110.44177103609819,-7.31966311521767]}"
2_45_0,0.0641,0.2183,0.1858,0.0876,0.1018,0.117,0.1145,0.1525,0.1687,0.1736,0.1829,0.1897,0.12422463,0.11611687,0.038647566,0.2607117,-0.36394876,-0.080425635,0.12522234,0.32924962,0.03394546,0.4272638,0.19476946,-0.2607117,0.20513712,0.107386805,-16.828491,-3.7575178,0.16946927,5,"{""geodesic"":false,""type"":""Point"",""coordinates"":[110.44820317534766,-7.319851949801038]}"
2_110_0,0.0777,0.3087,0.3256,0.1688,0.1978,0.1982,0.2118,0.2407,0.2153,0.211,0.2515,0.2467,0.14334048,0.028213702,-0.0067828735,0.032289628,-0.21895361,0.026643548,0.30584797,0.11111111,0.21356691,-0.2929843,0.031280532,-0.032289628,-0.0018921583,0.021117454,-16.051111,-10.170159,0.07194817,5,"{""geodesic"":false,""type"":""Point"",""coordinates"":[110.445009754303,-7.264580408608699]}"
2_120_0,0.0632,0.2129,0.1569,0.1008,0.119,0.1188,0.1478,0.2187,0.2569,0.2279,0.2514,0.2612,0.0045426995,0.23022707,0.09242355,0.3139233,-0.28291652,-0.15143318,0.08178903,0.38667476,-0.18451142,-0.3573478,0.3146813,-0.3139233,0.21320201,0.19327979,-17.463732,-10.270168,0.23005913,5,"{""geodesic"":false,""type"":""Point"",""coordinates"":[110.43115256675037,-7.262663708293334]}"
2_192_0,0.0572,0.2375,0.1969,0.072,0.0778,0.0897,0.1152,0.1593,0.1821,0.1588,0.1924,0.2003,0.17275985,0.14930858,0.042906813,0.34234998,-0.50650173,-0.09346225,0.11122122,0.37608323,0.107112706,0.5347335,0.27806842,-0.34234998,0.1591241,0.13847697,-13.846187,-7.1242404,0.17816094,5,"{""geodesic"":false,""type"":""Point"",""coordinates"":[110.46215519653116,-7.319778372311467]}"
2_37_0,0.067,0.2304,0.1872,0.1472,0.1404,0.1302,0.131,0.1788,0.2191,0.2239,0.2233,0.2027,-0.014350162,0.2599601,0.07594251,0.22920668,-0.24271841,-0.10344828,0.10885859,0.20668283,-0.08927271,-0.22033897,0.26461452,-0.22920668,0.2617639,0.1645592,-9.857148,-6.647219,0.13207439,5,"{""geodesic"":false,""type"":""Point"",""coordinates"":[110.43470610056055,-7.318387946163521]}"
2_109_0,0.0506,0.0845,0.0662,0.0987,0.1014,0.1232,0.0911,0.0944,0.1119,0.1546,0.1181,0.1277,-0.0989154,0.06805079,0.03825843,0.20781247,0.09090911,-0.12143329,0.052754465,0.22068691,-0.40036228,-0.07751093,0.11303094,-0.20781247,0.25844523,0.060555402,-16.475986,-10.645607,0.11131022,5,"{""geodesic"":false,""type"":""Point"",""coordinates"":[110.44120180939463,-7.267289367420535]}"
2_34_0,0.0525,0.204,0.1219,0.107,0.1288,0.1158,0.1424,0.2604,0.3208,0.3024,0.3446,0.3489,-0.12287438,0.3904746,0.17096914,0.40259737,-0.2259615,-0.25191775,0.046679962,0.4772838,-0.42540655,-0.3118971,0.446198,-0.40259737,0.3597122,0.30483553,-15.506955,-15.4733515,0.3223004,5,"{""geodesic"":false,""type"":""Point"",""coordinates"":[110.43389324287874,-7.316396935233631]}"
2_193_0,0.0593,0.2193,0.1713,0.0427,0.0536,0.0529,0.0902,0.1548,0.1799,0.208,0.1967,0.2015,0.041116845,0.32174417,0.1256105,0.5902141,-0.60718215,-0.12288789,0.0435662,0.6593538,-0.09675721,-0.6740458,0.59448063,-0.5902141,0.3950369,0.30575633,-13.128334,-6.9895325,0.33029175,5,"{""geodesic"":false,""type"":""Point"",""coordinates"":[110.46333382158204,-7.319056142005443]}"
2_21_0,0.0569,0.175,0.1269,0.0911,0.119,0.1056,0.0983,0.1483,0.1643,0.1699,0.1799,0.2118,0.036189064,0.14349476,0.052000895,0.17618552,-0.19047616,-0.15932426,0.078873694,0.3019157,-0.1448787,-0.31529498,0.23339383,-0.17618552,0.26696494,0.12437137,-15.40634,-8.297167,0.15532194,5,"{""geodesic"":false,""type"":""Point"",""coordinates"":[110.41280253318426,-7.302530512807956]}"
2_142_0,0.0759,0.2451,0.2176,0.0654,0.0796,0.1086,0.1407,0.1675,0.1955,0.1823,0.2076,0.1884,0.17625542,0.137152,0.0495094,0.3921344,-0.50970125,-0.059433766,0.12962896,0.4719419,0.08827207,0.578744,0.2533517,-0.3921344,0.12879257,0.13977748,-11.975702,-1.2308975,0.2345192,5,"{""geodesic"":false,""type"":""Point"",""coordinates"":[110.41720110073948,-7.263731456576904]}"
2_31_0,0.0538,0.1973,0.1718,0.0771,0.0784,0.0806,0.0907,0.1081,0.125,0.1448,0.1355,0.2358,0.112044804,0.15283532,0.043518372,0.29749104,-0.43126586,-0.06908697,0.09562901,0.3050924,0.0852811,0.43804663,0.284827,-0.29749104,0.22972402,0.13275436,-20.659328,-8.028544,0.14067046,5,"{""geodesic"":false,""type"":""Point"",""coordinates"":[110.42356741917352,-7.314755673237239]}"
2_48_0,0.0623,0.2391,0.2117,0.0658,0.0758,0.0884,0.1116,0.1446,0.1599,0.1592,0.1789,0.214,0.18552035,0.14798094,0.044092868,0.3548936,-0.51857734,-0.060780805,0.11755201,0.4151111,0.1415476,0.56838304,0.28594506,-0.3548936,0.17577547,0.14205457,-9.776446,-9.879477,0.19324137,5,"{""geodesic"":false,""type"":""Point"",""coordinates"":[110.45309892588322,-7.316963380934809]}"
2_66_0,0.0652,0.2713,0.2401,0.0744,0.0914,0.118,0.1648,0.1907,0.2007,0.2094,0.2259,0.2002,0.15673748,0.16808885,0.064232096,0.39228725,-0.4960022,-0.061008982,0.1352999,0.4756871,0.06829811,0.569569,0.2791692,-0.39228725,0.11918759,0.16569978,-12.794085,-4.812072,0.25835672,5,"{""geodesic"":false,""type"":""Point"",""coordinates"":[110.46010490515211,-7.291915922918573]}"
2_7_0,0.062,0.2111,0.1788,0.0797,0.094,0.0899,0.1353,0.1917,0.1893,0.212,0.2082,0.2147,0.015690908,0.26459497,0.100620866,0.38562092,-0.38380858,-0.08284175,0.075821325,0.45354816,-0.08495393,-0.45185694,0.40443856,-0.38562092,0.22084652,0.22839506,-15.248587,-7.801682,0.25066313,5,"{""geodesic"":false,""type"":""Point"",""coordinates"":[110.40828965486642,-7.289770636552264]}"
2_2_0,0.0644,0.1981,0.1501,0.0421,0.0528,0.0544,0.0878,0.1542,0.1729,0.1739,0.1902,0.1986,0.07790823,0.25220546,0.094033405,0.5341861,-0.5791152,-0.13785183,0.046954803,0.61018515,-0.073456794,0.64945877,0.52343404,-0.5341861,0.32900265,0.2461211,-11.654661,-6.376466,0.2761173,5,"{""geodesic"":false,""type"":""Point"",""coordinates"":[110.40747553328445,-7.288865032566791]}"
2_113_0,0.0615,0.2009,0.1431,0.1262,0.1458,0.1276,0.1388,0.2374,0.2621,0.229,0.2744,0.3091,-0.039052222,0.24186625,0.08840974,0.22198509,-0.15892705,-0.16802329,0.07973606,0.2894144,-0.23085195,-0.22837052,0.2843522,-0.22198509,0.24524198,0.17756246,-13.145018,-7.133549,0.1803087,5,"{""geodesic"":false,""type"":""Point"",""coordinates"":[110.44039123453796,-7.263489283184484]}"
2_69_0,0.0574,0.2457,0.2294,0.1594,0.187,0.1878,0.1531,0.225,0.2287,0.1804,0.2303,0.2142,0.12116902,-0.016641194,-0.017661074,-0.017964091,-0.1356598,-0.034308583,0.23880997,0.061801054,0.11957051,-0.21303383,-0.020097788,0.017964091,0.08185907,-0.012785083,-17.012592,-3.6176867,0.037508927,5,"{""geodesic"":false,""type"":""Point"",""coordinates"":[110.457753992847,-7.288204472221057]}"
2_132_0,0.0661,0.1865,0.1579,0.0668,0.0799,0.1564,0.1612,0.182,0.2084,0.2048,0.1903,0.1836,0.11602929,0.073681645,0.04306566,0.4387074,-0.40015015,-0.08304295,0.120583795,0.50810015,-0.12930794,0.4725622,0.13399778,-0.4387074,0.11912567,0.08430097,-13.27018,-12.459784,0.2682737,5,"{""geodesic"":false,""type"":""Point"",""coordinates"":[110.42217426171841,-7.270793237329521]}"
2_10_0,0.0637,0.2273,0.1913,0.1006,0.1018,0.1222,0.14,0.1646,0.1909,0.1746,0.1983,0.2093,0.11893709,0.11358711,0.03377413,0.2633864,-0.38134307,-0.08600095,0.13388808,0.2688954,0.045640882,0.38639832,0.1765499,-0.2633864,0.10998094,0.09864459,-14.964347,-5.693579,0.14318886,5,"{""geodesic"":false,""type"":""Point"",""coordinates"":[110.41018920558865,-7.291944010152603]}"
2_116_0,0.0609,0.2147,0.197,0.1714,0.2036,0.2024,0.1686,0.1955,0.2083,0.2243,0.2215,0.2468,0.026328746,0.047476582,0.019720186,0.04837577,-0.026535966,-0.042992476,0.17776549,0.13368714,-0.064799435,-0.11214712,0.05132411,-0.04837577,0.14176634,0.03544836,-12.992547,-4.822075,0.08858993,5,"{""geodesic"":false,""type"":""Point"",""coordinates"":[110.44772467168896,-7.266754629432749]}"
2_70_0,0.0561,0.2323,0.2011,0.0828,0.0987,0.1006,0.1259,0.1823,0.1966,0.237,0.2038,0.217,0.020070462,0.27959988,0.113060065,0.41197497,-0.40362537,-0.0719889,0.085361436,0.48217636,-0.08194475,0.47445256,0.40402845,-0.41197497,0.30614495,0.24426936,-12.249272,-8.70983,0.28214198,5,"{""geodesic"":false,""type"":""Point"",""coordinates"":[110.45793430396775,-7.288928324913767]}"
2_91_0,0.0792,0.2578,0.2398,0.1224,0.1672,0.1672,0.1479,0.1619,0.1646,0.2117,0.1802,0.1899,0.11974707,0.08578149,0.028443826,0.11744525,-0.2131765,-0.036173645,0.1893933,0.26728526,0.062236983,0.35612836,0.11744525,-0.11744525,0.17741936,0.07594722,-13.658429,2.5639834,0.16059227,5,"{""geodesic"":false,""type"":""Point"",""coordinates"":[110.45532747551219,-7.272100643993178]}"
2_59_0,0.0759,0.2175,0.2035,0.0874,0.1038,0.1094,0.1109,0.1391,0.1536,0.1566,0.1667,0.1847,0.14520933,0.10194385,0.028042462,0.20276497,-0.3538749,-0.033254154,0.14216411,0.28360656,0.13024162,0.42669728,0.17744362,-0.20276497,0.17084111,0.0924282,-11.472883,-3.855462,0.13951613,5,"{""geodesic"":false,""type"":""Point"",""coordinates"":[110.46435441570875,-7.298885984862706]}"
2_49_0,0.0674,0.2216,0.1923,0.0605,0.0713,0.0693,0.1055,0.127,0.1546,0.1514,0.1661,0.1809,0.15712012,0.18433696,0.05510931,0.3596767,-0.51314443,-0.07079002,0.08802108,0.42897594,0.118999146,-0.57107407,0.37199816,-0.3596767,0.17866874,0.17087553,-10.74316,-3.9855947,0.1915297,5,"{""geodesic"":false,""type"":""Point"",""coordinates"":[110.45427568770815,-7.317778897374502]}"
2_144_0,0.0701,0.2355,0.2055,0.1218,0.1396,0.1474,0.1587,0.2089,0.2079,0.1841,0.2165,0.2576,0.111788616,0.07943722,0.02108687,0.137473,-0.25566515,-0.06802718,0.16453396,0.20366134,0.054928143,0.31822,0.110708885,-0.137473,0.07409569,0.06620564,-12.32209,-7.900166,0.11595732,5,"{""geodesic"":false,""type"":""Point"",""coordinates"":[110.4145733182559,-7.264361252268219]}"
2_162_0,0.0537,0.2247,0.1818,0.0986,0.0832,0.096,0.12,0.1875,0.2138,0.1884,0.2368,0.2454,0.055455,0.22538784,0.069591716,0.38733432,-0.4595648,-0.10553508,0.09263694,0.312892,-0.01782822,0.39004022,0.32489452,-0.38733432,0.22178988,0.17669556,-12.502559,-7.476526,0.17115629,5,"{""geodesic"":false,""type"":""Point"",""coordinates"":[110.41986538467938,-7.305162808530926]}"
2_123_0,0.0745,0.2314,0.1969,0.1172,0.1382,0.156,0.1246,0.1443,0.1776,0.1756,0.1727,0.1851,0.13907672,0.039753374,0.006237577,0.11918421,-0.2521645,-0.08055102,0.17492254,0.19945356,0.057181176,0.3275961,0.059107367,-0.11918421,0.16988677,0.03535354,-10.247351,-7.026611,0.11049446,5,"{""geodesic"":false,""type"":""Point"",""coordinates"":[110.43522990778351,-7.261854711249437]}"
2_165_0,0.0723,0.1644,0.1446,0.086,0.106,0.11,0.1117,0.1232,0.1405,0.1724,0.1615,0.1877,0.030030021,0.13137949,0.052759204,0.23850575,-0.21597633,-0.064077646,0.092262186,0.3343653,-0.08769714,0.31309903,0.22096317,-0.23850575,0.21365716,0.1196319,-14.042129,-14.190767,0.17088607,5,"{""geodesic"":false,""type"":""Point"",""coordinates"":[110.42212673199748,-7.307879328731036]}"
2_50_0,0.0607,0.2009,0.1729,0.0534,0.0596,0.065,0.0968,0.1458,0.1593,0.1368,0.1802,0.1816,0.16597237,0.1593714,0.04771574,0.39307538,-0.5424184,-0.07490636,0.08215278,0.43848583,0.116564415,0.5800236,0.35579786,-0.39307538,0.1712329,0.15346254,-11.657756,-3.8489254,0.18125182,5,"{""geodesic"":false,""type"":""Point"",""coordinates"":[110.46307359675718,-7.309377195748394]}"
2_105_0,0.0697,0.1548,0.1593,0.1226,0.1336,0.123,0.1003,0.0977,0.1133,0.1282,0.1032,0.1901,0.05107834,0.013731887,-4.3562052E-4,-0.02062644,-0.07350902,0.014326653,0.15283854,0.02232854,0.10817393,0.11607787,0.020700602,0.02062644,0.12210064,0.010383369,-22.195082,-10.498087,0.011188062,5,"{""geodesic"":false,""type"":""Point"",""coordinates"":[110.44473355596318,-7.268198249247631]}"
2_152_0,0.075,0.2395,0.2267,0.0886,0.1042,0.1376,0.1396,0.1529,0.1662,0.1786,0.1744,0.1984,0.17057273,0.076509655,0.022941222,0.26308346,-0.39365727,-0.027456045,0.17465802,0.33682632,0.11867751,0.45992073,0.12966475,-0.26308346,0.12256442,0.07534917,-11.928725,2.2867208,0.17596453,5,"{""geodesic"":false,""type"":""Point"",""coordinates"":[110.4089569302177,-7.264444425343547]}"
2_36_0,0.0595,0.215,0.1824,0.0504,0.0625,0.0706,0.0913,0.1374,0.1425,0.1538,0.1705,0.1873,0.1661903,0.17342003,0.05760935,0.42209893,-0.5495496,-0.08203322,0.083728485,0.5063663,0.085068434,0.6201959,0.37076646,-0.42209893,0.25499794,0.17228049,-12.085502,-7.1652393,0.22024992,5,"{""geodesic"":false,""type"":""Point"",""coordinates"":[110.43379922597273,-7.3191104399878455]}"
2_197_0,0.0588,0.2272,0.1949,0.0502,0.0602,0.0638,0.0862,0.118,0.1302,0.1352,0.1545,0.1814,0.22166249,0.15637319,0.04244216,0.38382804,-0.5810717,-0.07652214,0.091972046,0.45846817,0.18085432,0.6380678,0.35879394,-0.38382804,0.22131886,0.15321888,-15.257607,-3.5481834,0.18602274,5,"{""geodesic"":false,""type"":""Point"",""coordinates"":[110.46370506304555,-7.311639311215348]}"
2_107_0,0.0424,0.0894,0.0593,0.1482,0.1376,0.1344,0.0915,0.1033,0.0822,0.1467,0.0961,0.12,-0.13707346,0.03653755,0.020274922,0.032008406,0.21233481,-0.20242098,0.054328017,-0.005086506,-0.42427182,0.24747476,0.04375667,-0.032008406,0.23173802,0.023620535,-14.757758,0.8384379,-0.0028305645,5,"{""geodesic"":false,""type"":""Point"",""coordinates"":[110.44246834151107,-7.268647742331648]}"
2_71_0,0.0521,0.2598,0.2257,0.0676,0.0814,0.1126,0.1155,0.1672,0.1808,0.1874,0.2052,0.2272,0.18712145,0.1379056,0.04871314,0.39434522,-0.52286047,-0.07023683,0.1356127,0.46980393,0.09271365,0.5870495,0.24933334,-0.39434522,0.23737207,0.14025,-14.874873,-5.2666636,0.23801325,5,"{""geodesic"":false,""type"":""Point"",""coordinates"":[110.4582044454665,-7.2902854671690545]}"
2_104_0,0.0706,0.1592,0.1181,0.1588,0.1586,0.157,0.1302,0.2096,0.2312,0.2167,0.242,0.2039,-0.08573081,0.15423168,0.059310112,0.15480949,-0.0018879649,-0.1482149,0.08556392,0.1541944,-0.29450417,-0.001257836,0.1597538,-0.15480949,0.2493514,0.10249513,-15.842142,-11.141776,0.09920045,5,"{""geodesic"":false,""type"":""Point"",""coordinates"":[110.44536777097454,-7.268108570826009]}"
2_190_0,0.0581,0.2314,0.2009,0.1172,0.1238,0.1132,0.1225,0.1463,0.1547,0.1505,0.1713,0.2265,0.12559202,0.09808562,0.016352532,0.09733867,-0.3029279,-0.07055284,0.15110885,0.124392964,0.1434263,-0.3275961,0.1414486,-0.09733867,0.102564104,0.073261745,-13.4355955,-5.561029,0.065064475,5,"{""geodesic"":false,""type"":""Point"",""coordinates"":[110.46088683971456,-7.319776855924668]}"
2_127_0,0.0686,0.2226,0.2114,0.0625,0.0696,0.0766,0.1172,0.1338,0.1352,0.1295,0.1569,0.1788,0.21824104,0.118043475,0.027025806,0.30085385,-0.5236139,-0.025806442,0.12504433,0.34895834,0.2402464,0.56155735,0.25667152,-0.30085385,0.049858134,0.11237785,-14.506165,0.36425495,0.14523122,5,"{""geodesic"":false,""type"":""Point"",""coordinates"":[110.42127800391988,-7.263284403512017]}"
2_5_0,0.0727,0.2295,0.1954,0.0759,0.0664,0.0748,0.0993,0.1299,0.1436,0.1494,0.1649,0.1641,0.14916918,0.18125273,0.047183983,0.3846154,-0.55119973,-0.08025417,0.097830795,0.32623166,0.13341069,0.5029469,0.3327386,-0.3846154,0.20144752,0.15451533,-10.625476,0.87075275,0.15200604,5,"{""geodesic"":false,""type"":""Point"",""coordinates"":[110.40484902541186,-7.288409315098757]}"
2_168_0,0.0616,0.2456,0.2157,0.0654,0.0777,0.1042,0.1207,0.1517,0.1634,0.1622,0.1702,0.2241,0.21163838,0.11180508,0.032941025,0.35223013,-0.51933193,-0.06481682,0.1385693,0.42530757,0.14157183,0.5794212,0.21771774,-0.35223013,0.14669496,0.113517754,-13.351991,-6.6740007,0.19956021,5,"{""geodesic"":false,""type"":""Point"",""coordinates"":[110.424204484,-7.312495138437689]}"
2_145_0,0.0785,0.219,0.2031,0.129,0.1494,0.1542,0.1644,0.1833,0.2103,0.1903,0.2179,0.2148,0.07783394,0.07861498,0.024616111,0.12040038,-0.18892509,-0.0376688,0.16457184,0.1919825,0.032536842,0.2586207,0.10478955,-0.12040038,0.07301946,0.064120784,-13.278102,-6.7426157,0.11222997,5,"{""geodesic"":false,""type"":""Point"",""coordinates"":[110.4137578185079,-7.264541107396294]}"
2_18_0,0.0701,0.2572,0.2293,0.0542,0.0652,0.099,0.1101,0.1406,0.1534,0.1767,0.1802,0.1784,0.21342191,0.14239115,0.049663708,0.46093425,-0.5955335,-0.057348397,0.1284703,0.53053266,0.12955667,0.6518947,0.28182808,-0.46093425,0.23221757,0.15025137,-11.835769,0.1497715,0.25140238,5,"{""geodesic"":false,""type"":""Point"",""coordinates"":[110.41109014555396,-7.295744245894726]}"
2_102_0,0.095,0.2084,0.1853,0.0951,0.119,0.1206,0.1411,0.2042,0.2222,0.2815,0.2399,0.2174,-0.067460336,0.31137517,0.14534006,0.40574282,-0.27306047,-0.058674127,0.07938607,0.49495488,-0.20608401,0.37331137,0.40014923,-0.40574282,0.33222908,0.26754242,-10.906796,-4.3074875,0.31895962,5,"{""geodesic"":false,""type"":""Point"",""coordinates"":[110.44500609191124,-7.2675654016063485]}"
2_202_0,0.0514,0.1184,0.128,0.1678,0.173,0.145,0.0929,0.1185,0.1176,0.1589,0.1001,0.0535,-0.10726994,0.045106426,0.018614061,-0.042482678,0.18737128,0.038961064,0.11680303,-0.027242124,-0.107702985,0.17260656,0.045738723,0.042482678,0.26211277,0.025936056,-19.012236,-14.597926,-0.016148545,5,"{""geodesic"":false,""type"":""Point"",""coordinates"":[110.42267621564427,-7.303266879623867]}"
2_182_0,0.0642,0.2298,0.2089,0.1004,0.117,0.1172,0.1181,0.1523,0.1583,0.1857,0.1732,0.1849,0.096193336,0.1507615,0.048544966,0.22695738,-0.32525954,-0.04764075,0.13184212,0.2981475,0.058793727,0.3918837,0.22614723,-0.22695738,0.22251481,0.12797359,-10.964412,-13.044395,0.16276555,5,"{""geodesic"":false,""type"":""Point"",""coordinates"":[110.43279226257378,-7.327340492483206]}"
2_51_0,0.067,0.2383,0.2088,0.0936,0.0974,0.1162,0.1539,0.1988,0.2009,0.1791,0.2065,0.2163,0.13042091,0.13390957,0.041261382,0.2954792,-0.41971996,-0.06598075,0.13546935,0.31353137,0.076566115,0.4359747,0.21300374,-0.2954792,0.075675696,0.11863449,-11.342773,-5.4173627,0.16597646,5,"{""geodesic"":false,""type"":""Point"",""coordinates"":[110.46235078475546,-7.307748152700949]}"
2_139_0,0.1099,0.2456,0.2293,0.1106,0.1212,0.1394,0.156,0.1733,0.1781,0.1667,0.1772,0.2,0.16261512,0.058154397,0.008479182,0.15804099,-0.3391494,-0.034323,0.19174817,0.20230797,0.1580808,0.37900054,0.089186534,-0.15804099,0.033157747,0.05080015,-11.779494,-5.566015,0.108259365,5,"{""geodesic"":false,""type"":""Point"",""coordinates"":[110.40295992619428,-7.278366459088257]}"
2_68_0,0.0773,0.3054,0.2481,0.2072,0.239,0.2278,0.2236,0.3282,0.3504,0.3651,0.3689,0.3476,-0.035368603,0.29140845,0.12354768,0.20874028,-0.12196918,-0.10352306,0.15479918,0.27590424,-0.19080235,-0.19157238,0.23157363,-0.20874028,0.24036011,0.18844359,-17.311382,-8.402738,0.22088034,5,"{""geodesic"":false,""type"":""Point"",""coordinates"":[110.46119383870958,-7.290379493717732]}"
2_47_0,0.0628,0.2253,0.1768,0.0618,0.0772,0.092,0.1139,0.1706,0.1886,0.1707,0.2019,0.218,0.15423791,0.15625,0.055076502,0.37716818,-0.48958677,-0.120616764,0.095287636,0.4683871,0.017553953,0.569488,0.29958126,-0.37716818,0.19957834,0.15477908,-11.068163,-2.1628513,0.22300342,5,"{""geodesic"":false,""type"":""Point"",""coordinates"":[110.45228355995289,-7.316962390509269]}"
2_57_0,0.0715,0.1958,0.1693,0.0756,0.0846,0.0824,0.1092,0.1542,0.1647,0.1724,0.1795,0.227,0.05739265,0.20458263,0.06990319,0.3416342,-0.39657632,-0.072582856,0.080918334,0.3903226,-0.009072265,-0.44288874,0.3532182,-0.3416342,0.22443181,0.17885531,-13.862137,-4.187663,0.19411765,5,"{""geodesic"":false,""type"":""Point"",""coordinates"":[110.46290460822287,-7.299155626953023]}"
2_177_0,0.0656,0.2552,0.2484,0.1908,0.1926,0.2098,0.1499,0.1662,0.2076,0.2371,0.215,0.1791,0.041550007,0.06409052,0.019254189,0.10356064,-0.13979456,-0.013502772,0.21979891,0.108202875,0.02327497,0.14439462,0.06108749,-0.10356064,0.225323,0.04324638,-16.447311,-5.4261956,0.07484644,5,"{""geodesic"":false,""type"":""Point"",""coordinates"":[110.42455898486148,-7.318646460544601]}"
2_63_0,0.0608,0.2371,0.2125,0.1208,0.1658,0.1426,0.1239,0.1504,0.1707,0.2142,0.1818,0.1933,0.06254372,0.15380651,0.054852664,0.12736842,-0.17696698,-0.054715298,0.14146826,0.27880597,-0.003984061,-0.3249511,0.20067266,-0.12736842,0.26708075,0.12535015,-13.871862,-6.048542,0.16778444,5,"{""geodesic"":false,""type"":""Point"",""coordinates"":[110.4607373124162,-7.293363951241532]}"
2_174_0,0.0583,0.2276,0.1949,0.0388,0.0518,0.0525,0.0937,0.1392,0.1619,0.1808,0.1839,0.1935,0.12107261,0.26622677,0.09726869,0.5546002,-0.6292054,-0.07739642,0.0565943,0.6466302,0.037529945,0.7087087,0.5499357,-0.5546002,0.3173042,0.26244375,-12.96318,-6.9407477,0.29599777,5,"{""geodesic"":false,""type"":""Point"",""coordinates"":[110.4270919830771,-7.321544216642637]}"
2_122_0,0.0784,0.2974,0.2838,0.1064,0.1126,0.1202,0.1438,0.1674,0.1818,0.1902,0.2074,0.2032,0.16942033,0.15717621,0.038596522,0.2562748,-0.4507317,-0.023399848,0.17935206,0.2825354,0.19746836,0.47300646,0.22551547,-0.2562748,0.13892215,0.12956564,-7.681,-7.15368,0.15779564,5,"{""geodesic"":false,""type"":""Point"",""coordinates"":[110.43631748960894,-7.261403791360179]}"
2_167_0,0.054,0.1606,0.1164,0.0884,0.0954,0.1004,0.1122,0.1715,0.1819,0.146,0.2101,0.2625,0.053694006,0.105030395,0.03493132,0.20961061,-0.25468752,-0.15956679,0.08004493,0.24573378,-0.11280486,0.28995988,0.18506493,-0.20961061,0.13090627,0.09163987,-16.368412,-11.078127,0.11764706,5,"{""geodesic"":false,""type"":""Point"",""coordinates"":[110.42239746809283,-7.308693761084698]}"
2_134_0,0.0758,0.2829,0.2626,0.1106,0.1246,0.139,0.2467,0.2327,0.2654,0.202,0.267,0.2732,0.1488087,0.13054292,0.037497975,0.23698716,-0.38846627,-0.037213568,0.18069999,0.29238644,0.13043478,0.43786532,0.18475075,-0.23698716,-0.09962111,0.112366244,-7.2013063,-2.3055325,0.1687177,5,"{""geodesic"":false,""type"":""Point"",""coordinates"":[110.40885191582906,-7.275479664017733]}"
2_186_0,0.0484,0.2115,0.175,0.0616,0.0723,0.0824,0.1047,0.1435,0.1557,0.1499,0.1764,0.245,0.16303918,0.14273028,0.044620834,0.34923494,-0.49048626,-0.09443728,0.09619746,0.41749412,0.07725452,0.5488832,0.29057255,-0.34923494,0.1775334,0.13826302,-10.851738,-5.729603,0.18615602,5,"{""geodesic"":false,""type"":""Point"",""coordinates"":[110.4508224006929,-7.326458317133667]}"
2_176_0,0.0614,0.2075,0.1673,0.0484,0.0607,0.0629,0.0848,0.1338,0.1408,0.1332,0.1623,0.1842,0.19646016,0.1531457,0.04467392,0.3739041,-0.54735273,-0.107257195,0.079002775,0.46696037,0.11347752,0.6217272,0.3584906,-0.3739041,0.22201836,0.15148686,-11.625143,-5.0413685,0.18661973,5,"{""geodesic"":false,""type"":""Point"",""coordinates"":[110.42474075645535,-7.318194422935271]}"
2_148_0,0.0861,0.2478,0.207,0.203,0.1738,0.1778,0.1742,0.2185,0.2227,0.2325,0.2367,0.2315,-0.011496927,0.17604274,0.042294566,0.1444745,-0.17552179,-0.089709744,0.15829936,0.06773825,-0.058020476,0.099378884,0.13331708,-0.1444745,0.1433489,0.09013512,-18.851099,-6.354943,0.04730092,5,"{""geodesic"":false,""type"":""Point"",""coordinates"":[110.4137528945572,-7.268340168558672]}"
2_117_0,0.0606,0.1374,0.0915,0.0972,0.1174,0.1236,0.1266,0.2162,0.235,0.2477,0.2655,0.2181,-0.13847171,0.24617156,0.12165436,0.35688853,-0.07849295,-0.20052426,0.04565765,0.4363584,-0.4604953,0.17135552,0.3342311,-0.35688853,0.3235373,0.2136463,-14.610664,-4.2245135,0.26719138,5,"{""geodesic"":false,""type"":""Point"",""coordinates"":[110.4479958778481,-7.2672072320936945]}"
2_62_0,0.0581,0.2453,0.2165,0.0862,0.1054,0.1174,0.1209,0.1764,0.1826,0.2034,0.2121,0.2117,0.112064995,0.17045906,0.0633335,0.3173575,-0.39891642,-0.062364653,0.12496116,0.40469614,0.0311979,0.47993967,0.26807982,-0.3173575,0.25439408,0.15716375,-12.741626,-5.1534038,0.22264437,5,"{""geodesic"":false,""type"":""Point"",""coordinates"":[110.45910449239284,-7.295171091530724]}"
2_85_0,0.0649,0.2514,0.2195,0.113,0.1188,0.1416,0.1419,0.1946,0.2083,0.1993,0.221,0.269,0.11441938,0.12006827,0.038241196,0.25306508,-0.35818475,-0.06774259,0.15595183,0.27633688,0.048233043,0.3798024,0.16925786,-0.25306508,0.16822979,0.10292545,-15.1376505,0.8787737,0.15936232,5,"{""geodesic"":false,""type"":""Point"",""coordinates"":[110.45178952599578,-7.276257287713791]}"
2_189_0,0.0572,0.2202,0.1717,0.0536,0.0644,0.0705,0.0879,0.1404,0.166,0.1611,0.1925,0.2113,0.15037595,0.19160815,0.06407008,0.4288248,-0.547435,-0.123756066,0.07513873,0.5006987,0.031850964,0.60847336,0.3911917,-0.4288248,0.2939759,0.18575723,-10.48489,-5.2649145,0.22561915,5,"{""geodesic"":false,""type"":""Point"",""coordinates"":[110.45490536018296,-7.321488290202666]}"
2_114_0,0.0432,0.0484,0.038,0.0619,0.0739,0.0742,0.07,0.0765,0.09,0.1117,0.0857,0.0604,-0.17218097,0.08580058,0.04207229,0.2036638,0.20850368,-0.12037038,0.025242612,0.28686634,-0.49231797,-0.12239348,0.20172137,-0.2036638,0.22949916,0.08200904,-16.992254,-11.592958,0.11089667,5,"{""geodesic"":false,""type"":""Point"",""coordinates"":[110.44899056208332,-7.268655713840744]}"
2_14_0,0.0619,0.254,0.2309,0.1702,0.1938,0.204,0.2089,0.2271,0.2444,0.2577,0.2611,0.2415,0.03397675,0.111392304,0.044838972,0.14152822,-0.13443503,-0.047638696,0.18278463,0.20448701,-0.05485058,0.19754833,0.11630929,-0.14152822,0.10458636,0.08375793,-20.456879,-14.67945,0.14144842,5,"{""geodesic"":false,""type"":""Point"",""coordinates"":[110.40583883572828,-7.293476027388005]}"
2_32_0,0.0562,0.2671,0.2443,0.1664,0.2158,0.1936,0.1795,0.2029,0.1926,0.2238,0.2103,0.2461,0.08285345,0.06637947,0.017174294,0.018198365,-0.10623318,-0.04458352,0.21133368,0.14710405,0.04379404,-0.23229527,0.07235267,-0.018198365,0.1098438,0.049378686,-20.985453,-13.397466,0.096719846,5,"{""geodesic"":false,""type"":""Point"",""coordinates"":[110.42365755035212,-7.315117604309549]}"
2_191_0,0.0537,0.2047,0.1676,0.0773,0.0915,0.0824,0.0931,0.1601,0.1773,0.1844,0.1971,0.2339,0.046282783,0.23201856,0.08032594,0.33671623,-0.3821742,-0.099650785,0.07489284,0.40924725,-0.047727276,-0.45177305,0.38230884,-0.33671623,0.32900903,0.19953053,-14.585139,-6.488499,0.21090983,5,"{""geodesic"":false,""type"":""Point"",""coordinates"":[110.4611577619379,-7.320500816064366]}"
2_84_0,0.0613,0.2293,0.1934,0.0475,0.0544,0.0643,0.0849,0.1253,0.1386,0.1325,0.1634,0.1798,0.2398649,0.14672345,0.038958605,0.4178705,-0.6164963,-0.08493024,0.09385374,0.4722222,0.18686715,0.6567919,0.34654468,-0.4178705,0.21895121,0.14681399,-14.325619,-3.8062181,0.18749999,5,"{""geodesic"":false,""type"":""Point"",""coordinates"":[110.4554967636476,-7.281960396668153]}"
2_159_0,0.0573,0.1863,0.1338,0.103,0.113,0.11,0.1161,0.1803,0.1948,0.2114,0.2135,0.2101,-0.029638134,0.23068523,0.08787808,0.30332923,-0.24490477,-0.16401123,0.06962157,0.34478372,-0.22479722,-0.2879364,0.31549472,-0.30332923,0.29099238,0.18517166,-7.927072,-7.2470226,0.19965619,5,"{""geodesic"":false,""type"":""Point"",""coordinates"":[110.41660578530146,-7.303801798200642]}"
2_157_0,0.0499,0.1749,0.1206,0.0938,0.1122,0.0902,0.1007,0.1879,0.223,0.2053,0.2435,0.2214,-0.060262334,0.27588686,0.10008942,0.29322836,-0.2183908,-0.18375634,0.052986458,0.37278503,-0.25989568,-0.3018236,0.38950932,-0.29322836,0.34183007,0.21703331,-14.807407,-8.378086,0.20929797,5,"{""geodesic"":false,""type"":""Point"",""coordinates"":[110.41787443843589,-7.303532074454011]}"
2_198_0,0.0536,0.2086,0.1673,0.05,0.0571,0.0664,0.0889,0.1224,0.1475,0.1375,0.1767,0.1819,0.18918918,0.15311398,0.045899246,0.4131552,-0.5701919,-0.109869644,0.08079069,0.46666667,0.09776902,0.6133024,0.34870037,-0.4131552,0.21466433,0.15151301,-12.397571,-7.290688,0.19090909,5,"{""geodesic"":false,""type"":""Point"",""coordinates"":[110.46307240849931,-7.310372194500877]}"
2_112_0,0.066,0.1923,0.1709,0.1592,0.179,0.1846,0.1499,0.1729,0.1662,0.1928,0.1948,0.2018,0.034161072,0.018528571,0.006835405,0.037116718,-0.035820093,-0.058920715,0.16363142,0.09545455,-0.060214456,0.09416787,0.021727623,-0.037116718,0.12518238,0.0140186995,-14.788543,-7.8180394,0.059154935,5,"{""geodesic"":false,""type"":""Point"",""coordinates"":[110.44156850841144,-7.2637620966620515]}"
2_82_0,0.057,0.2565,0.2188,0.1844,0.1828,0.1532,0.137,0.1785,0.1887,0.2396,0.2129,0.2197,-0.017152457,0.2784223,0.06809312,0.13446972,-0.16776693,-0.07931835,0.13990049,0.13018866,-0.04537524,-0.16352914,0.21995927,-0.13446972,0.2724376,0.1451613,-13.58868,-4.209308,0.08961038,5,"{""geodesic"":false,""type"":""Point"",""coordinates"":[110.45504381759237,-7.281959851629318]}"
2_199_0,0.0691,0.2233,0.1845,0.0528,0.0603,0.0742,0.0872,0.1203,0.1361,0.1443,0.1588,0.1986,0.2029923,0.14683704,0.04367642,0.41055718,-0.57475317,-0.09514468,0.0948711,0.46423134,0.12226276,0.61752987,0.32082382,-0.41055718,0.24665226,0.14634655,-10.456959,-8.633813,0.1968871,5,"{""geodesic"":false,""type"":""Point"",""coordinates"":[110.46452182160864,-7.3104643724361145]}"
2_61_0,0.0665,0.2466,0.2123,0.1014,0.1214,0.1188,0.1423,0.1662,0.1937,0.1738,0.2022,0.2174,0.14080548,0.12210285,0.032351222,0.1775068,-0.3402174,-0.07474395,0.14511645,0.2630814,0.099715084,-0.41724136,0.18796995,-0.1775068,0.09965203,0.10408782,-11.140384,-7.428752,0.14009288,5,"{""geodesic"":false,""type"":""Point"",""coordinates"":[110.45928654471071,-7.294447672880521]}"
2_29_0,0.0683,0.2401,0.2059,0.0546,0.073,0.0777,0.1156,0.1571,0.1495,0.1401,0.1842,0.1894,0.24019511,0.13034761,0.033619393,0.31487566,-0.5336953,-0.076681614,0.114192925,0.43913713,0.1901734,0.62945366,0.2865014,-0.31487566,0.09581542,0.13039845,-9.706198,-6.191186,0.18461207,5,"{""geodesic"":false,""type"":""Point"",""coordinates"":[110.42366114679673,-7.312313536255239]}"
2_53_0,0.0534,0.2024,0.1631,0.1508,0.1588,0.1568,0.136,0.2142,0.2274,0.1798,0.2376,0.2641,0.04146128,0.05810429,0.014918746,0.062020075,-0.12070873,-0.107523926,0.14223626,0.08771929,-0.048702244,-0.14609285,0.06833037,-0.062020075,0.13869539,0.04123835,-14.439859,-6.817395,0.052371778,5,"{""geodesic"":false,""type"":""Point"",""coordinates"":[110.4651622264816,-7.3052187656763055]}"
2_158_0,0.0565,0.2057,0.1757,0.0749,0.0756,0.0954,0.1072,0.1591,0.1795,0.1782,0.1955,0.2116,0.08661131,0.17411786,0.06325258,0.40425533,-0.46249557,-0.07865758,0.094061606,0.40813908,-0.0070641777,0.46614397,0.30263162,-0.40425533,0.24877366,0.1605481,-12.656547,-7.5541763,0.20574957,5,"{""geodesic"":false,""type"":""Point"",""coordinates"":[110.41751241785332,-7.3032602457202564]}"
2_160_0,0.0706,0.2281,0.1981,0.105,0.1082,0.1236,0.1567,0.1829,0.2014,0.2106,0.2115,0.2238,0.054098606,0.18674338,0.06848046,0.32120454,-0.3565269,-0.070389494,0.116263814,0.33460078,-0.030584788,0.36955872,0.26032317,-0.32120454,0.14674653,0.15643731,-12.494746,-4.715857,0.19421287,5,"{""geodesic"":false,""type"":""Point"",""coordinates"":[110.4163344756205,-7.303439631916909]}"
2_178_0,0.0598,0.1975,0.1508,0.0574,0.0736,0.0698,0.1099,0.2003,0.2061,0.257,0.223,0.1803,-0.080969565,0.37581307,0.16456895,0.55474895,-0.45702693,-0.13407981,0.040956575,0.63486004,-0.26042175,-0.5496273,0.57282746,-0.55474895,0.40092668,0.33962265,-13.975868,-6.0627513,0.36763263,5,"{""geodesic"":false,""type"":""Point"",""coordinates"":[110.42790481720145,-7.323535237789781]}"
2_187_0,0.053,0.2121,0.1753,0.0463,0.0684,0.0643,0.0961,0.1512,0.173,0.1729,0.194,0.1981,0.11541564,0.22411162,0.08240681,0.43307087,-0.5122994,-0.09499225,0.065192536,0.57755476,0.0068925787,-0.64164084,0.4578415,-0.43307087,0.28550187,0.22097126,-15.977781,-2.9044294,0.2640434,5,"{""geodesic"":false,""type"":""Point"",""coordinates"":[110.45136488294463,-7.327363522073956]}"
2_150_0,0.0971,0.2719,0.2444,0.2064,0.2126,0.214,0.2038,0.2259,0.229,0.2524,0.2249,0.1893,0.028686335,0.09712669,0.028138941,0.085591435,-0.122394234,-0.053263616,0.2072171,0.100261554,-0.016103093,0.13694333,0.08233278,-0.085591435,0.106532246,0.059602663,-15.867678,-2.595445,0.071964964,5,"{""geodesic"":false,""type"":""Point"",""coordinates"":[110.40868162809673,-7.267157683992298]}"
2_111_0,0.0894,0.2763,0.2647,0.149,0.196,0.1876,0.1882,0.2068,0.2123,0.1937,0.2097,0.2186,0.15026036,0.012689297,-0.009619463,-0.005901961,-0.17001909,-0.021441806,0.25636408,0.13043477,0.15488656,0.29931813,0.0159979,0.005901961,0.014401677,0.010382388,-11.327489,-4.647549,0.079565674,5,"{""geodesic"":false,""type"":""Point"",""coordinates"":[110.44528128921019,-7.264761649605676]}"
2_118_0,0.0482,0.0901,0.0666,0.0758,0.0844,0.0947,0.0879,0.1336,0.137,0.1504,0.1513,0.1416,-0.10072993,0.12107642,0.056515213,0.2810903,-0.032664753,-0.14996806,0.041934974,0.3297966,-0.3861751,0.08619648,0.22725417,-0.2810903,0.26227444,0.112132594,-17.885992,-7.5367618,0.15408978,5,"{""geodesic"":false,""type"":""Point"",""coordinates"":[110.44826730523371,-7.267478925869733]}"
2_67_0,0.0677,0.2391,0.2026,0.1009,0.1098,0.1238,0.131,0.16,0.168,0.1701,0.1976,0.1983,0.14497553,0.10011677,0.025866477,0.21543407,-0.37059328,-0.08263525,0.14745374,0.25535056,0.0872015,0.40647057,0.15753658,-0.21543407,0.1298572,0.08747953,-15.124469,-4.233752,0.13463035,5,"{""geodesic"":false,""type"":""Point"",""coordinates"":[110.45919920944914,-7.291733931246546]}"
2_24_0,0.0427,0.0561,0.0388,0.0606,0.0744,0.104,0.0595,0.0652,0.0762,0.1486,0.0844,0.0451,-0.13295422,0.08459145,0.05308886,0.33273542,0.1402299,-0.18229714,0.027154779,0.42065006,-0.58591247,-0.038560424,0.17656372,-0.33273542,0.42815953,0.088891834,-23.91072,-16.535667,0.1861252,5,"{""geodesic"":false,""type"":""Point"",""coordinates"":[110.42946679379672,-7.306350952288864]}"
2_56_0,0.0708,0.158,0.1442,0.0826,0.0944,0.1036,0.0987,0.1133,0.1301,0.1342,0.1414,0.1637,0.09364549,0.067323774,0.020959206,0.17410325,-0.251981,-0.045665156,0.11131982,0.23800741,0.035919506,0.31338325,0.12867957,-0.17410325,0.15242596,0.06221199,-16.006174,-7.9663825,0.10797993,5,"{""geodesic"":false,""type"":""Point"",""coordinates"":[110.46163641757266,-7.299063662464765]}"
2_154_0,0.0721,0.2427,0.2069,0.0582,0.0718,0.0727,0.1108,0.1505,0.1707,0.1801,0.1869,0.2041,0.13924508,0.22758093,0.077272505,0.4299325,-0.5434022,-0.07962632,0.083518215,0.51154006,0.069250666,0.6131605,0.42484176,-0.4299325,0.23822618,0.21400104,-15.636075,-4.1788435,0.24766354,5,"{""geodesic"":false,""type"":""Point"",""coordinates"":[110.41856173485058,-7.26228593671529]}"
2_181_0,0.0661,0.2562,0.2407,0.1958,0.1862,0.1938,0.1538,0.1886,0.1997,0.2353,0.2142,0.2242,0.021450434,0.11160715,0.030441444,0.11648876,-0.15822785,-0.031193357,0.1982476,0.09162606,0.011344542,0.13362828,0.09671406,-0.11648876,0.20945773,0.06700033,-11.685797,-4.0486383,0.06363441,5,"{""geodesic"":false,""type"":""Point"",""coordinates"":[110.43170634728983,-7.3263441279446235]}"
2_128_0,0.0744,0.2417,0.1992,0.2,0.219,0.222,0.185,0.2161,0.2275,0.2853,0.2278,0.2429,-0.022760794,0.14163606,0.059808742,0.13146935,-0.04927284,-0.09639372,0.15500316,0.17576754,-0.17770894,0.094407946,0.12477821,-0.13146935,0.2132681,0.09426186,-17.898912,-8.613148,0.1298589,5,"{""geodesic"":false,""type"":""Point"",""coordinates"":[110.42581321902776,-7.258586545881163]}"
2_9_0,0.0653,0.2392,0.1801,0.1112,0.0996,0.101,0.1351,0.188,0.2317,0.2098,0.2585,0.2254,0.029038109,0.27704215,0.084308125,0.35617325,-0.4120425,-0.1409492,0.08670209,0.30716512,-0.07617341,0.3652968,0.35006434,-0.35617325,0.21658453,0.20128268,-14.12055,-8.81679,0.18014617,5,"{""geodesic"":false,""type"":""Point"",""coordinates"":[110.41100440199747,-7.292035526815329]}"
2_6_0,0.0623,0.2212,0.19,0.048,0.0616,0.0704,0.096,0.1314,0.1485,0.1519,0.1657,0.1939,0.18657175,0.16779213,0.054775137,0.4229508,-0.56435645,-0.075875506,0.088057935,0.51975983,0.111436106,0.6433878,0.36662167,-0.4229508,0.22549413,0.169251,-9.921033,-5.4146156,0.22267465,5,"{""geodesic"":false,""type"":""Point"",""coordinates"":[110.40711210344952,-7.289678640425758]}"
2_92_0,0.0753,0.3198,0.2824,0.183,0.0975,0.0912,0.114,0.1517,0.2157,0.277,0.2556,0.2546,-0.056257196,1.0283374,0.1452874,0.47930577,-0.53271025,-0.062105574,0.09297791,0.20434785,0.009653203,-0.27207637,0.50461704,-0.47930577,0.4168798,0.32100898,-13.337015,6.40198,0.14687502,5,"{""geodesic"":false,""type"":""Point"",""coordinates"":[110.4543356015553,-7.268300358267226]}"
2_133_0,0.0887,0.357,0.3717,0.2048,0.1132,0.088,0.0716,0.0737,0.1529,0.2175,0.2763,0.2676,0.026173178,1.5453458,0.081827685,0.3153916,-0.5185028,0.020172905,0.15038896,0.030073423,0.26171076,-0.2709149,0.42389527,-0.3153916,0.50466967,0.24115457,-12.328808,-2.925645,0.020654894,5,"{""geodesic"":false,""type"":""Point"",""coordinates"":[110.41003120295733,-7.274214846578253]}"
2_13_0,0.0735,0.2917,0.2158,0.1696,0.2238,0.2938,0.3187,0.3363,0.3664,0.4401,0.3889,0.2813,-0.020247662,0.18941946,0.14667217,0.3258021,-0.13171679,-0.14955665,0.1440628,0.44366086,-0.34197286,0.26468676,0.19934598,-0.3258021,0.15998948,0.17785074,-14.097233,-10.09117,0.3656394,5,"{""geodesic"":false,""type"":""Point"",""coordinates"":[110.40638488218787,-7.291577215713753]}"
2_38_0,0.0697,0.2423,0.2207,0.1344,0.1494,0.161,0.1401,0.1415,0.1692,0.2018,0.1816,0.1747,0.090736985,0.08794621,0.026391976,0.14920275,-0.23717132,-0.046652284,0.17607878,0.20047593,0.04473371,0.28643486,0.11245867,-0.14920275,0.18046214,0.07093186,-11.195545,0.21754064,0.1209041,5,"{""geodesic"":false,""type"":""Point"",""coordinates"":[110.43506803029156,-7.3187502166368805]}"
2_149_0,0.1071,0.4106,0.3771,0.1788,0.2048,0.2714,0.3259,0.3318,0.3099,0.3396,0.2965,0.1904,0.13628791,0.104794085,0.043530896,0.24761206,-0.33441666,-0.0425289,0.30136907,0.31018516,0.05232314,0.3932813,0.111620285,-0.24761206,0.020586021,0.0920792,-7.5065985,-7.3868537,0.2368421,5,"{""geodesic"":false,""type"":""Point"",""coordinates"":[110.40822716184613,-7.268332991951946]}"
2_135_0,0.0721,0.2089,0.1836,0.2086,0.2226,0.2484,0.1993,0.2289,0.202,0.257,0.2042,0.2319,-0.008993381,0.018175662,0.015600207,0.07172644,0.031749696,-0.06445862,0.17745619,0.10395189,-0.16659103,7.1857503E-4,0.017016217,-0.07172644,0.1264519,0.012830709,-13.0625105,-6.198422,0.07518641,5,"{""geodesic"":false,""type"":""Point"",""coordinates"":[110.41121519633803,-7.269331874385896]}"
2_81_0,0.0759,0.2431,0.1865,0.1206,0.1252,0.1366,0.1609,0.2262,0.2625,0.2916,0.2916,0.269,-0.041040514,0.3211237,0.136126,0.3992322,-0.32011947,-0.13175048,0.08736592,0.41484714,-0.21982847,0.33681607,0.36198035,-0.3992322,0.28883976,0.2504848,-14.038938,-0.30689988,0.2811883,5,"{""geodesic"":false,""type"":""Point"",""coordinates"":[110.45722100426815,-7.279429738776911]}"
2_76_0,0.0845,0.249,0.2269,0.0946,0.0992,0.1416,0.1426,0.1686,0.1783,0.1744,0.1856,0.1882,0.18435414,0.06238114,0.01376652,0.2748538,-0.4302125,-0.046438333,0.18422614,0.29665428,0.1308248,0.44935971,0.10379748,-0.2748538,0.10031546,0.060294125,-4.51074,1.0783494,0.1556567,5,"{""geodesic"":false,""type"":""Point"",""coordinates"":[110.46102249227708,-7.282147918679415]}"
2_100_0,0.0685,0.255,0.2302,0.1264,0.1242,0.1412,0.1348,0.164,0.1895,0.1667,0.2036,0.2197,0.14957203,0.05980861,0.0053323056,0.14609833,-0.3449367,-0.05111295,0.19498643,0.13749577,0.1599899,-0.33717883,0.08281909,-0.14609833,0.10580433,0.047344968,-16.140114,-4.5358467,0.07621992,5,"{""geodesic"":false,""type"":""Point"",""coordinates"":[110.45298282093539,-7.263323726277731]}"
2_55_0,0.0549,0.2653,0.2546,0.1566,0.1692,0.16,0.1408,0.1881,0.1975,0.2216,0.2156,0.2353,0.058618553,0.15291432,0.042938676,0.13408391,-0.22117376,-0.020580914,0.1838267,0.17186673,0.0692986,-0.257644,0.16142558,-0.13408391,0.22295804,0.10480944,-15.560307,-10.388823,0.11102254,5,"{""geodesic"":false,""type"":""Point"",""coordinates"":[110.46462253656088,-7.301961759852777]}"
2_74_0,0.0602,0.2075,0.1802,0.0758,0.094,0.087,0.1134,0.1508,0.1648,0.1754,0.1852,0.2149,0.0793476,0.19576581,0.067044936,0.30215296,-0.37645108,-0.07041527,0.08938084,0.3964968,0.0134982895,-0.4648782,0.33689028,-0.30215296,0.21468145,0.17392446,-8.726594,7.4971147,0.19888179,5,"{""geodesic"":false,""type"":""Point"",""coordinates"":[110.46002384499744,-7.2839558210018875]}"
2_169_0,0.0639,0.2194,0.1805,0.1536,0.1584,0.1574,0.1522,0.2005,0.2188,0.2065,0.2316,0.2581,0.022662504,0.122885175,0.038112324,0.13181692,-0.1614611,-0.097274326,0.13758208,0.1469036,-0.06718344,-0.17640749,0.13492717,-0.13181692,0.15137997,0.08525292,-12.821383,-7.1034446,0.09225669,5,"{""geodesic"":false,""type"":""Point"",""coordinates"":[110.42501949071361,-7.31276754054504]}"
2_166_0,0.0599,0.1724,0.1457,0.0676,0.0762,0.0856,0.1118,0.1439,0.1606,0.1362,0.163,0.211,0.11736684,0.110693015,0.03521725,0.28248584,-0.386967,-0.08393589,0.09157063,0.33660454,0.033699885,0.43666667,0.22813343,-0.28248584,0.098387085,0.10515377,-14.0271015,-9.489132,0.1462063,5,"{""geodesic"":false,""type"":""Point"",""coordinates"":[110.4216735298433,-7.308059655856117]}"
2_83_0,0.0613,0.2208,0.1858,0.048,0.0559,0.0686,0.0889,0.1333,0.1523,0.1402,0.1796,0.1798,0.21189278,0.15019299,0.04462704,0.42988274,-0.5959523,-0.08607968,0.09091212,0.48990437,0.13987729,0.64285713,0.3429119,-0.42988274,0.2239197,0.15152371,-13.754704,-3.6550574,0.20095903,5,"{""geodesic"":false,""type"":""Point"",""coordinates"":[110.45540672013122,-7.281508015549362]}"
2_15_0,0.0844,0.2305,0.2001,0.1532,0.1516,0.1394,0.1292,0.189,0.19,0.1921,0.2012,0.2114,0.03439597,0.14980102,0.03655521,0.11783532,-0.20649043,-0.070599146,0.14520532,0.11265567,0.02039776,-0.20145947,0.15897435,-0.11783532,0.19576721,0.09506915,-15.9495535,-6.5119634,0.06902875,5,"{""geodesic"":false,""type"":""Point"",""coordinates"":[110.41027482405285,-7.2957431825264]}"
2_173_0,0.0438,0.1801,0.1258,0.0535,0.0662,0.0614,0.0903,0.1837,0.2034,0.1549,0.2293,0.2847,0.07357189,0.20832404,0.07246392,0.40117592,-0.46244416,-0.17750898,0.049865205,0.4865643,-0.103669405,-0.541952,0.43227,-0.40117592,0.2634584,0.19579785,-19.85428,-12.276775,0.2147092,5,"{""geodesic"":false,""type"":""Point"",""coordinates"":[110.4266523921043,-7.311050994009389]}"
2_93_0,0.0775,0.2786,0.2356,0.0902,0.0855,0.1044,0.1658,0.1983,0.1733,0.1748,0.2111,0.2143,0.18209879,0.15648615,0.039528176,0.34306568,-0.5303488,-0.08362507,0.14071305,0.31924528,0.14814815,0.510846,0.252149,-0.34306568,0.02642394,0.1355236,-11.695882,-3.8517623,0.16588235,5,"{""geodesic"":false,""type"":""Point"",""coordinates"":[110.45433440081894,-7.269295357379817]}"
2_131_0,0.0697,0.2141,0.1714,0.0588,0.0758,0.145,0.157,0.2091,0.2197,0.2173,0.2289,0.2177,0.13066751,0.10979166,0.060054064,0.48277038,-0.47706106,-0.11076526,0.11437183,0.57406735,-0.118085936,0.5690729,0.19955839,-0.48277038,0.16110072,0.1257683,-17.144526,-10.0469675,0.30633938,5,"{""geodesic"":false,""type"":""Point"",""coordinates"":[110.42226577296914,-7.270069721105236]}"
2_103_0,0.0706,0.2144,0.2171,0.1656,0.1854,0.201,0.1673,0.1906,0.1717,0.2277,0.1821,0.2039,0.027327811,0.0560124,0.024325237,0.10239652,-0.07253627,0.006257245,0.19164295,0.15789472,-0.023830937,0.12842104,0.062281292,-0.10239652,0.15291138,0.043124784,-19.092716,-9.323319,0.10427627,5,"{""geodesic"":false,""type"":""Point"",""coordinates"":[110.44527740660818,-7.267927551378209]}"
2_12_0,0.0819,0.2586,0.216,0.1322,0.1592,0.1744,0.1799,0.2119,0.2374,0.2428,0.2509,0.2338,0.07178218,0.1317716,0.05347803,0.2079602,-0.23791288,-0.08975978,0.15514992,0.29493332,-0.058413234,0.3234391,0.16395013,-0.2079602,0.14880529,0.11186218,-14.357289,-10.685056,0.18959999,5,"{""geodesic"":false,""type"":""Point"",""coordinates"":[110.40629357692725,-7.29211981844179]}"
2_41_0,0.0742,0.2319,0.1982,0.0818,0.1008,0.1202,0.1399,0.1888,0.2069,0.2156,0.2153,0.2085,0.08421864,0.18023123,0.07560446,0.36283186,-0.3940487,-0.07835388,0.11049926,0.44989914,-0.042049292,0.47848263,0.28409767,-0.36283186,0.21293952,0.17121321,-13.337719,-2.1872768,0.251693,5,"{""geodesic"":false,""type"":""Point"",""coordinates"":[110.44122666854594,-7.32029561960251]}"
2_140_0,0.1102,0.3132,0.3008,0.283,0.299,0.281,0.2578,0.2623,0.3035,0.3178,0.2791,0.2112,-0.0055230064,0.10439123,0.031093495,0.030479882,-0.023195038,-0.020195441,0.26596853,0.057922762,-0.027481394,-0.05065415,0.061456244,-0.030479882,0.10423903,0.05023662,-16.196512,-10.743935,0.04742005,5,"{""geodesic"":false,""type"":""Point"",""coordinates"":[110.40368164083516,-7.280628754343801]}"
2_179_0,0.0616,0.2424,0.2287,0.1074,0.1206,0.1472,0.1337,0.1509,0.169,0.2061,0.1888,0.1779,0.108234964,0.114698544,0.042028606,0.261708,-0.3355372,-0.029080892,0.16334128,0.31483254,0.05197791,0.38593483,0.16671383,-0.261708,0.21306652,0.1035392,-11.013511,-4.0915956,0.1819914,5,"{""geodesic"":false,""type"":""Point"",""coordinates"":[110.4295336112375,-7.325075022848799]}"
2_44_0,0.0639,0.2395,0.1915,0.1566,0.1994,0.2344,0.2063,0.2634,0.3132,0.3244,0.3233,0.2839,-0.0074353344,0.14457367,0.08909618,0.23864073,-0.09136479,-0.11136893,0.13837114,0.34885657,-0.2576081,0.2092906,0.16105941,-0.23864073,0.22253628,0.12750284,-14.427272,-12.09777,0.25657493,5,"{""geodesic"":false,""type"":""Point"",""coordinates"":[110.44077120588472,-7.322285046400015]}"
2_129_0,0.0618,0.1213,0.1041,0.0546,0.0648,0.1212,0.1359,0.1215,0.1453,0.1559,0.1206,0.157,0.07064017,0.058869433,0.034682278,0.4127775,-0.3036002,-0.07630879,0.08092957,0.48123515,-0.19923079,0.3791927,0.12522554,-0.4127775,0.068540104,0.066979796,-15.124665,-6.2479725,0.21386348,5,"{""geodesic"":false,""type"":""Point"",""coordinates"":[110.42117804243848,-7.270611058358026]}"
