system:index,B1,B11,B12,B2,B3,B4,B5,B6,B7,B8,B8A,B9,BSI,EVI,FAI,GNDVI,MNDWI,NBAI,NBI,NDAVI,NDBI,NDBSI,NDVI,NDWI,RENDVI,SAVI,VH,VV,WAVI,landcover,.geo
1_1_1_1_1_85_0,0.0438,0.1315,0.049,0.0357,0.0618,0.0299,0.0997,0.3706,0.436,0.4631,0.4587,0.4628,-0.51105726,0.78777957,0.4151944,0.76452655,-0.36057943,-0.45706373,0.0031636795,0.85685647,-0.8086311,-0.5729665,0.8787018,-0.76452655,0.64570004,0.6543807,-11.535936,-7.1485577,0.64187026,0,"{""geodesic"":false,""type"":""Point"",""coordinates"":[110.44224478307869,-7.302929666058904]}"
1_1_1_1_1_114_0,0.0569,0.1661,0.0863,0.0504,0.0716,0.0448,0.1167,0.2908,0.3293,0.3323,0.3457,0.2768,-0.28942052,0.5876462,0.26600316,0.6454568,-0.39755994,-0.3161648,0.011634788,0.7366083,-0.5876732,-0.5344111,0.7623972,-0.6454568,0.48017818,0.49167714,-12.771483,-8.916596,0.47904158,0,"{""geodesic"":false,""type"":""Point"",""coordinates"":[110.42158607658465,-7.305617287036432]}"
1_1_1_1_1_147_0,0.0466,0.0271,0.0147,0.0427,0.0548,0.0351,0.059,0.0946,0.1164,0.122,0.0991,0.0301,-0.45174083,0.21459968,0.08831777,0.3800905,0.33821732,-0.2966507,0.0042292625,0.4814815,-0.7849305,0.22349569,0.55315083,-0.3800905,0.3480663,0.19837163,-21.246044,-12.418835,0.17895292,0,"{""geodesic"":false,""type"":""Point"",""coordinates"":[110.43293634190738,-7.284917687626603]}"
1_1_1_1_1_172_0,0.0382,0.0724,0.0318,0.0387,0.0607,0.0373,0.0899,0.1892,0.2231,0.2542,0.2324,0.2898,-0.4550422,0.4565355,0.21067958,0.6144808,-0.087903865,-0.38963532,0.0046661687,0.735746,-0.7776224,-0.30333036,0.74408233,-0.6144808,0.4774775,0.41105497,-13.100129,-6.352601,0.4076807,0,"{""geodesic"":false,""type"":""Point"",""coordinates"":[110.44517693802437,-7.275977874390408]}"
1_1_1_1_1_65_0,0.0399,0.1157,0.0489,0.0338,0.0604,0.0322,0.1029,0.2828,0.3387,0.3408,0.3557,0.2665,-0.4338756,0.602499,0.29380208,0.69890326,-0.31402612,-0.40583232,0.004620247,0.81954086,-0.7490377,-0.5478261,0.82734585,-0.69890326,0.5361731,0.53024054,-16.628279,-7.3121495,0.5265264,0,"{""geodesic"":false,""type"":""Point"",""coordinates"":[110.44696529827924,-7.295065943858224]}"
1_1_1_1_1_128_0,0.0455,0.1404,0.0601,0.0376,0.0672,0.0375,0.1109,0.324,0.3862,0.388,0.41,0.263,-0.4104391,0.6583396,0.332264,0.7047452,-0.3526012,-0.40049878,0.005808634,0.8233083,-0.7317563,-0.5775281,0.8237368,-0.7047452,0.55542195,0.5680713,-14.782451,-4.0392566,0.5678479,0,"{""geodesic"":false,""type"":""Point"",""coordinates"":[110.43094428683165,-7.2841915534138595]}"
1_1_1_1_1_66_0,0.0413,0.0668,0.029,0.0382,0.059,0.035,0.0778,0.1508,0.1743,0.1932,0.1809,0.2013,-0.3889556,0.35416853,0.15256439,0.53211737,-0.062003165,-0.39457202,0.005253623,0.6698358,-0.7389739,-0.27238095,0.69325155,-0.53211737,0.42583027,0.32587203,-10.279077,-6.0456166,0.31788352,0,"{""geodesic"":false,""type"":""Point"",""coordinates"":[110.44596756579067,-7.296059719750318]}"
1_1_1_1_1_73_0,0.0406,0.1298,0.0519,0.0374,0.0584,0.0325,0.1009,0.314,0.3705,0.3727,0.4004,0.399,-0.43291405,0.6607365,0.32295644,0.7290652,-0.37938365,-0.4287287,0.004525758,0.81760544,-0.75553465,-0.5526316,0.8395854,-0.7290652,0.573902,0.5637428,-12.904343,-8.190968,0.55263156,0,"{""geodesic"":false,""type"":""Point"",""coordinates"":[110.44415271390004,-7.298499757747294]}"
1_1_1_1_1_35_0,0.0386,0.1457,0.0637,0.0332,0.0594,0.0347,0.105,0.2776,0.3275,0.3452,0.3579,0.3604,-0.35433072,0.5951012,0.29082853,0.7063767,-0.42077035,-0.39159504,0.006403215,0.82452434,-0.6884324,-0.6288429,0.81732035,-0.7063767,0.53354067,0.5293215,-13.635572,-7.411828,0.5327869,0,"{""geodesic"":false,""type"":""Point"",""coordinates"":[110.44941878897593,-7.288918038434716]}"
1_1_1_1_1_25_0,0.0434,0.1494,0.0697,0.0394,0.059,0.0398,0.1032,0.2905,0.342,0.3199,0.3773,0.2778,-0.31011853,0.55434614,0.26067665,0.68857217,-0.43378118,-0.3637608,0.008671648,0.78068465,-0.64219713,-0.5826271,0.77870446,-0.68857217,0.51217204,0.488717,-11.537371,-8.281012,0.48964274,0,"{""geodesic"":false,""type"":""Point"",""coordinates"":[110.44924346170912,-7.284123739046088]}"
1_1_1_1_1_205_0,0.0388,0.1148,0.0552,0.0342,0.0582,0.0359,0.0992,0.2514,0.2714,0.2911,0.3169,0.2674,-0.36680672,0.5104,0.2412173,0.66676205,-0.3271676,-0.35058823,0.006807558,0.7897325,-0.6812013,-0.54093957,0.7804281,-0.66676205,0.49167305,0.46287787,-13.858347,-9.224486,0.46692112,0,"{""geodesic"":false,""type"":""Point"",""coordinates"":[110.45041517452202,-7.289009704778993]}"
1_1_1_1_1_184_0,0.0381,0.1245,0.0566,0.0331,0.0567,0.0327,0.1007,0.2553,0.2917,0.3244,0.3198,0.2998,-0.38915876,0.57315207,0.27543116,0.7024403,-0.37417218,-0.37493098,0.0057053636,0.8148252,-0.7028871,-0.5799492,0.81685805,-0.7024403,0.52622914,0.51050055,-13.713333,-7.9613366,0.5095627,0,"{""geodesic"":false,""type"":""Point"",""coordinates"":[110.44988442352727,-7.2785163407983795]}"
1_1_1_1_1_55_0,0.0366,0.165,0.0755,0.0336,0.057,0.0305,0.1058,0.3082,0.3644,0.3851,0.402,0.4168,-0.36339954,0.67358106,0.33076385,0.7421398,-0.4864865,-0.37214142,0.0059796153,0.8395032,-0.67216676,-0.66163146,0.8532243,-0.7421398,0.568955,0.58093053,-15.15623,-4.63066,0.5739088,0,"{""geodesic"":false,""type"":""Point"",""coordinates"":[110.45095992934078,-7.288015367278707]}"
1_1_1_1_1_94_0,0.0425,0.1285,0.0521,0.0342,0.0661,0.0333,0.1004,0.3239,0.386,0.3792,0.417,0.4083,-0.4374131,0.65387523,0.3290286,0.7031215,-0.32065776,-0.42303434,0.004575237,0.8345428,-0.75840485,-0.5795943,0.83854544,-0.7031215,0.5813178,0.56860274,-11.525012,-6.793409,0.5665645,0,"{""geodesic"":false,""type"":""Point"",""coordinates"":[110.44006683135858,-7.305911959842116]}"
1_1_1_1_1_64_0,0.0386,0.1309,0.0557,0.0364,0.0645,0.0345,0.1095,0.3009,0.3437,0.3468,0.3747,0.3808,-0.3970106,0.60958,0.29521593,0.68636036,-0.33981577,-0.40300104,0.00554109,0.81002086,-0.7232298,-0.56485355,0.8190401,-0.68636036,0.5200526,0.5315443,-8.629171,-6.62299,0.52717394,0,"{""geodesic"":false,""type"":""Point"",""coordinates"":[110.44669207883454,-7.296241516309667]}"
1_1_1_1_1_84_0,0.0456,0.1232,0.0524,0.0374,0.0636,0.0346,0.109,0.2864,0.3292,0.3304,0.3555,0.263,-0.39954337,0.5880715,0.28009826,0.67715734,-0.3190578,-0.40318906,0.0054874094,0.7966286,-0.72622776,-0.53424656,0.810411,-0.67715734,0.5038689,0.512948,-10.315201,-7.258757,0.5064531,0,"{""geodesic"":false,""type"":""Point"",""coordinates"":[110.44097782627458,-7.301842647689472]}"
1_1_1_1_1_4_0,0.0364,0.1377,0.0553,0.034,0.0602,0.0307,0.101,0.3427,0.4078,0.4112,0.4382,0.3862,-0.4511082,0.7096762,0.3615374,0.7445906,-0.39161196,-0.426943,0.004128672,0.84725964,-0.7629153,-0.6039604,0.86105454,-0.7445906,0.60562277,0.605956,-12.500261,-5.4663715,0.5986034,0,"{""geodesic"":false,""type"":""Point"",""coordinates"":[110.44544947888987,-7.275345027006233]}"
1_1_1_1_1_10_0,0.0403,0.0814,0.0349,0.0371,0.055,0.0368,0.0844,0.2097,0.2303,0.1831,0.2464,0.2546,-0.30141842,0.32492337,0.13839597,0.5380092,-0.19354838,-0.39982805,0.007014309,0.6630336,-0.67981654,-0.37383968,0.6653024,-0.5380092,0.36897197,0.304834,-13.142889,-5.2402253,0.3040822,0,"{""geodesic"":false,""type"":""Point"",""coordinates"":[110.44400107720723,-7.274529162182109]}"
1_1_1_1_1_47_0,0.0391,0.1621,0.073,0.0334,0.0583,0.0366,0.1071,0.3025,0.3506,0.3639,0.3964,0.3757,-0.33322147,0.61384094,0.30505884,0.7238276,-0.4709619,-0.37898767,0.007342127,0.8318651,-0.66582745,-0.658312,0.81722844,-0.7238276,0.54522294,0.5451971,-17.139605,-7.6732316,0.55249083,0,"{""geodesic"":false,""type"":""Point"",""coordinates"":[110.4513160154508,-7.2931717039106365]}"
1_1_1_1_1_160_0,0.0366,0.0488,0.0262,0.0327,0.0455,0.0302,0.0626,0.1153,0.133,0.1524,0.1319,0.1026,-0.40174177,0.28070015,0.1189037,0.5401718,-0.0349947,-0.3013333,0.0051918635,0.6466775,-0.7066069,-0.19754602,0.66922235,-0.5401718,0.41767442,0.2685321,-16.004648,-13.776711,0.26207852,0,"{""geodesic"":false,""type"":""Point"",""coordinates"":[110.44771516787264,-7.274533704110083]}"
1_1_1_1_1_158_0,0.036,0.0631,0.0306,0.0327,0.0501,0.0264,0.0732,0.1745,0.2015,0.2182,0.2015,0.1045,-0.47414804,0.42382994,0.185296,0.62653744,-0.11484102,-0.34685168,0.0037022915,0.7393384,-0.75401926,-0.3173278,0.78413737,-0.62653744,0.4975978,0.38638195,-17.414331,-9.879112,0.37055534,0,"{""geodesic"":false,""type"":""Point"",""coordinates"":[110.44853100840301,-7.274082425271871]}"
1_1_1_1_1_88_0,0.0495,0.099,0.0446,0.0451,0.0618,0.0379,0.0976,0.2228,0.2479,0.2581,0.2655,0.2425,-0.37786868,0.4798431,0.20937183,0.6136293,-0.23134328,-0.3788301,0.006549167,0.7025066,-0.7053188,-0.3740458,0.7439189,-0.6136293,0.45122296,0.41494974,-13.069997,-8.149908,0.39778388,0,"{""geodesic"":false,""type"":""Point"",""coordinates"":[110.43481250741726,-7.305814955078298]}"
1_1_1_1_1_99_0,0.046,0.1269,0.0485,0.0404,0.0614,0.0329,0.0951,0.337,0.4047,0.404,0.4382,0.4162,-0.47103608,0.71453327,0.3544413,0.73614097,-0.3478492,-0.44697833,0.003949629,0.8181818,-0.78563535,-0.5170353,0.8493934,-0.73614097,0.61891407,0.59414023,-10.880499,-6.9406934,0.5775095,0,"{""geodesic"":false,""type"":""Point"",""coordinates"":[110.43508235725155,-7.307353013704299]}"
1_1_1_1_1_34_0,0.0369,0.1297,0.0495,0.0313,0.0588,0.0284,0.0977,0.3407,0.4082,0.41,0.4421,0.4364,-0.47247246,0.70895106,0.36364755,0.74914676,-0.37612733,-0.44754466,0.0034287805,0.85814637,-0.7845484,-0.6111801,0.870438,-0.74914676,0.615127,0.60997444,-11.199892,-9.617526,0.6034739,0,"{""geodesic"":false,""type"":""Point"",""coordinates"":[110.44769834489355,-7.288282759782058]}"
1_1_1_1_1_13_0,0.0361,0.143,0.0642,0.0318,0.06,0.0311,0.0994,0.2859,0.3387,0.3452,0.3717,0.3669,-0.36817273,0.6071677,0.29426903,0.70385,-0.40886703,-0.3803089,0.005783951,0.8312997,-0.6863703,-0.6361556,0.83470637,-0.70385,0.5528565,0.53765833,-13.017923,-8.212423,0.5360319,0,"{""geodesic"":false,""type"":""Point"",""coordinates"":[110.44644605488631,-7.275255791192226]}"
1_1_1_1_1_7_0,0.0411,0.061,0.0279,0.0398,0.0567,0.0349,0.0814,0.1571,0.1808,0.1462,0.187,0.2904,-0.31961688,0.26322013,0.106674545,0.441104,-0.036533576,-0.3723285,0.0066601224,0.572043,-0.67949456,-0.21031748,0.6145776,-0.441104,0.28471002,0.2451182,-11.483882,-8.193975,0.23265307,0,"{""geodesic"":false,""type"":""Point"",""coordinates"":[110.44164758981668,-7.273078998154129]}"
1_1_1_1_1_16_0,0.0373,0.1397,0.0599,0.0336,0.0578,0.0306,0.0992,0.3095,0.3619,0.3741,0.3998,0.4086,-0.41072667,0.6576932,0.32416525,0.73234546,-0.41468355,-0.3997996,0.004899599,0.83517295,-0.72396314,-0.6122331,0.8487769,-0.73234546,0.58081555,0.56952584,-13.987728,-10.131514,0.5626859,0,"{""geodesic"":false,""type"":""Point"",""coordinates"":[110.44753034188079,-7.277518476228263]}"
1_1_1_1_1_22_0,0.0367,0.1248,0.0484,0.0332,0.0583,0.0281,0.0973,0.3322,0.3926,0.3968,0.422,0.4207,-0.47538173,0.7002051,0.3515628,0.7437926,-0.36318952,-0.44110852,0.0034275202,0.8455814,-0.78256965,-0.57974684,0.8677336,-0.7437926,0.6061526,0.59795654,-14.119691,-6.8941536,0.58645165,0,"{""geodesic"":false,""type"":""Point"",""coordinates"":[110.44724949451657,-7.284935397886593]}"
1_1_1_1_1_198_0,0.0405,0.0985,0.0431,0.034,0.0598,0.0313,0.1018,0.2677,0.3112,0.3652,0.3416,0.2105,-0.5092628,0.6431048,0.3219908,0.71858823,-0.24447252,-0.39124295,0.0036939485,0.82965934,-0.7888807,-0.48679242,0.84211856,-0.71858823,0.5640257,0.5586726,-14.242782,-11.2510395,0.5524911,0,"{""geodesic"":false,""type"":""Point"",""coordinates"":[110.44679732246836,-7.284301664363082]}"
1_1_1_1_1_165_0,0.0362,0.1325,0.0607,0.0331,0.0622,0.029,0.0949,0.2858,0.3402,0.3339,0.3562,0.3681,-0.38883635,0.6051284,0.28655767,0.6859379,-0.3610683,-0.3716356,0.005271937,0.8196185,-0.6923467,-0.60024154,0.84017634,-0.6859379,0.5573694,0.53001505,-15.029642,-9.407359,0.52041525,0,"{""geodesic"":false,""type"":""Point"",""coordinates"":[110.44608481298015,-7.2743508052080825]}"
1_1_1_1_1_40_0,0.0381,0.1328,0.053,0.0339,0.0588,0.0296,0.0981,0.3193,0.387,0.3893,0.4172,0.4134,-0.44535518,0.68506455,0.34141085,0.73755854,-0.3862213,-0.42949408,0.004029797,0.8397921,-0.7603437,-0.5932813,0.8586775,-0.73755854,0.59745586,0.5871694,-16.489424,-7.397409,0.577448,0,"{""geodesic"":false,""type"":""Point"",""coordinates"":[110.44896318302479,-7.291088389957446]}"
1_1_1_1_1_86_0,0.044,0.1372,0.0512,0.0372,0.062,0.0321,0.1029,0.3698,0.4427,0.4488,0.4643,0.4057,-0.4832901,0.76464325,0.39807412,0.7572435,-0.37751004,-0.4564756,0.0036620318,0.8469136,-0.7952,-0.5733945,0.8665003,-0.7572435,0.6269712,0.6372209,-18.46433,-5.2900624,0.62616634,0,"{""geodesic"":false,""type"":""Point"",""coordinates"":[110.44260569944515,-7.304106017558301]}"
1_1_1_1_1_20_0,0.0397,0.1372,0.0579,0.035,0.0572,0.0308,0.0996,0.3187,0.3821,0.386,0.4154,0.303,-0.42954162,0.6787434,0.33634374,0.74187726,-0.41152263,-0.40645823,0.00462,0.8337292,-0.73913044,-0.5934959,0.8522073,-0.74187726,0.5897858,0.58115184,-15.515206,-6.475097,0.57166123,0,"{""geodesic"":false,""type"":""Point"",""coordinates"":[110.44870390222304,-7.280866721558496]}"
1_1_1_1_1_130_0,0.051,0.175,0.0847,0.0432,0.0718,0.0455,0.1193,0.3244,0.3677,0.3695,0.3933,0.3689,-0.3035376,0.6143345,0.30104995,0.6745978,-0.41815233,-0.34770888,0.010429905,0.790647,-0.6270366,-0.604033,0.7807229,-0.6745978,0.5118658,0.53114754,-12.029528,-8.536198,0.536266,0,"{""geodesic"":false,""type"":""Point"",""coordinates"":[110.42198070477771,-7.280471577270276]}"
1_1_1_1_1_129_0,0.046,0.1188,0.0499,0.0411,0.0633,0.0348,0.1044,0.3093,0.3619,0.3659,0.3883,0.1847,-0.4520157,0.65359867,0.3162135,0.70503265,-0.3047776,-0.4084173,0.0047458867,0.7980344,-0.7599808,-0.4859287,0.82630396,-0.70503265,0.55602807,0.5514045,-16.228424,-5.015218,0.53715545,0,"{""geodesic"":false,""type"":""Point"",""coordinates"":[110.43130709999423,-7.283830192716608]}"
1_1_1_1_1_57_0,0.0404,0.1311,0.0618,0.0349,0.0634,0.0347,0.1108,0.3041,0.3621,0.352,0.3813,0.2878,-0.4000362,0.6109207,0.30021593,0.69475204,-0.34807196,-0.3592535,0.006092216,0.81959164,-0.701305,-0.5795181,0.82053274,-0.69475204,0.52117544,0.5367655,-12.913251,-7.3630595,0.53630626,0,"{""geodesic"":false,""type"":""Point"",""coordinates"":[110.45204921166807,-7.286207598363694]}"
1_1_1_1_1_107_0,0.0528,0.1238,0.0532,0.0419,0.0664,0.0385,0.1043,0.3021,0.3524,0.3661,0.3722,0.3405,-0.4308259,0.6384223,0.3124831,0.692948,-0.3017876,-0.39887008,0.005594646,0.7946078,-0.7462438,-0.49426675,0.80968857,-0.692948,0.55654764,0.54322356,-10.441509,-4.6557655,0.5355727,0,"{""geodesic"":false,""type"":""Point"",""coordinates"":[110.42882965107741,-7.308701951780169]}"
1_1_1_1_1_17_0,0.0397,0.0745,0.0362,0.0326,0.0413,0.031,0.0701,0.138,0.1395,0.0901,0.138,0.2162,-0.075372465,0.14322412,0.051390905,0.3713851,-0.28670123,-0.3459801,0.012455051,0.46862265,-0.42676166,-0.39122316,0.4880264,-0.3713851,0.12484393,0.14273064,-12.25687,-10.579137,0.1385097,0,"{""geodesic"":false,""type"":""Point"",""coordinates"":[110.44554350750668,-7.2725410542552416]}"
1_1_1_1_1_90_0,0.0435,0.1479,0.0605,0.0413,0.0716,0.0374,0.1074,0.3488,0.418,0.4081,0.4413,0.4154,-0.4161021,0.7006237,0.35111713,0.7014801,-0.3476082,-0.4193858,0.0055444743,0.81619936,-0.74178404,-0.56342494,0.8320988,-0.7014801,0.58331716,0.58810157,-12.631034,-3.898264,0.5795239,0,"{""geodesic"":false,""type"":""Point"",""coordinates"":[110.43879806700284,-7.306272200538549]}"
1_1_1_1_1_113_0,0.0489,0.1021,0.0452,0.0417,0.064,0.0388,0.0955,0.2289,0.2577,0.2943,0.2787,0.1921,-0.4091004,0.5260016,0.24428193,0.6427574,-0.22937986,-0.38628647,0.00595909,0.7517857,-0.733726,-0.4200278,0.7670369,-0.6427574,0.5100051,0.4600288,-10.904505,-4.9770494,0.45322964,0,"{""geodesic"":false,""type"":""Point"",""coordinates"":[110.43281784977061,-7.307078810095135]}"
1_1_1_1_1_19_0,0.0378,0.1351,0.0578,0.0318,0.058,0.0318,0.1016,0.3365,0.3779,0.3904,0.4079,0.335,-0.4333729,0.6676845,0.3402931,0.74130243,-0.39927503,-0.40072578,0.0047080945,0.84936047,-0.74207944,-0.6189335,0.84936047,-0.74130243,0.58699185,0.58327913,-13.673077,-8.130511,0.58327913,0,"{""geodesic"":false,""type"":""Point"",""coordinates"":[110.44861441813683,-7.279962067929349]}"
1_1_1_1_1_51_0,0.0394,0.1056,0.0468,0.036,0.0604,0.0331,0.0976,0.2657,0.2855,0.3154,0.324,0.264,-0.43399307,0.56732315,0.26945153,0.6785524,-0.27228913,-0.38582677,0.0049114777,0.7951053,-0.74157923,-0.49152544,0.81004304,-0.6785524,0.5273608,0.49905717,-14.002185,-6.9999685,0.49224806,0,"{""geodesic"":false,""type"":""Point"",""coordinates"":[110.4473294403938,-7.293619119083973]}"
1_1_1_1_1_202_0,0.0379,0.1519,0.0675,0.0338,0.0584,0.0328,0.1047,0.3093,0.3642,0.3724,0.4004,0.3935,-0.3748519,0.6452839,0.318493,0.7288765,-0.4446029,-0.38468546,0.0059452206,0.83357954,-0.6931121,-0.635972,0.8381046,-0.7288765,0.5610983,0.56274855,-13.903389,-5.4550357,0.5604723,0,"{""geodesic"":false,""type"":""Point"",""coordinates"":[110.45041693835763,-7.287562435537321]}"
1_1_1_1_1_29_0,0.0439,0.099,0.051,0.0382,0.0654,0.0369,0.106,0.2582,0.2756,0.3332,0.2897,0.1301,-0.46422237,0.5841416,0.28529462,0.6718515,-0.20437959,-0.32,0.0056479587,0.79429185,-0.7345133,-0.4431487,0.80059445,-0.6718515,0.5173042,0.51080334,-18.220596,-13.804144,0.50780356,0,"{""geodesic"":false,""type"":""Point"",""coordinates"":[110.44489739013065,-7.282309341068946]}"
1_1_1_1_1_121_0,0.0444,0.1081,0.0478,0.0403,0.063,0.0328,0.1041,0.2898,0.3273,0.3352,0.3571,0.1497,-0.454299,0.6147591,0.28905532,0.6835761,-0.26358852,-0.38678637,0.004677327,0.7853529,-0.75039166,-0.4568733,0.82173914,-0.6835761,0.5260642,0.5225807,-13.774904,-7.859174,0.50525415,0,"{""geodesic"":false,""type"":""Point"",""coordinates"":[110.41707490724973,-7.29131976361647]}"
1_1_1_1_1_155_0,0.0342,0.1038,0.0451,0.0328,0.0598,0.0304,0.0977,0.2935,0.302,0.3468,0.31,0.1556,-0.47761774,0.61642766,0.30339202,0.7058534,-0.26894864,-0.39422432,0.0039534024,0.8271865,-0.7698392,-0.51976573,0.8388123,-0.7058534,0.56040496,0.54103965,-15.143079,-6.268053,0.53547066,0,"{""geodesic"":false,""type"":""Point"",""coordinates"":[110.44808039077108,-7.272182332458787]}"
1_1_1_1_1_140_0,0.0511,0.0778,0.0359,0.0482,0.0622,0.0388,0.0884,0.1791,0.1898,0.1932,0.2155,0.1928,-0.34860337,0.36261156,0.1474884,0.5129209,-0.111428574,-0.3685136,0.007209731,0.6006628,-0.68659973,-0.23492062,0.6655173,-0.5129209,0.3721591,0.31639346,-13.105828,-6.4966903,0.29336393,0,"{""geodesic"":false,""type"":""Point"",""coordinates"":[110.4283001055537,-7.297665884415299]}"
1_1_1_1_1_78_0,0.0373,0.1304,0.0512,0.0336,0.057,0.028,0.0928,0.3359,0.4158,0.4111,0.445,0.444,-0.47471398,0.72168636,0.36495262,0.7564623,-0.39167556,-0.43612337,0.0034872293,0.8488869,-0.7784988,-0.59024394,0.8724664,-0.7564623,0.631673,0.61191565,-10.862057,-3.4442708,0.59939665,0,"{""geodesic"":false,""type"":""Point"",""coordinates"":[110.4470535583074,-7.2969655938693]}"
1_1_1_1_1_188_0,0.0397,0.1251,0.0626,0.0335,0.054,0.0352,0.0951,0.2347,0.2567,0.2495,0.285,0.288,-0.27678773,0.44296995,0.19836788,0.64415157,-0.3969849,-0.33297816,0.008831743,0.7632509,-0.5988465,-0.5775536,0.75272214,-0.64415157,0.4480557,0.40964702,-13.786818,-5.20665,0.41379312,0,"{""geodesic"":false,""type"":""Point"",""coordinates"":[110.44988695768302,-7.276435890458209]}"
1_1_1_1_1_159_0,0.0363,0.0731,0.0375,0.0322,0.0492,0.0308,0.0752,0.158,0.1973,0.2034,0.2064,0.1599,-0.38792342,0.3762972,0.16510357,0.61045134,-0.19542111,-0.32188064,0.005678466,0.72665536,-0.6886675,-0.38841406,0.7369769,-0.61045134,0.46015793,0.3526287,-15.044575,-9.409758,0.34910277,0,"{""geodesic"":false,""type"":""Point"",""coordinates"":[110.44807663428233,-7.275257780357395]}"
1_1_1_1_1_136_0,0.0444,0.1002,0.0437,0.0379,0.0642,0.0326,0.1029,0.2965,0.3606,0.3852,0.3778,0.2169,-0.5222162,0.6798812,0.3406199,0.71428573,-0.21897809,-0.39263377,0.0036983904,0.82084614,-0.7962229,-0.45112234,0.8439445,-0.71428573,0.5783651,0.5762693,-14.790422,-10.558959,0.5643484,0,"{""geodesic"":false,""type"":""Point"",""coordinates"":[110.44056457361681,-7.269821304917375]}"
1_1_1_1_1_164_0,0.035,0.1461,0.0659,0.0336,0.0586,0.0324,0.1041,0.2961,0.343,0.3464,0.3813,0.3688,-0.3607878,0.6090937,0.29385,0.7106173,-0.4274548,-0.3783019,0.006163857,0.8231579,-0.68032986,-0.62604344,0.8289335,-0.7106173,0.5378468,0.5359581,-12.428651,-7.3262415,0.5331818,0,"{""geodesic"":false,""type"":""Point"",""coordinates"":[110.44698969202665,-7.27516600057187]}"
1_1_1_1_1_97_0,0.0488,0.1318,0.0566,0.0448,0.0664,0.0387,0.11,0.2893,0.3344,0.3334,0.365,0.357,-0.3785311,0.5991786,0.27820078,0.6678339,-0.32996973,-0.39915073,0.0065699457,0.76308835,-0.7097436,-0.49263874,0.7919914,-0.6678339,0.503834,0.50688,-12.776269,-5.3605776,0.49294013,0,"{""geodesic"":false,""type"":""Point"",""coordinates"":[110.43381415518539,-7.307260969774496]}"
1_1_1_1_1_0_0,0.0398,0.1368,0.0572,0.0349,0.0601,0.0326,0.1045,0.3318,0.3922,0.392,0.4219,0.4033,-0.4318296,0.67767847,0.34093362,0.7341296,-0.38953784,-0.41030928,0.004756939,0.8364957,-0.745325,-0.593477,0.8464437,-0.7341296,0.57905334,0.58306295,-14.88733,-8.032805,0.57789403,0,"{""geodesic"":false,""type"":""Point"",""coordinates"":[110.44228158876247,-7.273170233161649]}"
1_1_1_1_1_98_0,0.0466,0.1266,0.0505,0.0396,0.0634,0.0348,0.1006,0.3214,0.3977,0.3771,0.4257,0.3925,-0.4416191,0.6639382,0.32603115,0.71214527,-0.33263156,-0.4297007,0.004660303,0.8099352,-0.76379794,-0.5234657,0.831027,-0.71214527,0.57881516,0.56305516,-10.745179,-6.8277564,0.55225265,0,"{""geodesic"":false,""type"":""Point"",""coordinates"":[110.43399477394333,-7.3077134671077975]}"
1_1_1_1_1_135_0,0.0503,0.0775,0.0358,0.0406,0.0726,0.0396,0.0998,0.2335,0.2412,0.2896,0.254,0.0673,-0.47641405,0.51116383,0.24328336,0.5991165,-0.03264491,-0.36804944,0.0048953034,0.75408846,-0.77996314,-0.31244707,0.75941676,-0.5991165,0.48741657,0.45224315,-12.721978,-5.7845545,0.4498916,0,"{""geodesic"":false,""type"":""Point"",""coordinates"":[110.43965769913055,-7.270634274469177]}"
1_1_1_1_1_125_0,0.0439,0.0852,0.0396,0.04,0.0594,0.0324,0.0934,0.2349,0.2803,0.3391,0.2846,0.225,-0.5264747,0.62160516,0.29734275,0.70188206,-0.17842323,-0.3653846,0.0037836626,0.78897387,-0.79086345,-0.36102235,0.825572,-0.70188206,0.56809247,0.52788293,-14.182774,-9.796613,0.5103515,0,"{""geodesic"":false,""type"":""Point"",""coordinates"":[110.41553756626239,-7.289237338657843]}"
1_1_1_1_1_175_0,0.0347,0.0407,0.0186,0.0285,0.0336,0.0236,0.0594,0.1021,0.1291,0.0853,0.1294,0.1812,-0.27793375,0.15224794,0.058669526,0.4348192,-0.09555856,-0.3726813,0.005146073,0.49912125,-0.6419634,-0.17630057,0.5665748,-0.4348192,0.178991,0.15199539,-19.346272,-13.454998,0.13880743,0,"{""geodesic"":false,""type"":""Point"",""coordinates"":[110.44699234902342,-7.2729950966072145]}"
1_1_1_1_1_197_0,0.0392,0.1112,0.0564,0.0382,0.0602,0.0378,0.0893,0.217,0.2448,0.328,0.2564,0.3551,-0.42158386,0.57202554,0.27719203,0.6898506,-0.2975496,-0.32696897,0.0064997557,0.79137087,-0.70655566,-0.48862115,0.7933297,-0.6898506,0.5720106,0.50277203,-15.027122,-8.110581,0.50184715,0,"{""geodesic"":false,""type"":""Point"",""coordinates"":[110.44860977700974,-7.283761149608088]}"
1_1_1_1_1_71_0,0.0406,0.1257,0.049,0.0358,0.0588,0.0304,0.0969,0.3237,0.3882,0.3896,0.4156,0.4084,-0.46311265,0.6889145,0.3423109,0.73773414,-0.3626016,-0.43903837,0.0038234084,0.8316878,-0.7765618,-0.55665636,0.8552381,-0.73773414,0.6016444,0.5856522,-16.323065,-9.522157,0.57348174,0,"{""geodesic"":false,""type"":""Point"",""coordinates"":[110.44369796399381,-7.299946466996604]}"
1_1_1_1_1_152_0,0.0392,0.0404,0.0196,0.038,0.0514,0.0342,0.0639,0.1031,0.12,0.1089,0.1216,0.2263,-0.32641083,0.18146925,0.07360124,0.35870245,0.11982571,-0.34666663,0.006155372,0.48264128,-0.69494164,-0.030612241,0.5220126,-0.35870245,0.2604167,0.17423418,-17.063877,-12.783803,0.16439946,0,"{""geodesic"":false,""type"":""Point"",""coordinates"":[110.44553840119272,-7.2767019523973175]}"
1_1_1_1_1_75_0,0.0394,0.1328,0.0482,0.0344,0.0598,0.0278,0.0916,0.3847,0.4809,0.4869,0.5103,0.4968,-0.5289632,0.8223472,0.44049186,0.78123283,-0.37902388,-0.46740332,0.0027520228,0.86802226,-0.81984675,-0.5885167,0.89197594,-0.78123283,0.6833189,0.6786735,-13.604129,-5.0841956,0.6645942,0,"{""geodesic"":false,""type"":""Point"",""coordinates"":[110.44569000024356,-7.300763005593879]}"
1_1_1_1_1_21_0,0.0364,0.139,0.0609,0.0341,0.0588,0.0338,0.1012,0.2939,0.3393,0.3379,0.3749,0.3889,-0.3656388,0.5916573,0.28545642,0.70355433,-0.40546006,-0.39069536,0.006091802,0.81666666,-0.6945838,-0.6060081,0.81813294,-0.70355433,0.5390572,0.52328783,-15.459134,-7.2056885,0.52259177,0,"{""geodesic"":false,""type"":""Point"",""coordinates"":[110.44833690266104,-7.284665361544423]}"
1_1_1_1_1_179_0,0.0379,0.0686,0.0346,0.0325,0.0508,0.032,0.0783,0.156,0.1816,0.1945,0.1911,0.1237,-0.3858364,0.35550207,0.15601373,0.5858133,-0.14907873,-0.32945734,0.0056925453,0.7136564,-0.6979485,-0.3570722,0.7174393,-0.5858133,0.4259531,0.33551273,-9.9610815,-11.230196,0.33425033,0,"{""geodesic"":false,""type"":""Point"",""coordinates"":[110.44834729294358,-7.27616265477603]}"
1_1_1_1_1_9_0,0.0415,0.0702,0.0314,0.0392,0.0532,0.0353,0.085,0.1935,0.2209,0.1007,0.2307,0.2725,-0.14017928,0.16053018,0.059215,0.30864197,-0.13776341,-0.3818898,0.011007151,0.4395997,-0.5246026,-0.28336382,0.48088232,-0.30864197,0.08454496,0.15424527,-15.186855,-9.82862,0.14416315,0,"{""geodesic"":false,""type"":""Point"",""coordinates"":[110.44182652945489,-7.274888306368135]}"
1_1_1_1_1_2_0,0.0359,0.1335,0.0587,0.0327,0.064,0.03,0.1185,0.3326,0.3751,0.3972,0.4032,0.3809,-0.4489383,0.68921506,0.34885767,0.72246313,-0.3518987,-0.38917792,0.0044335346,0.8478716,-0.7424874,-0.6064982,0.85955054,-0.72246313,0.5404305,0.5940466,-12.18812,-9.026418,0.58796644,0,"{""geodesic"":false,""type"":""Point"",""coordinates"":[110.44826266923153,-7.271278009413792]}"
1_1_1_1_1_177_0,0.0346,0.0809,0.0388,0.0331,0.0508,0.0277,0.086,0.2113,0.2671,0.2602,0.2663,0.1402,-0.45956707,0.49335822,0.22307186,0.6733119,-0.22854973,-0.35171258,0.0041305153,0.7742925,-0.7404682,-0.41929823,0.80757207,-0.6733119,0.50317734,0.44263232,-20.566698,-6.3462305,0.4294088,0,"{""geodesic"":false,""type"":""Point"",""coordinates"":[110.44798825678555,-7.273448583081355]}"
1_1_1_1_1_96_0,0.0439,0.1275,0.05,0.037,0.0608,0.0323,0.0996,0.3203,0.3713,0.3736,0.4024,0.3762,-0.43969145,0.6614854,0.32442862,0.72007364,-0.35422197,-0.4366197,0.004322805,0.81977594,-0.76392823,-0.55015194,0.8408475,-0.72007364,0.57903636,0.5651286,-13.613462,-6.4369006,0.5544696,0,"{""geodesic"":false,""type"":""Point"",""coordinates"":[110.44088240040449,-7.305732062632412]}"
1_1_1_1_1_191_0,0.0383,0.1232,0.0601,0.0339,0.057,0.0354,0.0929,0.2477,0.2736,0.3163,0.2946,0.2799,-0.37657234,0.551022,0.26534003,0.6946156,-0.3673696,-0.3442444,0.0067263357,0.80639637,-0.6806589,-0.56842774,0.79869205,-0.6946156,0.5459433,0.49471647,-10.795269,-7.2135034,0.4982357,0,"{""geodesic"":false,""type"":""Point"",""coordinates"":[110.44915806077861,-7.279872275118719]}"
1_1_1_1_1_50_0,0.0375,0.128,0.0524,0.0304,0.0566,0.0284,0.0966,0.313,0.3741,0.3763,0.4038,0.3935,-0.44450364,0.6595511,0.33024883,0.73850775,-0.38678226,-0.41906875,0.003954717,0.85050404,-0.75554,-0.61616164,0.8596491,-0.73850775,0.59145695,0.576821,-14.021425,-4.5156865,0.57224,0,"{""geodesic"":false,""type"":""Point"",""coordinates"":[110.44968647496458,-7.292265178573511]}"
1_1_1_1_1_185_0,0.0381,0.131,0.062,0.0332,0.056,0.0332,0.0993,0.2477,0.281,0.2812,0.3127,0.2837,-0.313832,0.50349194,0.23066783,0.6678529,-0.4010695,-0.35751295,0.0073200567,0.78880405,-0.63869464,-0.5956151,0.78880405,-0.6678529,0.47805518,0.456778,-15.220297,-10.238589,0.456778,0,"{""geodesic"":false,""type"":""Point"",""coordinates"":[110.44952273137723,-7.277973174394362]}"
1_1_1_1_1_36_0,0.0385,0.1474,0.0659,0.034,0.059,0.0333,0.107,0.2988,0.3386,0.348,0.3829,0.3478,-0.35773945,0.60856277,0.29447913,0.7100737,-0.4282946,-0.382091,0.0063059484,0.82198954,-0.6815656,-0.6251378,0.82533437,-0.7100737,0.5296703,0.53562915,-15.866559,-4.945482,0.53401357,0,"{""geodesic"":false,""type"":""Point"",""coordinates"":[110.44905697950337,-7.288465325629882]}"
1_1_1_1_1_143_0,0.0484,0.0364,0.017,0.0485,0.0664,0.0464,0.0674,0.0977,0.0955,0.1739,0.1221,0.027,-0.45740497,0.29282072,0.1292722,0.44735745,0.29182878,-0.36329588,0.0045359405,0.5638489,-0.82189626,0.1425206,0.5787562,-0.44735745,0.44135928,0.26551437,-18.950382,-15.137681,0.26038206,0,"{""geodesic"":false,""type"":""Point"",""coordinates"":[110.43383678637922,-7.2892606175908465]}"
1_1_1_1_1_103_0,0.0497,0.0813,0.0371,0.0422,0.0588,0.0375,0.0877,0.1884,0.2134,0.2214,0.2306,0.2117,-0.37866107,0.4068944,0.17613773,0.5802998,-0.16059956,-0.3733108,0.0062838756,0.6798179,-0.7129594,-0.3165992,0.71031284,-0.5802998,0.43254608,0.36348662,-7.936922,-8.615676,0.35201675,0,"{""geodesic"":false,""type"":""Point"",""coordinates"":[110.4340879855102,-7.305633138726429]}"
1_1_1_1_1_32_0,0.037,0.1511,0.0674,0.0326,0.0558,0.0333,0.1029,0.3025,0.3539,0.3634,0.3928,0.3719,-0.3645762,0.62580574,0.30922344,0.73377866,-0.460609,-0.38306633,0.0061761695,0.83535355,-0.6870938,-0.6450735,0.83211493,-0.73377866,0.55865324,0.5521914,-14.207612,-5.123183,0.5537947,0,"{""geodesic"":false,""type"":""Point"",""coordinates"":[110.4502363091427,-7.287109943731618]}"
1_1_1_1_1_106_0,0.053,0.1339,0.0574,0.0442,0.0704,0.0408,0.1101,0.3243,0.3778,0.3669,0.4021,0.3055,-0.40355068,0.63681453,0.30960077,0.67802423,-0.31081742,-0.39989546,0.006382993,0.7849672,-0.7294367,-0.50364965,0.79985285,-0.67802423,0.53836477,0.53888947,-14.01171,-7.1156178,0.5312809,0,"{""geodesic"":false,""type"":""Point"",""coordinates"":[110.42710859242557,-7.308518861123972]}"
1_1_1_1_1_6_0,0.0423,0.098,0.0411,0.0384,0.0549,0.034,0.0924,0.2394,0.2857,0.1852,0.3016,0.2715,-0.25759283,0.3432619,0.13985789,0.5426906,-0.28188357,-0.40905824,0.007545356,0.6565295,-0.63676536,-0.43695012,0.689781,-0.5426906,0.33429396,0.31535038,-11.945629,-9.581957,0.30431178,0,"{""geodesic"":false,""type"":""Point"",""coordinates"":[110.44237306891634,-7.272446710499185]}"
1_1_1_1_1_14_0,0.0368,0.1415,0.0558,0.0314,0.058,0.0302,0.1011,0.3532,0.4141,0.4239,0.4469,0.4242,-0.45231262,0.7186405,0.37397537,0.75928617,-0.41854638,-0.4343639,0.0039753714,0.86206895,-0.7673546,-0.63678426,0.8669897,-0.75928617,0.61485714,0.61896026,-14.265105,-5.3372054,0.61629856,0,"{""geodesic"":false,""type"":""Point"",""coordinates"":[110.4460825948215,-7.2761598914731715]}"
1_1_1_1_1_180_0,0.0361,0.0492,0.0286,0.0321,0.046,0.0283,0.069,0.1165,0.1422,0.1454,0.1407,0.0801,-0.39215687,0.272465,0.11339609,0.5193313,-0.03361343,-0.26478148,0.005566575,0.6383099,-0.67126435,-0.2103321,0.6741508,-0.5193313,0.3563433,0.26072437,-15.776117,-9.039372,0.2508487,0,"{""geodesic"":false,""type"":""Point"",""coordinates"":[110.44907287907219,-7.275439901787301]}"
1_1_1_1_1_120_0,0.0496,0.091,0.0429,0.0446,0.0626,0.0396,0.1003,0.2163,0.2316,0.2363,0.2479,0.2116,-0.3652491,0.4315868,0.18759087,0.5811308,-0.18489581,-0.3592233,0.0071893353,0.6824493,-0.6926934,-0.3421829,0.7129395,-0.5811308,0.40404043,0.3802681,-16.080448,-8.521009,0.36822897,0,"{""geodesic"":false,""type"":""Point"",""coordinates"":[110.42557934762004,-7.30001423809773]}"
1_1_1_1_1_26_0,0.0438,0.1003,0.0514,0.0385,0.0604,0.0438,0.0924,0.1896,0.2029,0.2189,0.2162,0.2011,-0.28219178,0.36694747,0.16508703,0.56749016,-0.24828872,-0.32234675,0.010284696,0.7008547,-0.61968184,-0.44524497,0.6665398,-0.56749016,0.40636042,0.3443687,-13.543602,-10.43641,0.3572749,0,"{""geodesic"":false,""type"":""Point"",""coordinates"":[110.45033285020295,-7.282225519415948]}"
1_1_1_1_1_122_0,0.0444,0.1166,0.0493,0.0378,0.0594,0.0329,0.0968,0.2962,0.3625,0.3452,0.3743,0.3294,-0.43849766,0.6200858,0.29746664,0.7063767,-0.325,-0.40566605,0.004698639,0.802611,-0.75006336,-0.5103627,0.82597196,-0.7063767,0.561991,0.53348136,-13.01946,-8.271034,0.52219707,0,"{""geodesic"":false,""type"":""Point"",""coordinates"":[110.4174378537326,-7.290867961678082]}"
1_1_1_1_1_176_0,0.0346,0.0538,0.0235,0.0326,0.0498,0.028,0.0664,0.1465,0.1306,0.2207,0.1328,0.1402,-0.51178753,0.4210365,0.18812771,0.63179296,-0.038610045,-0.39197934,0.0029814227,0.7425977,-0.8075348,-0.24537037,0.7748291,-0.63179296,0.5374434,0.38606918,-17.681248,-10.066233,0.37455195,0,"{""geodesic"":false,""type"":""Point"",""coordinates"":[110.4480784022449,-7.273810510810161]}"
1_1_1_1_1_119_0,0.0464,0.1074,0.0436,0.0414,0.0602,0.0336,0.0923,0.2878,0.344,0.3558,0.3541,0.3497,-0.4760312,0.6460021,0.30912113,0.71057695,-0.28162292,-0.42251655,0.004117369,0.7915408,-0.78167254,-0.44354838,0.8274268,-0.71057695,0.5880384,0.54340005,-16.450333,-8.926927,0.5256353,0,"{""geodesic"":false,""type"":""Point"",""coordinates"":[110.42132139122901,-7.300099255926051]}"
1_1_1_1_1_56_0,0.0368,0.1375,0.0579,0.0292,0.0562,0.0282,0.0969,0.3459,0.4273,0.4428,0.4506,0.4191,-0.4803199,0.7440775,0.3952298,0.77474946,-0.41972122,-0.4073695,0.0036873985,0.8762712,-0.7687238,-0.64967006,0.88025475,-0.77474946,0.6409116,0.6404737,-16.040943,-5.2788024,0.6382716,0,"{""geodesic"":false,""type"":""Point"",""coordinates"":[110.45159395190498,-7.288106590908677]}"
1_1_1_1_1_92_0,0.0444,0.1341,0.0564,0.0398,0.0645,0.0374,0.1023,0.3111,0.3669,0.3732,0.4004,0.3969,-0.41317365,0.64621663,0.31866276,0.7052776,-0.3504532,-0.40787402,0.00565209,0.8072639,-0.73743016,-0.5422657,0.8178276,-0.7052776,0.5697161,0.5531518,-14.301124,-8.199499,0.54775465,0,"{""geodesic"":false,""type"":""Point"",""coordinates"":[110.43798294847424,-7.306090277582092]}"
1_1_1_1_1_131_0,0.042,0.1215,0.0478,0.0336,0.0572,0.0283,0.0973,0.3781,0.4527,0.4383,0.4673,0.2761,-0.51809555,0.755844,0.39348307,0.7691221,-0.35982093,-0.4353219,0.0030863336,0.85759693,-0.8033326,-0.56673115,0.878697,-0.7691221,0.63666916,0.6362508,-18.545609,-9.841668,0.6246013,0,"{""geodesic"":false,""type"":""Point"",""coordinates"":[110.42198417864289,-7.277757959683351]}"
1_1_1_1_1_68_0,0.0451,0.1014,0.0453,0.0385,0.0628,0.0345,0.1013,0.2517,0.2983,0.3139,0.3031,0.2337,-0.44337496,0.56689525,0.26754394,0.6665782,-0.2350792,-0.38241312,0.0049788146,0.7814983,-0.7477728,-0.44960687,0.80195177,-0.6665782,0.5120424,0.4939887,-15.4971895,-6.7094398,0.48463163,0,"{""geodesic"":false,""type"":""Point"",""coordinates"":[110.44279427628781,-7.29813626676609]}"
1_1_1_1_1_41_0,0.0415,0.0957,0.0427,0.0393,0.0614,0.0355,0.0972,0.2393,0.3048,0.2556,0.2988,0.1439,-0.3841821,0.46875665,0.20943134,0.6126183,-0.21833229,-0.38294798,0.0059305555,0.733469,-0.713711,-0.4177778,0.75609756,-0.6126183,0.4489796,0.4173303,-14.458581,-5.7876544,0.40816456,0,"{""geodesic"":false,""type"":""Point"",""coordinates"":[110.44742158460517,-7.292352870164818]}"
1_1_1_1_1_170_0,0.0396,0.0567,0.0253,0.0371,0.0522,0.0338,0.0713,0.144,0.1655,0.1672,0.1712,0.1668,-0.38602445,0.30547285,0.12934165,0.5241568,-0.041322295,-0.38292682,0.0051144734,0.63680863,-0.73714286,-0.20895523,0.6636816,-0.5241568,0.40209642,0.28544936,-16.09215,-9.719857,0.27708364,0,"{""geodesic"":false,""type"":""Point"",""coordinates"":[110.44680397417848,-7.278874406421439]}"
1_1_1_1_1_186_0,0.0394,0.1303,0.0645,0.0345,0.0578,0.0345,0.1034,0.2549,0.2942,0.2819,0.3282,0.2208,-0.3150457,0.5027842,0.23042226,0.65969974,-0.3854333,-0.33778235,0.007893756,0.7819216,-0.62759817,-0.5813107,0.7819216,-0.65969974,0.46327534,0.45455658,-15.438814,-5.9352994,0.45455658,0,"{""geodesic"":false,""type"":""Point"",""coordinates"":[110.44943269443236,-7.277520792514285]}"
1_1_1_1_1_70_0,0.0411,0.129,0.0536,0.0372,0.0632,0.035,0.1053,0.292,0.34,0.3476,0.3697,0.3928,-0.4023324,0.6112154,0.2959413,0.6923077,-0.3423517,-0.4129244,0.005397008,0.8066528,-0.7328016,-0.5523465,0.8170413,-0.6923077,0.5349967,0.5312713,-13.489924,-5.1096473,0.5262206,0,"{""geodesic"":false,""type"":""Point"",""coordinates"":[110.44215822539809,-7.299673204759833]}"
1_1_1_1_1_123_0,0.0444,0.0672,0.0328,0.042,0.059,0.035,0.0792,0.176,0.2045,0.2298,0.191,0.1221,-0.45347595,0.43296584,0.1890935,0.5914127,-0.06497621,-0.34399998,0.0049956483,0.69094926,-0.7501904,-0.23076922,0.7356495,-0.5914127,0.48737866,0.38206068,-18.248838,-4.2924685,0.36499092,0,"{""geodesic"":false,""type"":""Point"",""coordinates"":[110.41789115619952,-7.290597183629468]}"
1_1_1_1_1_141_0,0.0467,0.0398,0.0173,0.042,0.065,0.0363,0.065,0.1165,0.1594,0.2865,0.1641,0.0283,-0.623826,0.52593964,0.24957974,0.6301565,0.24045801,-0.39404553,0.002191937,0.74429226,-0.8861093,0.026894866,0.77509296,-0.6301565,0.63015646,0.45612544,-12.589238,-10.636686,0.44266748,0,"{""geodesic"":false,""type"":""Point"",""coordinates"":[110.43284381915416,-7.286455293214437]}"
1_1_1_1_1_5_0,0.0368,0.1377,0.0616,0.0328,0.0613,0.0329,0.1028,0.2861,0.3437,0.3283,0.3792,0.3834,-0.3582847,0.57708836,0.27682728,0.6853183,-0.38391963,-0.38183644,0.006173135,0.81833285,-0.68402153,-0.6152493,0.81782943,-0.6853183,0.52308047,0.5145146,-14.444638,-8.187534,0.5147486,0,"{""geodesic"":false,""type"":""Point"",""coordinates"":[110.44689755376079,-7.276432250531023]}"
1_1_1_1_1_178_0,0.0359,0.0773,0.0388,0.0334,0.0498,0.0277,0.0787,0.1646,0.19,0.1927,0.1986,0.1824,-0.36575055,0.37215805,0.15620986,0.58927834,-0.21636504,-0.33161065,0.0055773742,0.7045555,-0.6647948,-0.39656729,0.74863887,-0.58927834,0.4200442,0.34355915,-14.2504015,-14.055842,0.3290869,0,"{""geodesic"":false,""type"":""Point"",""coordinates"":[110.44852891054965,-7.2758010579599]}"
1_1_1_1_1_46_0,0.0384,0.1383,0.0638,0.0338,0.0576,0.0335,0.0983,0.259,0.2986,0.3206,0.3245,0.3538,-0.34701633,0.5660043,0.2685273,0.6953993,-0.4119449,-0.3686294,0.006666563,0.80925506,-0.6680541,-0.60720515,0.8107879,-0.6953993,0.5306756,0.50421494,-12.968419,-3.575974,0.50351125,0,"{""geodesic"":false,""type"":""Point"",""coordinates"":[110.45050003107092,-7.293713439321084]}"
1_1_1_1_1_83_0,0.0427,0.1255,0.0567,0.0388,0.063,0.0367,0.1096,0.2735,0.315,0.3257,0.3441,0.3341,-0.38408965,0.57574314,0.27326283,0.6758426,-0.33156496,-0.37760702,0.006388977,0.7871056,-0.7034519,-0.5276932,0.7974614,-0.6758426,0.49643925,0.502667,-13.145185,-5.4755445,0.4978022,0,"{""geodesic"":false,""type"":""Point"",""coordinates"":[110.44188487777168,-7.300939227053382]}"
1_1_1_1_1_183_0,0.0372,0.1358,0.0617,0.034,0.0581,0.0324,0.1014,0.2773,0.3193,0.3344,0.3455,0.3428,-0.37308982,0.5927147,0.2836754,0.70394903,-0.40072203,-0.37518987,0.0059781102,0.815418,-0.6884625,-0.59952885,0.82333696,-0.70394903,0.5346489,0.5226119,-15.03855,-8.507009,0.5188853,0,"{""geodesic"":false,""type"":""Point"",""coordinates"":[110.44997424068067,-7.2791496313330395]}"
1_1_1_1_1_187_0,0.0389,0.1142,0.0572,0.0336,0.0562,0.0351,0.093,0.2248,0.2514,0.2664,0.2789,0.2292,-0.33541062,0.47204083,0.21728186,0.6515809,-0.3403756,-0.33255544,0.0075364867,0.776,-0.64647716,-0.54533154,0.7671642,-0.6515809,0.4824708,0.43287587,-14.104104,-9.404622,0.4365,0,"{""geodesic"":false,""type"":""Point"",""coordinates"":[110.44943379708295,-7.276616248940942]}"
1_1_1_1_1_45_0,0.0379,0.1541,0.0688,0.0354,0.0574,0.0344,0.1035,0.3031,0.3588,0.3893,0.3942,0.3786,-0.38519242,0.66700494,0.33368668,0.74300426,-0.45721042,-0.3826828,0.006079425,0.8332941,-0.6996289,-0.6263852,0.837621,-0.74300426,0.5799513,0.57632345,-11.278013,-5.8241816,0.5740781,0,"{""geodesic"":false,""type"":""Point"",""coordinates"":[110.45186110410236,-7.291906002730029]}"
1_1_1_1_1_62_0,0.0433,0.1511,0.0722,0.0386,0.0604,0.0364,0.107,0.3089,0.3501,0.3604,0.3622,0.3329,-0.36061382,0.62824786,0.3036728,0.71292776,-0.4288416,-0.3533363,0.0072921203,0.8065163,-0.66620433,-0.5930416,0.81653225,-0.71292776,0.54214805,0.54192686,-15.263296,-3.2654626,0.5369299,0,"{""geodesic"":false,""type"":""Point"",""coordinates"":[110.45313607261997,-7.286389822402701]}"
1_1_1_1_1_153_0,0.0406,0.1149,0.051,0.0378,0.0608,0.0325,0.0975,0.2685,0.3305,0.3636,0.3522,0.3402,-0.46282798,0.64916474,0.31649703,0.71347785,-0.30791122,-0.3851718,0.004558581,0.8116592,-0.75397974,-0.5049116,0.8359,-0.71347785,0.57709825,0.554235,-16.833057,-9.1868925,0.54215664,0,"{""geodesic"":false,""type"":""Point"",""coordinates"":[110.44255167661916,-7.27452738146555]}"
1_1_1_1_1_72_0,0.0397,0.128,0.0532,0.0357,0.0576,0.0325,0.0995,0.3113,0.3667,0.373,0.4036,0.4033,-0.4360506,0.6546818,0.32357544,0.73246634,-0.37931037,-0.41280356,0.0046353885,0.82529974,-0.75035197,-0.5638363,0.8397041,-0.73246634,0.57883596,0.564053,-12.553365,-7.353425,0.5567844,0,"{""geodesic"":false,""type"":""Point"",""coordinates"":[110.44442449100012,-7.298500092116559]}"
1_1_1_1_1_142_0,0.0459,0.0321,0.0168,0.0427,0.0556,0.033,0.0594,0.1109,0.0927,0.1655,0.1047,0.0309,-0.52360046,0.31751737,0.1326595,0.49706015,0.26795894,-0.31288344,0.0033498488,0.58981746,-0.81568843,0.14171124,0.6675063,-0.49706015,0.47176522,0.2845383,-16.077787,-8.642128,0.260096,0,"{""geodesic"":false,""type"":""Point"",""coordinates"":[110.43012578394308,-7.286723240157212]}"
1_1_1_1_1_203_0,0.0375,0.1396,0.0566,0.0314,0.0552,0.0308,0.0997,0.324,0.3835,0.3864,0.4208,0.4032,-0.42060527,0.66556865,0.33631843,0.75,-0.43326488,-0.4230377,0.004511594,0.8496888,-0.7444695,-0.63274854,0.852349,-0.75,0.58979636,0.58155257,-12.780464,-6.3124995,0.5801918,0,"{""geodesic"":false,""type"":""Point"",""coordinates"":[110.44824332577633,-7.287107517307843]}"
1_1_1_1_1_3_0,0.0362,0.1297,0.0585,0.0322,0.0574,0.0335,0.0938,0.2783,0.3262,0.353,0.3475,0.3681,-0.40481398,0.6085714,0.30245137,0.7202729,-0.3864244,-0.37832096,0.0055517,0.8328141,-0.71567434,-0.6022236,0.8266494,-0.7202729,0.58012533,0.5406091,-17.893051,-7.596542,0.5436059,0,"{""geodesic"":false,""type"":""Point"",""coordinates"":[110.44626643149067,-7.2739892093517104]}"
1_1_1_1_1_144_0,0.0478,0.0256,0.0125,0.0424,0.0615,0.0364,0.0597,0.0782,0.089,0.1844,0.1074,0.0317,-0.5706371,0.3410767,0.14991398,0.49979666,0.41216993,-0.34383202,0.002467462,0.6261023,-0.873032,0.24705882,0.6702899,-0.49979666,0.5108562,0.30799112,-21.964108,-8.481221,0.29306552,0,"{""geodesic"":false,""type"":""Point"",""coordinates"":[110.43384087434168,-7.286004270936817]}"
1_1_1_1_1_77_0,0.0381,0.1295,0.049,0.0339,0.058,0.0291,0.0975,0.3408,0.4145,0.4178,0.4504,0.429,-0.4802556,0.72618914,0.37090707,0.7562001,-0.38133335,-0.4509804,0.003412877,0.84990036,-0.79006,-0.58506733,0.8697695,-0.7562001,0.62157965,0.61574614,-14.063729,-6.795384,0.6050751,0,"{""geodesic"":false,""type"":""Point"",""coordinates"":[110.44696163331508,-7.298050933837236]}"
1_1_1_1_1_67_0,0.041,0.1017,0.0467,0.0385,0.0622,0.0353,0.1041,0.2489,0.2757,0.2858,0.303,0.3148,-0.40602645,0.51805437,0.23873256,0.6425288,-0.24100062,-0.37061995,0.0057680546,0.76256555,-0.71909773,-0.4507846,0.7801308,-0.6425288,0.46601695,0.45761785,-13.596768,-5.2175107,0.4500182,0,"{""geodesic"":false,""type"":""Point"",""coordinates"":[110.44542312347265,-7.296782686676394]}"
1_1_1_1_1_23_0,0.0363,0.1295,0.05,0.0308,0.0557,0.0275,0.0979,0.3346,0.4025,0.4155,0.4378,0.4233,-0.47952923,0.7187847,0.3699235,0.76358235,-0.39848813,-0.44289693,0.0033092662,0.86197627,-0.78517723,-0.6157205,0.8758465,-0.76358235,0.61862093,0.6171792,-14.254461,-7.5666566,0.60979605,0,"{""geodesic"":false,""type"":""Point"",""coordinates"":[110.4475207097191,-7.285388001257276]}"
1_1_1_1_1_102_0,0.0499,0.1002,0.0457,0.0436,0.0652,0.0388,0.0973,0.2263,0.2516,0.2624,0.2742,0.2517,-0.37528092,0.47851396,0.21271867,0.6019536,-0.2116082,-0.37354353,0.0067574694,0.7150327,-0.7033431,-0.39360222,0.74236387,-0.6019536,0.4589936,0.41862208,-13.372144,-6.0604916,0.40719604,0,"{""geodesic"":false,""type"":""Point"",""coordinates"":[110.43345326044584,-7.306084612967447]}"
1_1_1_1_1_91_0,0.043,0.1259,0.0485,0.041,0.0615,0.0327,0.0966,0.3396,0.4062,0.4035,0.4354,0.442,-0.47405073,0.71738124,0.35428303,0.7354839,-0.34364992,-0.44380733,0.0039304835,0.815523,-0.78539824,-0.50868785,0.8500688,-0.7354839,0.61367726,0.5941038,-12.258999,-10.7177,0.5757014,0,"{""geodesic"":false,""type"":""Point"",""coordinates"":[110.43752884840721,-7.3069942537260815]}"
1_1_1_1_1_207_0,0.039,0.0812,0.0386,0.035,0.058,0.0332,0.0765,0.1821,0.2348,0.3133,0.2281,0.2217,-0.5055111,0.56020004,0.27159342,0.68758416,-0.1666667,-0.35559267,0.0040903925,0.79902387,-0.7806195,-0.39759037,0.8083694,-0.68758416,0.607491,0.4963379,-13.500332,-7.2918873,0.49210188,0,"{""geodesic"":false,""type"":""Point"",""coordinates"":[110.45059459201676,-7.290457194106055]}"
1_1_1_1_1_89_0,0.0461,0.1206,0.0534,0.0412,0.0656,0.0375,0.1082,0.266,0.3028,0.3054,0.3272,0.3299,-0.3734892,0.54834616,0.253173,0.6463612,-0.2953813,-0.3862069,0.0065569743,0.762262,-0.70234114,-0.4907293,0.78127736,-0.6463612,0.47678918,0.47674695,-17.433298,-6.773443,0.46810773,0,"{""geodesic"":false,""type"":""Point"",""coordinates"":[110.43762136485775,-7.305456647662915]}"
1_1_1_1_1_27_0,0.0441,0.1029,0.0484,0.0399,0.0616,0.0413,0.096,0.2112,0.2557,0.2331,0.2641,0.2577,-0.30872485,0.4057885,0.18088321,0.58194774,-0.25106382,-0.3602115,0.008575375,0.7076923,-0.65612787,-0.44117644,0.6989796,-0.58194774,0.4165907,0.37151343,-10.613844,-4.073777,0.37490296,0,"{""geodesic"":false,""type"":""Point"",""coordinates"":[110.45105767377989,-7.282135944472347]}"
1_1_1_1_1_137_0,0.0466,0.084,0.0367,0.0416,0.0662,0.0375,0.0939,0.2579,0.2726,0.2777,0.2713,0.1158,-0.4487296,0.5043252,0.23195925,0.61500436,-0.11850863,-0.3918807,0.004955888,0.73943,-0.76653945,-0.3375796,0.7620558,-0.61500436,0.49461788,0.44197744,-14.733862,-8.534761,0.43225926,0,"{""geodesic"":false,""type"":""Point"",""coordinates"":[110.44056423782516,-7.270092667664786]}"
1_1_1_1_1_126_0,0.0439,0.0878,0.0424,0.0396,0.0612,0.0342,0.0986,0.2301,0.2556,0.2574,0.2698,0.225,-0.4176611,0.4787234,0.21370098,0.6158192,-0.17852351,-0.34869435,0.0056335665,0.73333335,-0.7171448,-0.37833598,0.7654321,-0.6158192,0.44606742,0.42294088,-13.135039,-9.84433,0.40991217,0,"{""geodesic"":false,""type"":""Point"",""coordinates"":[110.41599051652736,-7.289237923804917]}"
1_1_1_1_1_124_0,0.0434,0.1083,0.0477,0.0373,0.0624,0.0336,0.0994,0.2875,0.3468,0.3291,0.3557,0.2098,-0.44166833,0.5905512,0.28226164,0.6812261,-0.2688928,-0.38846156,0.0048700087,0.7963974,-0.7468153,-0.48763734,0.8147229,-0.6812261,0.53605604,0.51379395,-18.56516,-9.322313,0.5051939,0,"{""geodesic"":false,""type"":""Point"",""coordinates"":[110.41517567536069,-7.288875055132973]}"
1_1_1_1_1_59_0,0.0395,0.1477,0.067,0.0336,0.0636,0.0352,0.1131,0.3163,0.3715,0.3629,0.401,0.386,-0.36865723,0.6196581,0.30776268,0.7017585,-0.39801228,-0.3758733,0.0064987605,0.83051705,-0.6882996,-0.6293436,0.82316,-0.7017585,0.5247899,0.5473221,-19.384783,-6.6046386,0.55097604,0,"{""geodesic"":false,""type"":""Point"",""coordinates"":[110.45205140899716,-7.284398511076151]}"
1_1_1_1_1_82_0,0.041,0.13,0.0489,0.0366,0.0589,0.031,0.0941,0.3491,0.4188,0.4205,0.4503,0.4307,-0.47904873,0.7310436,0.3719552,0.7542762,-0.37638962,-0.45332587,0.003604994,0.83985996,-0.7916489,-0.56062424,0.86267996,-0.7542762,0.6342791,0.6140305,-13.378866,-9.251795,0.60166126,0,"{""geodesic"":false,""type"":""Point"",""coordinates"":[110.44469448321448,-7.299947693462784]}"
1_1_1_1_1_194_0,0.0408,0.1482,0.0643,0.0339,0.0602,0.0335,0.104,0.3208,0.3719,0.4021,0.4049,0.3483,-0.4116885,0.68317455,0.3482728,0.73956305,-0.4222649,-0.39482355,0.005357001,0.8444954,-0.724271,-0.6276771,0.84618914,-0.73956305,0.58901405,0.59095764,-12.717754,-3.882898,0.5900641,0,"{""geodesic"":false,""type"":""Point"",""coordinates"":[110.44897522723342,-7.281228869730714]}"
1_1_1_1_1_74_0,0.0391,0.1291,0.0469,0.035,0.0598,0.0281,0.0905,0.3641,0.446,0.4448,0.4664,0.4492,-0.5064364,0.77115256,0.39880073,0.7629806,-0.36686078,-0.46704543,0.0029628824,0.8541059,-0.80923325,-0.57343084,0.8811588,-0.7629806,0.66187185,0.64246064,-10.630199,-5.0755863,0.6273729,0,"{""geodesic"":false,""type"":""Point"",""coordinates"":[110.44596300327544,-7.299768342813318]}"
1_1_1_1_1_53_0,0.0383,0.1333,0.0605,0.0347,0.0568,0.0342,0.0968,0.2577,0.3012,0.3006,0.3307,0.3105,-0.33373109,0.5347035,0.24883744,0.6821489,-0.4024198,-0.375645,0.006883234,0.7930212,-0.66491276,-0.58690476,0.79569894,-0.6821489,0.5128334,0.4786775,-12.41978,-2.6037784,0.4774931,0,"{""geodesic"":false,""type"":""Point"",""coordinates"":[110.45186231407338,-7.290911005021382]}"
1_1_1_1_1_109_0,0.0527,0.1304,0.0539,0.0461,0.0693,0.0398,0.1082,0.3279,0.3921,0.3876,0.4154,0.2907,-0.43633053,0.6789521,0.33174384,0.69665134,-0.30595893,-0.41508412,0.0055346233,0.7874107,-0.7558324,-0.4776204,0.8137576,-0.69665134,0.56353366,0.5625404,-12.876585,-6.7274237,0.54862374,0,"{""geodesic"":false,""type"":""Point"",""coordinates"":[110.42756167816101,-7.308428982299466]}"
1_1_1_1_1_52_0,0.041,0.1034,0.0428,0.0339,0.0598,0.0316,0.0946,0.2741,0.3118,0.2822,0.3504,0.1815,-0.40146312,0.51455796,0.23787558,0.6502924,-0.26715687,-0.41450065,0.0047926293,0.7855109,-0.73661536,-0.50619084,0.7985979,-0.6502924,0.49787688,0.46190712,-18.339125,-7.2702394,0.4563779,0,"{""geodesic"":false,""type"":""Point"",""coordinates"":[110.44742291533797,-7.291267418951422]}"
1_1_1_1_1_8_0,0.0415,0.0947,0.0433,0.0391,0.0614,0.0356,0.1005,0.2489,0.2934,0.2269,0.3119,0.3608,-0.34241736,0.41686642,0.18082626,0.5740548,-0.2133248,-0.3724638,0.0067936536,0.70601505,-0.67949665,-0.4155456,0.7287619,-0.5740548,0.38607207,0.37632787,-20.564934,-7.652375,0.36775458,0,"{""geodesic"":false,""type"":""Point"",""coordinates"":[110.44164624856603,-7.2741644491700495]}"
1_1_1_1_1_117_0,0.0507,0.1473,0.0664,0.0425,0.0684,0.0401,0.1101,0.3129,0.3642,0.3793,0.4045,0.2666,-0.3847669,0.65173113,0.32020196,0.6944382,-0.3657858,-0.3785681,0.007019879,0.7984827,-0.70204175,-0.5521602,0.8087744,-0.6944382,0.5500613,0.5534044,-13.638593,-4.747335,0.54805815,0,"{""geodesic"":false,""type"":""Point"",""coordinates"":[110.42086726597306,-7.3010032134203255]}"
1_1_1_1_1_44_0,0.037,0.1307,0.0502,0.0314,0.0553,0.0295,0.0949,0.33,0.3905,0.3961,0.4243,0.4129,-0.45482388,0.68518245,0.3486653,0.7549845,-0.40537634,-0.44499725,0.0037387023,0.8530994,-0.7750392,-0.6125848,0.8613722,-0.7549845,0.61344194,0.59410113,-12.959857,-6.04303,0.5898113,0,"{""geodesic"":false,""type"":""Point"",""coordinates"":[110.44914259614,-7.292535879441549]}"
1_1_1_1_1_81_0,0.0388,0.1238,0.0493,0.0341,0.0586,0.0308,0.1,0.3032,0.3588,0.3769,0.3824,0.4,-0.4533239,0.6625445,0.32961848,0.730884,-0.35745615,-0.43038708,0.0040287613,0.83406323,-0.7686532,-0.5680811,0.8489085,-0.730884,0.5806249,0.57194006,-13.737317,-6.0108433,0.56443465,0,"{""geodesic"":false,""type"":""Point"",""coordinates"":[110.445421786903,-7.297868137257059]}"
1_1_1_1_1_192_0,0.0355,0.1338,0.0525,0.0306,0.0568,0.0294,0.0972,0.3322,0.3945,0.4076,0.4317,0.4109,-0.45726636,0.6980435,0.35969818,0.75538325,-0.4039874,-0.43639293,0.003786801,0.86033773,-0.7717887,-0.6277372,0.8654462,-0.75538325,0.61489695,0.6054429,-15.996924,-8.579127,0.60274994,0,"{""geodesic"":false,""type"":""Point"",""coordinates"":[110.4475292352795,-7.2784230194745]}"
1_1_1_1_1_76_0,0.0383,0.1291,0.0485,0.0338,0.057,0.0273,0.091,0.3688,0.4615,0.4531,0.4886,0.4651,-0.51375717,0.78076863,0.40775895,0.7765144,-0.3874261,-0.4538288,0.0029222027,0.8611625,-0.8066188,-0.5850215,0.88634473,-0.7765144,0.66550267,0.6514688,-11.72705,-7.2284727,0.6372986,0,"{""geodesic"":false,""type"":""Point"",""coordinates"":[110.44723130048186,-7.299769896989878]}"
1_1_1_1_1_39_0,0.0388,0.1318,0.055,0.0334,0.0596,0.0314,0.1012,0.3073,0.3625,0.3637,0.4008,0.3853,-0.41745496,0.6382529,0.31450707,0.71840304,-0.37722048,-0.4111349,0.004748419,0.83178043,-0.73728204,-0.5956417,0.8410529,-0.71840304,0.56463754,0.55686516,-17.793354,-8.996045,0.5522796,0,"{""geodesic"":false,""type"":""Point"",""coordinates"":[110.4495070601289,-7.290817689165317]}"
1_1_1_1_1_154_0,0.0402,0.1375,0.0579,0.0357,0.0612,0.0321,0.1025,0.321,0.3814,0.3885,0.4136,0.2569,-0.4287639,0.6784178,0.33772096,0.72781855,-0.38399598,-0.4073695,0.0047840155,0.83168316,-0.7405914,-0.5877598,0.8473609,-0.72781855,0.5824847,0.58070827,-12.57383,-6.695123,0.57260334,0,"{""geodesic"":false,""type"":""Point"",""coordinates"":[110.44273497119917,-7.2728089732174235]}"
1_1_1_1_1_169_0,0.0374,0.0868,0.036,0.0333,0.0511,0.0296,0.082,0.2354,0.2728,0.1603,0.2973,0.174,-0.24903226,0.3002803,0.120562986,0.51655626,-0.25888324,-0.41368082,0.0066475356,0.65599173,-0.6332145,-0.4454621,0.688257,-0.51655626,0.3231531,0.2841716,-20.378698,-10.116017,0.27465397,0,"{""geodesic"":false,""type"":""Point"",""coordinates"":[110.44798029721001,-7.279961295318508]}"
1_1_1_1_1_80_0,0.038,0.1333,0.0508,0.0363,0.0592,0.028,0.0953,0.3609,0.4391,0.4424,0.4735,0.4612,-0.4959375,0.7742032,0.3957387,0.76395535,-0.38493508,-0.44812605,0.0032151898,0.84833926,-0.79399836,-0.571934,0.88095236,-0.76395535,0.64552724,0.6405606,-13.12634,-7.135051,0.62240726,0,"{""geodesic"":false,""type"":""Point"",""coordinates"":[110.44777751880798,-7.29759966007733]}"
1_1_1_1_1_37_0,0.0401,0.186,0.087,0.0416,0.0745,0.0326,0.1178,0.3752,0.4408,0.4176,0.4638,0.3774,-0.35497198,0.7397018,0.35781437,0.69721603,-0.42802304,-0.36263737,0.0067916666,0.81881535,-0.6551724,-0.6344464,0.8551755,-0.69721603,0.5599552,0.6077668,-13.962108,-10.017623,0.58799,0,"{""geodesic"":false,""type"":""Point"",""coordinates"":[110.44824066959137,-7.2892784203823755]}"
1_1_1_1_1_61_0,0.0406,0.1541,0.0671,0.0345,0.0618,0.0334,0.1077,0.3309,0.4029,0.3864,0.4394,0.3372,-0.3836292,0.6645081,0.3316095,0.7242303,-0.42751274,-0.3933092,0.0058000516,0.8360656,-0.7040794,-0.63414633,0.84087664,-0.7242303,0.56405586,0.57566863,-11.193144,-8.190769,0.57318926,0,"{""geodesic"":false,""type"":""Point"",""coordinates"":[110.45304427595002,-7.287384710997353]}"
1_1_1_1_1_1_0,0.0368,0.1272,0.0563,0.0372,0.0666,0.0327,0.1153,0.3065,0.3445,0.3583,0.3663,0.3267,-0.42419875,0.6381811,0.30885267,0.68651444,-0.3126935,-0.38637605,0.00513818,0.8118837,-0.7284129,-0.5474453,0.83273655,-0.68651444,0.5130912,0.54814816,-14.572054,-6.0470724,0.5378559,0,"{""geodesic"":false,""type"":""Point"",""coordinates"":[110.44826311086273,-7.270916191960894]}"
1_1_1_1_1_127_0,0.0415,0.0854,0.0424,0.0373,0.0594,0.033,0.0983,0.2487,0.2723,0.2933,0.2971,0.1339,-0.4726058,0.5371219,0.25101364,0.66316986,-0.17955801,-0.33646324,0.004770542,0.77434963,-0.7473935,-0.392013,0.7977322,-0.66316986,0.4979571,0.47252813,-11.885663,-6.317074,0.4623164,0,"{""geodesic"":false,""type"":""Point"",""coordinates"":[110.41535509591397,-7.290232095946102]}"
1_1_1_1_1_145_0,0.0467,0.0378,0.0197,0.04,0.0634,0.0351,0.0673,0.1422,0.1255,0.271,0.1193,0.0301,-0.62021357,0.49911135,0.2354215,0.62081337,0.25296444,-0.3147826,0.00255155,0.74276525,-0.86446506,0.028277636,0.77066314,-0.62081337,0.60212827,0.43896538,-19.264748,-9.511106,0.4272503,0,"{""geodesic"":false,""type"":""Point"",""coordinates"":[110.43347794756023,-7.2864560877259645]}"
1_1_1_1_1_95_0,0.0435,0.1291,0.0504,0.0386,0.0636,0.0328,0.104,0.3412,0.4051,0.4128,0.4291,0.4255,-0.47203654,0.71964246,0.36293367,0.7329975,-0.33990654,-0.43844008,0.004004651,0.8289765,-0.78238344,-0.53965414,0.8527828,-0.7329975,0.5975232,0.6027919,-14.079325,-8.865773,0.5899727,0,"{""geodesic"":false,""type"":""Point"",""coordinates"":[110.44178878712539,-7.30537136771922]}"
1_1_1_1_1_111_0,0.0472,0.1132,0.0496,0.0416,0.0626,0.0354,0.1031,0.2751,0.3133,0.318,0.345,0.2695,-0.41519085,0.57985884,0.26881224,0.6710457,-0.28782707,-0.3906634,0.00552151,0.7686318,-0.73014146,-0.4625323,0.79966044,-0.6710457,0.5103301,0.496719,-13.139221,-8.3593645,0.48231736,0,"{""geodesic"":false,""type"":""Point"",""coordinates"":[110.43218197933554,-7.308434821929331]}"
1_1_1_1_1_93_0,0.0464,0.1331,0.0577,0.0388,0.0642,0.0365,0.1075,0.2897,0.3381,0.3441,0.3682,0.3069,-0.38606334,0.6045122,0.2904805,0.68552536,-0.3492144,-0.3951782,0.006120459,0.7973361,-0.71279246,-0.54857475,0.80819756,-0.68552536,0.523915,0.52396095,-11.586988,-4.0017357,0.5186884,0,"{""geodesic"":false,""type"":""Point"",""coordinates"":[110.43907108921894,-7.3052775435737765]}"
1_1_1_1_1_163_0,0.0357,0.142,0.0632,0.0332,0.061,0.0346,0.1054,0.3038,0.3542,0.3484,0.3876,0.3478,-0.36725187,0.6002295,0.29476652,0.70200294,-0.3990148,-0.38401562,0.0062764636,0.8259958,-0.6929057,-0.6210046,0.81932116,-0.70200294,0.5354782,0.5330691,-12.425405,-6.4974256,0.5362976,0,"{""geodesic"":false,""type"":""Point"",""coordinates"":[110.44735104699456,-7.275980531658439]}"
1_1_1_1_1_58_0,0.042,0.1285,0.059,0.0418,0.0688,0.0413,0.1082,0.2542,0.287,0.3156,0.3061,0.3071,-0.3558422,0.5486439,0.25884637,0.64203954,-0.3025849,-0.37066665,0.007720849,0.7660884,-0.6849973,-0.50910157,0.7685626,-0.64203954,0.4893818,0.48016107,-12.042934,-4.2008758,0.47900632,0,"{""geodesic"":false,""type"":""Point"",""coordinates"":[110.45250304003247,-7.285484511763951]}"
1_1_1_1_1_181_0,0.0378,0.129,0.0583,0.0316,0.0567,0.0332,0.0995,0.2629,0.3013,0.3088,0.3283,0.2924,-0.35455635,0.54209286,0.2586223,0.6897401,-0.38933763,-0.37746927,0.006268005,0.81433606,-0.6823754,-0.6064757,0.80584794,-0.6897401,0.5126133,0.4909739,-13.50997,-6.4629936,0.49476442,0,"{""geodesic"":false,""type"":""Point"",""coordinates"":[110.44970214425202,-7.279420664233412]}"
1_1_1_1_1_190_0,0.0408,0.1385,0.0658,0.0341,0.06,0.0384,0.1009,0.2657,0.3039,0.3153,0.3328,0.3267,-0.3277598,0.5366487,0.25916022,0.6802558,-0.39546603,-0.35584924,0.008013702,0.80480826,-0.65468377,-0.60486674,0.78286684,-0.6802558,0.51513696,0.4865292,-13.222632,-3.8573768,0.49658582,0,"{""geodesic"":false,""type"":""Point"",""coordinates"":[110.45069828897253,-7.27969323715924]}"
1_1_1_1_1_132_0,0.0478,0.0735,0.0371,0.0398,0.0653,0.036,0.089,0.2158,0.2058,0.3145,0.2033,0.0939,-0.52781373,0.565138,0.27185422,0.6561348,-0.05907779,-0.32911393,0.0042467406,0.7753316,-0.78896475,-0.29744044,0.7945792,-0.6561348,0.55886,0.49118167,-14.309662,-8.0310135,0.48232472,0,"{""geodesic"":false,""type"":""Point"",""coordinates"":[110.42624307320742,-7.276768379033303]}"
1_1_1_1_1_139_0,0.0426,0.017,0.0087,0.0411,0.0483,0.0328,0.0601,0.0961,0.1092,0.0806,0.0938,0.0311,-0.41924196,0.12330393,0.050600085,0.25058183,0.4793262,-0.32295722,0.0035404467,0.32456863,-0.80515116,0.41480204,0.42151675,-0.25058183,0.14570008,0.11688947,-20.852797,-8.36967,0.09530321,0,"{""geodesic"":false,""type"":""Point"",""coordinates"":[110.43947259929902,-7.273799948328357]}"
1_1_1_1_1_151_0,0.0392,0.0635,0.0295,0.0352,0.0552,0.0343,0.073,0.1513,0.1875,0.1763,0.192,0.1847,-0.36760426,0.31750292,0.13682516,0.52311015,-0.0699242,-0.3655914,0.0057393643,0.6671395,-0.7133139,-0.2867275,0.674264,-0.52311015,0.41436023,0.2997467,-24.491217,-7.118512,0.29747015,0,"{""geodesic"":false,""type"":""Point"",""coordinates"":[110.44644272918788,-7.277969420593844]}"
1_1_1_1_1_156_0,0.0346,0.0815,0.0386,0.0334,0.0568,0.0292,0.0874,0.2105,0.2386,0.2921,0.2513,0.1606,-0.49243468,0.5401463,0.25363138,0.6744053,-0.17859726,-0.35720232,0.0038586785,0.7947773,-0.7665558,-0.4186249,0.81823844,-0.6744053,0.53939396,0.48015344,-12.492243,-9.181285,0.47007877,0,"{""geodesic"":false,""type"":""Point"",""coordinates"":[110.44807928609075,-7.273086876001801]}"
1_1_1_1_1_118_0,0.0471,0.1066,0.0442,0.0414,0.0584,0.0363,0.0959,0.2546,0.2943,0.2719,0.306,0.1682,-0.37352037,0.49949118,0.2231414,0.6463821,-0.2921212,-0.41379312,0.0059009194,0.7357166,-0.7203417,-0.44054055,0.7644387,-0.6463821,0.47852093,0.437268,-13.226425,-4.1497107,0.42511988,0,"{""geodesic"":false,""type"":""Point"",""coordinates"":[110.42095948727665,-7.2997369761482265]}"
1_1_1_1_1_201_0,0.0372,0.1127,0.0471,0.0331,0.055,0.0289,0.097,0.2965,0.3705,0.3709,0.3728,0.3845,-0.48093843,0.65969676,0.3271489,0.7417234,-0.3440668,-0.41051313,0.0036699648,0.8361386,-0.77464116,-0.54595333,0.85542774,-0.7417234,0.5853815,0.5701267,-9.963333,-10.049316,0.56050885,0,"{""geodesic"":false,""type"":""Point"",""coordinates"":[110.4471549136207,-7.288191641467259]}"
1_1_1_1_1_30_0,0.0367,0.1299,0.0509,0.0326,0.0578,0.0273,0.097,0.3343,0.3952,0.4069,0.4297,0.4157,-0.47310206,0.7155783,0.36141717,0.75123733,-0.3841236,-0.43694687,0.0034150162,0.8516496,-0.7776321,-0.5987692,0.8742515,-0.75123733,0.615003,0.6095055,-13.921594,-8.47912,0.5976051,0,"{""geodesic"":false,""type"":""Point"",""coordinates"":[110.44751938030615,-7.2864734527701795]}"
1_1_1_1_1_110_0,0.0465,0.1236,0.0499,0.0401,0.0604,0.0348,0.0977,0.3083,0.3665,0.3712,0.3976,0.3641,-0.44391784,0.65741646,0.32066283,0.7201112,-0.34347823,-0.42478386,0.004678125,0.80500853,-0.7630017,-0.5100794,0.82857144,-0.7201112,0.58328,0.5569536,-14.731397,-10.049659,0.54499066,0,"{""geodesic"":false,""type"":""Point"",""coordinates"":[110.43118544346763,-7.308433566403615]}"
1_1_1_1_1_18_0,0.0356,0.1369,0.0549,0.0327,0.056,0.0283,0.0996,0.342,0.4126,0.4156,0.4389,0.4296,-0.4614507,0.72249377,0.36805385,0.7625106,-0.41938826,-0.42752865,0.0037383784,0.85411555,-0.76663125,-0.6143868,0.8724938,-0.7625106,0.613354,0.61547834,-16.806166,-6.142472,0.60566276,0,"{""geodesic"":false,""type"":""Point"",""coordinates"":[110.44789081462734,-7.279056641632887]}"
1_1_1_1_1_28_0,0.0418,0.0769,0.035,0.0396,0.0626,0.0345,0.0858,0.2154,0.213,0.3527,0.2488,0.0508,-0.5576732,0.6299992,0.31068584,0.69853115,-0.10250893,-0.37444144,0.0034235895,0.7981137,-0.819448,-0.32017165,0.82179755,-0.69853115,0.6086659,0.53798467,-12.084804,-8.145936,0.52633643,0,"{""geodesic"":false,""type"":""Point"",""coordinates"":[110.44544125832236,-7.282038644447796]}"
1_1_1_1_1_204_0,0.0404,0.0944,0.0423,0.0332,0.0568,0.031,0.0963,0.2594,0.3036,0.3505,0.3365,0.1287,-0.50736594,0.6203883,0.3082642,0.7210901,-0.24867727,-0.38112655,0.0037412269,0.8269481,-0.7846232,-0.47962385,0.8374836,-0.7210901,0.5689346,0.54367554,-16.371702,-8.488298,0.53858775,0,"{""geodesic"":false,""type"":""Point"",""coordinates"":[110.44697206885625,-7.289548234068711]}"
1_1_1_1_1_69_0,0.0421,0.1181,0.0517,0.038,0.062,0.0359,0.1072,0.2649,0.3017,0.3012,0.326,0.3379,-0.37550688,0.53852713,0.25073248,0.6585903,-0.31149364,-0.3910483,0.006162118,0.7759434,-0.7069992,-0.51313263,0.7870068,-0.6585903,0.4750245,0.47539124,-10.123845,-7.9334702,0.47044805,0,"{""geodesic"":false,""type"":""Point"",""coordinates"":[110.44234041881046,-7.298859341088827]}"
1_1_1_1_1_116_0,0.0507,0.1422,0.0643,0.045,0.0656,0.0424,0.1092,0.2863,0.3284,0.3395,0.3596,0.2666,-0.3512564,0.59117323,0.2794134,0.67612934,-0.36862364,-0.37723967,0.008030397,0.76592976,-0.6815255,-0.5192307,0.7779524,-0.67612934,0.51326054,0.50532943,-15.646567,-3.2092295,0.4994347,0,"{""geodesic"":false,""type"":""Point"",""coordinates"":[110.42050477953492,-7.301093202309708]}"
1_1_1_1_1_79_0,0.0371,0.1316,0.0499,0.0319,0.055,0.0279,0.0952,0.3565,0.4349,0.4472,0.4678,0.4565,-0.50046974,0.76216966,0.40092224,0.7809638,-0.41050377,-0.45013776,0.0031131706,0.8668336,-0.7992356,-0.609786,0.8825511,-0.7809638,0.64896756,0.64501077,-15.625916,-6.896161,0.6362476,0,"{""geodesic"":false,""type"":""Point"",""coordinates"":[110.44768781396611,-7.296875915323775]}"
1_1_1_1_1_146_0,0.0479,0.0403,0.0203,0.0413,0.0604,0.0364,0.0702,0.1356,0.1135,0.2597,0.1144,0.029,-0.5938575,0.4778106,0.22260883,0.6226179,0.19960278,-0.33003297,0.0028452834,0.7255814,-0.855,0.012254882,0.7541371,-0.6226179,0.5744165,0.4207386,-20.393494,-11.30432,0.40898877,0,"{""geodesic"":false,""type"":""Point"",""coordinates"":[110.43474790473348,-7.285100862652393]}"
1_1_1_1_1_199_0,0.0388,0.1125,0.0477,0.0352,0.0598,0.0317,0.1054,0.2955,0.328,0.359,0.364,0.309,-0.46433878,0.6366713,0.3129806,0.71442217,-0.30586186,-0.40449437,0.0042119497,0.8214105,-0.7654291,-0.52335817,0.8377271,-0.71442217,0.54608095,0.5511957,-16.039759,-8.289207,0.54316705,0,"{""geodesic"":false,""type"":""Point"",""coordinates"":[110.44679532596255,-7.285929841491202]}"
1_1_1_1_1_31_0,0.0372,0.1515,0.064,0.0348,0.0591,0.0332,0.1067,0.3179,0.3782,0.3829,0.4154,0.4052,-0.3867862,0.66175914,0.32873482,0.7325792,-0.43874645,-0.40603247,0.0055492297,0.83337325,-0.71358246,-0.626409,0.840423,-0.7325792,0.564134,0.57259035,-11.763458,-6.352571,0.56897676,0,"{""geodesic"":false,""type"":""Point"",""coordinates"":[110.44896992542404,-7.28557067733371]}"
1_1_1_1_1_104_0,0.0541,0.0746,0.0365,0.0465,0.0652,0.0406,0.0825,0.1611,0.1737,0.2436,0.1894,0.0848,-0.43153217,0.44578153,0.1969745,0.5777202,-0.06723893,-0.3429343,0.0060833334,0.6794209,-0.7393788,-0.23203965,0.7142857,-0.5777202,0.49402022,0.3882938,-13.798169,-6.83767,0.37419313,0,"{""geodesic"":false,""type"":""Point"",""coordinates"":[110.42838035897627,-7.305806852878508]}"
1_1_1_1_1_48_0,0.0393,0.1624,0.074,0.0366,0.0588,0.0349,0.1044,0.2905,0.3419,0.3463,0.3802,0.3778,-0.3198897,0.6076335,0.28880438,0.7097013,-0.46835443,-0.3739425,0.0074576954,0.80882734,-0.64787054,-0.6321608,0.81689405,-0.7097013,0.53672063,0.5300726,-11.211366,-4.5957665,0.52616376,0,"{""geodesic"":false,""type"":""Point"",""coordinates"":[110.45104358009291,-7.293714099827074]}"
1_1_1_1_1_38_0,0.0373,0.1311,0.0534,0.0309,0.0576,0.0292,0.097,0.321,0.3835,0.3883,0.417,0.4114,-0.44676444,0.67411304,0.34104124,0.7416461,-0.38950714,-0.42113823,0.004015658,0.8525763,-0.75820696,-0.61851853,0.86011976,-0.7416461,0.60024726,0.5870845,-14.165329,-6.6609216,0.58322453,0,"{""geodesic"":false,""type"":""Point"",""coordinates"":[110.44832926782087,-7.290906708091845]}"
1_1_1_1_1_115_0,0.0561,0.1767,0.0904,0.0534,0.075,0.0502,0.1104,0.27,0.3178,0.3391,0.3463,0.3228,-0.2673555,0.5825536,0.2664816,0.6377686,-0.4040524,-0.32309994,0.01338272,0.7278981,-0.5790454,-0.535854,0.7421012,-0.6377686,0.5087876,0.4872934,-15.940815,-8.497365,0.48016807,0,"{""geodesic"":false,""type"":""Point"",""coordinates"":[110.42113345856558,-7.3053453447966]}"
1_1_1_1_1_149_0,0.0414,0.0967,0.0494,0.0428,0.0612,0.0472,0.0916,0.1717,0.1913,0.249,0.1888,0.2713,-0.33945376,0.41652906,0.19302759,0.6054159,-0.22482583,-0.32375082,0.0093641775,0.70664835,-0.6689008,-0.3863799,0.6812964,-0.6054159,0.46212566,0.38018087,-13.718329,-5.381515,0.39062893,0,"{""geodesic"":false,""type"":""Point"",""coordinates"":[110.44987780918456,-7.283943601653542]}"
1_1_1_1_1_11_0,0.0355,0.0343,0.0183,0.028,0.0362,0.0231,0.0657,0.1156,0.113,0.0875,0.1006,0.0989,-0.3360324,0.15844896,0.06241513,0.414713,0.026950387,-0.3041825,0.0048312,0.5151515,-0.65406424,-0.10112357,0.5822785,-0.414713,0.14229764,0.15820505,-16.379677,-11.763169,0.14500405,0,"{""geodesic"":false,""type"":""Point"",""coordinates"":[110.44681250308103,-7.271909423486295]}"
1_1_1_1_1_148_0,0.0461,0.0246,0.014,0.0439,0.0547,0.0365,0.0584,0.094,0.0744,0.0854,0.0715,0.0256,-0.3581933,0.12536533,0.051008925,0.2191292,0.37957126,-0.27461138,0.0059836064,0.320959,-0.7183099,0.28175187,0.4011485,-0.2191292,0.18776079,0.11794501,-19.060598,-9.317666,0.09891943,0,"{""geodesic"":false,""type"":""Point"",""coordinates"":[110.43348044659353,-7.2844660980377745]}"
1_1_1_1_1_161_0,0.035,0.097,0.0474,0.0326,0.0545,0.0309,0.0898,0.1846,0.2319,0.2316,0.2464,0.1622,-0.3476154,0.4279318,0.18898572,0.6190143,-0.28052807,-0.3434903,0.0063240933,0.7532173,-0.660215,-0.49691358,0.7645714,-0.6190143,0.44119477,0.39481968,-12.89202,-11.314705,0.39060456,0,"{""geodesic"":false,""type"":""Point"",""coordinates"":[110.44717252764755,-7.273809406664739]}"
1_1_1_1_1_100_0,0.0473,0.1296,0.0553,0.0421,0.0659,0.0366,0.1078,0.2915,0.3359,0.332,0.3611,0.3514,-0.38478622,0.5975644,0.27891847,0.668761,-0.32583123,-0.40183884,0.006096326,0.7749265,-0.71443325,-0.50960976,0.80141073,-0.668761,0.5097771,0.51013124,-13.240032,-4.550552,0.4974831,0,"{""geodesic"":false,""type"":""Point"",""coordinates"":[110.43544564157621,-7.3066298351440295]}"
1_1_1_1_1_33_0,0.0374,0.1433,0.0595,0.035,0.0597,0.032,0.1023,0.3347,0.3962,0.402,0.4405,0.4273,-0.42740488,0.69470525,0.35027537,0.7413905,-0.41182265,-0.41321498,0.0047363187,0.8398169,-0.7421452,-0.6074032,0.85253453,-0.7413905,0.5942891,0.59421843,-16.79221,-6.2595057,0.5875133,0,"{""geodesic"":false,""type"":""Point"",""coordinates"":[110.44833502223683,-7.2862030847670765]}"
1_1_1_1_1_54_0,0.0356,0.1577,0.0695,0.035,0.0604,0.0327,0.1081,0.3257,0.3843,0.4049,0.4286,0.4074,-0.39584327,0.6951293,0.35004744,0.74038255,-0.44612563,-0.38820425,0.005612867,0.84087294,-0.70699835,-0.63674104,0.85054845,-0.74038255,0.5785575,0.5954565,-12.678275,-9.433599,0.59032875,0,"{""geodesic"":false,""type"":""Point"",""coordinates"":[110.45259033647149,-7.288198252363176]}"
1_1_1_1_1_167_0,0.037,0.1186,0.0526,0.0329,0.0544,0.0296,0.0851,0.2267,0.2831,0.2791,0.3072,0.3519,-0.3559322,0.5155172,0.23372738,0.6737631,-0.37109828,-0.38551402,0.0055785025,0.78910255,-0.68284595,-0.56567657,0.8082281,-0.6737631,0.5326744,0.46277976,-14.408014,-8.834107,0.45480296,0,"{""geodesic"":false,""type"":""Point"",""coordinates"":[110.44807309727368,-7.27815231917385]}"
1_1_1_1_1_171_0,0.0407,0.0466,0.023,0.0372,0.0539,0.0327,0.066,0.1193,0.1482,0.1666,0.148,0.1015,-0.43977395,0.30886698,0.13143665,0.51111114,0.07263682,-0.33908045,0.0045144055,0.6349362,-0.75738394,-0.11217183,0.6718515,-0.51111114,0.43250215,0.2872158,-15.381938,-9.059221,0.27578858,0,"{""geodesic"":false,""type"":""Point"",""coordinates"":[110.44590019838219,-7.277154667273404]}"
1_1_1_1_1_200_0,0.038,0.1235,0.0498,0.0342,0.0573,0.0293,0.098,0.3133,0.3763,0.3651,0.3948,0.3168,-0.4464771,0.65361255,0.31910583,0.7286932,-0.3661504,-0.42527407,0.003996549,0.82870024,-0.7599422,-0.56626505,0.85141987,-0.7286932,0.5767653,0.56317085,-11.721387,-6.6941643,0.5519293,0,"{""geodesic"":false,""type"":""Point"",""coordinates"":[110.4468848066558,-7.28683449505791]}"
1_1_1_1_1_42_0,0.0367,0.1283,0.0511,0.0324,0.0555,0.0285,0.0965,0.3296,0.3933,0.402,0.4284,0.4266,-0.46955347,0.7020677,0.3558134,0.757377,-0.39608267,-0.43032327,0.0036227612,0.8508287,-0.77444273,-0.59676415,0.86759585,-0.757377,0.6128385,0.60209566,-12.266905,-9.902471,0.5933219,0,"{""geodesic"":false,""type"":""Point"",""coordinates"":[110.44850779332994,-7.293077831927395]}"
1_1_1_1_1_174_0,0.0357,0.0366,0.0161,0.0276,0.0426,0.0264,0.0517,0.0951,0.1244,0.1426,0.1331,0.0965,-0.45969126,0.26553932,0.11439235,0.5399568,0.07575754,-0.3889943,0.0029806453,0.6756757,-0.79710144,-0.14018694,0.68757397,-0.5399568,0.46783325,0.26053813,-17.811188,-11.855443,0.25738585,0,"{""geodesic"":false,""type"":""Point"",""coordinates"":[110.44880188818463,-7.2748063907684966]}"
1_1_1_1_1_157_0,0.036,0.04,0.0233,0.0279,0.0368,0.0262,0.061,0.0985,0.1162,0.097,0.1147,0.1188,-0.30716902,0.1693861,0.06835436,0.44992527,-0.041666646,-0.26382306,0.0062934016,0.5532426,-0.6126351,-0.17820324,0.5746753,-0.44992527,0.22784811,0.17041078,-16.691292,-9.939317,0.16586655,0,"{""geodesic"":false,""type"":""Point"",""coordinates"":[110.44717584704247,-7.271095776430187]}"
1_1_1_1_1_193_0,0.0394,0.1279,0.0552,0.0332,0.0581,0.0308,0.1039,0.2865,0.3406,0.3401,0.3669,0.2968,-0.40338343,0.6060428,0.29209188,0.7081868,-0.37526882,-0.3970508,0.0049990006,0.822127,-0.72071844,-0.58783364,0.8339175,-0.7081868,0.53198195,0.53272474,-14.504647,-4.9969916,0.5271384,0,"{""geodesic"":false,""type"":""Point"",""coordinates"":[110.44843224607752,-7.280775936234022]}"
1_1_1_1_1_12_0,0.0372,0.0994,0.0457,0.0317,0.0505,0.0286,0.0894,0.2156,0.2427,0.2213,0.2599,0.2141,-0.328084,0.4170454,0.18015279,0.62840325,-0.32621744,-0.3700896,0.0059061,0.7494071,-0.6576779,-0.5163997,0.77110845,-0.62840325,0.4245253,0.3854514,-11.8667145,-8.778155,0.37768924,0,"{""geodesic"":false,""type"":""Point"",""coordinates"":[110.44635868131263,-7.272632505153432]}"
1_1_1_1_1_49_0,0.038,0.1205,0.0522,0.0341,0.0574,0.0305,0.0998,0.2714,0.3294,0.3239,0.3449,0.3044,-0.40667978,0.5862607,0.27745017,0.6989247,-0.35469365,-0.3954835,0.004915406,0.80949724,-0.72241426,-0.55886155,0.8278781,-0.6989247,0.528912,0.51509833,-20.732346,-5.8120713,0.50664335,0,"{""geodesic"":false,""type"":""Point"",""coordinates"":[110.45023068416744,-7.291723114067427]}"
1_1_1_1_1_195_0,0.0434,0.1295,0.0731,0.0424,0.0612,0.0457,0.0912,0.2114,0.2559,0.2912,0.2646,0.2204,-0.31132078,0.49202344,0.23064893,0.65266746,-0.35815418,-0.27838105,0.01147208,0.74580336,-0.5986824,-0.50668997,0.7287029,-0.65266746,0.5230126,0.44001675,-16.268158,-5.8766356,0.44769675,0,"{""geodesic"":false,""type"":""Point"",""coordinates"":[110.44879371792234,-7.281500012172911]}"
1_1_1_1_1_105_0,0.0483,0.0971,0.0437,0.0426,0.0638,0.0377,0.0895,0.2182,0.259,0.2968,0.2958,0.2632,-0.4314635,0.53822184,0.2485731,0.6461453,-0.20696083,-0.37926137,0.0055508427,0.7489688,-0.7433187,-0.3901217,0.77458894,-0.6461453,0.53662956,0.46572796,-14.087531,-5.258065,0.45425302,0,"{""geodesic"":false,""type"":""Point"",""coordinates"":[110.43109565030932,-7.3078002745148405]}"
1_1_1_1_1_101_0,0.0497,0.1167,0.053,0.0453,0.0653,0.0388,0.1046,0.254,0.2934,0.3047,0.3117,0.3073,-0.38476753,0.55499893,0.2520945,0.647027,-0.28241757,-0.3753683,0.006748934,0.74114287,-0.7036623,-0.44074076,0.77409023,-0.647027,0.48888344,0.4728512,-10.879804,-8.673208,0.4577647,0,"{""geodesic"":false,""type"":""Point"",""coordinates"":[110.43299949371003,-7.306717221904338]}"
1_1_1_1_1_134_0,0.0467,0.137,0.0521,0.0425,0.0637,0.0312,0.1034,0.3923,0.47,0.4755,0.4919,0.4097,-0.5097639,0.82648164,0.42555004,0.763724,-0.3652217,-0.4489688,0.0034185487,0.83590734,-0.8025019,-0.5264624,0.8768502,-0.763724,0.64277077,0.6620145,-13.57219,-6.7540817,0.6380157,0,"{""geodesic"":false,""type"":""Point"",""coordinates"":[110.43050354843939,-7.2745123998453085]}"
1_1_1_1_1_63_0,0.037,0.1281,0.05,0.0313,0.0558,0.0295,0.0929,0.3169,0.3854,0.3865,0.4135,0.406,-0.45220718,0.6716839,0.33952606,0.7476826,-0.39314845,-0.43851766,0.0038163003,0.8501675,-0.7709049,-0.6072773,0.8581731,-0.7476826,0.6124322,0.584607,-16.557444,-9.7873335,0.5805186,0,"{""geodesic"":false,""type"":""Point"",""coordinates"":[110.44787055037108,-7.295609777190654]}"
1_1_1_1_1_182_0,0.0374,0.1322,0.0572,0.0314,0.0566,0.0308,0.0985,0.2959,0.3516,0.3484,0.3828,0.3604,-0.39941046,0.61185175,0.29962984,0.7204938,-0.40042374,-0.39598733,0.0050567165,0.8346498,-0.71794873,-0.6161369,0.8375527,-0.7204938,0.5591855,0.5418562,-14.189718,-7.6775827,0.54046375,0,"{""geodesic"":false,""type"":""Point"",""coordinates"":[110.45006405802063,-7.279782921851178]}"
1_1_1_1_1_168_0,0.0362,0.1552,0.0781,0.0341,0.0604,0.0356,0.1028,0.2886,0.3322,0.3641,0.3621,0.3873,-0.35212225,0.6212414,0.30730444,0.7154299,-0.43970317,-0.33047578,0.0076362537,0.8287293,-0.6467662,-0.6397253,0.8218664,-0.7154299,0.55964875,0.5476826,-16.010023,-10.284441,0.5511022,0,"{""geodesic"":false,""type"":""Point"",""coordinates"":[110.44834331515871,-7.279419010937806]}"
1_1_1_1_1_108_0,0.0533,0.1654,0.0774,0.0511,0.0738,0.0451,0.1157,0.3056,0.3466,0.3624,0.3835,0.3638,-0.3253205,0.63472694,0.29598036,0.6616231,-0.38294315,-0.36243823,0.009632285,0.7528416,-0.6480218,-0.52794456,0.7786503,-0.6616231,0.5160008,0.5244628,-16.47755,-4.9837384,0.51116586,0,"{""geodesic"":false,""type"":""Point"",""coordinates"":[110.42774240592628,-7.308791027770675]}"
1_1_1_1_1_166_0,0.0357,0.132,0.0634,0.0362,0.0631,0.0304,0.0952,0.2704,0.3123,0.3247,0.3334,0.3134,-0.3793235,0.5954597,0.27629438,0.6745745,-0.35315222,-0.35107473,0.005935818,0.7993904,-0.67328006,-0.56956005,0.82878065,-0.6745745,0.5465587,0.5162554,-15.98011,-9.227386,0.5026716,0,"{""geodesic"":false,""type"":""Point"",""coordinates"":[110.44499820698238,-7.273987657932682]}"
1_1_1_1_1_150_0,0.038,0.0439,0.0197,0.0344,0.0474,0.0322,0.0592,0.109,0.1148,0.0723,0.1247,0.2435,-0.16739605,0.099503726,0.03802652,0.20802005,0.038335152,-0.38050315,0.008773721,0.35520148,-0.57173914,-0.12132823,0.38373205,-0.20802005,0.09961978,0.099503726,-22.865355,-9.880761,0.09370364,0,"{""geodesic"":false,""type"":""Point"",""coordinates"":[110.44716544202102,-7.279598483409699]}"
1_1_1_1_1_87_0,0.044,0.1367,0.0555,0.04,0.0666,0.0346,0.1109,0.3586,0.4253,0.386,0.4159,0.4057,-0.42641887,0.67911255,0.33330578,0.7057004,-0.34481063,-0.4224766,0.0049748705,0.81220657,-0.7485844,-0.5472553,0.8354731,-0.7057004,0.55363256,0.5725614,-13.404058,-8.251639,0.5604752,0,"{""geodesic"":false,""type"":""Point"",""coordinates"":[110.44215306854007,-7.303834095520239]}"
1_1_1_1_1_43_0,0.0371,0.1303,0.0522,0.0335,0.0574,0.0294,0.095,0.326,0.3881,0.392,0.421,0.4143,-0.4542037,0.68822837,0.34471843,0.74454826,-0.3883857,-0.4279452,0.0039150002,0.8425382,-0.7649707,-0.59096456,0.8604651,-0.74454826,0.60985625,0.59029734,-13.077872,-14.21278,0.5810373,0,"{""geodesic"":false,""type"":""Point"",""coordinates"":[110.44787276734466,-7.2938006919284835]}"
1_1_1_1_1_173_0,0.0365,0.1113,0.0466,0.0345,0.056,0.0293,0.0945,0.284,0.3244,0.3777,0.3437,0.4043,-0.49131694,0.67271674,0.3338679,0.741757,-0.3305439,-0.40975302,0.0036149854,0.83260554,-0.7803441,-0.52674896,0.8560197,-0.741757,0.59974587,0.5761852,-14.202713,-6.9959917,0.56434995,0,"{""geodesic"":false,""type"":""Point"",""coordinates"":[110.44490595251104,-7.275344361443776]}"
1_1_1_1_1_138_0,0.0476,0.0816,0.0386,0.0322,0.0566,0.0276,0.0913,0.2621,0.3033,0.387,0.3215,0.127,-0.5866768,0.68530244,0.3498301,0.7448152,-0.18089727,-0.3577371,0.0027528682,0.84637403,-0.818609,-0.4340949,0.8668596,-0.7448152,0.61823124,0.589438,-18.865246,-9.192186,0.5789817,0,"{""geodesic"":false,""type"":""Point"",""coordinates"":[110.44228649940342,-7.269190245241718]}"
1_1_1_1_1_112_0,0.049,0.124,0.0558,0.0429,0.0648,0.0384,0.1036,0.2722,0.3159,0.3196,0.3408,0.3199,-0.38121545,0.572359,0.2660299,0.66285115,-0.3135593,-0.37931034,0.0067043807,0.7633103,-0.7027171,-0.4859197,0.78547484,-0.66285115,0.51039696,0.49160838,-11.881605,-6.7180924,0.48121738,0,"{""geodesic"":false,""type"":""Point"",""coordinates"":[110.43299835339867,-7.307621761729121]}"
1_1_1_1_2_85_0,0.0488,0.018,0.0134,0.0544,0.069,0.0496,0.0571,0.0442,0.0519,0.0492,0.0416,0.0197,-0.21028036,-0.0010651977,0.005200166,-0.1675127,0.5862069,-0.1464968,0.013508944,-0.050193075,-0.571885,0.50276244,-0.004048614,0.1675127,-0.074317984,-0.0010020116,-23.576885,-11.893822,-0.012922471,1,"{""geodesic"":false,""type"":""Point"",""coordinates"":[110.43412987475787,-7.272255585898513]}"
1_1_1_1_2_196_0,0.0428,0.0211,0.0165,0.0428,0.0512,0.0398,0.0499,0.0382,0.0326,0.0347,0.0298,0.0253,-0.11994221,-0.013385829,-0.0017859768,-0.19208382,0.4163209,-0.12234042,0.018925073,-0.10451616,-0.35546875,0.33959314,-0.06845639,0.19208382,-0.17966905,-0.013315928,-22.565517,-10.327005,-0.021038968,1,"{""geodesic"":false,""type"":""Point"",""coordinates"":[110.42352463413528,-7.27739810650139]}"
1_1_1_1_2_177_0,0.051,0.0247,0.0185,0.0483,0.0596,0.0481,0.0551,0.0444,0.0434,0.0388,0.0437,0.0281,-0.08943091,-0.024089513,-0.0051530376,-0.21138209,0.41399762,-0.14351852,0.022934277,-0.10907004,-0.35427576,0.32328767,-0.10701953,0.21138209,-0.17358892,-0.023768948,-27.057291,-16.69589,-0.024271846,1,"{""geodesic"":false,""type"":""Point"",""coordinates"":[110.41860911060546,-7.295844436977156]}"
1_1_1_1_2_179_0,0.0469,0.0367,0.0202,0.0397,0.053,0.0343,0.0488,0.0669,0.0614,0.0481,0.0505,0.1528,-0.10579346,0.0360822,0.0133746695,-0.048466876,0.18171684,-0.28998244,0.0144045735,0.095671944,-0.40849194,0.039267045,0.16747572,0.048466876,-0.007223959,0.03554258,-23.53175,-14.877904,0.021435855,1,"{""geodesic"":false,""type"":""Point"",""coordinates"":[110.4407035742083,-7.303832301736704]}"
1_1_1_1_2_157_0,0.0435,0.0288,0.0201,0.0493,0.0596,0.0471,0.0528,0.0479,0.0479,0.0916,0.0521,0.0349,-0.2998155,0.110757135,0.047743138,0.21164022,0.3484163,-0.17791411,0.010335262,0.30021292,-0.64010745,0.262484,0.32083634,-0.21164022,0.26869807,0.10450916,-22.203506,-11.900491,0.09900141,1,"{""geodesic"":false,""type"":""Point"",""coordinates"":[110.42062605732202,-7.277213500186945]}"
1_1_1_1_2_65_0,0.0542,0.0283,0.022,0.0502,0.057,0.0458,0.0482,0.0425,0.0451,0.05,0.0431,0.0375,-0.14974183,0.011072447,0.0073013594,-0.06542055,0.33645955,-0.12524852,0.020152,-0.0019960045,-0.3888889,0.27898088,0.04384134,0.06542055,0.018329946,0.010574019,-20.511381,-18.175283,-4.9983256E-4,1,"{""geodesic"":false,""type"":""Point"",""coordinates"":[110.42629416861848,-7.307794193877819]}"
1_1_1_1_2_168_0,0.0468,0.0209,0.0166,0.061,0.0654,0.0484,0.0487,0.0369,0.0409,0.0508,0.0354,0.0324,-0.23467697,0.0067896335,0.007273564,-0.12564543,0.5156431,-0.11466667,0.015815748,-0.091234356,-0.5074184,0.4896215,0.024193546,0.12564543,0.021105522,0.00600801,-25.271372,-10.125538,-0.025008176,1,"{""geodesic"":false,""type"":""Point"",""coordinates"":[110.41916198505947,-7.288608830287983]}"
1_1_1_1_2_174_0,0.0465,0.0245,0.0215,0.0429,0.0552,0.04,0.0459,0.0354,0.0377,0.0446,0.0326,0.0338,-0.1513158,0.011943708,0.007346918,-0.10621243,0.38519448,-0.06521736,0.019282512,0.01942856,-0.34947047,0.27299705,0.05437352,0.10621243,-0.014364655,0.011802942,-20.757841,-14.777534,0.004340423,1,"{""geodesic"":false,""type"":""Point"",""coordinates"":[110.41916000410835,-7.290146545454038]}"
1_1_1_1_2_119_0,0.0428,0.0156,0.0133,0.0396,0.053,0.0389,0.0476,0.0269,0.0288,0.0267,0.0218,0.0253,-0.097682126,-0.03166857,-0.008070761,-0.32998747,0.5451895,-0.07958477,0.019377153,-0.19457014,-0.335,0.43478262,-0.18597561,0.32998747,-0.28129208,-0.03235502,-28.396812,-16.203096,-0.03416917,1,"{""geodesic"":false,""type"":""Point"",""coordinates"":[110.4231626295296,-7.277126283365193]}"
1_1_1_1_2_49_0,0.059,0.0421,0.0302,0.0573,0.0658,0.0577,0.0585,0.052,0.0557,0.0656,0.0591,0.0478,-0.10372698,0.02011099,0.01066464,-0.0015220958,0.21964784,-0.16459198,0.02656311,0.06753457,-0.36951983,0.1529175,0.064071365,0.0015220958,0.057211928,0.019011712,-28.842728,-11.587968,0.019987155,1,"{""geodesic"":false,""type"":""Point"",""coordinates"":[110.42720183619032,-7.306438536713104]}"
1_1_1_1_2_51_0,0.0637,0.0414,0.0341,0.0501,0.0529,0.0434,0.0486,0.0474,0.0467,0.047,0.0452,0.0603,-0.06761955,0.009660274,0.0039544385,-0.05905909,0.12195123,-0.09668875,0.031488087,-0.031925853,-0.15906288,0.09508195,0.039822984,0.05905909,-0.016736418,0.009146336,-22.938574,-12.870948,-0.007787641,1,"{""geodesic"":false,""type"":""Point"",""coordinates"":[110.4279265858116,-7.306439456191632]}"
1_1_1_1_2_4_0,0.0476,0.0438,0.0215,0.0443,0.0568,0.0427,0.0642,0.1173,0.1388,0.054,0.1259,0.127,-0.063852824,0.02888696,0.011105059,-0.025270749,0.12922466,-0.34150076,0.017000927,0.098677516,-0.43046358,0.00567538,0.11685627,0.025270749,-0.086294405,0.028406238,-22.249525,-14.049169,0.024318904,1,"{""geodesic"":false,""type"":""Point"",""coordinates"":[110.44246733768944,-7.26946183087154]}"
1_1_1_1_2_110_0,0.0426,0.0174,0.0142,0.0406,0.0538,0.0411,0.047,0.0307,0.0305,0.0323,0.0295,0.019,-0.109589055,-0.022577997,-0.004599874,-0.24970967,0.51123595,-0.101265825,0.01806873,-0.11385463,-0.3892473,0.4,-0.11989101,0.24970967,-0.18537202,-0.023020579,-29.499762,-12.085934,-0.021731548,1,"{""geodesic"":false,""type"":""Point"",""coordinates"":[110.42361649169816,-7.276403228280893]}"
1_1_1_1_2_117_0,0.0454,0.0383,0.0237,0.0465,0.057,0.044,0.0573,0.0668,0.0721,0.062,0.0706,0.0674,-0.13731657,0.04604758,0.019010156,0.042016797,0.19622245,-0.23548386,0.016819356,0.14285712,-0.4469078,0.09669812,0.16981131,-0.042016797,0.039396472,0.044554453,-16.211103,-7.150132,0.038208704,1,"{""geodesic"":false,""type"":""Point"",""coordinates"":[110.42361141158557,-7.2803832020174095]}"
1_1_1_1_2_101_0,0.0461,0.0214,0.0168,0.047,0.0654,0.0466,0.0564,0.04,0.0411,0.0449,0.033,0.0337,-0.1494684,-0.0043724254,0.002765958,-0.18585673,0.5069124,-0.120418884,0.01743608,-0.022850906,-0.45542952,0.37426898,-0.018579224,0.18585673,-0.11352418,-0.004311071,-25.141485,-17.508219,-0.0053218408,1,"{""geodesic"":false,""type"":""Point"",""coordinates"":[110.43675779836487,-7.2715352243836975]}"
1_1_1_1_2_149_0,0.0488,0.0286,0.0181,0.0482,0.058,0.0456,0.0533,0.0389,0.0686,0.0376,0.0635,0.1301,-0.07249999,-0.021059286,-0.0049872524,-0.21338911,0.3394919,-0.22483937,0.021951066,-0.12354313,-0.35008973,0.25520834,-0.09615386,0.21338911,-0.17271727,-0.020576134,-30.823856,-16.280258,-0.02714237,1,"{""geodesic"":false,""type"":""Point"",""coordinates"":[110.43050263626797,-7.275236032421679]}"
1_1_1_1_2_131_0,0.0581,0.0473,0.0318,0.0496,0.0543,0.0432,0.0566,0.0551,0.0567,0.0578,0.0666,0.1838,-0.08539666,0.03862433,0.013873394,0.03122212,0.068897635,-0.19595446,0.023767477,0.07635007,-0.29017854,0.023735827,0.14455444,-0.03122212,0.010489499,0.036439262,-16.930454,-11.268601,0.02025024,1,"{""geodesic"":false,""type"":""Point"",""coordinates"":[110.42593075358802,-7.308607817686752]}"
1_1_1_1_2_38_0,0.05,0.042,0.0344,0.0554,0.0644,0.0509,0.0615,0.0551,0.0657,0.0582,0.061,0.0265,-0.10024213,0.019249026,0.008877263,-0.050570965,0.21052635,-0.09947642,0.030085225,0.02464791,-0.25701943,0.137577,0.066911094,0.050570965,-0.027568908,0.017977346,-21.785673,-10.923202,0.006844857,1,"{""geodesic"":false,""type"":""Point"",""coordinates"":[110.42569598080246,-7.279571763761389]}"
1_1_1_1_2_104_0,0.0473,0.0194,0.0134,0.044,0.0608,0.042,0.0516,0.0464,0.0389,0.0269,0.0398,0.0211,-0.071806505,-0.039782904,-0.011094815,-0.38654503,0.5162095,-0.18292686,0.02092193,-0.24118476,-0.3349876,0.38801262,-0.21915817,0.38654503,-0.31464967,-0.03981367,-20.619865,-14.4310665,-0.044929057,1,"{""geodesic"":false,""type"":""Point"",""coordinates"":[110.43258921561159,-7.272796385471517]}"
1_1_1_1_2_118_0,0.0483,0.0229,0.0172,0.0495,0.0562,0.0432,0.0492,0.0382,0.0408,0.0384,0.0367,0.0266,-0.14155844,-0.012954065,-0.0012024224,-0.18816067,0.4209861,-0.14214462,0.01935,-0.12627983,-0.38129497,0.3674033,-0.05882352,0.18816067,-0.12328765,-0.012379641,-29.911821,-18.614826,-0.028321138,1,"{""geodesic"":false,""type"":""Point"",""coordinates"":[110.42515118426157,-7.280566067736086]}"
1_1_1_1_2_106_0,0.0499,0.0172,0.0128,0.0462,0.057,0.0402,0.0505,0.0375,0.0376,0.0378,0.0308,0.0238,-0.18811882,-0.0064343153,0.0016760721,-0.20253165,0.5363881,-0.14666669,0.013612698,-0.10000001,-0.49407116,0.45741323,-0.030769227,0.20253165,-0.14382787,-0.006228373,-22.558949,-7.434755,-0.021575345,1,"{""geodesic"":false,""type"":""Point"",""coordinates"":[110.42850959765848,-7.275323977173237]}"
1_1_1_1_2_70_0,0.0509,0.0369,0.0265,0.0436,0.0474,0.0392,0.0456,0.0563,0.0641,0.0501,0.0589,0.0865,-0.10365135,0.028435767,0.011307606,0.027692279,0.12455519,-0.16403784,0.020734532,0.069370314,-0.308094,0.08322983,0.122060455,-0.027692279,0.04702193,0.027744778,-24.184036,-15.390743,0.016422432,1,"{""geodesic"":false,""type"":""Point"",""coordinates"":[110.42973708406566,-7.3075271969769835]}"
1_1_1_1_2_61_0,0.0584,0.0436,0.0313,0.0464,0.05,0.0396,0.0548,0.0607,0.0668,0.0595,0.0619,0.0619,-0.12004231,0.052418083,0.01919112,0.086757995,0.06837607,-0.16421895,0.020831596,0.123701625,-0.31057268,0.031111099,0.20080727,-0.086757995,0.04111987,0.04982474,-22.853416,-14.652582,0.0324311,1,"{""geodesic"":false,""type"":""Point"",""coordinates"":[110.42756329004277,-7.307162627782448]}"
1_1_1_1_2_105_0,0.0496,0.0305,0.0233,0.0484,0.0631,0.0466,0.0621,0.0463,0.0558,0.0414,0.0481,0.0486,-0.07609347,-0.013569933,-0.0023467485,-0.20765552,0.34829062,-0.13382901,0.026226569,-0.07795099,-0.27975273,0.22686945,-0.059090894,0.20765552,-0.19999999,-0.013265302,-25.324183,-14.925293,-0.017802643,1,"{""geodesic"":false,""type"":""Point"",""coordinates"":[110.4306864326362,-7.273155816318795]}"
1_1_1_1_2_143_0,0.0518,0.043,0.0292,0.0531,0.0639,0.049,0.0664,0.0641,0.0533,0.038,0.0496,0.0584,0.0049153487,-0.029451137,-0.009936677,-0.25417078,0.19550982,-0.19113573,0.037652634,-0.16575195,-0.13095236,0.10509885,-0.12643678,0.25417078,-0.27203065,-0.028109029,-21.961016,-10.539533,-0.038318396,1,"{""geodesic"":false,""type"":""Point"",""coordinates"":[110.43938537813433,-7.271086209648251]}"
1_1_1_1_2_126_0,0.0548,0.0516,0.0405,0.0566,0.0592,0.0518,0.0558,0.0589,0.0639,0.067,0.0626,0.1385,-0.08898678,0.039861534,0.0152354445,0.061806668,0.06859204,-0.12052119,0.03131194,0.0841424,-0.24651164,0.04621071,0.12794612,-0.061806668,0.091205224,0.03684551,-25.87273,-19.375793,0.025016038,1,"{""geodesic"":false,""type"":""Point"",""coordinates"":[110.42638441645425,-7.308065670704225]}"
1_1_1_1_2_15_0,0.0498,0.0361,0.0277,0.0484,0.0637,0.0532,0.0629,0.0493,0.0591,0.0577,0.0576,0.0391,-0.08597749,0.0110957725,0.0075304722,-0.04942337,0.2765531,-0.13166146,0.025539687,0.08765317,-0.35128808,0.14556213,0.04057711,0.04942337,-0.04311774,0.011049275,-17.108124,-9.803179,0.023016006,1,"{""geodesic"":false,""type"":""Point"",""coordinates"":[110.43902370451353,-7.270543036093241]}"
1_1_1_1_2_25_0,0.0493,0.0215,0.0159,0.0454,0.06,0.0439,0.0529,0.0387,0.0421,0.0348,0.035,0.028,-0.101648346,-0.023754833,-0.005130261,-0.26582277,0.47239262,-0.1497326,0.02005776,-0.13216957,-0.37278104,0.35724962,-0.11562899,0.26582277,-0.2063854,-0.023587354,-24.55879,-11.390216,-0.027404346,1,"{""geodesic"":false,""type"":""Point"",""coordinates"":[110.43131815136195,-7.275056148254501]}"
1_1_1_1_2_44_0,0.0464,0.0467,0.0324,0.0368,0.0474,0.0368,0.0619,0.0634,0.056,0.0383,0.0739,0.062,0.052963432,0.0038144628,-2.5448386E-4,-0.10618438,0.007438902,-0.18078381,0.031131072,0.01997336,-0.08345119,0.11856287,0.01997336,0.10618438,-0.23552895,0.0039123613,-34.53775,-17.20529,0.0039123613,1,"{""geodesic"":false,""type"":""Point"",""coordinates"":[110.41988903203475,-7.286800683384455]}"
1_1_1_1_2_165_0,0.047,0.0191,0.0131,0.0434,0.055,0.0379,0.046,0.036,0.0358,0.0422,0.0344,0.0277,-0.200561,0.011386502,0.0076317443,-0.13168725,0.48448044,-0.18633538,0.011765166,-0.014018712,-0.5262206,0.38880002,0.053682875,0.13168725,-0.04308391,0.011118768,-25.833883,-15.389675,-0.0030737747,1,"{""geodesic"":false,""type"":""Point"",""coordinates"":[110.42469870305203,-7.280203676613207]}"
1_1_1_1_2_178_0,0.0481,0.0343,0.0245,0.0452,0.0553,0.0381,0.0475,0.0534,0.0534,0.0493,0.0421,0.0806,-0.13241462,0.029822132,0.011873438,-0.057361387,0.23437501,-0.16666667,0.018934077,0.04338623,-0.33604336,0.13710694,0.12814645,0.057361387,0.018595042,0.028600613,-18.87865,-9.248256,0.010344824,1,"{""geodesic"":false,""type"":""Point"",""coordinates"":[110.43943560501587,-7.303559366067093]}"
1_1_1_1_2_188_0,0.0528,0.0508,0.0431,0.0469,0.0518,0.0408,0.052,0.0577,0.0544,0.0494,0.0551,0.0886,-0.02501331,0.022812882,0.0068277954,-0.02371541,0.009746608,-0.08200213,0.03559676,0.025960553,-0.068108134,-0.039918106,0.09534368,0.02371541,-0.025641007,0.021856999,-28.314526,-16.140223,0.006288784,1,"{""geodesic"":false,""type"":""Point"",""coordinates"":[110.42973754282515,-7.3071653812556505]}"
1_1_1_1_2_26_0,0.0488,0.0228,0.0162,0.0472,0.0574,0.0428,0.0514,0.0401,0.033,0.0329,0.0364,0.1301,-0.099519566,-0.026450785,-0.0063555893,-0.2713178,0.43142143,-0.16923076,0.021074772,-0.17852683,-0.34012222,0.34857145,-0.13077939,0.2713178,-0.2194543,-0.025794685,-28.631407,-17.074188,-0.036976382,1,"{""geodesic"":false,""type"":""Point"",""coordinates"":[110.43068369723694,-7.275326714177379]}"
1_1_1_1_2_53_0,0.0561,0.0464,0.0347,0.0474,0.0522,0.0478,0.0547,0.0513,0.053,0.053,0.0545,0.0541,-0.03186023,0.013207352,0.0054481076,0.0076045496,0.058823545,-0.14426635,0.03129547,0.05577687,-0.20866592,0.010661002,0.051587287,-0.0076045496,-0.015784593,0.012982686,-17.799885,-11.106787,0.013990668,1,"{""geodesic"":false,""type"":""Point"",""coordinates"":[110.42892219793316,-7.30716434993096]}"
1_1_1_1_2_30_0,0.0477,0.02,0.0157,0.0428,0.0574,0.0402,0.0523,0.0408,0.0468,0.0483,0.0458,0.0213,-0.20423004,0.02090863,0.011679857,-0.08609269,0.48320413,-0.12044819,0.01306708,0.060373213,-0.50937504,0.36305735,0.09152546,0.08609269,-0.039761413,0.020645717,-27.240675,-14.37791,0.013957029,1,"{""geodesic"":false,""type"":""Point"",""coordinates"":[110.42660817963883,-7.274597941658382]}"
1_1_1_1_2_192_0,0.0434,0.0253,0.0173,0.0379,0.0497,0.0339,0.0472,0.0474,0.0521,0.0359,0.0521,0.0558,-0.10977445,0.005235329,0.003524097,-0.16121495,0.32533333,-0.18779342,0.016336212,-0.027100274,-0.34962407,0.1993671,0.0286533,0.16121495,-0.13598074,0.0052650063,-29.11829,-18.660185,-0.0052283034,1,"{""geodesic"":false,""type"":""Point"",""coordinates"":[110.4191643150408,-7.286799753487804]}"
1_1_1_1_2_173_0,0.0469,0.0262,0.0214,0.0619,0.059,0.0441,0.0448,0.0347,0.0398,0.0418,0.0317,0.0269,-0.19195402,-0.0068277675,8.7224593E-4,-0.17063493,0.38497654,-0.10084032,0.022577513,-0.19382836,-0.32278478,0.40522134,-0.02677534,0.17063493,-0.034642033,-0.005888381,-23.567497,-20.058142,-0.049942028,1,"{""geodesic"":false,""type"":""Point"",""coordinates"":[110.41897928982031,-7.289784497378441]}"
1_1_1_1_2_23_0,0.0497,0.0261,0.0206,0.0477,0.0598,0.0454,0.0533,0.0384,0.0353,0.037,0.0345,0.0476,-0.084507026,-0.022066938,-0.0049796444,-0.23553717,0.39231664,-0.11777302,0.025276758,-0.1263282,-0.2847222,0.29268292,-0.10194176,0.23553717,-0.1805094,-0.021634618,-20.036629,-11.505638,-0.027449971,1,"{""geodesic"":false,""type"":""Point"",""coordinates"":[110.43150023682854,-7.274332742897326]}"
1_1_1_1_2_0_0,0.0601,0.0457,0.0337,0.0488,0.0512,0.0421,0.0519,0.0453,0.0471,0.0502,0.0498,0.0612,-0.059957173,0.021616139,0.0074620056,-0.009861916,0.056759547,-0.15113348,0.02826235,0.014141428,-0.1966627,0.032804236,0.087757304,0.009861916,-0.01665034,0.020513251,-29.344208,-21.822056,0.0035058465,1,"{""geodesic"":false,""type"":""Point"",""coordinates"":[110.4283789796116,-7.306892299832373]}"
1_1_1_1_2_17_0,0.0504,0.0522,0.0365,0.0604,0.0749,0.066,0.0707,0.0693,0.0635,0.0853,0.0617,0.0368,-0.10420614,0.046922103,0.021745643,0.06491883,0.17859954,-0.17700115,0.0282415,0.17089908,-0.40065682,0.072824165,0.12756114,-0.06491883,0.09358974,0.04444956,-24.249157,-5.712658,0.05784419,1,"{""geodesic"":false,""type"":""Point"",""coordinates"":[110.43548856601619,-7.272347734343805]}"
1_1_1_1_2_71_0,0.0528,0.0433,0.0294,0.0466,0.0472,0.0398,0.0517,0.0539,0.0552,0.0518,0.0587,0.0886,-0.08429753,0.031877596,0.01137973,0.04646464,0.043093953,-0.19119668,0.022589188,0.052845553,-0.27586207,0.036707453,0.1310044,-0.04646464,9.661972E-4,0.030425968,-27.01332,-15.416288,0.013034766,1,"{""geodesic"":false,""type"":""Point"",""coordinates"":[110.42982802203987,-7.307255949688648]}"
1_1_1_1_2_59_0,0.0556,0.0701,0.0471,0.0646,0.0652,0.0597,0.0773,0.1134,0.1176,0.1052,0.1256,0.0886,-0.13351133,0.116201855,0.043656904,0.23474178,-0.036215823,-0.19624574,0.026728803,0.23910484,-0.3814839,-0.040831506,0.2759248,-0.23474178,0.15287672,0.102647014,-16.699326,-11.510306,0.09092267,1,"{""geodesic"":false,""type"":""Point"",""coordinates"":[110.42810616304395,-7.307706040557858]}"
1_1_1_1_2_42_0,0.0492,0.0846,0.0587,0.0834,0.0978,0.0778,0.0855,0.1503,0.1464,0.0949,0.1387,0.0899,-0.046668626,0.04566332,0.0158949,-0.0150493225,0.07236842,-0.18073973,0.048122864,0.064498,-0.23567708,-0.0071428446,0.09901563,0.0150493225,0.052106414,0.038129922,-15.399237,-6.678695,0.02543121,1,"{""geodesic"":false,""type"":""Point"",""coordinates"":[110.42487480816791,-7.2841838807301285]}"
1_1_1_1_2_3_0,0.0466,0.0313,0.0178,0.0538,0.0672,0.056,0.0677,0.0719,0.0827,0.0471,0.076,0.0893,-0.07226355,-0.022713356,-0.0045226547,-0.175853,0.36446697,-0.2749491,0.021163482,-0.06640239,-0.4514638,0.26439482,-0.08632397,0.175853,-0.17944251,-0.022135636,-20.201653,-15.976998,-0.016724916,1,"{""geodesic"":false,""type"":""Point"",""coordinates"":[110.44210465681527,-7.2697327480327685]}"
1_1_1_1_2_116_0,0.0454,0.0229,0.0157,0.0444,0.0528,0.0406,0.0513,0.0505,0.065,0.0368,0.0505,0.0284,-0.12232203,-0.010027446,-6.631974E-4,-0.17857142,0.3949802,-0.18652852,0.017321195,-0.09359604,-0.4019048,0.31946507,-0.04909562,0.17857142,-0.1645857,-0.009871841,-22.238356,-15.808511,-0.019614587,1,"{""geodesic"":false,""type"":""Point"",""coordinates"":[110.42379385828816,-7.279388439217141]}"
1_1_1_1_2_47_0,0.0524,0.0303,0.0182,0.0583,0.0716,0.065,0.0712,0.0557,0.0627,0.0673,0.0576,0.1132,-0.13716614,0.0056369826,0.0084495535,-0.030957513,0.40529928,-0.24948452,0.01757801,0.07165605,-0.574269,0.31602708,0.017384745,0.030957513,-0.02815885,0.005456275,-18.746956,-9.485786,0.021579282,1,"{""geodesic"":false,""type"":""Point"",""coordinates"":[110.41869701699612,-7.2979249908375605]}"
1_1_1_1_2_195_0,0.0452,0.0404,0.0309,0.0486,0.0583,0.0429,0.0588,0.0503,0.0578,0.0486,0.0555,0.0305,-0.077008314,0.015135421,0.006143051,-0.09073901,0.18135767,-0.13323982,0.027275926,0.0,-0.22264151,0.09213485,0.06229508,0.09073901,-0.094972074,0.0144547755,-22.92894,-11.906354,0.0,1,"{""geodesic"":false,""type"":""Point"",""coordinates"":[110.42433923260653,-7.2779418671418865]}"
1_1_1_1_2_37_0,0.0501,0.0517,0.0374,0.054,0.071,0.0528,0.0665,0.0576,0.0711,0.0663,0.0684,0.0241,-0.070284694,0.03450567,0.01369494,-0.034231648,0.15729423,-0.16049382,0.029784616,0.102244355,-0.27868852,0.021759713,0.11335011,0.034231648,-0.0015060446,0.032708764,-29.03132,-12.123293,0.029743662,1,"{""geodesic"":false,""type"":""Point"",""coordinates"":[110.42596774562553,-7.279572108344803]}"
1_1_1_1_2_127_0,0.0542,0.0275,0.0171,0.0514,0.0536,0.0423,0.0467,0.0415,0.0436,0.0475,0.038,0.0375,-0.17249554,0.014195235,0.007822863,-0.06033629,0.3218249,-0.23318383,0.015228001,-0.039433762,-0.4705882,0.30291507,0.057906445,0.06033629,0.008492563,0.013224819,-20.405556,-19.257467,-0.009767905,1,"{""geodesic"":false,""type"":""Point"",""coordinates"":[110.42611274985585,-7.307974871160686]}"
1_1_1_1_2_98_0,0.0502,0.0332,0.0261,0.048,0.0562,0.045,0.0539,0.0382,0.0455,0.0402,0.0395,0.0337,-0.06009614,-0.012628928,-0.0027088004,-0.16597512,0.25727072,-0.119730175,0.02921642,-0.0884354,-0.21266966,0.18226603,-0.056338064,0.16597512,-0.14558981,-0.012303494,-21.69975,-15.516577,-0.019891197,1,"{""geodesic"":false,""type"":""Point"",""coordinates"":[110.44536732719915,-7.268470388145917]}"
1_1_1_1_2_133_0,0.0545,0.0441,0.0351,0.0446,0.048,0.0404,0.0487,0.0518,0.0544,0.0535,0.0586,0.0658,-0.07447974,0.03406491,0.012444286,0.05418719,0.042345263,-0.11363635,0.02650542,0.09072377,-0.20767492,0.005636948,0.13951014,-0.05418719,0.046966735,0.03308638,-28.86303,-12.426305,0.022320686,1,"{""geodesic"":false,""type"":""Point"",""coordinates"":[110.42937493778045,-7.3073458309209425]}"
1_1_1_1_2_120_0,0.0482,0.024,0.0184,0.0567,0.0603,0.0452,0.0502,0.0454,0.0535,0.0519,0.0388,0.0314,-0.22159728,0.01865567,0.010457073,-0.07486632,0.43060496,-0.13207546,0.016024664,-0.04419889,-0.47652915,0.40520445,0.06900101,0.07486632,0.016650338,0.016831346,-26.342182,-19.284166,-0.011830429,1,"{""geodesic"":false,""type"":""Point"",""coordinates"":[110.41771347993267,-7.287883336029133]}"
1_1_1_1_2_141_0,0.0503,0.0224,0.015,0.0472,0.063,0.0482,0.0601,0.0497,0.0557,0.0384,0.0445,0.0673,-0.09603076,-0.025164334,-0.0052277087,-0.24260354,0.47540987,-0.19786096,0.018828124,-0.10280374,-0.43820226,0.35632187,-0.11316395,0.24260354,-0.22030455,-0.02505966,-18.554314,-12.586009,-0.022540983,1,"{""geodesic"":false,""type"":""Point"",""coordinates"":[110.43992923509818,-7.270815518735839]}"
1_1_1_1_2_11_0,0.0489,0.0201,0.0167,0.0489,0.0644,0.0494,0.0574,0.0386,0.0414,0.0324,0.0327,0.023,-0.078249335,-0.0441765,-0.011807439,-0.3305785,0.5242604,-0.092391305,0.025462346,-0.20295203,-0.3197556,0.41739133,-0.20782396,0.3305785,-0.27839643,-0.043829497,-29.251518,-12.590731,-0.042576984,1,"{""geodesic"":false,""type"":""Point"",""coordinates"":[110.43956643956155,-7.2711768878807845]}"
1_1_1_1_2_115_0,0.0519,0.0377,0.0285,0.0556,0.0615,0.0543,0.0544,0.0435,0.0467,0.0563,0.0443,0.0345,-0.097596854,0.005180811,0.0049418607,-0.044142634,0.23991935,-0.13897282,0.027487567,0.0062555913,-0.3278302,0.19185421,0.018083185,0.044142634,0.017163498,0.004913201,-22.24432,-16.102245,0.0017159684,1,"{""geodesic"":false,""type"":""Point"",""coordinates"":[110.4243378488454,-7.279027314659119]}"
1_1_1_1_2_32_0,0.0499,0.0198,0.015,0.0716,0.0772,0.076,0.0532,0.0348,0.0388,0.0693,0.0344,0.0238,-0.19053656,-0.01694828,0.003259799,-0.05392491,0.5917526,-0.13793105,0.016450215,-0.016323593,-0.64412814,0.5667396,-0.046111453,0.05392491,0.1314286,-0.015574138,-29.231882,-11.213779,-0.0053830417,1,"{""geodesic"":false,""type"":""Point"",""coordinates"":[110.42805688938591,-7.27514249758735]}"
1_1_1_1_2_9_0,0.0494,0.0277,0.0225,0.0507,0.062,0.0503,0.0592,0.0434,0.0455,0.0316,0.0372,0.0309,-0.026824716,-0.049047895,-0.014694816,-0.32478634,0.38238573,-0.10358563,0.035814874,-0.2320778,-0.16820697,0.29336736,-0.22832723,0.32478634,-0.3039648,-0.048204158,-22.991371,-12.275135,-0.04920145,1,"{""geodesic"":false,""type"":""Point"",""coordinates"":[110.4392945669414,-7.271267006068435]}"
1_1_1_1_2_62_0,0.0584,0.0494,0.0375,0.0497,0.057,0.0492,0.0595,0.0628,0.0638,0.0604,0.0628,0.0619,-0.055103023,0.028488588,0.011164559,0.028960831,0.07142855,-0.136939,0.030546358,0.0971844,-0.23391216,0.0030272212,0.10218981,-0.028960831,0.0075062695,0.027559062,-19.795061,-15.127267,0.026307167,1,"{""geodesic"":false,""type"":""Point"",""coordinates"":[110.42747246590743,-7.307343420616668]}"
1_1_1_1_2_76_0,0.0548,0.0516,0.0405,0.049,0.05,0.0431,0.0558,0.0589,0.0639,0.0472,0.0626,0.1385,-0.007857514,0.010924018,0.0025936274,-0.028806573,-0.01574804,-0.12052119,0.03698199,-0.018710988,-0.07639682,-0.02584496,0.045404233,0.028806573,-0.083495125,0.010418437,-27.470015,-20.254475,-0.004528674,1,"{""geodesic"":false,""type"":""Point"",""coordinates"":[110.42647501046652,-7.308065785892313]}"
1_1_1_1_2_152_0,0.0462,0.0195,0.0116,0.0415,0.0552,0.0368,0.0506,0.0368,0.0361,0.032,0.0415,0.0298,-0.13251154,-0.01274494,-0.0017340841,-0.26605502,0.47791162,-0.25401932,0.013339999,-0.12925166,-0.46788993,0.36065573,-0.06976743,0.26605502,-0.22518158,-0.012658226,-31.478226,-15.256585,-0.02484742,1,"{""geodesic"":false,""type"":""Point"",""coordinates"":[110.42497565136523,-7.276133593123056]}"
1_1_1_1_2_41_0,0.0485,0.0329,0.0254,0.0542,0.0619,0.048,0.0602,0.0514,0.0511,0.0627,0.0541,0.043,-0.18200202,0.038921848,0.017376032,0.0064205644,0.30590716,-0.12864497,0.019444974,0.072711736,-0.42338255,0.24454649,0.13279136,-0.0064205644,0.020341769,0.036106113,-18.670774,-11.0882435,0.02066786,1,"{""geodesic"":false,""type"":""Point"",""coordinates"":[110.42523797145438,-7.283551163416754]}"
1_1_1_1_2_103_0,0.0486,0.0221,0.017,0.0452,0.06,0.0418,0.055,0.034,0.0341,0.0314,0.0355,0.0357,-0.090391465,-0.027565736,-0.0069087567,-0.3129103,0.46163216,-0.13043475,0.022630576,-0.1801567,-0.2975206,0.34323925,-0.14207652,0.3129103,-0.27314818,-0.027215634,-24.096851,-7.3312287,-0.035900112,1,"{""geodesic"":false,""type"":""Point"",""coordinates"":[110.43594116224067,-7.272619660708512]}"
1_1_1_1_2_72_0,0.0528,0.0508,0.0431,0.0523,0.0542,0.0493,0.052,0.0577,0.0544,0.0608,0.0551,0.0886,-0.06097561,0.02981283,0.01123417,0.057391305,0.03238097,-0.08200213,0.03494786,0.07515475,-0.17035612,0.014548975,0.10445051,-0.057391305,0.078014195,0.028274056,-48.45096,-15.5627365,0.02079596,1,"{""geodesic"":false,""type"":""Point"",""coordinates"":[110.42964694894242,-7.307165266736775]}"
1_1_1_1_2_109_0,0.0471,0.0208,0.0143,0.046,0.0575,0.0442,0.0498,0.0315,0.0358,0.0352,0.0313,0.0302,-0.11080711,-0.023550345,-0.0048530395,-0.24056096,0.4687101,-0.1851852,0.01795625,-0.13300493,-0.42222223,0.37724552,-0.11335012,0.24056096,-0.1717647,-0.023299964,-24.646755,-12.101401,-0.027873367,1,"{""geodesic"":false,""type"":""Point"",""coordinates"":[110.42633492458842,-7.275773499754811]}"
1_1_1_1_2_84_0,0.0472,0.015,0.0116,0.0428,0.0598,0.0406,0.0494,0.033,0.0365,0.0334,0.0307,0.0247,-0.15629742,-0.01882846,-0.002663157,-0.2832618,0.5989305,-0.12781954,0.0141006,-0.12335961,-0.48444444,0.4809689,-0.09729733,0.2832618,-0.19323672,-0.018815339,-23.989613,-13.864952,-0.024470678,1,"{""geodesic"":false,""type"":""Point"",""coordinates"":[110.43603129775312,-7.272981590099968]}"
1_1_1_1_2_45_0,0.0467,0.0387,0.0266,0.0452,0.0498,0.041,0.0537,0.0465,0.0661,0.0445,0.0591,0.0431,-0.059031885,0.009196006,0.003907607,-0.056203607,0.12542374,-0.18529862,0.024507865,-0.0078037977,-0.2517581,0.07747321,0.04093567,0.056203607,-0.09368634,0.008966695,-26.003527,-13.326036,-0.001780568,1,"{""geodesic"":false,""type"":""Point"",""coordinates"":[110.41888695062299,-7.291141188343784]}"
1_1_1_1_2_87_0,0.0465,0.0123,0.0097,0.043,0.06,0.0382,0.0472,0.0294,0.0357,0.0455,0.0328,0.0213,-0.27338132,0.019166144,0.011890012,-0.13744076,0.65975106,-0.11818179,0.008143736,0.02824856,-0.6485507,0.5551537,0.08721626,0.13744076,-0.018338738,0.018759638,-41.05493,-13.78315,0.0063721263,1,"{""geodesic"":false,""type"":""Point"",""coordinates"":[110.43322196337306,-7.273882628310484]}"
1_1_1_1_2_111_0,0.0479,0.0297,0.0209,0.0468,0.0604,0.0454,0.0552,0.0497,0.0476,0.0494,0.045,0.0581,-0.12317571,0.010300784,0.006782363,-0.100182146,0.34073254,-0.17391305,0.019207692,0.02702706,-0.40540543,0.2235294,0.0421941,0.100182146,-0.055449314,0.010087426,-27.949604,-12.420326,0.0065414365,1,"{""geodesic"":false,""type"":""Point"",""coordinates"":[110.42597050530973,-7.277401212686621]}"
1_1_1_1_2_31_0,0.0484,0.0275,0.0205,0.0496,0.0592,0.0454,0.0538,0.0504,0.0518,0.0772,0.0493,0.0234,-0.26990488,0.08132161,0.03497225,0.13196483,0.3656286,-0.14583331,0.0120557,0.21766561,-0.580348,0.28664073,0.2593801,-0.13196483,0.17862597,0.0766142,-20.461,-14.3055935,0.06604978,1,"{""geodesic"":false,""type"":""Point"",""coordinates"":[110.42724183200738,-7.274960559693224]}"
1_1_1_1_2_18_0,0.0473,0.0206,0.0185,0.0501,0.0652,0.0526,0.0561,0.0386,0.0332,0.0458,0.0342,0.0201,-0.13424009,-0.0172475,-0.0011289429,-0.17477478,0.51981354,-0.05370844,0.021246726,-0.044838354,-0.42457232,0.417256,-0.069105685,0.17477478,-0.10107949,-0.017045453,-24.612425,-13.103189,-0.0108239595,1,"{""geodesic"":false,""type"":""Point"",""coordinates"":[110.43721016941072,-7.271988057865295]}"
1_1_1_1_2_48_0,0.0517,0.0453,0.0334,0.054,0.0658,0.0564,0.0753,0.063,0.0737,0.0694,0.0703,0.0557,-0.096401595,0.032409247,0.0149671445,0.026627174,0.18451849,-0.15120712,0.027143518,0.124797374,-0.35019454,0.087613314,0.10333861,-0.026627174,-0.040774032,0.031160107,-41.556286,-12.793188,0.03705485,1,"{""geodesic"":false,""type"":""Point"",""coordinates"":[110.41878807579046,-7.297563292232865]}"
1_1_1_1_2_81_0,0.0467,0.0227,0.0171,0.0472,0.0606,0.0448,0.0534,0.0366,0.0397,0.0327,0.0344,0.0224,-0.08412484,-0.03192612,-0.008183427,-0.2990354,0.45498198,-0.14070351,0.023427524,-0.18147689,-0.313253,0.35050073,-0.15612903,0.2990354,-0.24041814,-0.03142857,-25.479008,-14.203765,-0.037506476,1,"{""geodesic"":false,""type"":""Point"",""coordinates"":[110.4370284321807,-7.27244010381793]}"
1_1_1_1_2_146_0,0.0475,0.0181,0.0144,0.0505,0.067,0.0495,0.0547,0.0339,0.0423,0.0494,0.0365,0.0207,-0.19283584,-2.5835264E-4,0.005464726,-0.15120274,0.5746181,-0.11384619,0.014429149,-0.011011011,-0.54858935,0.4723032,-0.0010111018,0.15120274,-0.050912566,-2.504541E-4,-20.005812,-13.229528,-0.0027504584,1,"{""geodesic"":false,""type"":""Point"",""coordinates"":[110.43385686746784,-7.2732502420193805]}"
1_1_1_1_2_34_0,0.0472,0.0324,0.0302,0.0524,0.0608,0.0511,0.0575,0.0421,0.0451,0.0467,0.0394,0.027,-0.085432634,-0.011454754,-0.0010859761,-0.13116279,0.30472103,-0.03514377,0.033045396,-0.057517655,-0.21456437,0.23584905,-0.044989776,0.13116279,-0.10364682,-0.011040482,-21.03574,-13.5402355,-0.014271406,1,"{""geodesic"":false,""type"":""Point"",""coordinates"":[110.42524787444827,-7.275772122039305]}"
1_1_1_1_2_78_0,0.0564,0.0402,0.0315,0.0486,0.0514,0.0425,0.0525,0.0497,0.0516,0.0499,0.0509,0.0585,-0.08719646,0.019672476,0.007807606,-0.014807496,0.12227074,-0.12133889,0.026828658,0.013197966,-0.22604421,0.094594605,0.08008657,0.014807496,-0.025390634,0.018737337,-37.35936,-15.553585,0.0032581445,1,"{""geodesic"":false,""type"":""Point"",""coordinates"":[110.42656595049128,-7.307794539429118]}"
1_1_1_1_2_90_0,0.0505,0.0211,0.0137,0.0498,0.06,0.048,0.0532,0.0356,0.0418,0.0385,0.0327,0.0609,-0.12198222,-0.024921304,-0.0047327685,-0.2182741,0.47965476,-0.21264367,0.01708052,-0.12797283,-0.47509578,0.4047955,-0.109826595,0.2182741,-0.16030535,-0.024296677,-28.498253,-8.091264,-0.028811835,1,"{""geodesic"":false,""type"":""Point"",""coordinates"":[110.4310463890014,-7.275055807092563]}"
1_1_1_1_2_102_0,0.0479,0.0219,0.0165,0.05,0.0636,0.0506,0.055,0.0345,0.0415,0.0376,0.0391,0.0292,-0.09431606,-0.033636928,-0.007913771,-0.25691703,0.48771933,-0.140625,0.022204787,-0.14155252,-0.3900185,0.3908206,-0.14739229,0.25691703,-0.18790497,-0.03315199,-24.176575,-6.2476363,-0.03165419,1,"{""geodesic"":false,""type"":""Point"",""coordinates"":[110.43621303620925,-7.272529544651236]}"
1_1_1_1_2_153_0,0.0462,0.0279,0.021,0.0441,0.057,0.0434,0.0526,0.0425,0.0565,0.0588,0.0564,0.0298,-0.1814007,0.03894987,0.01814692,0.015544048,0.3427562,-0.14110428,0.0155,0.14285713,-0.47368422,0.22500002,0.15068492,-0.015544048,0.0556553,0.038359348,-25.0702,-11.386344,0.036573227,1,"{""geodesic"":false,""type"":""Point"",""coordinates"":[110.4248847182893,-7.27640484006755]}"
1_1_1_1_2_50_0,0.0616,0.0527,0.0442,0.0564,0.0618,0.0539,0.0531,0.0545,0.0567,0.0611,0.0557,0.0639,-0.048638992,0.018720746,0.007412663,-0.005695693,0.07947596,-0.08771932,0.03899149,0.03999998,-0.16049382,0.033913832,0.06260869,0.005695693,0.07005253,0.017560974,-20.34662,-10.781957,0.011416999,1,"{""geodesic"":false,""type"":""Point"",""coordinates"":[110.42756432610099,-7.306348542698155]}"
1_1_1_1_2_20_0,0.0475,0.0148,0.0108,0.0478,0.0638,0.0443,0.0522,0.0369,0.0352,0.0366,0.0308,0.0207,-0.17630662,-0.02039411,-0.0024719944,-0.2709163,0.6234097,-0.15624999,0.013072131,-0.13270141,-0.5443038,0.52715653,-0.09517923,0.2709163,-0.17567566,-0.01988294,-24.457645,-15.119855,-0.028747432,1,"{""geodesic"":false,""type"":""Point"",""coordinates"":[110.43385743407173,-7.272797971358209]}"
1_1_1_1_2_7_0,0.0452,0.0304,0.0156,0.0447,0.0587,0.0444,0.0566,0.0612,0.0594,0.0453,0.0547,0.0402,-0.09223301,0.0023042664,0.0033810874,-0.12884615,0.31762064,-0.32173914,0.015290066,0.006666655,-0.48768473,0.19041277,0.010033449,0.12884615,-0.11089304,0.0022893006,-16.275398,-10.916553,0.0015254212,1,"{""geodesic"":false,""type"":""Point"",""coordinates"":[110.4417418638198,-7.2700941191346145]}"
1_1_1_1_2_94_0,0.0493,0.0226,0.0186,0.0518,0.0606,0.0482,0.0568,0.0404,0.0376,0.0414,0.0344,0.028,-0.13658537,-0.018044792,-0.0022631544,-0.1882353,0.45673075,-0.09708739,0.021655072,-0.111587994,-0.38,0.3924731,-0.07589285,0.1882353,-0.1568228,-0.017299863,-20.455137,-8.463466,-0.026298046,1,"{""geodesic"":false,""type"":""Point"",""coordinates"":[110.43140862497465,-7.275146716024363]}"
1_1_1_1_2_100_0,0.0677,0.0379,0.0274,0.0468,0.0548,0.0448,0.0565,0.0579,0.062,0.0608,0.0557,0.1424,-0.13084604,0.040874727,0.017222824,0.05190312,0.18230851,-0.16079633,0.020189473,0.13011155,-0.37868482,0.105076715,0.15151517,-0.05190312,0.03665815,0.039630126,-25.835392,-13.751962,0.03456222,1,"{""geodesic"":false,""type"":""Point"",""coordinates"":[110.44428040220491,-7.268378603110744]}"
1_1_1_1_2_6_0,0.046,0.0325,0.0181,0.0437,0.0538,0.0395,0.061,0.0735,0.0716,0.0482,0.0672,0.0554,-0.12141549,0.022716586,0.009940542,-0.054901976,0.24681348,-0.28458494,0.014832989,0.048966285,-0.45399696,0.14698163,0.099201806,0.054901976,-0.11721612,0.022205202,-23.153625,-13.147157,0.011403957,1,"{""geodesic"":false,""type"":""Point"",""coordinates"":[110.44137918201899,-7.270365035636301]}"
1_1_1_1_2_27_0,0.0505,0.0198,0.0146,0.042,0.057,0.0408,0.0505,0.0371,0.0376,0.028,0.0317,0.0609,-0.07197549,-0.033409897,-0.0090783695,-0.34117645,0.484375,-0.15116277,0.021274287,-0.19999997,-0.314554,0.3592233,-0.18604651,0.34117645,-0.2866242,-0.033755276,-29.646069,-13.910413,-0.0368421,1,"{""geodesic"":false,""type"":""Point"",""coordinates"":[110.43077417076256,-7.275417282067202]}"
1_1_1_1_2_22_0,0.0492,0.0204,0.0146,0.0457,0.0608,0.043,0.0531,0.0409,0.0385,0.034,0.0387,0.1101,-0.113906346,-0.023702921,-0.0049948157,-0.28270042,0.49753693,-0.1657143,0.018464707,-0.14680046,-0.39917696,0.38275337,-0.11688311,0.28270042,-0.21928816,-0.02339688,-24.33204,-14.334866,-0.030274272,1,"{""geodesic"":false,""type"":""Point"",""coordinates"":[110.43095728256546,-7.273879790284979]}"
1_1_1_1_2_199_0,0.0493,0.0348,0.0248,0.0483,0.0609,0.0482,0.0539,0.0626,0.0684,0.0492,0.0584,0.0414,-0.080332406,0.0025610775,0.0033747533,-0.106267035,0.27272725,-0.16778523,0.024295937,0.009230735,-0.3297297,0.16245489,0.010266923,0.106267035,-0.045586824,0.0025108762,-22.702902,-14.229632,0.0022594058,1,"{""geodesic"":false,""type"":""Point"",""coordinates"":[110.42660393115361,-7.277944739832948]}"
1_1_1_1_2_60_0,0.0584,0.0501,0.0352,0.0497,0.0583,0.0466,0.0599,0.0632,0.0633,0.0656,0.063,0.0619,-0.08773586,0.0488457,0.01837973,0.058918487,0.07564577,-0.1746776,0.025004877,0.13790114,-0.3015873,-0.004008009,0.16934048,-0.058918487,0.04541833,0.046553418,-23.780115,-12.750381,0.038761582,1,"{""geodesic"":false,""type"":""Point"",""coordinates"":[110.42774413247271,-7.307434219335551]}"
1_1_1_1_2_184_0,0.0477,0.0425,0.0275,0.0402,0.0479,0.036,0.0499,0.0568,0.0588,0.0565,0.0589,0.1718,-0.10388128,0.05278064,0.019348066,0.08237548,0.059734493,-0.21428572,0.017522123,0.16856258,-0.3452381,-0.027811388,0.22162163,-0.08237548,0.062030066,0.051898737,-18.890247,-13.64653,0.040975366,1,"{""geodesic"":false,""type"":""Point"",""coordinates"":[110.44233750571556,-7.301211149162225]}"
1_1_1_1_2_189_0,0.0545,0.0548,0.041,0.046,0.0487,0.044,0.0539,0.0703,0.0763,0.0582,0.0677,0.0658,-0.026600994,0.03632829,0.01228602,0.088868104,-0.05893719,-0.14405009,0.030996563,0.11708254,-0.1733871,-0.08730159,0.13894327,-0.088868104,0.03835862,0.035370313,-30.750027,-16.139542,0.030287988,1,"{""geodesic"":false,""type"":""Point"",""coordinates"":[110.4293752820621,-7.307074469145499]}"
1_1_1_1_2_185_0,0.047,0.0605,0.0346,0.055,0.063,0.0483,0.057,0.0985,0.1128,0.0679,0.1114,0.1945,-0.060854554,0.05184088,0.01743791,0.037433162,0.020242926,-0.2723449,0.024612373,0.1049634,-0.32487804,-0.04761905,0.16867469,-0.037433162,0.08726983,0.047711782,-20.51632,-11.811817,0.031064382,1,"{""geodesic"":false,""type"":""Point"",""coordinates"":[110.44333279695356,-7.302207374660924]}"
1_1_1_1_2_187_0,0.0584,0.0502,0.0338,0.0451,0.05,0.0442,0.054,0.0609,0.0648,0.0526,0.0611,0.0619,-0.017178552,0.021438418,0.0073366775,0.025341123,-0.0019960045,-0.19523813,0.02840228,0.07676561,-0.21759261,-0.053515222,0.08677687,-0.025341123,-0.013133207,0.021112602,-18.249727,-14.991639,0.018822152,1,"{""geodesic"":false,""type"":""Point"",""coordinates"":[110.42792532028757,-7.307434449127677]}"
1_1_1_1_2_95_0,0.0496,0.0146,0.0103,0.0447,0.0566,0.0404,0.0498,0.0336,0.0365,0.0384,0.0322,0.0334,-0.20347577,-0.0052879187,0.0025722927,-0.19157892,0.5898876,-0.17269076,0.010836458,-0.07581226,-0.57700205,0.5075885,-0.025380667,0.19157892,-0.12925167,-0.0051831286,-24.455114,-10.759922,-0.016206479,1,"{""geodesic"":false,""type"":""Point"",""coordinates"":[110.42860075715363,-7.274871821218061]}"
1_1_1_1_2_82_0,0.0467,0.0275,0.0264,0.0448,0.065,0.045,0.0649,0.0485,0.0398,0.0396,0.0391,0.0224,-0.07584447,-0.013866069,-0.0022986424,-0.24282981,0.4054054,-0.020408163,0.030000001,-0.061611358,-0.2,0.23928076,-0.06382981,0.24282981,-0.24210526,-0.013855633,-43.72354,-21.354664,-0.013347019,1,"{""geodesic"":false,""type"":""Point"",""coordinates"":[110.43684703271242,-7.272620787120473]}"
1_1_1_1_2_190_0,0.0554,0.0413,0.0307,0.0532,0.0589,0.0525,0.0579,0.0584,0.0605,0.0598,0.0617,0.0649,-0.09284333,0.018702604,0.009284871,0.007582143,0.1756487,-0.1472222,0.026952341,0.05840708,-0.32154694,0.12592593,0.06500446,-0.007582143,0.016142728,0.017883392,-23.514994,-12.704988,0.016150082,1,"{""geodesic"":false,""type"":""Point"",""coordinates"":[110.42883206352839,-7.306802419578571]}"
1_1_1_1_2_156_0,0.0479,0.0545,0.0405,0.046,0.0596,0.0452,0.0652,0.0634,0.0969,0.0575,0.0969,0.0872,-0.018700792,0.03125953,0.010651849,-0.017933376,0.04469764,-0.1473684,0.03183652,0.11111112,-0.1734694,-0.0845771,0.1197663,0.017933376,-0.062754676,0.030612243,-20.916788,-7.052568,0.028583266,1,"{""geodesic"":false,""type"":""Point"",""coordinates"":[110.42397595785978,-7.278665038098288]}"
1_1_1_1_2_96_0,0.0503,0.0223,0.0175,0.0457,0.0602,0.0421,0.0547,0.0404,0.0368,0.0346,0.0323,0.0377,-0.10988251,-0.019852825,-0.0039910334,-0.27004218,0.45939395,-0.120603,0.021293353,-0.1382316,-0.32821497,0.34411764,-0.09778357,0.27004218,-0.22508398,-0.019507544,-26.796032,-14.7272,-0.02869205,1,"{""geodesic"":false,""type"":""Point"",""coordinates"":[110.42860144354083,-7.274329096959792]}"
1_1_1_1_2_112_0,0.0449,0.0429,0.0322,0.0402,0.0538,0.0378,0.0582,0.0549,0.0562,0.0589,0.0622,0.0597,-0.10233592,0.053596828,0.020196175,0.045252856,0.11271977,-0.14247668,0.020664856,0.18869829,-0.2930845,-0.032490987,0.21820062,-0.045252856,0.005977785,0.05304173,-15.576809,-6.8913746,0.04682023,1,"{""geodesic"":false,""type"":""Point"",""coordinates"":[110.42325194658282,-7.27812139211697]}"
1_1_1_1_2_191_0,0.0457,0.0234,0.0174,0.0477,0.0553,0.0465,0.0473,0.0382,0.0382,0.0442,0.0356,0.0218,-0.13597032,-0.005955776,0.0017937927,-0.111557804,0.40533674,-0.1470588,0.01830543,-0.038084872,-0.4350649,0.34177217,-0.025358342,0.111557804,-0.033879787,-0.0058405325,-28.260511,-15.271771,-0.00886974,1,"{""geodesic"":false,""type"":""Point"",""coordinates"":[110.41934374739508,-7.288156793728288]}"
1_1_1_1_2_13_0,0.0518,0.0516,0.0437,0.0542,0.0659,0.0554,0.0707,0.058,0.0698,0.0588,0.0695,0.0584,-0.027272731,0.008632075,0.004073439,-0.056936625,0.1217021,-0.08289615,0.041173127,0.04070796,-0.1473171,0.024574662,0.029772343,0.056936625,-0.091891885,0.008303489,-13.363475,-9.374477,0.011256116,1,"{""geodesic"":false,""type"":""Point"",""coordinates"":[110.43920454121877,-7.27081462290012]}"
1_1_1_1_2_121_0,0.0467,0.0281,0.0223,0.0469,0.0502,0.042,0.0479,0.0462,0.0428,0.043,0.0432,0.0431,-0.12375001,0.0026504162,0.003463367,-0.07725321,0.28224775,-0.11507939,0.021781394,-0.043381523,-0.31699848,0.25066665,0.011764729,0.07725321,-0.053905375,0.0025641078,-24.692205,-17.632689,-0.009916932,1,"{""geodesic"":false,""type"":""Point"",""coordinates"":[110.41888753365451,-7.29068891923003]}"
1_1_1_1_2_128_0,0.0556,0.0516,0.038,0.0506,0.0532,0.0464,0.0533,0.06,0.0682,0.0655,0.0656,0.1031,-0.08453992,0.049512647,0.018178452,0.10362258,0.01526715,-0.15178575,0.026919084,0.12833764,-0.2657005,-0.009784755,0.17068811,-0.10362258,0.102693595,0.046821374,-21.988096,-17.240469,0.036276575,1,"{""geodesic"":false,""type"":""Point"",""coordinates"":[110.42701880506415,-7.307885568869396]}"
1_1_1_1_2_181_0,0.0446,0.0722,0.033,0.0486,0.0626,0.0454,0.0611,0.1368,0.1531,0.0866,0.154,0.3094,-0.06962024,0.10356963,0.036450487,0.16085789,-0.071216606,-0.3726236,0.017300231,0.28106508,-0.44816053,-0.19536425,0.31212118,-0.16085789,0.17264725,0.0977848,-21.146408,-12.558953,0.089735515,1,"{""geodesic"":false,""type"":""Point"",""coordinates"":[110.44242540916908,-7.3033821606178995]}"
1_1_1_1_2_2_0,0.0461,0.0217,0.0206,0.0456,0.0601,0.0422,0.0542,0.038,0.0425,0.0411,0.0389,0.019,-0.15139443,-0.0028877454,0.0025330205,-0.18774705,0.46943766,-0.026004728,0.021151338,-0.051903132,-0.33225283,0.3551263,-0.013205282,0.18774705,-0.13746066,-0.002828733,-19.175873,-16.212206,-0.011505032,1,"{""geodesic"":false,""type"":""Point"",""coordinates"":[110.43548732310907,-7.273342730087485]}"
1_1_1_1_2_77_0,0.0542,0.0453,0.0341,0.0516,0.0566,0.0458,0.0536,0.0541,0.0504,0.0578,0.0442,0.0375,-0.091271825,0.031725883,0.012088609,0.010489493,0.11089305,-0.14105792,0.027020415,0.056672733,-0.257889,0.0650155,0.1158301,-0.010489493,0.037701964,0.02982107,-20.546547,-16.790325,0.015260905,1,"{""geodesic"":false,""type"":""Point"",""coordinates"":[110.42629393783659,-7.307975101624934]}"
1_1_1_1_2_170_0,0.0485,0.0324,0.0241,0.0424,0.0525,0.0364,0.0533,0.054,0.0596,0.0457,0.0499,0.036,-0.12300825,0.024574561,0.010008879,-0.06924643,0.23674908,-0.14690267,0.019195626,0.037457436,-0.30945557,0.1336898,0.11327646,0.06924643,-0.07676769,0.023964947,-37.31551,-17.633486,0.008416936,1,"{""geodesic"":false,""type"":""Point"",""coordinates"":[110.41744217787881,-7.287521170846348]}"
1_1_1_1_2_169_0,0.0469,0.0233,0.0176,0.052,0.0575,0.0469,0.0472,0.0343,0.0409,0.045,0.0344,0.0301,-0.1602871,-0.005072615,0.002282406,-0.12195121,0.42326733,-0.1393643,0.01834311,-0.07216494,-0.4376997,0.3811421,-0.020674631,0.12195121,-0.023861151,-0.004814999,-22.739536,-18.772396,-0.017587937,1,"{""geodesic"":false,""type"":""Point"",""coordinates"":[110.4182563187055,-7.288426758348487]}"
1_1_1_1_2_171_0,0.0462,0.0237,0.0185,0.0542,0.068,0.0488,0.0497,0.0372,0.0388,0.0431,0.0328,0.0246,-0.14605418,-0.015332472,-0.0012517647,-0.22412245,0.48309708,-0.12322276,0.020946637,-0.11408018,-0.39935064,0.3915276,-0.062023938,0.22412245,-0.071120694,-0.014445007,-48.441593,-17.383337,-0.027875444,1,"{""geodesic"":false,""type"":""Point"",""coordinates"":[110.41961644836078,-7.287433511756851]}"
1_1_1_1_2_114_0,0.0418,0.0129,0.0091,0.0363,0.051,0.0326,0.043,0.0247,0.0254,0.024,0.0214,0.0216,-0.13988657,-0.022694886,-0.005108756,-0.35999998,0.5962441,-0.17272727,0.012360834,-0.20398009,-0.45015106,0.47560975,-0.15194346,0.35999998,-0.2835821,-0.02317643,-23.324314,-14.762005,-0.032928787,1,"{""geodesic"":false,""type"":""Point"",""coordinates"":[110.42298249406174,-7.276311967109795]}"
1_1_1_1_2_97_0,0.0477,0.0202,0.0155,0.043,0.0532,0.0393,0.0525,0.0355,0.036,0.0323,0.0371,0.0197,-0.11721071,-0.018506767,-0.0036150874,-0.24444444,0.44959128,-0.13165265,0.018859133,-0.14209831,-0.35146442,0.36075953,-0.09776536,0.24444444,-0.23820756,-0.018369487,-40.500656,-16.625021,-0.027898494,1,"{""geodesic"":false,""type"":""Point"",""coordinates"":[110.42679050175218,-7.27369363071692]}"
1_1_1_1_2_154_0,0.0464,0.0169,0.0138,0.0469,0.0564,0.0469,0.048,0.0341,0.0353,0.0392,0.0325,0.026,-0.14876585,-0.019868916,-0.002383384,-0.17991632,0.53888136,-0.10097718,0.016510714,-0.08943089,-0.4792453,0.47021946,-0.08943089,0.17991632,-0.10091743,-0.019706534,-43.68774,-12.853019,-0.019706534,1,"{""geodesic"":false,""type"":""Point"",""coordinates"":[110.42497346328402,-7.277852218664424]}"
1_1_1_1_2_66_0,0.0564,0.0544,0.04,0.0543,0.058,0.0519,0.0619,0.0674,0.0693,0.0665,0.0691,0.0585,-0.063848525,0.037603673,0.01415695,0.06827311,0.032028448,-0.1525424,0.031218044,0.100993395,-0.24882631,-9.199788E-4,0.12331082,-0.06827311,0.03582555,0.035413973,-23.33509,-18.276812,0.029478097,1,"{""geodesic"":false,""type"":""Point"",""coordinates"":[110.42674725371145,-7.307704315824393]}"
1_1_1_1_2_5_0,0.0477,0.0249,0.0194,0.0454,0.0573,0.0484,0.0537,0.0421,0.0425,0.0402,0.039,0.0487,-0.077407174,-0.020704983,-0.0040353187,-0.17538464,0.3941606,-0.124153495,0.023357214,-0.06074769,-0.34899327,0.2916074,-0.0925508,0.17538464,-0.14376998,-0.020897046,-26.939144,-17.113142,-0.013319678,1,"{""geodesic"":false,""type"":""Point"",""coordinates"":[110.44283001813868,-7.26919091338394]}"
1_1_1_1_2_107_0,0.0503,0.0234,0.0191,0.0585,0.0662,0.0485,0.0558,0.033,0.0404,0.0361,0.0345,0.0243,-0.13633633,-0.034896158,-0.007951765,-0.29423267,0.4776786,-0.10117648,0.025660664,-0.23678645,-0.30797103,0.42857143,-0.14657211,0.29423267,-0.21436344,-0.03181663,-21.770407,-10.453306,-0.056508575,1,"{""geodesic"":false,""type"":""Point"",""coordinates"":[110.42887160445787,-7.275595796196682]}"
1_1_1_1_2_108_0,0.0477,0.0197,0.0139,0.0447,0.0596,0.049,0.0526,0.0412,0.0363,0.0359,0.0316,0.0269,-0.079705305,-0.03292615,-0.007907437,-0.24816753,0.5031526,-0.17261906,0.018972144,-0.109181136,-0.4417671,0.38819876,-0.15429915,0.24816753,-0.18870056,-0.033595484,-25.987194,-14.3357935,-0.022735102,1,"{""geodesic"":false,""type"":""Point"",""coordinates"":[110.4268784497377,-7.275774187634621]}"
1_1_1_1_2_21_0,0.0492,0.0216,0.0147,0.0456,0.058,0.0426,0.053,0.037,0.039,0.037,0.0342,0.1101,-0.12534061,-0.014727536,-0.0018783673,-0.22105262,0.45728642,-0.19008265,0.016924864,-0.104116224,-0.4313346,0.35714287,-0.070351735,0.22105262,-0.17777777,-0.014492748,-26.166489,-12.274309,-0.022142122,1,"{""geodesic"":false,""type"":""Point"",""coordinates"":[110.43122870262684,-7.27415149370628]}"
1_1_1_1_2_193_0,0.0464,0.0277,0.0184,0.0582,0.0631,0.0466,0.0521,0.0406,0.0393,0.0415,0.0478,0.0283,-0.14597702,-0.014413296,-0.0017505328,-0.20650099,0.38986787,-0.20173533,0.020661205,-0.16750254,-0.3856427,0.35506403,-0.057888772,0.20650099,-0.11324788,-0.013007994,-36.08369,-15.220411,-0.041770894,1,"{""geodesic"":false,""type"":""Point"",""coordinates"":[110.41834795864668,-7.287612790426325]}"
1_1_1_1_2_122_0,0.0465,0.0199,0.0151,0.0429,0.0504,0.0342,0.0456,0.0387,0.0385,0.0428,0.0294,0.0338,-0.22603719,0.023211876,0.011134254,-0.08154505,0.4338549,-0.13714284,0.012065888,-0.0011668374,-0.47841105,0.36624205,0.11168831,0.08154505,-0.031674188,0.02235702,-22.429443,-12.032571,-2.560986E-4,1,"{""geodesic"":false,""type"":""Point"",""coordinates"":[110.41906883101329,-7.290598698220588]}"
1_1_1_1_2_57_0,0.0547,0.0649,0.0493,0.051,0.0538,0.0479,0.0648,0.0712,0.074,0.0605,0.0707,0.0772,0.0057958243,0.032628965,0.009587252,0.058617655,-0.09351307,-0.13660248,0.03903256,0.0852018,-0.10200364,-0.11993101,0.11623617,-0.058617655,-0.03431764,0.031065091,-16.83323,-14.073724,0.023303354,1,"{""geodesic"":false,""type"":""Point"",""coordinates"":[110.4290119879396,-7.307797642023598]}"
1_1_1_1_2_139_0,0.0566,0.0412,0.0304,0.0498,0.0538,0.047,0.0592,0.0575,0.0538,0.051,0.0533,0.0365,-0.06666667,0.010422097,0.0050278795,-0.026717583,0.13263159,-0.15083799,0.028015686,0.011904742,-0.25307125,0.0945055,0.040816333,0.026717583,-0.07441017,0.010033446,-26.323942,-15.362865,0.0029960002,1,"{""geodesic"":false,""type"":""Point"",""coordinates"":[110.4265666424738,-7.307251816153116]}"
1_1_1_1_2_14_0,0.0489,0.0208,0.0195,0.0525,0.0651,0.0528,0.0565,0.0302,0.0351,0.0381,0.03,0.0332,-0.10353227,-0.038235445,-0.009028942,-0.26162788,0.51571596,-0.032258056,0.027023623,-0.15894037,-0.32291666,0.43246928,-0.16171616,0.26162788,-0.19450316,-0.037315957,-18.523645,-16.686785,-0.03657297,1,"{""geodesic"":false,""type"":""Point"",""coordinates"":[110.43884219431345,-7.2708141745479145]}"
1_1_1_1_2_80_0,0.0472,0.0228,0.0197,0.0435,0.0608,0.0434,0.0535,0.0355,0.0483,0.0387,0.0442,0.0186,-0.10781669,-0.012077918,-0.0010492584,-0.22211057,0.45454547,-0.072941184,0.022092508,-0.058394153,-0.32534245,0.31221718,-0.057247274,0.22211057,-0.16052061,-0.012111325,-22.140936,-15.450745,-0.0123668825,1,"{""geodesic"":false,""type"":""Point"",""coordinates"":[110.43739123068217,-7.272078736957355]}"
1_1_1_1_2_52_0,0.0545,0.0521,0.0428,0.0483,0.051,0.043,0.0527,0.0566,0.059,0.0518,0.0605,0.0658,-0.025614768,0.023217771,0.0071872934,0.007782124,-0.010669253,-0.09799786,0.035528958,0.03496503,-0.09513741,-0.037848577,0.092827,-0.007782124,-0.008612427,0.022192333,-23.56728,-12.945869,0.008748541,1,"{""geodesic"":false,""type"":""Point"",""coordinates"":[110.42928457342612,-7.30716480847938]}"
1_1_1_1_2_176_0,0.048,0.0258,0.0203,0.0453,0.0534,0.0382,0.0519,0.0417,0.0476,0.0341,0.0454,0.028,-0.10739191,-0.011098475,-0.0019024645,-0.22057141,0.3484848,-0.11930585,0.022740763,-0.14105792,-0.25367644,0.2742616,-0.056708142,0.22057141,-0.20697674,-0.010746108,-23.349121,-13.479748,-0.028995512,1,"{""geodesic"":false,""type"":""Point"",""coordinates"":[110.41906288427913,-7.295211842922479]}"
1_1_1_1_2_182_0,0.0471,0.0818,0.0421,0.0703,0.0728,0.0612,0.0707,0.1548,0.1596,0.0813,0.1636,0.2228,-0.029192114,0.054545447,0.016449256,0.055158954,-0.05821472,-0.32041967,0.031691514,0.07255937,-0.3176661,-0.075608164,0.14105262,-0.055158954,0.06973683,0.046926063,-15.996917,-6.2718315,0.025322285,1,"{""geodesic"":false,""type"":""Point"",""coordinates"":[110.44124836997895,-7.302837979558527]}"
1_1_1_1_2_136_0,0.0509,0.0509,0.0362,0.0463,0.054,0.0412,0.0591,0.0801,0.084,0.0855,0.083,0.0865,-0.1773113,0.112385206,0.042580962,0.22580644,0.029551957,-0.1687715,0.017443743,0.29742032,-0.40509447,-0.047325097,0.34964484,-0.22580644,0.18257262,0.1060316,-32.619015,-16.094982,0.09306743,1,"{""geodesic"":false,""type"":""Point"",""coordinates"":[110.43000875130234,-7.3076179943753825]}"
1_1_1_1_2_46_0,0.0472,0.0244,0.0203,0.0411,0.052,0.0376,0.0472,0.0356,0.0419,0.039,0.0291,0.0309,-0.1273751,0.0036597515,0.0037393123,-0.14285715,0.36125657,-0.09172256,0.019571282,-0.026217207,-0.31534567,0.25496182,0.01827678,0.14285715,-0.0951276,0.003642043,-23.587238,-22.212801,-0.005430094,1,"{""geodesic"":false,""type"":""Point"",""coordinates"":[110.41907069585932,-7.289151436943105]}"
1_1_1_1_2_24_0,0.05,0.0424,0.027,0.0486,0.0588,0.0462,0.0621,0.0454,0.0769,0.0474,0.0735,0.1201,-0.040086687,0.003124679,0.0018734399,-0.10734462,0.16205536,-0.221902,0.026316455,-0.012499979,-0.27419356,0.06813188,0.012820531,0.10734462,-0.13424656,0.0030323493,-21.039751,-10.491979,-0.0030201292,1,"{""geodesic"":false,""type"":""Point"",""coordinates"":[110.43104684465186,-7.274693990770063]}"
1_1_1_1_2_99_0,0.0828,0.0939,0.0955,0.0544,0.0651,0.0538,0.0912,0.0971,0.1033,0.0823,0.1025,0.1392,0.03867793,0.07145722,0.021393456,0.11668929,-0.1811321,0.008447715,0.06242892,0.20409656,0.07424072,-0.266352,0.20940483,-0.11668929,-0.05129683,0.06720641,-25.147745,-8.359661,0.06572954,1,"{""geodesic"":false,""type"":""Point"",""coordinates"":[110.44473333382182,-7.268379157888074]}"
1_1_1_1_2_35_0,0.0499,0.0301,0.02,0.048,0.0585,0.0456,0.0536,0.039,0.0466,0.0609,0.0486,0.035,-0.17984831,0.03925089,0.018046917,0.0201005,0.32054177,-0.2015968,0.01497537,0.11845729,-0.5055624,0.22919336,0.14366196,-0.0201005,0.06375545,0.03784006,-22.09807,-13.564027,0.031778615,1,"{""geodesic"":false,""type"":""Point"",""coordinates"":[110.4259692405594,-7.278396206555856]}"
1_1_1_1_2_1_0,0.0472,0.0209,0.0186,0.0512,0.0683,0.0478,0.0533,0.0421,0.0395,0.0465,0.0363,0.0229,-0.17427884,-0.0034235744,0.0034672327,-0.18989547,0.53139013,-0.058227845,0.01912,-0.048106425,-0.42857143,0.42024964,-0.013785786,0.18989547,-0.06813626,-0.0032811703,-21.061256,-17.227531,-0.011795209,1,"{""geodesic"":false,""type"":""Point"",""coordinates"":[110.4338561874954,-7.273792966800846]}"
1_1_1_1_2_151_0,0.0484,0.0277,0.0197,0.0476,0.0578,0.0439,0.0527,0.0405,0.0554,0.0495,0.0483,0.0504,-0.15115589,0.014645878,0.008470971,-0.07735321,0.3520468,-0.16877636,0.017471313,0.019567441,-0.43063584,0.26427624,0.05995715,0.07735321,-0.031311158,0.014155707,-34.73008,-12.658113,0.0047730664,1,"{""geodesic"":false,""type"":""Point"",""coordinates"":[110.42588118224168,-7.276406103981007]}"
1_1_1_1_2_68_0,0.059,0.0482,0.0378,0.0578,0.0634,0.057,0.057,0.0542,0.0593,0.0682,0.0678,0.0478,-0.08996539,0.028667962,0.01275954,0.036474157,0.13620073,-0.12093025,0.031592377,0.08253969,-0.28679246,0.090566024,0.08945686,-0.036474157,0.08945686,0.0268714,-25.889126,-13.061537,0.02492013,1,"{""geodesic"":false,""type"":""Point"",""coordinates"":[110.4271107816684,-7.3068002372628795]}"
1_1_1_1_2_163_0,0.048,0.0201,0.0142,0.0466,0.0592,0.0444,0.0502,0.0367,0.044,0.0577,0.0404,0.0242,-0.235782,0.034116566,0.01760646,-0.012831474,0.4930643,-0.17201164,0.010926863,0.106423795,-0.60500693,0.39730135,0.13026446,0.012831474,0.06950881,0.033134036,-22.27161,-14.613133,0.027552545,1,"{""geodesic"":false,""type"":""Point"",""coordinates"":[110.42497150507737,-7.279389936143222]}"
1_1_1_1_2_83_0,0.0472,0.0224,0.0194,0.0466,0.0648,0.0426,0.0541,0.0335,0.035,0.0318,0.037,0.0247,-0.093444936,-0.028787708,-0.007220142,-0.3416149,0.48623857,-0.0717703,0.025988678,-0.18877548,-0.24218751,0.35072464,-0.14516124,0.3416149,-0.25960416,-0.028203333,-22.970451,-17.887114,-0.038381737,1,"{""geodesic"":false,""type"":""Point"",""coordinates"":[110.43594082354225,-7.272891023206406]}"
1_1_1_1_2_132_0,0.0545,0.0337,0.0205,0.047,0.06,0.0407,0.0551,0.0731,0.0862,0.1459,0.0829,0.0486,-0.4433221,0.25346953,0.10644054,0.41719282,0.280683,-0.24354243,0.0057186433,0.51270086,-0.7536058,0.1648079,0.5637728,-0.41719282,0.45174128,0.22982813,-20.09425,-16.27153,0.21410015,1,"{""geodesic"":false,""type"":""Point"",""coordinates"":[110.42556872378445,-7.3083359947750735]}"
1_1_1_1_2_140_0,0.049,0.0418,0.0239,0.0461,0.0606,0.0454,0.0699,0.082,0.085,0.0287,0.0777,0.0643,0.076543204,-0.043701265,-0.016062008,-0.35722286,0.18359376,-0.27245054,0.03780697,-0.23262034,-0.09125474,0.04891925,-0.22537114,0.35722286,-0.4178499,-0.043633517,-24.147245,-9.9337,-0.045407105,1,"{""geodesic"":false,""type"":""Point"",""coordinates"":[110.43992957130476,-7.270544156026633]}"
1_1_1_1_2_73_0,0.0528,0.0553,0.0398,0.0457,0.0493,0.0416,0.0541,0.0609,0.071,0.0547,0.0696,0.0886,-0.017739462,0.034059588,0.010672077,0.051923063,-0.057361387,-0.16298635,0.030268373,0.08964143,-0.15767194,-0.09504953,0.1360332,-0.051923063,0.0055146907,0.032953206,-20.12864,-13.920403,0.022485008,1,"{""geodesic"":false,""type"":""Point"",""coordinates"":[110.42973777219613,-7.306984473392802]}"
1_1_1_1_2_113_0,0.0434,0.0268,0.0201,0.0408,0.0542,0.0364,0.0534,0.0366,0.0453,0.0374,0.041,0.0388,-0.10608204,0.0026321285,0.0027013158,-0.18340613,0.33827162,-0.14285715,0.019562567,-0.04347828,-0.30086958,0.20710063,0.013550112,0.18340613,-0.17621146,0.0026141468,-27.958544,-13.226815,-0.008820482,1,"{""geodesic"":false,""type"":""Point"",""coordinates"":[110.42234757129744,-7.276944336555263]}"
1_1_1_1_2_28_0,0.0503,0.0342,0.0276,0.0568,0.067,0.0514,0.0613,0.0504,0.0495,0.0427,0.0444,0.0287,-0.07509454,-0.023510968,-0.005651806,-0.22151323,0.32411066,-0.106796145,0.033223417,-0.14170854,-0.21479374,0.24835163,-0.09245482,0.22151323,-0.17884615,-0.021965995,-26.762917,-15.372492,-0.0352794,1,"{""geodesic"":false,""type"":""Point"",""coordinates"":[110.42959630470598,-7.2755967091452876]}"
1_1_1_1_2_194_0,0.0446,0.0179,0.0137,0.0375,0.0412,0.0284,0.042,0.0339,0.0333,0.0293,0.0263,0.024,-0.18125555,0.0024497805,0.002760816,-0.16879433,0.39424706,-0.13291137,0.013279181,-0.1227545,-0.3627907,0.35379064,0.0155979255,0.16879433,-0.17812061,0.002420657,-19.798561,-10.720832,-0.021700779,1,"{""geodesic"":false,""type"":""Point"",""coordinates"":[110.41698805982504,-7.288425125328261]}"
1_1_1_1_2_137_0,0.057,0.0407,0.0275,0.0498,0.0514,0.039,0.0519,0.0542,0.0577,0.046,0.0518,0.0549,-0.091737896,0.019305017,0.0066987243,-0.05544146,0.11617805,-0.19354838,0.023315217,-0.039665982,-0.25170067,0.1005525,0.08235293,0.05544146,-0.060265575,0.017948717,-18.679348,-15.011572,-0.009566971,1,"{""geodesic"":false,""type"":""Point"",""coordinates"":[110.42720068426392,-7.307343075632664]}"
1_1_1_1_2_124_0,0.0517,0.0453,0.0334,0.0552,0.0686,0.063,0.0753,0.063,0.0737,0.0734,0.0703,0.0557,-0.085690156,0.02506265,0.013536801,0.03380281,0.2045654,-0.15120712,0.028667575,0.1415241,-0.37453184,0.098507464,0.076246314,-0.03380281,-0.012777416,0.024512878,-23.423607,-12.514192,0.04342984,1,"{""geodesic"":false,""type"":""Point"",""coordinates"":[110.41878795905602,-7.29765374602729]}"
1_1_1_1_2_135_0,0.0585,0.0407,0.0321,0.0489,0.0522,0.0426,0.0456,0.0449,0.0468,0.0448,0.0426,0.0569,-0.058757067,0.0058908584,0.0025367187,-0.076288685,0.12378903,-0.118131876,0.03052366,-0.043756697,-0.16514954,0.091517866,0.025171626,0.076288685,-0.008849575,0.0056179776,-28.970913,-20.98789,-0.010358773,1,"{""geodesic"":false,""type"":""Point"",""coordinates"":[110.42819767700772,-7.306982524146965]}"
1_1_1_1_2_183_0,0.0477,0.0475,0.0282,0.0428,0.0508,0.0368,0.0459,0.0601,0.0699,0.062,0.0576,0.2175,-0.10840825,0.06550218,0.02330374,0.09929078,0.033570703,-0.25495374,0.016738065,0.18320608,-0.3747228,-0.052048698,0.2550607,-0.09929078,0.14921223,0.06312625,-18.176783,-10.375164,0.04761904,1,"{""geodesic"":false,""type"":""Point"",""coordinates"":[110.44206460585195,-7.302115354872594]}"
1_1_1_1_2_158_0,0.0492,0.0261,0.015,0.045,0.057,0.0407,0.0525,0.04,0.0545,0.0755,0.0503,0.0339,-0.28670582,0.08857666,0.037387416,0.13962261,0.37184116,-0.270073,0.008086093,0.253112,-0.6685083,0.2658228,0.29948363,-0.13962261,0.17968749,0.08471275,-27.924622,-7.962016,0.07373085,1,"{""geodesic"":false,""type"":""Point"",""coordinates"":[110.42560700346564,-7.278305293169528]}"
1_1_1_1_2_63_0,0.057,0.0367,0.0265,0.0498,0.0506,0.0401,0.0496,0.0498,0.0496,0.0539,0.0491,0.0549,-0.14903048,0.03745928,0.014402549,0.031578947,0.15922108,-0.1613924,0.019715214,0.039537113,-0.34079602,0.1514451,0.1468085,-0.031578947,0.04154589,0.03484848,-19.016605,-17.424076,0.010187176,1,"{""geodesic"":false,""type"":""Point"",""coordinates"":[110.42720091466093,-7.307162167851662]}"
1_1_1_1_2_180_0,0.0475,0.0186,0.0132,0.0401,0.0497,0.0336,0.0407,0.0281,0.0239,0.0354,0.0355,0.07,-0.1824589,0.0048064105,0.004458308,-0.16803761,0.45534405,-0.16981132,0.012528813,-0.062251672,-0.45679012,0.36626917,0.026086967,0.16803761,-0.06964521,0.0047451686,-22.316736,-10.9814625,-0.01225022,1,"{""geodesic"":false,""type"":""Point"",""coordinates"":[110.43979966721791,-7.3022030043617985]}"
1_1_1_1_2_123_0,0.0466,0.0208,0.0171,0.039,0.0454,0.0315,0.043,0.0309,0.042,0.0395,0.0305,0.0642,-0.20030582,0.021367526,0.009896261,-0.06949351,0.37160122,-0.09762531,0.013636709,0.0063694394,-0.39575973,0.30434784,0.11267607,0.06949351,-0.04242422,0.021015765,-30.74431,-18.873425,0.001296459,1,"{""geodesic"":false,""type"":""Point"",""coordinates"":[110.41825270051918,-7.291230826671853]}"
1_1_1_1_2_155_0,0.0464,0.0185,0.0153,0.0441,0.0534,0.0383,0.0482,0.0314,0.0334,0.0282,0.0336,0.026,-0.12006198,-0.027231058,-0.006591033,-0.3088235,0.48539636,-0.09467456,0.020779787,-0.21991701,-0.29655173,0.4089457,-0.1518797,0.3088235,-0.26178008,-0.026743159,-20.66846,-13.596958,-0.04167395,1,"{""geodesic"":false,""type"":""Point"",""coordinates"":[110.4252451119152,-7.277943017576974]}"
1_1_1_1_2_36_0,0.0498,0.043,0.0288,0.0462,0.058,0.0388,0.0656,0.0698,0.0976,0.0405,0.0954,0.0326,-0.029080102,0.0045856684,9.556727E-4,-0.17766497,0.14851482,-0.19777161,0.027591111,-0.06574394,-0.16883118,0.03587442,0.021437565,0.17766497,-0.23656927,0.0044018617,-23.166445,-8.430255,-0.014573035,1,"{""geodesic"":false,""type"":""Point"",""coordinates"":[110.42578748935432,-7.278848246800843]}"
1_1_1_1_2_145_0,0.0479,0.0251,0.0202,0.047,0.0641,0.0492,0.0603,0.0448,0.0474,0.0364,0.0424,0.0552,-0.057704512,-0.032683067,-0.008528982,-0.27562186,0.4372197,-0.1081678,0.027303293,-0.12709828,-0.28621912,0.3037448,-0.14953268,0.27562186,-0.24715613,-0.032786876,-25.876171,-14.086952,-0.02725402,1,"{""geodesic"":false,""type"":""Point"",""coordinates"":[110.43594251690452,-7.271534210684366]}"
1_1_1_1_2_19_0,0.0466,0.0201,0.0154,0.0538,0.0679,0.0518,0.0545,0.0369,0.0388,0.052,0.0317,0.0188,-0.19077097,5.212125E-4,0.0058178906,-0.13261051,0.54318184,-0.13239436,0.01534077,-0.017013239,-0.5430267,0.45602167,0.0019267789,0.13261051,-0.023474168,4.9685244E-4,-22.430876,-15.252441,-0.004456918,1,"{""geodesic"":false,""type"":""Point"",""coordinates"":[110.434490751041,-7.273431941963755]}"
1_1_1_1_2_55_0,0.0585,0.0492,0.0377,0.0518,0.056,0.0476,0.0566,0.0574,0.0635,0.0692,0.0609,0.0569,-0.11111113,0.055883266,0.021316448,0.1054313,0.064638816,-0.13233599,0.025932372,0.14380164,-0.2946679,0.025742603,0.1849315,-0.1054313,0.100159,0.052529182,-19.781645,-14.740982,0.042028986,1,"{""geodesic"":false,""type"":""Point"",""coordinates"":[110.42810673814387,-7.307253771038014]}"
1_1_1_1_2_166_0,0.0413,0.021,0.0142,0.0447,0.0544,0.0373,0.0499,0.0522,0.0511,0.0814,0.0448,0.0257,-0.36767894,0.11366565,0.046988692,0.19882178,0.44297084,-0.19318181,0.00650688,0.29103884,-0.70292884,0.36073062,0.37152484,-0.19882178,0.2399086,0.106917724,-26.68319,-11.989616,0.08792525,1,"{""geodesic"":false,""type"":""Point"",""coordinates"":[110.42189544326932,-7.276310581248996]}"
1_1_1_1_2_172_0,0.0477,0.0247,0.0193,0.0516,0.0562,0.0486,0.0484,0.0394,0.0389,0.0425,0.0356,0.0408,-0.124253295,-0.016101781,-0.0018644286,-0.13880447,0.38936958,-0.122727275,0.022070117,-0.096705645,-0.3754045,0.3525557,-0.06695937,0.13880447,-0.064906485,-0.015479611,-24.757584,-20.673136,-0.022975933,1,"{""geodesic"":false,""type"":""Point"",""coordinates"":[110.41988845032171,-7.287252952656419]}"
1_1_1_1_2_33_0,0.0496,0.0235,0.0177,0.0456,0.0581,0.0428,0.0568,0.0484,0.0497,0.0436,0.047,0.0334,-0.14726688,0.0020868077,0.0042203553,-0.1425762,0.42401963,-0.1407767,0.017375229,-0.022421528,-0.42251223,0.31982636,0.0092592435,0.1425762,-0.1314741,0.0020463811,-22.979774,-12.285865,-0.0050916504,1,"{""geodesic"":false,""type"":""Point"",""coordinates"":[110.42896367829849,-7.274420007765634]}"
1_1_1_1_2_39_0,0.0468,0.0149,0.0114,0.0439,0.053,0.0368,0.0459,0.0306,0.0325,0.0334,0.0292,0.0244,-0.19844961,-0.00918969,4.81128E-4,-0.22685187,0.5611193,-0.13307983,0.01256048,-0.13583444,-0.4910714,0.4931973,-0.048433073,0.22685187,-0.15762927,-0.008944235,-25.794264,-16.71602,-0.027282182,1,"{""geodesic"":false,""type"":""Point"",""coordinates"":[110.42460869108608,-7.27975129171576]}"
1_1_1_1_2_92_0,0.05,0.0213,0.0166,0.0495,0.0615,0.0439,0.0539,0.0361,0.0365,0.0323,0.029,0.1201,-0.11292516,-0.03137001,-0.0075948182,-0.31130067,0.48550728,-0.12401054,0.022561612,-0.21026896,-0.3210634,0.3983051,-0.15223101,0.31130067,-0.25058007,-0.030197855,-36.37444,-15.990002,-0.044345137,1,"{""geodesic"":false,""type"":""Point"",""coordinates"":[110.43113765981163,-7.274513196336823]}"
1_1_1_1_2_138_0,0.057,0.0513,0.0505,0.061,0.0668,0.0606,0.0597,0.0537,0.0582,0.0643,0.0582,0.0549,-0.05649241,0.00953215,0.00534815,-0.019069394,0.13124469,-0.0078585325,0.047594093,0.026336791,-0.120209046,0.08637578,0.029623693,0.019069394,0.03709678,0.008881419,-17.716337,-11.901949,0.0079162,1,"{""geodesic"":false,""type"":""Point"",""coordinates"":[110.42701984221152,-7.307071483888965]}"
1_1_1_1_2_161_0,0.0478,0.0276,0.0211,0.0452,0.0554,0.0409,0.0503,0.0382,0.0439,0.0373,0.0366,0.0334,-0.092715256,-0.009536923,-0.0012429646,-0.19525348,0.33493975,-0.13347024,0.02313646,-0.09575757,-0.2773973,0.24175826,-0.046035774,0.19525348,-0.1484018,-0.009339322,-35.141758,-14.91418,-0.020343347,1,"{""geodesic"":false,""type"":""Point"",""coordinates"":[110.42460753821665,-7.280655831287978]}"
1_1_1_1_2_12_0,0.0494,0.0232,0.0159,0.0497,0.0636,0.0505,0.0587,0.0332,0.0407,0.0408,0.0371,0.0309,-0.10231425,-0.024972968,-0.0048618796,-0.21839082,0.46543783,-0.18670073,0.019680148,-0.098342516,-0.43915343,0.36351165,-0.106243156,0.21839082,-0.17989948,-0.0246068,-21.246288,-12.500478,-0.022607954,1,"{""geodesic"":false,""type"":""Point"",""coordinates"":[110.43902258196239,-7.27144757830381]}"
1_1_1_1_2_91_0,0.05,0.0225,0.0181,0.0496,0.0602,0.0454,0.0544,0.0417,0.0395,0.0404,0.0371,0.1201,-0.13996199,-0.013286572,-9.4165263E-4,-0.1968191,0.45586455,-0.10837438,0.020340102,-0.10222226,-0.38119653,0.37586686,-0.05827509,0.1968191,-0.14767934,-0.012803012,-33.30354,-15.287545,-0.023389839,1,"{""geodesic"":false,""type"":""Point"",""coordinates"":[110.4312279055382,-7.27478467230206]}"
1_1_1_1_2_64_0,0.0542,0.0453,0.0341,0.0518,0.0556,0.0453,0.0536,0.0541,0.0504,0.0497,0.0442,0.0375,-0.05674129,0.011789925,0.0044,-0.056030385,0.10208126,-0.14105792,0.031081086,-0.020689676,-0.18615751,0.06694132,0.04631579,0.056030385,-0.037754122,0.0110924365,-28.879087,-18.577023,-0.005236913,1,"{""geodesic"":false,""type"":""Point"",""coordinates"":[110.42620345925538,-7.307884532529973]}"
1_1_1_1_2_56_0,0.0547,0.0559,0.0419,0.055,0.0607,0.054,0.0614,0.077,0.0837,0.0608,0.0807,0.0772,-0.026140891,0.017484315,0.006463281,8.230592E-4,0.041166376,-0.14314927,0.037213817,0.050086368,-0.18403114,-0.008115422,0.059233446,-8.230592E-4,-0.004909975,0.016590761,-23.82761,-10.977066,0.014127967,1,"{""geodesic"":false,""type"":""Point"",""coordinates"":[110.42883091482253,-7.307706958742189]}"
1_1_1_1_2_89_0,0.0505,0.0239,0.0178,0.0453,0.0612,0.0457,0.055,0.0397,0.0419,0.034,0.0373,0.0609,-0.065144405,-0.030202894,-0.00783659,-0.28571427,0.43830788,-0.146283,0.023925291,-0.14249681,-0.31274134,0.30924854,-0.14680046,0.28571427,-0.23595503,-0.030274272,-36.453667,-10.165597,-0.029259445,1,"{""geodesic"":false,""type"":""Point"",""coordinates"":[110.43095557368055,-7.275236601491917]}"
1_1_1_1_2_93_0,0.0492,0.0218,0.0158,0.0452,0.0588,0.0425,0.0534,0.0424,0.044,0.0363,0.0353,0.1101,-0.117969826,-0.016276386,-0.0025315357,-0.23659307,0.45905706,-0.1595745,0.018498622,-0.109202474,-0.3934741,0.34925374,-0.07868021,0.23659307,-0.19063546,-0.016067728,-19.611526,-12.847808,-0.022957873,1,"{""geodesic"":false,""type"":""Point"",""coordinates"":[110.43095694081467,-7.274151152532883]}"
1_1_1_1_2_147_0,0.0474,0.0205,0.0168,0.0446,0.06,0.044,0.0569,0.041,0.043,0.0403,0.0406,0.0267,-0.13654618,-0.009538047,4.6468287E-4,-0.19641075,0.4906832,-0.09919574,0.018342432,-0.050647803,-0.4115587,0.37019968,-0.043890856,0.19641075,-0.17078188,-0.009498543,-23.600079,-11.512327,-0.011027521,1,"{""geodesic"":false,""type"":""Point"",""coordinates"":[110.43313183003008,-7.273520698534179]}"
1_1_1_1_2_162_0,0.0472,0.0211,0.016,0.0466,0.0562,0.0413,0.0474,0.0357,0.0403,0.0453,0.037,0.0318,-0.19118601,0.010597712,0.007579855,-0.10738918,0.45407504,-0.13746627,0.0145871965,-0.014145807,-0.47797713,0.37666175,0.046189386,0.10738918,-0.022653729,0.010228436,-20.336174,-11.055973,-0.0032944744,1,"{""geodesic"":false,""type"":""Point"",""coordinates"":[110.42451648848353,-7.281017531968784]}"
1_1_1_1_2_142_0,0.0503,0.0517,0.0328,0.0508,0.0648,0.0503,0.0751,0.091,0.1031,0.061,0.1081,0.0673,-0.045837242,0.027245881,0.010451893,-0.030206684,0.11244637,-0.22366863,0.027046556,0.091234356,-0.30063966,-0.008780492,0.09613659,0.030206684,-0.103600286,0.026255528,-22.633757,-12.742926,0.025008176,1,"{""geodesic"":false,""type"":""Point"",""coordinates"":[110.43947618925046,-7.270905413202889]}"
1_1_1_1_2_160_0,0.0478,0.024,0.0183,0.0454,0.0572,0.0432,0.048,0.0371,0.0394,0.0394,0.0324,0.0334,-0.11578947,-0.00991546,-3.9736676E-4,-0.184265,0.408867,-0.13475177,0.020064976,-0.07075473,-0.36568457,0.30835736,-0.046004854,0.184265,-0.09839817,-0.009783731,-25.086273,-15.324477,-0.015389879,1,"{""geodesic"":false,""type"":""Point"",""coordinates"":[110.42469835723902,-7.280475038487579]}"
1_1_1_1_2_148_0,0.0489,0.0381,0.0268,0.071,0.0818,0.0641,0.0655,0.0757,0.0739,0.1372,0.074,0.0377,-0.34149486,0.18472658,0.07770773,0.25296804,0.3644704,-0.17411405,0.01252099,0.31796348,-0.67317075,0.30155823,0.3631396,-0.25296804,0.35372472,0.15635249,-29.391985,-14.694903,0.14021462,1,"{""geodesic"":false,""type"":""Point"",""coordinates"":[110.43041170664713,-7.275507280759182]}"
1_1_1_1_2_198_0,0.0462,0.0206,0.0125,0.0396,0.0544,0.0367,0.0495,0.038,0.0403,0.0328,0.0361,0.0298,-0.11642252,-0.010198742,-0.0010467487,-0.24770643,0.45066667,-0.244713,0.01398628,-0.093922645,-0.4481236,0.3156146,-0.056115095,0.24770643,-0.20291616,-0.010272166,-17.339676,-14.014766,-0.017819706,1,"{""geodesic"":false,""type"":""Point"",""coordinates"":[110.42524752917792,-7.2760434839929236]}"
1_1_1_1_2_67_0,0.0564,0.0453,0.0352,0.0482,0.0529,0.0408,0.0538,0.0541,0.0594,0.0512,0.0571,0.0585,-0.0716981,0.027822357,0.009602505,-0.016330477,0.07739309,-0.12546584,0.028050002,0.030181073,-0.18518518,0.03101605,0.11304345,0.016330477,-0.024761917,0.026351344,-20.990814,-18.52819,0.007507504,1,"{""geodesic"":false,""type"":""Point"",""coordinates"":[110.42674690781413,-7.3079756774672155]}"
1_1_1_1_2_88_0,0.051,0.0327,0.0229,0.0452,0.0592,0.0452,0.0572,0.0522,0.0589,0.0399,0.0538,0.0459,-0.044171795,-0.013630286,-0.0030847432,-0.19475277,0.28835693,-0.17625897,0.025941854,-0.06227967,-0.27070063,0.16046217,-0.06227967,0.19475277,-0.17816682,-0.013587422,-22.750057,-15.282654,-0.013587422,1,"{""geodesic"":false,""type"":""Point"",""coordinates"":[110.43168129768083,-7.2744234242454135]}"
1_1_1_1_2_175_0,0.0467,0.0232,0.0154,0.0453,0.0481,0.0409,0.0458,0.0399,0.0418,0.044,0.0404,0.0375,-0.1642764,0.008160902,0.0062368037,-0.044516817,0.3492286,-0.20207253,0.014315,-0.014557667,-0.4814815,0.32262772,0.03651355,0.044516817,-0.020044547,0.007950078,-19.198473,-15.7283125,-0.0033090098,1,"{""geodesic"":false,""type"":""Point"",""coordinates"":[110.41915790616294,-7.291774714339084]}"
1_1_1_1_2_54_0,0.0584,0.0489,0.0363,0.0539,0.0551,0.0492,0.0541,0.0551,0.0579,0.0613,0.0636,0.0619,-0.08016877,0.03176687,0.012153165,0.053264577,0.05961539,-0.14788733,0.029134747,0.0642361,-0.25614753,0.04863812,0.10950226,-0.053264577,0.06239167,0.02972973,-22.416994,-12.693187,0.018042909,1,"{""geodesic"":false,""type"":""Point"",""coordinates"":[110.42792566544804,-7.30716308742221]}"
1_1_1_1_2_69_0,0.0621,0.0338,0.0262,0.0504,0.0567,0.0451,0.0523,0.0515,0.0481,0.0768,0.0525,0.0466,-0.23435228,0.08175161,0.033702597,0.15056184,0.25303867,-0.12666664,0.015385676,0.20754719,-0.49126214,0.19714966,0.26004925,-0.15056184,0.18977539,0.076459244,-24.727407,-13.671757,0.06313776,1,"{""geodesic"":false,""type"":""Point"",""coordinates"":[110.42720229691987,-7.306076721135099]}"
1_1_1_1_2_75_0,0.0554,0.0434,0.0283,0.0472,0.0546,0.0393,0.0581,0.0699,0.0714,0.0553,0.0705,0.0869,-0.106911466,0.042684887,0.015273398,0.006369433,0.11428571,-0.21059972,0.020111933,0.07902438,-0.32296652,0.041942615,0.16913322,-0.006369433,-0.024691349,0.040363275,-15.561236,-14.460279,0.020165972,1,"{""geodesic"":false,""type"":""Point"",""coordinates"":[110.42584062143862,-7.308245886924198]}"
1_1_1_1_2_167_0,0.0465,0.0169,0.0141,0.0531,0.0634,0.0493,0.0524,0.0333,0.037,0.0377,0.0301,0.0213,-0.15668792,-0.03100775,-0.005858054,-0.25420374,0.5790785,-0.09032255,0.018438462,-0.16960353,-0.45559847,0.5171429,-0.13333333,0.25420374,-0.16315204,-0.029642247,-17.96334,-12.489805,-0.039099526,1,"{""geodesic"":false,""type"":""Point"",""coordinates"":[110.43304033487263,-7.274244218145928]}"
1_1_1_1_2_86_0,0.0474,0.022,0.0181,0.046,0.0628,0.0457,0.0554,0.0396,0.0389,0.0355,0.0375,0.0279,-0.09249332,-0.026433082,-0.0059998715,-0.27772123,0.48113206,-0.09725683,0.023300564,-0.12883434,-0.32462686,0.3529412,-0.12561573,0.27772123,-0.21892187,-0.026324838,-23.356823,-12.393827,-0.027085122,1,"{""geodesic"":false,""type"":""Point"",""coordinates"":[110.4325881934141,-7.2736104724757515]}"
1_1_1_1_2_197_0,0.0418,0.0177,0.0139,0.044,0.0557,0.0388,0.0477,0.035,0.0369,0.0383,0.0364,0.0389,-0.18587895,-0.0013282356,0.0032393523,-0.18510638,0.51771116,-0.12025317,0.014081462,-0.0692588,-0.46743295,0.4262561,-0.006485097,0.18510638,-0.10930233,-0.0012996041,-21.80632,-16.512314,-0.014683152,1,"{""geodesic"":false,""type"":""Point"",""coordinates"":[110.42280016297654,-7.277216275734502]}"
1_1_1_1_2_8_0,0.0503,0.0441,0.022,0.0474,0.0621,0.0476,0.0745,0.1091,0.1134,0.0347,0.1016,0.0673,0.055235915,-0.033426624,-0.01227973,-0.28305787,0.16949151,-0.3343419,0.030178675,-0.15468943,-0.22398588,0.03606557,-0.15674365,0.28305787,-0.36446887,-0.0332303,-20.01781,-13.062746,-0.032726344,1,"{""geodesic"":false,""type"":""Point"",""coordinates"":[110.43974794951177,-7.2709057491183575]}"
1_1_1_1_2_10_0,0.0489,0.0137,0.0098,0.0472,0.0636,0.049,0.056,0.0338,0.0343,0.0289,0.0302,0.023,-0.09654181,-0.051862936,-0.013844115,-0.37513518,0.6455369,-0.16595744,0.016615918,-0.24047309,-0.49354005,0.5500821,-0.2580231,0.37513518,-0.31919906,-0.052171655,-22.688452,-12.103952,-0.047647983,1,"{""geodesic"":false,""type"":""Point"",""coordinates"":[110.43983819999028,-7.271177223754627]}"
1_1_1_1_2_29_0,0.0471,0.0196,0.0139,0.0468,0.0614,0.0502,0.0489,0.038,0.037,0.0393,0.0303,0.0209,-0.104554184,-0.027539166,-0.005477054,-0.21946377,0.5160494,-0.17014927,0.017755216,-0.08710802,-0.4774436,0.40963852,-0.121787734,0.21946377,-0.10884356,-0.027735375,-22.615738,-18.07797,-0.019194677,1,"{""geodesic"":false,""type"":""Point"",""coordinates"":[110.42678878039898,-7.2750504409449555]}"
1_1_1_1_2_130_0,0.0545,0.0267,0.0202,0.0492,0.0543,0.0418,0.0465,0.0435,0.0481,0.0645,0.0429,0.0263,-0.24807902,0.0599704,0.025376027,0.08585857,0.34074074,-0.13859276,0.013090853,0.13456464,-0.5230224,0.2964427,0.21354654,-0.08585857,0.16216214,0.05616031,-19.323942,-9.046251,0.037396118,1,"{""geodesic"":false,""type"":""Point"",""coordinates"":[110.42683888510561,-7.3068903459728896]}"
1_1_1_1_2_159_0,0.0492,0.0268,0.0189,0.0456,0.0558,0.0421,0.0551,0.0454,0.0494,0.0398,0.0413,0.0353,-0.10693454,-0.0060500884,4.114727E-4,-0.16736402,0.3510896,-0.17286652,0.019992212,-0.06791571,-0.3560477,0.25966853,-0.028083049,0.16736402,-0.16122234,-0.005928858,-21.71295,-14.476784,-0.014861637,1,"{""geodesic"":false,""type"":""Point"",""coordinates"":[110.42651276882987,-7.278396895121051]}"
1_1_1_1_2_129_0,0.0584,0.0488,0.031,0.0484,0.0538,0.0462,0.0578,0.0793,0.0793,0.0788,0.0721,0.0619,-0.1449145,0.08207452,0.032139227,0.18853694,0.04873297,-0.22305764,0.018175127,0.23899372,-0.43533698,-0.004115219,0.2608,-0.18853694,0.15373354,0.07824,-17.218023,-8.427649,0.072704084,1,"{""geodesic"":false,""type"":""Point"",""coordinates"":[110.42774459282947,-7.30707240373903]}"
1_1_1_1_2_134_0,0.0538,0.0369,0.0278,0.0552,0.0579,0.0507,0.0557,0.0552,0.0591,0.0565,0.0578,0.0796,-0.12092322,0.015316356,0.008245641,-0.012237774,0.22151901,-0.14064914,0.024946196,0.0116383135,-0.34045076,0.19869708,0.054104455,0.012237774,0.007130116,0.014328057,-19.24642,-17.60817,0.0031878364,1,"{""geodesic"":false,""type"":""Point"",""coordinates"":[110.4289234612048,-7.3061693568092005]}"
1_1_1_1_2_150_0,0.0488,0.0248,0.016,0.041,0.0572,0.0373,0.0542,0.0561,0.0454,0.0336,0.0428,0.0692,-0.091441095,-0.009737875,-0.0014847462,-0.2599119,0.39512193,-0.21568626,0.017761907,-0.09919574,-0.35483867,0.2462006,-0.05218622,0.2599119,-0.23462416,-0.0097215,-31.629536,-13.264231,-0.019317793,1,"{""geodesic"":false,""type"":""Point"",""coordinates"":[110.42678659954501,-7.276769067116839]}"
1_1_1_1_2_58_0,0.0556,0.0667,0.053,0.0534,0.0582,0.0486,0.0693,0.0839,0.0879,0.0641,0.083,0.0886,-0.009450172,0.040567413,0.012292307,0.04824199,-0.0680544,-0.11445278,0.040184088,0.09106382,-0.094790764,-0.110741034,0.13753326,-0.04824199,-0.038980532,0.037946787,-20.369368,-11.89582,0.0259919,1,"{""geodesic"":false,""type"":""Point"",""coordinates"":[110.4282872359919,-7.307796724118831]}"
1_1_1_1_2_79_0,0.0469,0.0185,0.0155,0.0421,0.0581,0.0401,0.0533,0.0421,0.0391,0.0376,0.0354,0.0172,-0.15256688,-0.0064938474,0.0013279621,-0.21421108,0.5169713,-0.08823531,0.016530585,-0.05646175,-0.41619587,0.38943896,-0.03217505,0.21421108,-0.17271727,-0.006491262,-25.920254,-15.081042,-0.011643958,1,"{""geodesic"":false,""type"":""Point"",""coordinates"":[110.43811603881498,-7.271989181644074]}"
1_1_1_1_2_164_0,0.0486,0.0162,0.0141,0.0485,0.0588,0.0454,0.05,0.0352,0.035,0.04,0.0284,0.028,-0.17921385,-0.014230754,-2.2516256E-4,-0.19028342,0.568,-0.06930693,0.0160035,-0.096045226,-0.47874305,0.4992272,-0.06323187,0.19028342,-0.11111112,-0.013836698,-32.074024,-19.925549,-0.021665256,1,"{""geodesic"":false,""type"":""Point"",""coordinates"":[110.42569471506584,-7.2805667574873905]}"
1_1_1_1_2_16_0,0.0504,0.0618,0.0483,0.0566,0.0706,0.0616,0.0751,0.0718,0.0793,0.0614,0.0761,0.0368,0.022369504,-4.9677014E-4,-2.354437E-4,-0.06969699,0.06646528,-0.12261578,0.048457332,0.04067796,-0.11941657,-0.043918908,-0.0016260135,0.06969699,-0.1003663,-4.815401E-4,-22.52747,-6.8070073,0.011650484,1,"{""geodesic"":false,""type"":""Point"",""coordinates"":[110.43548834004606,-7.272528642664096]}"
1_1_1_1_2_74_0,0.0556,0.0364,0.0269,0.0487,0.0517,0.041,0.0504,0.0482,0.0517,0.0463,0.0524,0.1111,-0.10208816,0.01429265,0.0061152144,-0.055102024,0.17366627,-0.150079,0.023820736,-0.025263153,-0.2650273,0.14453582,0.060710195,0.055102024,-0.042399157,0.013536524,-21.033798,-15.005707,-0.006050419,1,"{""geodesic"":false,""type"":""Point"",""coordinates"":[110.42810800323497,-7.306258778062363]}"
1_1_1_1_2_40_0,0.0486,0.0256,0.0191,0.046,0.0558,0.0448,0.0525,0.0393,0.041,0.045,0.04,0.0252,-0.12763323,5.1611115E-4,0.0036026372,-0.10714282,0.37100738,-0.14541388,0.01901511,-0.010988992,-0.4040562,0.28491622,0.0022272093,0.10714282,-0.07692306,5.086556E-4,-20.847698,-11.794201,-0.0025380668,1,"{""geodesic"":false,""type"":""Point"",""coordinates"":[110.42487849692519,-7.281289354285046]}"
1_1_1_1_2_144_0,0.0479,0.019,0.0142,0.0414,0.0571,0.0413,0.0495,0.0355,0.0351,0.029,0.0282,0.0292,-0.077276215,-0.031822413,-0.008347982,-0.32636473,0.5006571,-0.1445783,0.020222759,-0.17613639,-0.34259257,0.37086093,-0.17496444,0.32636473,-0.26114652,-0.032351393,-29.776894,-17.613184,-0.0326087,1,"{""geodesic"":false,""type"":""Point"",""coordinates"":[110.43666574585355,-7.272711016160551]}"
1_1_1_1_2_43_0,0.0471,0.0366,0.0261,0.048,0.0587,0.0431,0.0501,0.0425,0.049,0.0564,0.0419,0.0554,-0.13416621,0.034816757,0.014451935,-0.019982606,0.23189925,-0.16746412,0.019945212,0.08045977,-0.36727273,0.13475177,0.13366836,0.019982606,0.05915494,0.033277735,-25.737999,-11.534953,0.020847123,1,"{""geodesic"":false,""type"":""Point"",""coordinates"":[110.41753311807753,-7.287249926058285]}"
1_1_1_1_2_125_0,0.0529,0.0476,0.0293,0.0578,0.0704,0.0632,0.081,0.0811,0.0879,0.0766,0.0705,0.0573,-0.09624796,0.032769255,0.016164644,0.042176876,0.19322033,-0.2379714,0.02417441,0.13988097,-0.44664776,0.09677417,0.09585124,-0.042176876,-0.02791878,0.031416077,-19.588514,-12.410016,0.044451453,1,"{""geodesic"":false,""type"":""Point"",""coordinates"":[110.41887796724704,-7.298106131549536]}"
1_1_1_1_2_186_0,0.0561,0.0542,0.0377,0.053,0.0544,0.0491,0.0589,0.0597,0.0639,0.0545,0.0657,0.0541,-0.019924082,0.014186628,0.0044961735,9.18255E-4,0.0018416175,-0.17954297,0.03396459,0.013953482,-0.18221256,-0.011194046,0.052123535,-9.18255E-4,-0.038800716,0.013419479,-19.265684,-13.603873,0.003703702,1,"{""geodesic"":false,""type"":""Point"",""coordinates"":[110.42901302146667,-7.306983556755432]}"
1_1_1_2_126_0,0.0584,0.0126,0.0071,0.0592,0.082,0.0672,0.0802,0.0538,0.055,0.0401,0.0438,0.0699,-0.10887774,-0.06779745,-0.017423756,-0.34316134,0.7336152,-0.27918783,0.011898254,-0.19234641,-0.6991525,0.6490251,-0.25256288,0.34316134,-0.3333333,-0.06693561,-29.330294,-15.238995,-0.04780577,2,"{""geodesic"":false,""type"":""Point"",""coordinates"":[110.41889743950821,-7.2830003429085695]}"
1_1_1_2_93_0,0.0428,0.0269,0.0125,0.0361,0.0395,0.025,0.0363,0.0653,0.0602,0.043,0.0639,0.1415,-0.20763358,0.048793714,0.017663281,0.042424235,0.18975905,-0.36548224,0.0072674416,0.08723137,-0.5495496,0.14603174,0.2647059,-0.042424235,0.0844893,0.047535215,-23.032152,-16.20475,0.017872564,2,"{""geodesic"":false,""type"":""Point"",""coordinates"":[110.44976767463115,-7.2999539032016205]}"
1_1_1_2_40_0,0.0467,0.0074,0.0056,0.0416,0.0518,0.036,0.0473,0.0281,0.0264,0.0229,0.0211,0.0151,-0.19555146,-0.035332825,-0.008031491,-0.38688087,0.75,-0.13846156,0.008803492,-0.28992248,-0.6070176,0.6979592,-0.22241084,0.38688087,-0.34757835,-0.035158344,-48.442654,-16.968157,-0.04968999,2,"{""geodesic"":false,""type"":""Point"",""coordinates"":[110.4241626692202,-7.274323478185711]}"
1_1_1_2_202_0,0.0449,0.0087,0.0055,0.0379,0.0468,0.0288,0.0363,0.0238,0.0278,0.0196,0.0211,0.0218,-0.21052633,-0.025326211,-0.005637867,-0.40963852,0.6864865,-0.22535212,0.008081633,-0.31826088,-0.561753,0.62660944,-0.19008262,0.40963852,-0.29874775,-0.025164112,-26.160572,-24.576946,-0.04923767,2,"{""geodesic"":false,""type"":""Point"",""coordinates"":[110.41852657208226,-7.2896030075376785]}"
1_1_1_2_85_0,0.0405,0.0149,0.0082,0.034,0.0457,0.033,0.0463,0.0408,0.0466,0.0369,0.0432,0.0786,-0.1936027,0.009949992,0.0071076904,-0.106537536,0.50825083,-0.2900433,0.0073333336,0.040902637,-0.6363636,0.39059308,0.05579398,0.106537536,-0.11298078,0.010264956,-22.928549,-16.73559,0.00761954,2,"{""geodesic"":false,""type"":""Point"",""coordinates"":[110.45113978888342,-7.289101039215337]}"
1_1_1_2_162_0,0.0554,0.0212,0.0147,0.0451,0.0465,0.0345,0.0415,0.0372,0.0355,0.0315,0.0273,0.0649,-0.15797432,-0.008331016,-6.429657E-4,-0.1923077,0.37370756,-0.18105848,0.016099999,-0.17754568,-0.36363637,0.36048266,-0.045454524,0.1923077,-0.1369863,-0.007950527,-22.031181,-17.526854,-0.035379812,2,"{""geodesic"":false,""type"":""Point"",""coordinates"":[110.42892300185375,-7.306531172494929]}"
1_1_1_2_35_0,0.042,0.0067,0.0048,0.0378,0.0466,0.0336,0.0423,0.0268,0.025,0.0216,0.0204,0.0261,-0.19157474,-0.03192508,-0.007232766,-0.3665689,0.74859285,-0.16521735,0.0074666664,-0.27272725,-0.6363636,0.6988764,-0.21739128,0.3665689,-0.32394364,-0.032420743,-29.696802,-26.365227,-0.043439396,2,"{""geodesic"":false,""type"":""Point"",""coordinates"":[110.44725337246862,-7.281769497424851]}"
1_1_1_2_74_0,0.0455,0.007,0.0051,0.0416,0.052,0.0336,0.0411,0.0283,0.0268,0.0227,0.0208,0.0144,-0.22592947,-0.029869556,-0.0061859326,-0.3922356,0.7627119,-0.15702479,0.0075488985,-0.29393467,-0.63309354,0.71193415,-0.19360566,0.3922356,-0.28840125,-0.029390613,-27.003628,-20.07149,-0.05023923,2,"{""geodesic"":false,""type"":""Point"",""coordinates"":[110.43538644535239,-7.281573943860472]}"
1_1_1_2_174_0,0.0513,0.0091,0.0066,0.0442,0.0483,0.033,0.039,0.0259,0.0235,0.0245,0.0197,0.0201,-0.24007219,-0.023849608,-0.00426443,-0.3269231,0.68292683,-0.15923569,0.008889796,-0.286754,-0.5755627,0.65853655,-0.14782609,0.3269231,-0.22834647,-0.022869956,-26.209,-25.271065,-0.051960614,2,"{""geodesic"":false,""type"":""Point"",""coordinates"":[110.42810926814913,-7.305263785042715]}"
1_1_1_2_73_0,0.0443,0.0056,0.0047,0.0424,0.0512,0.0353,0.0436,0.0255,0.0249,0.0217,0.0184,0.0148,-0.22095236,-0.03713818,-0.0083365515,-0.4046639,0.8028169,-0.08737863,0.0076456224,-0.3229329,-0.6439394,0.76666665,-0.2385965,0.4046639,-0.3353752,-0.036624778,-23.33593,-17.258152,-0.05504343,2,"{""geodesic"":false,""type"":""Point"",""coordinates"":[110.43810996430425,-7.276873708077044]}"
1_1_1_2_116_0,0.0481,0.0084,0.0057,0.0404,0.0477,0.0308,0.0384,0.0268,0.0271,0.0227,0.0212,0.0262,-0.23362659,-0.022388058,-0.0041302596,-0.35511363,0.70053476,-0.19148934,0.0077339206,-0.2805071,-0.59859157,0.6557377,-0.15140185,0.35511363,-0.2569558,-0.021951217,-27.813953,-16.912273,-0.047149703,2,"{""geodesic"":false,""type"":""Point"",""coordinates"":[110.41771277914958,-7.288426058918078]}"
1_1_1_2_43_0,0.0502,0.0077,0.0068,0.0492,0.0664,0.0468,0.0552,0.0301,0.0287,0.0237,0.0205,0.0147,-0.144427,-0.06173169,-0.016170675,-0.47391784,0.79217273,-0.062068958,0.013427847,-0.3497942,-0.55409837,0.72934973,-0.32765955,0.47391784,-0.39923954,-0.06073619,-30.536137,-14.751539,-0.06676557,2,"{""geodesic"":false,""type"":""Point"",""coordinates"":[110.43322525314595,-7.271259458712013]}"
1_1_1_2_45_0,0.0446,0.0046,0.0032,0.0406,0.0567,0.0365,0.0434,0.0231,0.0226,0.0186,0.0173,0.011,-0.18045865,-0.04795842,-0.012246665,-0.5059761,0.8499184,-0.1794872,0.0062795696,-0.37162164,-0.70642203,0.79646015,-0.32486388,0.5059761,-0.4,-0.04836966,-24.262108,-17.600649,-0.05901288,2,"{""geodesic"":false,""type"":""Point"",""coordinates"":[110.43657357983768,-7.273977261992522]}"
1_1_1_2_83_0,0.0452,0.0091,0.0056,0.0441,0.0554,0.045,0.0514,0.0245,0.0248,0.0215,0.0186,0.0145,-0.096073516,-0.061150145,-0.017137785,-0.44083223,0.71782947,-0.23809527,0.01172093,-0.3445122,-0.5867159,0.65789473,-0.35338345,0.44083223,-0.4101509,-0.062224187,-31.011272,-18.40721,-0.059936352,2,"{""geodesic"":false,""type"":""Point"",""coordinates"":[110.44536488602893,-7.270460383301973]}"
1_1_1_2_64_0,0.0431,0.0224,0.0107,0.039,0.0449,0.0359,0.0483,0.057,0.0515,0.0299,0.0441,0.1414,-0.083333336,-0.015743075,-0.0036075236,-0.20053478,0.33432394,-0.3534743,0.012847158,-0.13207549,-0.47290638,0.27035832,-0.09118543,0.20053478,-0.23529412,-0.015906684,-20.08722,-13.2925415,-0.023993675,2,"{""geodesic"":false,""type"":""Point"",""coordinates"":[110.44345966871445,-7.272809863652811]}"
1_1_1_2_137_0,0.0474,0.0064,0.0039,0.0426,0.0548,0.0337,0.0412,0.0256,0.025,0.0226,0.0205,0.0168,-0.23836656,-0.030652821,-0.006261879,-0.41602066,0.7908497,-0.24271844,0.0058154864,-0.30674842,-0.7056604,0.7387755,-0.19715807,0.41602066,-0.29153603,-0.029929893,-48.4534,-20.722809,-0.05307855,2,"{""geodesic"":false,""type"":""Point"",""coordinates"":[110.42840503693013,-7.28635925275693]}"
1_1_1_2_149_0,0.0489,0.0089,0.0059,0.0435,0.056,0.0398,0.0527,0.0296,0.0316,0.0263,0.022,0.0256,-0.17805907,-0.03594823,-0.008023885,-0.36087486,0.7257319,-0.20270267,0.008928517,-0.24641833,-0.63354033,0.6603053,-0.204236,0.36087486,-0.33417723,-0.035771064,-48.44207,-16.216095,-0.04527904,2,"{""geodesic"":false,""type"":""Point"",""coordinates"":[110.4234391259038,-7.273418017068885]}"
1_1_1_2_128_0,0.0528,0.0101,0.007,0.0518,0.0706,0.0521,0.0631,0.0403,0.04,0.0348,0.0303,0.0387,-0.16397852,-0.045103762,-0.009856736,-0.33965847,0.74969023,-0.18128651,0.010479885,-0.19630486,-0.6650718,0.67366725,-0.19907938,0.33965847,-0.2890705,-0.044215366,-47.479336,-17.210585,-0.043470852,2,"{""geodesic"":false,""type"":""Point"",""coordinates"":[110.4223403958352,-7.282552479770883]}"
1_1_1_2_91_0,0.0415,0.0341,0.02,0.0337,0.0369,0.0274,0.0408,0.063,0.0598,0.0399,0.0583,0.1254,-0.089563295,0.032841157,0.0113126235,0.03906253,0.039436605,-0.26062846,0.013734335,0.08423914,-0.33222038,-0.0058996947,0.18573552,-0.03906253,-0.0111524025,0.033051297,-31.037418,-12.772321,0.016213391,2,"{""geodesic"":false,""type"":""Point"",""coordinates"":[110.44931847185666,-7.296877905884381]}"
1_1_1_2_4_0,0.0454,0.0064,0.0042,0.041,0.0502,0.0322,0.0393,0.0241,0.0247,0.0202,0.0191,0.0146,-0.2264529,-0.033116244,-0.007427712,-0.42613637,0.7738516,-0.20754717,0.00669505,-0.33986932,-0.6557377,0.7299578,-0.22900768,0.42613637,-0.3210084,-0.03258509,-29.826262,-18.935423,-0.05559516,2,"{""geodesic"":false,""type"":""Point"",""coordinates"":[110.42097448186566,-7.2880684302361125]}"
1_1_1_2_97_0,0.046,0.0066,0.0039,0.0417,0.052,0.0338,0.039,0.0233,0.0238,0.0193,0.0178,0.0156,-0.20315586,-0.039863635,-0.0096796,-0.45862553,0.77474403,-0.25714287,0.006830051,-0.36721313,-0.66379315,0.7267081,-0.27306965,0.45862553,-0.33790734,-0.039323807,-17.749752,-11.564044,-0.05989305,2,"{""geodesic"":false,""type"":""Point"",""coordinates"":[110.43844133602279,-7.301749045673864]}"
1_1_1_2_87_0,0.0381,0.0156,0.0079,0.0347,0.0376,0.0296,0.0392,0.0419,0.0508,0.0435,0.0411,0.1688,-0.267423,0.03616589,0.016381087,0.07274968,0.41353384,-0.32765958,0.005375632,0.112531975,-0.692607,0.37972167,0.19015047,-0.07274968,0.05199515,0.03638108,-21.261478,-19.857742,0.022829471,2,"{""geodesic"":false,""type"":""Point"",""coordinates"":[110.450142520381,-7.289733008994715]}"
1_1_1_2_121_0,0.0428,0.0173,0.0088,0.0372,0.0397,0.0302,0.0593,0.0876,0.0879,0.0899,0.0875,0.1005,-0.4558992,0.15043847,0.061986145,0.38734567,0.39298245,-0.3256705,0.0029561736,0.41463417,-0.82168186,0.3651376,0.49708575,-0.38734567,0.20509385,0.14441219,-24.18482,-18.493103,0.12605645,2,"{""geodesic"":false,""type"":""Point"",""coordinates"":[110.41517731766417,-7.287608702305069]}"
1_1_1_2_146_0,0.043,0.0072,0.0049,0.04,0.0514,0.0328,0.0414,0.0239,0.0249,0.018,0.0146,0.0176,-0.18367346,-0.040446002,-0.010263155,-0.48126802,0.7542662,-0.19008262,0.008928889,-0.37931034,-0.57205236,0.69491524,-0.2913386,0.48126802,-0.3939394,-0.040305015,-45.120018,-13.754078,-0.059139784,2,"{""geodesic"":false,""type"":""Point"",""coordinates"":[110.42416047859642,-7.276042103617555]}"
1_1_1_2_103_0,0.0515,0.0085,0.0045,0.0451,0.0512,0.0362,0.0406,0.031,0.0303,0.0265,0.0253,0.0177,-0.23129834,-0.026782269,-0.0047909934,-0.3178893,0.71524286,-0.30769235,0.00614717,-0.25977653,-0.7096774,0.6828358,-0.15470497,0.3178893,-0.21013413,-0.025857478,-30.195318,-27.122683,-0.048810355,2,"{""geodesic"":false,""type"":""Point"",""coordinates"":[110.43001104380264,-7.3058089156318875]}"
1_1_1_2_201_0,0.0475,0.0142,0.0082,0.0412,0.0488,0.0328,0.0402,0.0327,0.0305,0.0257,0.026,0.0391,-0.17471465,-0.019430764,-0.0038036993,-0.31006712,0.5492063,-0.26785713,0.0104653705,-0.23168911,-0.51622415,0.48736462,-0.12136754,0.31006712,-0.22003037,-0.019068938,-27.473782,-17.520475,-0.04101253,2,"{""geodesic"":false,""type"":""Point"",""coordinates"":[110.41943561817163,-7.2871619177242275]}"
1_1_1_2_52_0,0.0445,0.0059,0.0056,0.0407,0.0504,0.0378,0.0451,0.0252,0.0236,0.0193,0.0175,0.0117,-0.1571842,-0.04915767,-0.012846664,-0.446198,0.7904085,-0.026086994,0.010967875,-0.35666665,-0.5502008,0.7467811,-0.32399297,0.446198,-0.40062112,-0.04981152,-27.88766,-19.225174,-0.057321426,2,"{""geodesic"":false,""type"":""Point"",""coordinates"":[110.44418670226632,-7.270911212680857]}"
1_1_1_2_1_0,0.0498,0.0064,0.0049,0.0453,0.0556,0.0359,0.0417,0.0249,0.0242,0.0222,0.0199,0.0161,-0.22950819,-0.038146686,-0.008471996,-0.4293059,0.7935484,-0.13274334,0.007923874,-0.3422222,-0.63837636,0.7524178,-0.23580036,0.4293059,-0.30516434,-0.03682136,-22.01479,-23.804045,-0.06105727,2,"{""geodesic"":false,""type"":""Point"",""coordinates"":[110.4235958070733,-7.292594480692732]}"
1_1_1_2_152_0,0.047,0.0082,0.0059,0.0423,0.052,0.0386,0.0467,0.0268,0.0277,0.0221,0.0213,0.0148,-0.15827337,-0.04404934,-0.011112497,-0.40350878,0.72757477,-0.16312055,0.010304978,-0.31366462,-0.57857144,0.67524755,-0.27182868,0.40350878,-0.35755813,-0.044141255,-27.726234,-17.311947,-0.053685334,2,"{""geodesic"":false,""type"":""Point"",""coordinates"":[110.42506831104009,-7.274505536380301]}"
1_1_1_2_0_0,0.053,0.0084,0.0061,0.0437,0.0535,0.0358,0.0423,0.0295,0.0281,0.0224,0.0197,0.0171,-0.1985494,-0.036835447,-0.008544157,-0.4097497,0.72859454,-0.15862069,0.009749107,-0.32223904,-0.5719298,0.67754316,-0.23024055,0.4097497,-0.30757344,-0.036008596,-48.448498,-23.185535,-0.05643879,2,"{""geodesic"":false,""type"":""Point"",""coordinates"":[110.42620634402589,-7.305623185613433]}"
1_1_1_2_143_0,0.0446,0.0106,0.0065,0.0398,0.0496,0.033,0.0407,0.0282,0.0305,0.0266,0.0252,0.0344,-0.20727272,-0.017276753,-0.0024302604,-0.3018373,0.64784056,-0.23976606,0.00806391,-0.19879518,-0.60725075,0.5793651,-0.10738256,0.3018373,-0.20950967,-0.01715511,-22.927961,-18.523277,-0.03495763,2,"{""geodesic"":false,""type"":""Point"",""coordinates"":[110.42207256687705,-7.27947669981364]}"
1_1_1_2_115_0,0.0444,0.0086,0.0055,0.0386,0.0443,0.0294,0.0379,0.0254,0.026,0.0226,0.0239,0.0256,-0.23387098,-0.018691588,-0.0031138128,-0.32436472,0.6748582,-0.21985817,0.007154867,-0.26143792,-0.60854095,0.63559324,-0.13076922,0.32436472,-0.25289255,-0.01847826,-22.735233,-28.987736,-0.042765506,2,"{""geodesic"":false,""type"":""Point"",""coordinates"":[110.41771184468872,-7.289149689416355]}"
1_1_1_2_66_0,0.045,0.0068,0.005,0.0454,0.0581,0.0409,0.0549,0.0384,0.039,0.031,0.027,0.0459,-0.23126511,-0.026445134,-0.0038567802,-0.30415264,0.7904468,-0.1525424,0.006596774,-0.18848169,-0.7222222,0.7394636,-0.13769124,0.30415264,-0.27823052,-0.025966078,-27.439907,-16.631977,-0.03747398,2,"{""geodesic"":false,""type"":""Point"",""coordinates"":[110.43866270557913,-7.269457136980381]}"
1_1_1_2_109_0,0.0541,0.0092,0.0076,0.0469,0.0606,0.0463,0.0593,0.0372,0.0379,0.0329,0.0272,0.0559,-0.17960088,-0.03493404,-0.006825118,-0.29625666,0.7363897,-0.0952381,0.010695441,-0.17543857,-0.62469137,0.67201424,-0.16919191,0.29625666,-0.28633404,-0.03470304,-28.4826,-18.821316,-0.03621938,2,"{""geodesic"":false,""type"":""Point"",""coordinates"":[110.41969224517746,-7.29892126398065]}"
1_1_1_2_25_0,0.0483,0.0075,0.0053,0.0436,0.0548,0.0346,0.0403,0.0283,0.0273,0.024,0.0208,0.018,-0.23245214,-0.029294718,-0.0057973242,-0.39086294,0.75922954,-0.171875,0.007640833,-0.28994083,-0.63822526,0.7064579,-0.18088739,0.39086294,-0.2534992,-0.02846402,-25.05138,-24.03959,-0.05179704,2,"{""geodesic"":false,""type"":""Point"",""coordinates"":[110.42213823142893,-7.29892440005347]}"
1_1_1_2_38_0,0.0432,0.0049,0.0037,0.0375,0.0478,0.0304,0.0385,0.021,0.0203,0.0182,0.0167,0.0118,-0.22417584,-0.033175614,-0.007680876,-0.44848484,0.81404173,-0.13953489,0.00618022,-0.34649912,-0.6621005,0.7688679,-0.2510288,0.44848484,-0.3580247,-0.033357635,-25.863869,-19.84502,-0.052096456,2,"{""geodesic"":false,""type"":""Point"",""coordinates"":[110.43982496282841,-7.281850820728979]}"
1_1_1_2_80_0,0.0337,0.01,0.0054,0.0256,0.029,0.0202,0.0367,0.0409,0.0484,0.0351,0.0395,0.0552,-0.3355336,0.038629062,0.016707651,0.095163845,0.4871795,-0.2987013,0.003107692,0.15650745,-0.73333335,0.43820223,0.26943946,-0.095163845,-0.022284096,0.04024852,-43.04817,-15.049119,0.025414666,2,"{""geodesic"":false,""type"":""Point"",""coordinates"":[110.44753708909043,-7.2720007616422775]}"
1_1_1_2_108_0,0.0542,0.0171,0.0113,0.0466,0.053,0.0431,0.05,0.0405,0.0506,0.0408,0.0387,0.1037,-0.18428184,-0.0060532633,0.0023077354,-0.13006394,0.5121255,-0.20422536,0.011937009,-0.06636153,-0.5662188,0.4631083,-0.027413564,0.13006394,-0.10132157,-0.005908541,-26.922403,-16.233067,-0.014811026,2,"{""geodesic"":false,""type"":""Point"",""coordinates"":[110.42068433468785,-7.302359788127424]}"
1_1_1_2_167_0,0.0514,0.0167,0.0096,0.0429,0.0491,0.0346,0.04,0.0306,0.0294,0.0258,0.0277,0.0595,-0.145,-0.024132067,-0.0056277523,-0.31108144,0.49240124,-0.26996195,0.012874419,-0.24890828,-0.45762712,0.43959734,-0.14569536,0.31108144,-0.21580546,-0.023554605,-22.806345,-13.960873,-0.045102865,2,"{""geodesic"":false,""type"":""Point"",""coordinates"":[110.42937642957278,-7.30616992987039]}"
1_1_1_2_57_0,0.0433,0.0089,0.0067,0.0398,0.0521,0.037,0.046,0.0246,0.0238,0.0199,0.0184,0.0153,-0.13068181,-0.04531482,-0.012120103,-0.44722223,0.7081967,-0.14102565,0.012457286,-0.33333334,-0.49624062,0.6344969,-0.30052724,0.44722223,-0.39605463,-0.04605854,-27.851124,-18.549639,-0.053332143,2,"{""geodesic"":false,""type"":""Point"",""coordinates"":[110.44609124243746,-7.269104454220753]}"
1_1_1_2_70_0,0.049,0.0084,0.0054,0.0463,0.0604,0.043,0.0558,0.0313,0.0333,0.0276,0.023,0.0139,-0.17956904,-0.041029472,-0.009268171,-0.3727273,0.75581396,-0.21739128,0.008413044,-0.25304466,-0.6727273,0.6928702,-0.21813034,0.3727273,-0.3381295,-0.040483706,-25.592323,-17.451286,-0.048876114,2,"{""geodesic"":false,""type"":""Point"",""coordinates"":[110.42969260023617,-7.2710741199164675]}"
1_1_1_2_139_0,0.0419,0.0068,0.0062,0.0378,0.0495,0.0334,0.0425,0.0236,0.0239,0.0193,0.0184,0.014,-0.17368963,-0.037652206,-0.009385932,-0.43895346,0.7584369,-0.04615384,0.010729534,-0.32399297,-0.5137255,0.6950672,-0.26755217,0.43895346,-0.3754045,-0.038266685,-23.740246,-18.464537,-0.04981152,2,"{""geodesic"":false,""type"":""Point"",""coordinates"":[110.42253152188728,-7.274773672960908]}"
1_1_1_2_15_0,0.0516,0.0079,0.0043,0.0462,0.0586,0.0389,0.0457,0.0288,0.0303,0.0252,0.0223,0.0187,-0.20812184,-0.037550706,-0.008206163,-0.39856803,0.76240605,-0.29508194,0.0066376985,-0.29411763,-0.7084746,0.70794827,-0.21372853,0.39856803,-0.28913963,-0.036429707,-27.23806,-22.693367,-0.055127755,2,"{""geodesic"":false,""type"":""Point"",""coordinates"":[110.42640009397991,-7.295763940441826]}"
1_1_1_2_111_0,0.0481,0.011,0.0072,0.0461,0.055,0.0394,0.0486,0.0346,0.0349,0.0319,0.0311,0.0236,-0.21495327,-0.020324104,-0.0024669373,-0.2658228,0.6666667,-0.20879121,0.0088927895,-0.1820513,-0.63171357,0.61471105,-0.105189346,0.2658228,-0.20745341,-0.019691931,-40.77604,-17.638374,-0.036851216,2,"{""geodesic"":false,""type"":""Point"",""coordinates"":[110.41725211141109,-7.294395425993866]}"
1_1_1_2_27_0,0.0464,0.0367,0.0193,0.0393,0.0494,0.0318,0.0464,0.0607,0.0706,0.0572,0.0759,0.1671,-0.16969696,0.06661421,0.024531618,0.073170714,0.14750293,-0.31071424,0.010729722,0.18549225,-0.4954248,0.034210518,0.28539324,-0.073170714,0.1042471,0.0646859,-31.463163,-14.061416,0.04501258,2,"{""geodesic"":false,""type"":""Point"",""coordinates"":[110.44115732748367,-7.303199683922853]}"
1_1_1_2_107_0,0.0575,0.0173,0.011,0.0501,0.0566,0.0453,0.0554,0.0466,0.0474,0.0436,0.0403,0.0903,-0.19897632,-0.004522958,0.0032621755,-0.12974052,0.53179973,-0.22261485,0.011428899,-0.069370314,-0.5970696,0.48664686,-0.019122599,0.12974052,-0.119191915,-0.004330104,-28.003702,-26.548346,-0.016422432,2,"{""geodesic"":false,""type"":""Point"",""coordinates"":[110.42122603001805,-7.3038077462979745]}"
1_1_1_2_26_0,0.0466,0.0048,0.0041,0.0427,0.056,0.0364,0.044,0.0245,0.0252,0.0205,0.0188,0.0133,-0.21072796,-0.043270018,-0.010299833,-0.4640523,0.84210527,-0.078651704,0.00728,-0.35126582,-0.6666667,0.7978947,-0.2794376,0.4640523,-0.36434108,-0.042826362,-25.290382,-24.186083,-0.059126418,2,"{""geodesic"":false,""type"":""Point"",""coordinates"":[110.43854726106727,-7.2894473986454535]}"
1_1_1_2_172_0,0.0542,0.0141,0.0087,0.0458,0.0522,0.0364,0.0423,0.0329,0.0343,0.0277,0.026,0.0375,-0.18548386,-0.024097059,-0.004747984,-0.3066333,0.57466066,-0.23684211,0.011432492,-0.24625851,-0.521978,0.52921534,-0.13572545,0.3066333,-0.20857143,-0.023134202,-24.627539,-19.354736,-0.047340892,2,"{""geodesic"":false,""type"":""Point"",""coordinates"":[110.42584096789574,-7.307974525327878]}"
1_1_1_2_120_0,0.0429,0.0225,0.0135,0.035,0.0416,0.0318,0.0521,0.072,0.0757,0.0788,0.0815,0.1111,-0.35395595,0.11667163,0.04864815,0.3089701,0.2979719,-0.25,0.00544797,0.38488576,-0.7074756,0.21739128,0.42495477,-0.3089701,0.2039725,0.1154602,-23.619198,-12.304547,0.107038125,2,"{""geodesic"":false,""type"":""Point"",""coordinates"":[110.41499707685291,-7.286884837831177]}"
1_1_1_2_130_0,0.0483,0.0117,0.0078,0.0416,0.0522,0.0357,0.0478,0.0311,0.029,0.0243,0.025,0.0581,-0.16328332,-0.03076093,-0.007146708,-0.3647059,0.63380283,-0.2,0.011459259,-0.26251897,-0.5140187,0.5609756,-0.19000001,0.3647059,-0.3259362,-0.030535717,-32.25171,-17.05351,-0.04585616,2,"{""geodesic"":false,""type"":""Point"",""coordinates"":[110.42487538463547,-7.283731610997552]}"
1_1_1_2_177_0,0.0483,0.016,0.0087,0.0413,0.045,0.0317,0.0378,0.0385,0.0348,0.0347,0.0323,0.1632,-0.22877929,0.008195374,0.0057823607,-0.12923467,0.47540984,-0.29554656,0.007947839,-0.086842105,-0.5990783,0.44153574,0.045180704,0.12923467,-0.042758636,0.007944912,-18.826094,-13.599162,-0.0171875,2,"{""geodesic"":false,""type"":""Point"",""coordinates"":[110.43172980857472,-7.307801073797808]}"
1_1_1_2_158_0,0.0458,0.0061,0.0044,0.0411,0.0495,0.0332,0.0426,0.0273,0.0268,0.0225,0.0208,0.0146,-0.2361516,-0.029284576,-0.0058973227,-0.37499997,0.7805755,-0.16190475,0.006492444,-0.2924528,-0.67286247,0.7415254,-0.19210051,0.37499997,-0.30875576,-0.028882487,-29.44574,-18.358614,-0.04950319,2,"{""geodesic"":false,""type"":""Point"",""coordinates"":[110.43366412288552,-7.282476334889]}"
1_1_1_2_166_0,0.0637,0.0359,0.0275,0.0478,0.052,0.0362,0.0459,0.0419,0.0434,0.0356,0.0543,0.0603,-0.07266879,-0.001677297,-5.468363E-4,-0.18721463,0.18316269,-0.13249213,0.027963486,-0.146283,-0.12836766,0.14217444,-0.008356583,0.18721463,-0.12638038,-0.001573984,-16.466354,-8.564509,-0.03136785,2,"{""geodesic"":false,""type"":""Point"",""coordinates"":[110.42756375052772,-7.3068008121930665]}"
1_1_1_2_113_0,0.0466,0.006,0.0051,0.0418,0.0519,0.0329,0.0396,0.0243,0.0234,0.0187,0.0185,0.0133,-0.2173038,-0.039330825,-0.009432769,-0.47025496,0.7927461,-0.08108107,0.008972728,-0.38181818,-0.57142854,0.748954,-0.27519384,0.47025496,-0.35849056,-0.038614944,-37.396973,-22.70719,-0.061819803,2,"{""geodesic"":false,""type"":""Point"",""coordinates"":[110.42042489544144,-7.292771334281505]}"
1_1_1_2_12_0,0.0487,0.0074,0.0046,0.0421,0.0518,0.0344,0.0414,0.026,0.0266,0.0213,0.0205,0.0166,-0.20532319,-0.035912063,-0.008315047,-0.4172367,0.75,-0.23333332,0.0074291085,-0.32807574,-0.6447876,0.7010101,-0.23518854,0.4172367,-0.3205742,-0.035360813,-26.179266,-20.801443,-0.05537807,2,"{""geodesic"":false,""type"":""Point"",""coordinates"":[110.42051211268159,-7.29539461167639]}"
1_1_1_2_84_0,0.0385,0.0145,0.0088,0.037,0.0475,0.0372,0.0427,0.0263,0.0383,0.0336,0.0353,0.1644,-0.15453802,-0.009190242,4.2290468E-4,-0.17139335,0.5322581,-0.24463518,0.009742858,-0.048158664,-0.5849056,0.43689322,-0.05084748,0.17139335,-0.11926607,-0.00946041,-34.73177,-18.84462,-0.008937964,2,"{""geodesic"":false,""type"":""Point"",""coordinates"":[110.44906857582261,-7.278967621486349]}"
1_1_1_2_59_0,0.0465,0.0105,0.0088,0.0426,0.0576,0.0424,0.0496,0.0275,0.0286,0.023,0.0186,0.0387,-0.107172996,-0.050631586,-0.013746664,-0.4292804,0.69162995,-0.088082895,0.016222607,-0.29878047,-0.4465409,0.6045198,-0.29663607,0.4292804,-0.36639118,-0.051467985,-25.387558,-19.093786,-0.051980194,2,"{""geodesic"":false,""type"":""Point"",""coordinates"":[110.44663575769094,-7.268291028664548]}"
1_1_1_2_41_0,0.0417,0.0074,0.0046,0.0385,0.0482,0.0335,0.0438,0.0252,0.0272,0.0213,0.0183,0.0151,-0.18768618,-0.03267099,-0.0075745457,-0.3870504,0.7338129,-0.23333332,0.0072347424,-0.28762543,-0.6447876,0.6775599,-0.22262777,0.3870504,-0.34562212,-0.032984864,-35.406,-17.9462,-0.04608789,2,"{""geodesic"":false,""type"":""Point"",""coordinates"":[110.4214443590491,-7.274862740237639]}"
1_1_1_2_179_0,0.0474,0.0258,0.014,0.0358,0.0422,0.0271,0.0394,0.066,0.0661,0.0419,0.0542,0.1206,-0.1898928,0.039529916,0.015030388,-0.0035671536,0.24117644,-0.2964824,0.009054893,0.07850711,-0.49910554,0.16233763,0.21449277,0.0035671536,0.030750325,0.03901582,-35.050564,-14.561373,0.015838677,2,"{""geodesic"":false,""type"":""Point"",""coordinates"":[110.43317805930756,-7.308797891171814]}"
1_1_1_2_157_0,0.0464,0.0065,0.004,0.0409,0.0522,0.036,0.0443,0.0275,0.0268,0.0232,0.0206,0.0152,-0.20262665,-0.03431819,-0.0075719934,-0.3846154,0.77853495,-0.23809522,0.0062068966,-0.27613103,-0.7058823,0.7257384,-0.2162162,0.3846154,-0.3125926,-0.03433476,-41.210815,-21.267761,-0.047066122,2,"{""geodesic"":false,""type"":""Point"",""coordinates"":[110.43185632815961,-7.279308172048839]}"
1_1_1_2_191_0,0.0449,0.0117,0.0074,0.0412,0.0526,0.035,0.0448,0.0269,0.0278,0.0218,0.0216,0.0258,-0.14858706,-0.035760727,-0.0090707615,-0.4139785,0.63608086,-0.22513087,0.011880734,-0.30793652,-0.49315068,0.557656,-0.23239437,0.4139785,-0.34534535,-0.035560343,-21.016598,-18.859186,-0.05168739,2,"{""geodesic"":false,""type"":""Point"",""coordinates"":[110.42497473013256,-7.276857224945884]}"
1_1_1_2_23_0,0.0527,0.0071,0.0043,0.046,0.0506,0.035,0.0406,0.0268,0.0228,0.0206,0.0213,0.015,-0.22539099,-0.040650405,-0.009455547,-0.4213483,0.75389946,-0.24561402,0.0073058256,-0.38138136,-0.65461844,0.73258007,-0.2589928,0.4213483,-0.32679737,-0.038876887,-34.949265,-35.954052,-0.0672432,2,"{""geodesic"":false,""type"":""Point"",""coordinates"":[110.42729542373758,-7.304086850313155]}"
1_1_1_2_193_0,0.048,0.01,0.0087,0.043,0.0524,0.0352,0.0424,0.0278,0.0301,0.0216,0.023,0.0242,-0.1766849,-0.037350323,-0.009134042,-0.4162162,0.67948717,-0.0695187,0.014177778,-0.33126935,-0.42574257,0.6226415,-0.23943661,0.4162162,-0.325,-0.03663793,-28.849436,-16.191465,-0.056854412,2,"{""geodesic"":false,""type"":""Point"",""coordinates"":[110.42478986767065,-7.279751521896806]}"
1_1_1_2_127_0,0.053,0.0139,0.0077,0.0552,0.0754,0.055,0.0728,0.0509,0.0531,0.0387,0.0341,0.0454,-0.15356265,-0.042683568,-0.009016236,-0.3216477,0.6886898,-0.28703701,0.010943153,-0.17571884,-0.66810346,0.5976845,-0.17395945,0.3216477,-0.3058296,-0.041182417,-28.31896,-17.09978,-0.041673683,2,"{""geodesic"":false,""type"":""Point"",""coordinates"":[110.41962156869083,-7.283453542076684]}"
1_1_1_2_204_0,0.0461,0.0162,0.01,0.0379,0.0432,0.0288,0.0442,0.043,0.0497,0.025,0.0289,0.073,-0.16589436,-0.0103989905,-0.0015670207,-0.26686218,0.45454547,-0.23664124,0.011519999,-0.20508744,-0.42857143,0.40110907,-0.07063195,0.26686218,-0.27745664,-0.010292522,-24.89305,-14.932071,-0.034375556,2,"{""geodesic"":false,""type"":""Point"",""coordinates"":[110.4184339982114,-7.2911406059464055]}"
1_1_1_2_20_0,0.0514,0.0065,0.0051,0.0474,0.0601,0.038,0.0432,0.0255,0.0268,0.0211,0.0194,0.0163,-0.2123894,-0.04728066,-0.011317553,-0.48029557,0.8048048,-0.120689645,0.009184835,-0.38394162,-0.610687,0.7588126,-0.285956,0.48029557,-0.34370142,-0.045340724,-37.58095,-23.994043,-0.06939314,2,"{""geodesic"":false,""type"":""Point"",""coordinates"":[110.43282434918355,-7.301922932644965]}"
1_1_1_2_32_0,0.0408,0.0142,0.0089,0.0426,0.0617,0.046,0.0583,0.0425,0.0393,0.0366,0.0308,0.0703,-0.13629842,-0.023663273,-0.0037643863,-0.25534078,0.62582344,-0.22943725,0.011185791,-0.07575754,-0.60879123,0.49999997,-0.113801435,0.25534078,-0.22866173,-0.024201851,-38.21477,-19.40027,-0.015538667,2,"{""geodesic"":false,""type"":""Point"",""coordinates"":[110.45132614182243,-7.284849904769141]}"
1_1_1_2_171_0,0.0566,0.0159,0.012,0.0464,0.0504,0.036,0.0427,0.0335,0.0341,0.0275,0.0302,0.0365,-0.17488076,-0.023729756,-0.0049378667,-0.29396662,0.52036196,-0.13978498,0.015709091,-0.255751,-0.39240506,0.4895666,-0.13385825,0.29396662,-0.21652421,-0.02262644,-23.61102,-23.9983,-0.04939885,2,"{""geodesic"":false,""type"":""Point"",""coordinates"":[110.42638522404789,-7.307432493575422]}"
1_1_1_2_98_0,0.0475,0.0158,0.0092,0.0402,0.0486,0.0321,0.04,0.0382,0.0387,0.0337,0.0394,0.1594,-0.2134647,0.0043252623,0.0044886954,-0.18104495,0.5093168,-0.26399997,0.008763204,-0.087956674,-0.5710956,0.4357143,0.024316125,0.18104495,-0.08548167,0.004241784,-40.527615,-28.205719,-0.016989019,2,"{""geodesic"":false,""type"":""Point"",""coordinates"":[110.43861936248729,-7.304281985433189]}"
1_1_1_2_22_0,0.051,0.0085,0.005,0.0447,0.0498,0.034,0.0392,0.0266,0.0269,0.0228,0.0224,0.0224,-0.2272727,-0.03140598,-0.006680878,-0.37190083,0.7084048,-0.25925928,0.0074561406,-0.32444444,-0.64028776,0.6804511,-0.19718312,0.37190083,-0.26451612,-0.030172417,-32.76096,-24.778408,-0.057885464,2,"{""geodesic"":false,""type"":""Point"",""coordinates"":[110.42919627518393,-7.305355615347589]}"
1_1_1_2_17_0,0.0526,0.0077,0.0049,0.0486,0.0536,0.0361,0.0421,0.029,0.0285,0.0237,0.02,0.0199,-0.24547803,-0.035396207,-0.0073669367,-0.38680464,0.7487765,-0.22222221,0.007463713,-0.34439832,-0.6573427,0.72646534,-0.20735785,0.38680464,-0.27963525,-0.03322615,-34.716152,-20.037228,-0.06526297,2,"{""geodesic"":false,""type"":""Point"",""coordinates"":[110.42412547209824,-7.3034496388698065]}"
1_1_1_2_39_0,0.0474,0.0059,0.0045,0.0446,0.0592,0.037,0.0462,0.0274,0.0265,0.0229,0.0195,0.0156,-0.22282608,-0.038719244,-0.008588442,-0.44214374,0.81874037,-0.13461542,0.007270742,-0.32148147,-0.67153287,0.7663366,-0.23539232,0.44214374,-0.33719248,-0.037774604,-30.144672,-17.680988,-0.057356823,2,"{""geodesic"":false,""type"":""Point"",""coordinates"":[110.43104365460991,-7.277226704905889]}"
1_1_1_2_65_0,0.047,0.0075,0.0044,0.0472,0.0636,0.044,0.0551,0.0284,0.032,0.0249,0.0213,0.0208,-0.16666669,-0.05107498,-0.01263145,-0.43728817,0.78902954,-0.2605042,0.0077751,-0.30929264,-0.6996587,0.725777,-0.27721334,0.43728817,-0.3775,-0.05036034,-31.522787,-16.876408,-0.058468804,2,"{""geodesic"":false,""type"":""Point"",""coordinates"":[110.43784619038219,-7.270451123269612]}"
1_1_1_2_154_0,0.0543,0.009,0.0059,0.0436,0.06,0.044,0.0568,0.0346,0.0338,0.0287,0.0282,0.0855,-0.15403034,-0.039608575,-0.009097282,-0.35287485,0.73913044,-0.20805365,0.009045296,-0.20608577,-0.6589595,0.6577947,-0.21045393,0.35287485,-0.32865497,-0.04007334,-24.519205,-16.874094,-0.039052945,2,"{""geodesic"":false,""type"":""Point"",""coordinates"":[110.4286028161575,-7.273243648404147]}"
1_1_1_2_190_0,0.049,0.0139,0.0089,0.0407,0.0552,0.0364,0.0459,0.034,0.0352,0.0241,0.0252,0.0327,-0.1259774,-0.03280875,-0.008312539,-0.39218158,0.5976845,-0.21929824,0.013442324,-0.25617284,-0.46060607,0.4908425,-0.20330581,0.39218158,-0.31142858,-0.03291704,-21.545021,-17.75111,-0.0440864,2,"{""geodesic"":false,""type"":""Point"",""coordinates"":[110.42624192408864,-7.277672918984834]}"
1_1_1_2_101_0,0.0492,0.0091,0.0047,0.0412,0.0481,0.0332,0.0401,0.0354,0.0362,0.0312,0.0305,0.0356,-0.26242372,-0.0054265256,0.0022710143,-0.21311475,0.6818182,-0.3188406,0.005001282,-0.13812158,-0.73816156,0.63817096,-0.031055907,0.21311475,-0.124824695,-0.00531538,-25.66653,-21.845476,-0.026205456,2,"{""geodesic"":false,""type"":""Point"",""coordinates"":[110.4320030757295,-7.306625514508771]}"
1_1_1_2_34_0,0.0435,0.029,0.0186,0.0406,0.0485,0.0408,0.0499,0.0468,0.0502,0.0405,0.046,0.0863,-0.074884035,-7.6468533E-4,0.0017912013,-0.089887656,0.25161293,-0.21848738,0.018737778,-0.0012330664,-0.37055838,0.1666667,-0.0036900535,0.089887656,-0.1039823,-7.7413046E-4,-20.559826,-16.332153,-2.581355E-4,2,"{""geodesic"":false,""type"":""Point"",""coordinates"":[110.4496978435409,-7.282948383688557]}"
1_1_1_2_33_0,0.0402,0.0146,0.0077,0.0409,0.0588,0.0468,0.0571,0.0313,0.0403,0.0358,0.0334,0.1569,-0.11078928,-0.027231768,-0.005293499,-0.24312899,0.6021798,-0.30941704,0.010065922,-0.06649284,-0.645977,0.47387385,-0.13317192,0.24312899,-0.22927882,-0.028321318,-17.97727,-13.489343,-0.013265131,2,"{""geodesic"":false,""type"":""Point"",""coordinates"":[110.45141497158971,-7.286297284258822]}"
1_1_1_2_37_0,0.0433,0.0057,0.0033,0.039,0.0488,0.0338,0.0426,0.0233,0.0236,0.0192,0.015,0.0122,-0.19140229,-0.03926842,-0.009620101,-0.4352941,0.79082566,-0.26666668,0.0058093746,-0.34020618,-0.7066667,0.74496645,-0.27547166,0.4352941,-0.37864077,-0.039602164,-34.45874,-18.063505,-0.053206734,2,"{""geodesic"":false,""type"":""Point"",""coordinates"":[110.44227254150158,-7.280497027272769]}"
1_1_1_2_183_0,0.0404,0.0257,0.0135,0.0327,0.039,0.0291,0.0356,0.0429,0.0425,0.0382,0.0448,0.1945,-0.12808271,0.02351299,0.009702547,-0.010362725,0.20556417,-0.31122446,0.010284033,0.07757405,-0.47775626,0.119863,0.13521542,0.010362725,0.03523033,0.024061337,-19.877413,-18.649397,0.014450867,2,"{""geodesic"":false,""type"":""Point"",""coordinates"":[110.4497716534611,-7.296697549205821]}"
1_1_1_2_187_0,0.0465,0.0099,0.0041,0.0403,0.0493,0.0336,0.0406,0.0256,0.0264,0.0235,0.0187,0.0462,-0.1891892,-0.027360892,-0.0058998736,-0.35439563,0.6655405,-0.41428572,0.0058621275,-0.26332292,-0.70289856,0.6055777,-0.17688265,0.35439563,-0.2667707,-0.0271944,-31.194874,-16.7862,-0.044696704,2,"{""geodesic"":false,""type"":""Point"",""coordinates"":[110.4234321985111,-7.2788452543518725]}"
1_1_1_2_122_0,0.0449,0.0234,0.0132,0.0375,0.0452,0.0346,0.0556,0.0688,0.0768,0.0823,0.0677,0.2191,-0.34758157,0.11822733,0.04968487,0.29098037,0.31778428,-0.27868852,0.005549453,0.3739566,-0.7235602,0.23152712,0.40804106,-0.29098037,0.19361857,0.115983136,-35.486115,-14.736683,0.10842207,2,"{""geodesic"":false,""type"":""Point"",""coordinates"":[110.41427118561637,-7.28778843771079]}"
1_1_1_2_56_0,0.0434,0.0106,0.0066,0.0453,0.0596,0.0445,0.0532,0.0307,0.0272,0.022,0.0175,0.024,-0.0996732,-0.05925731,-0.016492225,-0.46078432,0.6980057,-0.23255813,0.013350001,-0.346211,-0.53846157,0.6207513,-0.3383459,0.46078432,-0.41489363,-0.059576347,-24.604845,-18.723955,-0.061607614,2,"{""geodesic"":false,""type"":""Point"",""coordinates"":[110.44754206317211,-7.267930315592919]}"
1_1_1_2_150_0,0.0458,0.0079,0.0052,0.0433,0.0561,0.0445,0.0555,0.0338,0.0343,0.0293,0.0282,0.0192,-0.1616,-0.039112758,-0.008713729,-0.31381732,0.753125,-0.20610684,0.007897611,-0.19283745,-0.6985507,0.69140625,-0.20596206,0.31381732,-0.30896226,-0.0397351,-34.38244,-17.489223,-0.036674812,2,"{""geodesic"":false,""type"":""Point"",""coordinates"":[110.42235150381848,-7.273868902587769]}"
1_1_1_2_30_0,0.045,0.0123,0.0085,0.0449,0.0634,0.0499,0.0611,0.0397,0.0429,0.0315,0.0301,0.0868,-0.10245312,-0.04627068,-0.011736507,-0.3361433,0.67503303,-0.18269226,0.0134650795,-0.17539266,-0.575,0.5699301,-0.22604421,0.3361433,-0.31965443,-0.047471616,-35.88654,-18.6304,-0.034871615,2,"{""geodesic"":false,""type"":""Point"",""coordinates"":[110.45051557023079,-7.280959378397985]}"
1_1_1_2_3_0,0.0496,0.0065,0.0041,0.0438,0.0547,0.0344,0.0415,0.0273,0.026,0.0229,0.0212,0.0158,-0.23977694,-0.03191608,-0.006555548,-0.4097938,0.7875817,-0.2264151,0.006158952,-0.31334332,-0.6962963,0.7415507,-0.2006981,0.4097938,-0.28881988,-0.030952811,-26.508339,-19.96522,-0.055320274,2,"{""geodesic"":false,""type"":""Point"",""coordinates"":[110.42867187812709,-7.290249117584386]}"
1_1_1_2_14_0,0.0517,0.0067,0.004,0.0479,0.0562,0.0362,0.0442,0.029,0.0288,0.0251,0.0242,0.0192,-0.25970662,-0.031425178,-0.005871996,-0.38253382,0.78696346,-0.2523364,0.005768925,-0.31232876,-0.7250859,0.75457877,-0.18107669,0.38253382,-0.27561328,-0.029663285,-27.606455,-20.942556,-0.05968586,2,"{""geodesic"":false,""type"":""Point"",""coordinates"":[110.42857692988794,-7.293686254106698]}"
1_1_1_2_141_0,0.0448,0.0095,0.0087,0.0388,0.0506,0.0348,0.0461,0.0296,0.0309,0.0232,0.0249,0.0271,-0.16650988,-0.03081828,-0.0071163215,-0.37127373,0.68386024,-0.043956023,0.01305,-0.25161293,-0.45454544,0.60662526,-0.20000002,0.37127373,-0.33044735,-0.031182798,-48.440365,-19.074972,-0.041637015,2,"{""geodesic"":false,""type"":""Point"",""coordinates"":[110.41980972206267,-7.278026541682449]}"
1_1_1_2_21_0,0.0508,0.009,0.0063,0.0464,0.0574,0.036,0.0427,0.0349,0.0348,0.0369,0.0282,0.0378,-0.2985191,0.0024864636,0.005684954,-0.21739131,0.7289157,-0.17647056,0.0061463416,-0.11404563,-0.7083333,0.67509025,0.012345684,0.21739131,-0.07286434,0.002356433,-37.882824,-28.67889,-0.02442997,2,"{""geodesic"":false,""type"":""Point"",""coordinates"":[110.42875042604693,-7.299746898271622]}"
1_1_1_2_186_0,0.0448,0.0233,0.0147,0.0393,0.0502,0.0342,0.0448,0.0467,0.0403,0.0256,0.0286,0.1066,-0.06045749,-0.022968864,-0.006668298,-0.32453826,0.3659864,-0.22631578,0.019638283,-0.21109398,-0.27047145,0.25559103,-0.14381275,0.32453826,-0.27272728,-0.02304395,-24.335331,-15.134107,-0.03637812,2,"{""geodesic"":false,""type"":""Point"",""coordinates"":[110.42252666472261,-7.2785727383590615]}"
1_1_1_2_99_0,0.051,0.0102,0.0066,0.0448,0.0553,0.0363,0.0414,0.0313,0.0291,0.0249,0.0238,0.0326,-0.19965576,-0.031432666,-0.006774544,-0.37905237,0.68854964,-0.21428573,0.009621686,-0.2855093,-0.5809524,0.6290909,-0.1862745,0.37905237,-0.24886876,-0.030470418,-35.036903,-45.14741,-0.052395992,2,"{""geodesic"":false,""type"":""Point"",""coordinates"":[110.4355398671001,-7.30373541952184]}"
1_1_1_2_142_0,0.0446,0.0101,0.0069,0.0403,0.0498,0.0327,0.0442,0.0253,0.0251,0.0226,0.0215,0.0237,-0.19016087,-0.027548956,-0.0060948143,-0.3756906,0.6627713,-0.18823528,0.009983627,-0.28139904,-0.5322034,0.5992064,-0.1826401,0.3756906,-0.3233533,-0.027282543,-35.185715,-20.887062,-0.04716646,2,"{""geodesic"":false,""type"":""Point"",""coordinates"":[110.4207160649299,-7.277665885572664]}"
1_1_1_2_5_0,0.0463,0.0067,0.0039,0.0392,0.0513,0.0335,0.0417,0.0262,0.025,0.0219,0.0207,0.0165,-0.20631786,-0.031219725,-0.0068504903,-0.40163934,0.76896554,-0.26415095,0.0059657535,-0.2831424,-0.69767445,0.70806104,-0.20938629,0.40163934,-0.31132075,-0.031328775,-48.444828,-19.111122,-0.046248443,2,"{""geodesic"":false,""type"":""Point"",""coordinates"":[110.42478110493357,-7.286626021956271]}"
1_1_1_2_114_0,0.0436,0.0143,0.0082,0.0368,0.0414,0.0306,0.0415,0.0471,0.0486,0.0428,0.0415,0.0704,-0.27871487,0.032091755,0.015088696,0.016627094,0.486535,-0.2711111,0.0058626165,0.07537689,-0.6784314,0.44031313,0.16621256,-0.016627094,0.015421136,0.031914897,-37.14719,-25.47975,0.015527952,2,"{""geodesic"":false,""type"":""Point"",""coordinates"":[110.41553393075866,-7.292041405517913]}"
1_1_1_2_72_0,0.0502,0.0077,0.0075,0.0475,0.0612,0.0459,0.0581,0.0311,0.0343,0.0295,0.022,0.0176,-0.17917305,-0.043219306,-0.009630174,-0.34950384,0.77648765,-0.013157903,0.0116694905,-0.23376623,-0.5945946,0.7210145,-0.21750662,0.34950384,-0.32648402,-0.042752862,-24.285667,-16.238274,-0.04679376,2,"{""geodesic"":false,""type"":""Point"",""coordinates"":[110.43277481641107,-7.269268901442435]}"
1_1_1_2_58_0,0.0425,0.0117,0.0065,0.0372,0.0486,0.0365,0.0426,0.0274,0.0282,0.0215,0.0191,0.063,-0.09822265,-0.039001558,-0.01060493,-0.38659057,0.6119403,-0.28571427,0.011034884,-0.26746166,-0.53571427,0.5214724,-0.25862068,0.38659057,-0.32917315,-0.040322576,-29.789762,-15.097197,-0.04215142,2,"{""geodesic"":false,""type"":""Point"",""coordinates"":[110.44844638139595,-7.269197779378672]}"
1_1_1_2_144_0,0.0462,0.0083,0.0053,0.0422,0.0522,0.0329,0.0428,0.0268,0.0261,0.0234,0.0215,0.0362,-0.2284644,-0.026263414,-0.005140377,-0.3809524,0.72561985,-0.22058824,0.00745171,-0.28658536,-0.630662,0.6712871,-0.16873895,0.3809524,-0.29305136,-0.025615681,-26.053305,-16.430058,-0.049858555,2,"{""geodesic"":false,""type"":""Point"",""coordinates"":[110.42379328108466,-7.279840708949949]}"
1_1_1_2_131_0,0.0555,0.013,0.0082,0.061,0.0839,0.0692,0.0752,0.0451,0.0495,0.0425,0.0357,0.1075,-0.11470112,-0.06673665,-0.016740207,-0.32753164,0.7316821,-0.2264151,0.01335153,-0.17874396,-0.6765286,0.6486486,-0.23903313,0.32753164,-0.27782497,-0.06547327,-24.636332,-14.519468,-0.045981772,2,"{""geodesic"":false,""type"":""Point"",""coordinates"":[110.41563530474491,-7.283719774665526]}"
1_1_1_2_13_0,0.0495,0.0056,0.0034,0.0417,0.0536,0.0349,0.0419,0.0281,0.0281,0.0234,0.0201,0.0168,-0.23295458,-0.0312483,-0.006307438,-0.3922078,0.8108108,-0.24444441,0.00507094,-0.28110602,-0.74626863,0.7632136,-0.19725557,0.3922078,-0.28330782,-0.030897364,-48.45031,-24.041996,-0.04857548,2,"{""geodesic"":false,""type"":""Point"",""coordinates"":[110.43193039985987,-7.2924241230690106]}"
1_1_1_2_76_0,0.0376,0.0176,0.0088,0.0342,0.0483,0.0361,0.0418,0.0358,0.0318,0.0324,0.0232,0.2139,-0.10723194,-0.009319898,-4.2141957E-4,-0.19702603,0.4658574,-0.33333334,0.009804938,-0.027027037,-0.57281554,0.32046333,-0.054014586,0.19702603,-0.12668462,-0.009762531,-29.92301,-16.764618,-0.0047652684,2,"{""geodesic"":false,""type"":""Point"",""coordinates"":[110.44925030449475,-7.278515570118226]}"
1_1_1_2_184_0,0.0483,0.0207,0.0165,0.0426,0.0517,0.0345,0.0438,0.0325,0.0332,0.0258,0.0309,0.0402,-0.106796116,-0.023814732,-0.0062543554,-0.33419353,0.4281768,-0.11290324,0.022063952,-0.245614,-0.21985817,0.34597155,-0.14427857,0.33419353,-0.25862068,-0.023291089,-31.26056,-16.547293,-0.04433497,2,"{""geodesic"":false,""type"":""Point"",""coordinates"":[110.42451994737146,-7.278303913230269]}"
1_1_1_2_153_0,0.0472,0.0085,0.0051,0.0435,0.0556,0.0378,0.0469,0.0264,0.0264,0.0208,0.0202,0.018,-0.16274863,-0.04612796,-0.011807438,-0.45549738,0.7347894,-0.25,0.009268269,-0.35303265,-0.60617757,0.6730769,-0.29010236,0.45549738,-0.38552436,-0.045649838,-27.421816,-17.448126,-0.06034024,2,"{""geodesic"":false,""type"":""Point"",""coordinates"":[110.42588325148608,-7.274777932054703]}"
1_1_1_2_145_0,0.0462,0.0145,0.012,0.0403,0.0515,0.0347,0.044,0.0247,0.031,0.0232,0.0247,0.0232,-0.12688555,-0.030942257,-0.007920145,-0.37884873,0.56060606,-0.0943396,0.017948275,-0.26929134,-0.3181818,0.47080293,-0.1986183,0.37884873,-0.30952382,-0.030919516,-39.803646,-18.001093,-0.04551908,2,"{""geodesic"":false,""type"":""Point"",""coordinates"":[110.42433992440763,-7.277399143363711]}"
1_1_1_2_90_0,0.0436,0.03,0.0181,0.0363,0.041,0.0256,0.037,0.0569,0.0628,0.0463,0.0479,0.1741,-0.19536905,0.055786133,0.019920232,0.060710195,0.15492961,-0.24740121,0.010007775,0.12106539,-0.4378882,0.09502263,0.28789988,-0.060710195,0.11164467,0.054292712,-22.55468,-15.592408,0.025746657,2,"{""geodesic"":false,""type"":""Point"",""coordinates"":[110.44886108286015,-7.300495524036268]}"
1_1_1_2_79_0,0.0342,0.0145,0.0095,0.024,0.0292,0.021,0.0362,0.0472,0.0485,0.0427,0.0447,0.1844,-0.30528376,0.05487003,0.022851935,0.18776077,0.33638448,-0.20833333,0.004672131,0.2803598,-0.63601536,0.24675326,0.34065935,-0.18776077,0.08238276,0.057743482,-22.917032,-19.597034,0.049497087,2,"{""geodesic"":false,""type"":""Point"",""coordinates"":[110.44762679175133,-7.27272450682575]}"
1_1_1_2_78_0,0.036,0.0115,0.0074,0.0321,0.0372,0.0276,0.0349,0.0311,0.0337,0.027,0.0282,0.1045,-0.20366599,-0.0015758759,0.0022532514,-0.15887849,0.52772075,-0.21693122,0.007564444,-0.0862944,-0.5697675,0.47247705,-0.010988993,0.15887849,-0.12762518,-0.0016227885,-22.742445,-22.73766,-0.013682701,2,"{""geodesic"":false,""type"":""Point"",""coordinates"":[110.44816832687756,-7.274353347224513]}"
1_1_1_2_185_0,0.0418,0.0116,0.0074,0.0387,0.0492,0.0332,0.0405,0.0254,0.0256,0.0197,0.0222,0.0389,-0.13178295,-0.036343075,-0.009672036,-0.42815673,0.618421,-0.22105263,0.012471066,-0.32534245,-0.45387453,0.5387674,-0.25519848,0.42815673,-0.34551495,-0.036625065,-48.442284,-14.872757,-0.05103868,2,"{""geodesic"":false,""type"":""Point"",""coordinates"":[110.42289040397476,-7.277487752979302]}"
1_1_1_2_135_0,0.057,0.014,0.0102,0.0577,0.0836,0.0736,0.0844,0.0575,0.0527,0.0477,0.0417,0.0803,-0.092227966,-0.061284374,-0.015337659,-0.27341965,0.71311474,-0.15702479,0.015738366,-0.09487668,-0.64766836,0.60948396,-0.21352021,0.27341965,-0.27781984,-0.06253018,-36.705334,-23.075508,-0.02477701,2,"{""geodesic"":false,""type"":""Point"",""coordinates"":[110.41654306542071,-7.28227368236659]}"
1_1_1_2_189_0,0.0499,0.0127,0.0111,0.0431,0.0546,0.037,0.0452,0.0292,0.0282,0.0258,0.0234,0.035,-0.1618887,-0.030285003,-0.0068935407,-0.35820895,0.6225854,-0.067226894,0.015918603,-0.2510885,-0.39837402,0.54480284,-0.17834394,0.35820895,-0.27323943,-0.029850746,-21.118027,-16.249422,-0.04561434,2,"{""geodesic"":false,""type"":""Point"",""coordinates"":[110.42624077482321,-7.278577458900143]}"
1_1_1_2_55_0,0.0453,0.0092,0.0077,0.0417,0.0499,0.04,0.049,0.0297,0.0278,0.0239,0.0206,0.0373,-0.14285716,-0.042317193,-0.0106416065,-0.3523035,0.68866324,-0.08875741,0.012887029,-0.27134147,-0.51265824,0.6385069,-0.25195616,0.3523035,-0.34430727,-0.04282674,-32.56055,-20.565784,-0.04720651,2,"{""geodesic"":false,""type"":""Point"",""coordinates"":[110.44826576017607,-7.268745287121971]}"
1_1_1_2_54_0,0.045,0.0072,0.006,0.0414,0.0556,0.0407,0.0513,0.0261,0.0257,0.023,0.0185,0.0135,-0.14692788,-0.046252742,-0.011763113,-0.41475827,0.77070063,-0.09090908,0.010617391,-0.2857143,-0.5862069,0.7037037,-0.277865,0.41475827,-0.38088828,-0.04709952,-28.922916,-21.014702,-0.04890149,2,"{""geodesic"":false,""type"":""Point"",""coordinates"":[110.44409833993122,-7.269102015542326]}"
1_1_1_2_195_0,0.0472,0.0139,0.009,0.0422,0.0518,0.0345,0.0422,0.0261,0.0297,0.026,0.0273,0.0318,-0.16981132,-0.02318603,-0.004849256,-0.33161953,0.57686454,-0.2139738,0.0119423065,-0.23753664,-0.48571432,0.50445634,-0.14049585,0.33161953,-0.23753665,-0.022747543,-23.175213,-15.709056,-0.042766627,2,"{""geodesic"":false,""type"":""Point"",""coordinates"":[110.42424472285987,-7.281017186446234]}"
1_1_1_2_89_0,0.0411,0.0262,0.0125,0.0384,0.0411,0.0291,0.0368,0.0378,0.044,0.0487,0.0509,0.3025,-0.22331461,0.052389607,0.02011394,0.08463254,0.22139671,-0.35400516,0.007469199,0.11825487,-0.59150326,0.18885452,0.25192803,-0.08463254,0.1391813,0.05088266,-23.814066,-14.034557,0.026315788,2,"{""geodesic"":false,""type"":""Point"",""coordinates"":[110.45148904721096,-7.299865542832835]}"
1_1_1_2_200_0,0.0452,0.0174,0.0085,0.0382,0.0483,0.0308,0.0413,0.0354,0.0419,0.0252,0.0411,0.0291,-0.13620071,-0.015159718,-0.0032252448,-0.31428573,0.47031963,-0.34362933,0.010388889,-0.2050473,-0.49554893,0.3741007,-0.099999994,0.31428573,-0.24210526,-0.015107913,-24.32635,-17.114796,-0.034611285,2,"{""geodesic"":false,""type"":""Point"",""coordinates"":[110.41889173038518,-7.287432581343213]}"
1_1_1_2_6_0,0.048,0.0066,0.005,0.0426,0.0555,0.0359,0.0444,0.0293,0.0276,0.0242,0.022,0.0184,-0.22232386,-0.031790026,-0.006507439,-0.39272273,0.78743964,-0.13793105,0.007417355,-0.2754491,-0.65753424,0.73170733,-0.19467555,0.39272273,-0.29446065,-0.031333692,-23.40534,-18.668617,-0.04869442,2,"{""geodesic"":false,""type"":""Point"",""coordinates"":[110.43719133956635,-7.28709390235403]}"
1_1_1_2_134_0,0.0544,0.0202,0.0133,0.0598,0.079,0.0686,0.0789,0.0588,0.0576,0.0471,0.0497,0.2053,-0.09248851,-0.053207282,-0.012922525,-0.25297385,0.59274197,-0.20597014,0.019371124,-0.11880261,-0.5596027,0.495,-0.18582541,0.25297385,-0.25238094,-0.052379403,-38.831882,-14.440378,-0.031389024,2,"{""geodesic"":false,""type"":""Point"",""coordinates"":[110.41318952146729,-7.283626156186158]}"
1_1_1_2_118_0,0.0429,0.0093,0.0057,0.0375,0.0473,0.031,0.0391,0.0264,0.0303,0.025,0.0258,0.032,-0.21595332,-0.016133366,-0.0021543137,-0.30843705,0.6713781,-0.24,0.007068,-0.20000002,-0.6286645,0.6025641,-0.10714284,0.30843705,-0.2199688,-0.016187048,-31.416151,-17.348305,-0.033333335,2,"{""geodesic"":false,""type"":""Point"",""coordinates"":[110.4183490085362,-7.286798705966538]}"
1_1_1_2_133_0,0.0577,0.0167,0.0101,0.064,0.0818,0.071,0.0813,0.0559,0.0607,0.0512,0.0459,0.0885,-0.13553475,-0.049638998,-0.010176929,-0.2300752,0.6609137,-0.24626866,0.014005859,-0.11111115,-0.6704731,0.58612144,-0.16202949,0.2300752,-0.22716983,-0.047733855,-29.285244,-16.159796,-0.031209374,2,"{""geodesic"":false,""type"":""Point"",""coordinates"":[110.4134619935563,-7.283083785879624]}"
1_1_1_2_11_0,0.0494,0.0069,0.0036,0.0454,0.0568,0.0363,0.0436,0.0294,0.0277,0.0233,0.0218,0.0171,-0.22788204,-0.036087055,-0.007789717,-0.41822723,0.7833595,-0.31428573,0.005608584,-0.32168853,-0.732342,0.7361377,-0.21812081,0.41822723,-0.30343798,-0.03484632,-48.452484,-24.236269,-0.058290843,2,"{""geodesic"":false,""type"":""Point"",""coordinates"":[110.43418903984593,-7.297311482133794]}"
1_1_1_2_119_0,0.0458,0.0216,0.0124,0.0438,0.047,0.0395,0.0497,0.0476,0.0551,0.041,0.0471,0.1593,-0.16244002,0.003949445,0.004672247,-0.06818179,0.37026235,-0.27058822,0.011946342,-0.033018854,-0.5355805,0.33944952,0.018633531,0.06818179,-0.09592061,0.003875967,-26.57551,-15.605922,-0.0071819397,2,"{""geodesic"":false,""type"":""Point"",""coordinates"":[110.41363482265274,-7.2895062373185375]}"
1_1_1_2_129_0,0.051,0.0141,0.0076,0.0467,0.0616,0.0441,0.0571,0.0395,0.0381,0.0332,0.0257,0.0929,-0.1571325,-0.028758382,-0.005583386,-0.29957807,0.6274769,-0.29953918,0.010095181,-0.16896121,-0.62745094,0.5361842,-0.14100908,0.29957807,-0.26467332,-0.0283215,-46.583393,-16.018715,-0.034919817,2,"{""geodesic"":false,""type"":""Point"",""coordinates"":[110.42388005951338,-7.282825804271128]}"
1_1_1_2_136_0,0.0459,0.0258,0.0164,0.0368,0.0446,0.0288,0.0384,0.0482,0.0551,0.0399,0.0512,0.1184,-0.16831684,0.029625285,0.011631663,-0.055621274,0.26704544,-0.22274883,0.011837593,0.040417213,-0.41740677,0.17571884,0.16157207,0.055621274,0.019157102,0.029277304,-28.85569,-18.783194,0.008063119,2,"{""geodesic"":false,""type"":""Point"",""coordinates"":[110.4428808391278,-7.30139272848931]}"
1_1_1_2_178_0,0.049,0.025,0.0144,0.0405,0.046,0.0309,0.0415,0.05,0.0545,0.0423,0.0536,0.176,-0.19394377,0.030845828,0.012445602,-0.041902598,0.29577464,-0.26903555,0.010519149,0.021739138,-0.4920635,0.23664121,0.15573771,0.041902598,0.009546549,0.029832521,-24.26906,-17.075071,0.0046328087,2,"{""geodesic"":false,""type"":""Point"",""coordinates"":[110.4324543326611,-7.307982894114658]}"
1_1_1_2_155_0,0.0476,0.0088,0.0068,0.0446,0.0575,0.0392,0.0492,0.029,0.0284,0.0259,0.0201,0.018,-0.18987341,-0.035883874,-0.007912496,-0.3788969,0.73454,-0.12820512,0.010291892,-0.2652482,-0.58409786,0.670412,-0.20430107,0.3788969,-0.310253,-0.035303485,-26.847832,-16.838404,-0.04916739,2,"{""geodesic"":false,""type"":""Point"",""coordinates"":[110.42796801980442,-7.273785572728427]}"
1_1_1_2_28_0,0.0431,0.0051,0.004,0.0374,0.0479,0.0336,0.0436,0.0225,0.0236,0.0182,0.0153,0.0096,-0.17921528,-0.040987965,-0.010349213,-0.44931918,0.80754715,-0.12087911,0.007384615,-0.3453237,-0.6396396,0.76,-0.29729727,0.44931918,-0.41100323,-0.041862987,-26.280678,-17.423357,-0.05183585,2,"{""geodesic"":false,""type"":""Point"",""coordinates"":[110.44354234453496,-7.279232228126212]}"
1_1_1_2_197_0,0.0477,0.0145,0.0096,0.04,0.0504,0.034,0.0397,0.0288,0.0323,0.0263,0.0263,0.0484,-0.15505224,-0.020692253,-0.0042442014,-0.31421122,0.5531587,-0.20331946,0.012410647,-0.20663649,-0.46518105,0.4678899,-0.12769489,0.31421122,-0.2030303,-0.02061396,-27.685175,-16.717384,-0.036288183,2,"{""geodesic"":false,""type"":""Point"",""coordinates"":[110.42261667442777,-7.279025123511496]}"
1_1_1_2_92_0,0.0428,0.0292,0.0114,0.0351,0.0404,0.0275,0.0404,0.0712,0.0823,0.0523,0.0749,0.1415,-0.21304649,0.06498611,0.024498723,0.12837109,0.1609195,-0.43842363,0.005994264,0.1967963,-0.6420722,0.0917574,0.31077692,-0.12837109,0.12837107,0.06416005,-21.105345,-13.137685,0.04392236,2,"{""geodesic"":false,""type"":""Point"",""coordinates"":[110.45022008606115,-7.300406726257115]}"
1_1_1_2_138_0,0.0469,0.0069,0.0045,0.0413,0.0556,0.0349,0.0455,0.0279,0.0279,0.0239,0.0213,0.0156,-0.2186916,-0.029776402,-0.006037824,-0.3987421,0.7792,-0.21052633,0.006571129,-0.26687115,-0.6830986,0.71369296,-0.1870748,0.3987421,-0.31123918,-0.029527554,-30.849003,-20.604246,-0.04617834,2,"{""geodesic"":false,""type"":""Point"",""coordinates"":[110.4290458030774,-7.281113720688982]}"
1_1_1_2_31_0,0.0398,0.0141,0.0089,0.0375,0.0501,0.0398,0.0479,0.0361,0.0454,0.0315,0.0311,0.1371,-0.122864135,-0.020979725,-0.0037454315,-0.22794116,0.5607476,-0.22608697,0.011245078,-0.08695653,-0.559406,0.45348838,-0.116409525,0.22794116,-0.20654911,-0.0217924,-22.4785,-16.66605,-0.015817225,2,"{""geodesic"":false,""type"":""Point"",""coordinates"":[110.45078359442648,-7.284035156263912]}"
1_1_1_2_10_0,0.044,0.0064,0.0034,0.0407,0.054,0.0376,0.0451,0.0242,0.0232,0.0199,0.0178,0.0154,-0.15869981,-0.04706195,-0.012170719,-0.4614344,0.7880795,-0.30612242,0.0064241206,-0.34323433,-0.7081545,0.7282378,-0.30782607,0.4614344,-0.3876923,-0.047623318,-25.945684,-18.850323,-0.055654656,2,"{""geodesic"":false,""type"":""Point"",""coordinates"":[110.44606238354865,-7.292622569826399]}"
1_1_1_2_86_0,0.0405,0.017,0.0081,0.0368,0.048,0.0375,0.0479,0.0357,0.0419,0.0363,0.0371,0.0786,-0.145768,-0.0030447622,0.0024330192,-0.13879004,0.47692305,-0.35458168,0.008367769,-0.006839959,-0.6351351,0.3680297,-0.016260184,0.13879004,-0.13776723,-0.003136986,-22.608027,-12.467196,-0.0013086748,2,"{""geodesic"":false,""type"":""Point"",""coordinates"":[110.45132041967989,-7.289553530747987]}"
1_1_1_2_95_0,0.0458,0.0186,0.0115,0.0356,0.0459,0.03,0.0351,0.0389,0.0436,0.0384,0.0404,0.1169,-0.20717783,0.022072742,0.010420316,-0.088967934,0.4232558,-0.2358804,0.008984375,0.037837874,-0.5390782,0.3136531,0.12280705,0.088967934,0.044897985,0.022167495,-23.903227,-18.426315,0.00731708,2,"{""geodesic"":false,""type"":""Point"",""coordinates"":[110.44342406117384,-7.30166476136134]}"
1_1_1_2_77_0,0.0384,0.0237,0.0129,0.0356,0.0435,0.0316,0.0376,0.0372,0.0301,0.0397,0.0291,0.1751,-0.15313937,0.021043342,0.009500044,-0.045673043,0.29464284,-0.29508197,0.010268009,0.054448903,-0.5095057,0.2006745,0.11360453,0.045673043,0.027166901,0.021267293,-24.143284,-17.196444,0.010690081,2,"{""geodesic"":false,""type"":""Point"",""coordinates"":[110.44888894430376,-7.277701040227162]}"
1_1_1_2_42_0,0.0495,0.0078,0.0051,0.0462,0.0614,0.0424,0.0539,0.0291,0.028,0.0259,0.0218,0.0153,-0.17906788,-0.044174336,-0.010368168,-0.40664375,0.7745665,-0.20930229,0.008349035,-0.2815534,-0.67096776,0.7111111,-0.24158123,0.40664375,-0.3508772,-0.043550935,-29.605068,-18.194807,-0.05322496,2,"{""geodesic"":false,""type"":""Point"",""coordinates"":[110.4307786147103,-7.27188957289948]}"
1_1_1_2_124_0,0.0495,0.0147,0.0075,0.0474,0.0594,0.0428,0.0508,0.0285,0.0453,0.0373,0.0341,0.2152,-0.19127989,-0.014649478,-5.201029E-4,-0.22854185,0.6032389,-0.32432434,0.008605897,-0.11924438,-0.6651786,0.5265701,-0.06866416,0.22854185,-0.15323494,-0.014221686,-27.168106,-15.856679,-0.025910722,2,"{""geodesic"":false,""type"":""Point"",""coordinates"":[110.42179477673918,-7.284179955998155]}"
1_1_1_2_67_0,0.0476,0.0079,0.0055,0.0454,0.065,0.0446,0.0561,0.0297,0.0305,0.0245,0.0207,0.0177,-0.14215688,-0.0528058,-0.013596007,-0.45251396,0.78326476,-0.17910446,0.010012245,-0.2989986,-0.6333333,0.70356476,-0.29088277,0.45251396,-0.39205956,-0.052978385,-48.451763,-15.055633,-0.055009656,2,"{""geodesic"":false,""type"":""Point"",""coordinates"":[110.43920588770754,-7.269729172178895]}"
1_1_1_2_160_0,0.0435,0.0052,0.0048,0.039,0.0511,0.0314,0.041,0.0228,0.0217,0.0189,0.0172,0.0116,-0.22539684,-0.034160472,-0.007856822,-0.46,0.8152753,-0.039999977,0.007974603,-0.34715027,-0.59493667,0.7647059,-0.24850895,0.46,-0.36894825,-0.03407232,-48.45513,-28.60169,-0.05404195,2,"{""geodesic"":false,""type"":""Point"",""coordinates"":[110.4406344322986,-7.28655544692878]}"
1_1_1_2_199_0,0.0472,0.0128,0.0076,0.0377,0.0472,0.0309,0.0393,0.0279,0.0364,0.0204,0.0247,0.0347,-0.14145385,-0.028438326,-0.0072923074,-0.3964497,0.5733334,-0.25490195,0.0115117645,-0.29776248,-0.45714286,0.49306932,-0.20467834,0.3964497,-0.3165829,-0.028568834,-28.262754,-16.545273,-0.046497043,2,"{""geodesic"":false,""type"":""Point"",""coordinates"":[110.41852773858247,-7.288698469297813]}"
1_1_1_2_2_0,0.0471,0.0052,0.004,0.042,0.0514,0.0331,0.0394,0.0233,0.0224,0.0193,0.0176,0.0132,-0.23092368,-0.038210213,-0.008855548,-0.45403108,0.81625444,-0.13043477,0.006860104,-0.37030992,-0.65665233,0.779661,-0.26335877,0.45403108,-0.34241906,-0.037472848,-32.15691,-19.550222,-0.060662743,2,"{""geodesic"":false,""type"":""Point"",""coordinates"":[110.42242253017386,-7.28915573005493]}"
1_1_1_2_196_0,0.0495,0.0117,0.0074,0.0426,0.0549,0.0364,0.044,0.032,0.0314,0.0258,0.0228,0.0209,-0.1742489,-0.028657945,-0.006222653,-0.3605948,0.6486487,-0.22513087,0.01044031,-0.245614,-0.55421686,0.56906074,-0.17041801,0.3605948,-0.26074496,-0.028281752,-29.260744,-12.123794,-0.04433497,2,"{""geodesic"":false,""type"":""Point"",""coordinates"":[110.42533155512102,-7.281199475488088]}"
1_1_1_2_96_0,0.0468,0.0226,0.0125,0.0406,0.0493,0.0345,0.0411,0.0436,0.041,0.0381,0.0409,0.1175,-0.15905745,0.009568364,0.0057089254,-0.12814645,0.3713491,-0.2877493,0.011318898,-0.031766217,-0.5059289,0.28481013,0.049586795,0.12814645,-0.03787878,0.00943067,-32.800953,-14.210823,-0.006480045,2,"{""geodesic"":false,""type"":""Point"",""coordinates"":[110.44052272483464,-7.30356071484482]}"
1_1_1_2_117_0,0.0446,0.009,0.006,0.0396,0.0467,0.0302,0.0375,0.0273,0.0283,0.0212,0.0236,0.024,-0.21599999,-0.0248509,-0.005242926,-0.3755523,0.67684025,-0.19999997,0.00854717,-0.3026316,-0.5588235,0.6296296,-0.1750973,0.3755523,-0.27768314,-0.024483139,-48.44,-19.38955,-0.049215406,2,"{""geodesic"":false,""type"":""Point"",""coordinates"":[110.41698841065934,-7.288153763920542]}"
1_1_1_2_81_0,0.0364,0.0086,0.0054,0.0335,0.0381,0.0298,0.0319,0.0303,0.0217,0.0233,0.0168,0.0952,-0.19327731,-0.017089972,-0.0027429252,-0.24104236,0.63169163,-0.22857143,0.006906438,-0.17957748,-0.62369335,0.5914489,-0.12241055,0.24104236,-0.15579711,-0.017627915,-48.45743,-17.97809,-0.02747845,2,"{""geodesic"":false,""type"":""Point"",""coordinates"":[110.44781117083609,-7.270101551289569]}"
1_1_1_2_50_0,0.0439,0.0056,0.0048,0.0381,0.0504,0.0345,0.0426,0.0245,0.0235,0.02,0.0174,0.0111,-0.1832994,-0.038512614,-0.009378326,-0.4318182,0.8,-0.076923035,0.008280001,-0.31153187,-0.6129032,0.7437071,-0.26605505,0.4318182,-0.36102238,-0.039224524,-25.570972,-19.864622,-0.0486472,2,"{""geodesic"":false,""type"":""Point"",""coordinates"":[110.44028362657212,-7.277238216452501]}"
1_1_1_2_165_0,0.0509,0.0266,0.0169,0.0402,0.0446,0.0321,0.0417,0.0427,0.0463,0.039,0.0483,0.0865,-0.14865845,0.018546397,0.007874714,-0.06698562,0.252809,-0.22298852,0.013909999,-0.0151514895,-0.39534888,0.2035928,0.097046435,0.06698562,-0.03345724,0.018122924,-24.665287,-14.014441,-0.0031077296,2,"{""geodesic"":false,""type"":""Point"",""coordinates"":[110.42982733399245,-7.3077986732748785]}"
1_1_1_2_16_0,0.0541,0.0109,0.0066,0.0482,0.0544,0.0366,0.0438,0.0323,0.0292,0.0256,0.0262,0.019,-0.2168178,-0.031119162,-0.006445434,-0.36,0.66615623,-0.24571429,0.009435938,-0.30623308,-0.5900621,0.6311337,-0.1768489,0.36,-0.26224786,-0.029348992,-31.159645,-20.747152,-0.059079822,2,"{""geodesic"":false,""type"":""Point"",""coordinates"":[110.42430318594171,-7.306163485614714]}"
1_1_1_2_68_0,0.0506,0.0111,0.0072,0.0503,0.0633,0.0507,0.0633,0.0394,0.0433,0.0324,0.0264,0.0293,-0.14463666,-0.04768854,-0.011282068,-0.322884,0.7016129,-0.21311475,0.011266666,-0.21644495,-0.6363636,0.6384365,-0.2202166,0.322884,-0.322884,-0.047075976,-35.428795,-14.593017,-0.046078593,2,"{""geodesic"":false,""type"":""Point"",""coordinates"":[110.43422442407024,-7.269089803821002]}"
1_1_1_2_9_0,0.0455,0.0049,0.0034,0.0437,0.0552,0.0371,0.0449,0.0213,0.0204,0.0171,0.0138,0.0094,-0.18287939,-0.05482756,-0.014293497,-0.5269709,0.83693844,-0.18072289,0.0073766075,-0.43749997,-0.6682927,0.7983539,-0.36900365,0.5269709,-0.4483871,-0.054132078,-23.429806,-21.050077,-0.07114835,2,"{""geodesic"":false,""type"":""Point"",""coordinates"":[110.44425156342227,-7.291806258004588]}"
1_1_1_2_176_0,0.0515,0.0175,0.0095,0.0441,0.0508,0.0361,0.0421,0.0377,0.0353,0.0309,0.0356,0.054,-0.16640747,-0.014180531,-0.0019036987,-0.24357405,0.4875549,-0.2962963,0.011098705,-0.17600001,-0.52970296,0.4318182,-0.077611946,0.24357405,-0.15342467,-0.013756615,-29.008808,-14.21592,-0.034434788,2,"{""geodesic"":false,""type"":""Point"",""coordinates"":[110.43001047073221,-7.306261185331396]}"
1_1_1_2_182_0,0.0398,0.023,0.0142,0.0309,0.034,0.0263,0.0323,0.0381,0.0449,0.0346,0.043,0.1477,-0.14111498,0.02159996,0.008884829,0.008746341,0.19298248,-0.23655914,0.010793641,0.056488566,-0.4180328,0.14656772,0.13628902,-0.008746341,0.034379683,0.022196472,-31.309122,-16.86201,0.009814327,2,"{""geodesic"":false,""type"":""Point"",""coordinates"":[110.4498630188725,-7.29606447951845]}"
1_1_1_2_49_0,0.0452,0.0064,0.005,0.0433,0.0545,0.0374,0.0463,0.0278,0.026,0.0227,0.0201,0.0167,-0.2021858,-0.039843876,-0.009206163,-0.4119171,0.78981936,-0.12280702,0.008237885,-0.31212118,-0.6389892,0.7424547,-0.24459234,0.4119171,-0.34202898,-0.039367966,-28.870499,-16.822561,-0.054593638,2,"{""geodesic"":false,""type"":""Point"",""coordinates"":[110.43611612678576,-7.277594864901933]}"
1_1_1_2_51_0,0.0431,0.0057,0.0044,0.0408,0.0521,0.0382,0.046,0.0256,0.0256,0.0226,0.0193,0.0111,-0.18173349,-0.04123493,-0.009840331,-0.39491296,0.8027682,-0.12871288,0.0074371677,-0.28706625,-0.6740741,0.7548387,-0.25657892,0.39491296,-0.34110785,-0.0417261,-48.455826,-18.38647,-0.048455805,2,"{""geodesic"":false,""type"":""Point"",""coordinates"":[110.44390792865207,-7.276609499429372]}"
1_1_1_2_192_0,0.0486,0.0151,0.0095,0.0412,0.0578,0.0376,0.0468,0.0267,0.0336,0.0218,0.0261,0.048,-0.089023344,-0.042092923,-0.011812538,-0.4522613,0.5857339,-0.2276423,0.01638532,-0.30793652,-0.39297128,0.4635879,-0.26599327,0.4522613,-0.36443147,-0.04236682,-19.892237,-8.8566,-0.05168739,2,"{""geodesic"":false,""type"":""Point"",""coordinates"":[110.42669681547945,-7.276135774443493]}"
1_1_1_2_194_0,0.0466,0.0158,0.0094,0.0425,0.0542,0.0343,0.0414,0.0294,0.0318,0.0276,0.0294,0.0623,-0.16638936,-0.018313015,-0.00342142,-0.3251834,0.54857147,-0.25396824,0.011681884,-0.2125535,-0.4918919,0.457976,-0.10823909,0.3251834,-0.2,-0.017885745,-30.884327,-14.00987,-0.03920365,2,"{""geodesic"":false,""type"":""Point"",""coordinates"":[110.42415482664067,-7.280474347548891]}"
1_1_1_2_161_0,0.0485,0.0102,0.005,0.0465,0.0607,0.0433,0.0538,0.0303,0.0348,0.0297,0.0261,0.1778,-0.17501928,-0.036141377,-0.007734,-0.34292036,0.7122708,-0.3421053,0.007289562,-0.22047246,-0.7118156,0.64021164,-0.18630137,0.34292036,-0.28862277,-0.035602093,-35.801704,-15.982812,-0.04373482,2,"{""geodesic"":false,""type"":""Point"",""coordinates"":[110.43576258525408,-7.270538989348681]}"
1_1_1_2_102_0,0.0507,0.0082,0.0054,0.0423,0.0503,0.0335,0.0394,0.0334,0.0332,0.0278,0.0295,0.0253,-0.25402504,-0.015632717,-0.0012163221,-0.2880922,0.71965814,-0.20588234,0.0065071946,-0.20684738,-0.67469877,0.67524755,-0.09298534,0.2880922,-0.17261906,-0.0152325,-32.700344,-21.923632,-0.038151205,2,"{""geodesic"":false,""type"":""Point"",""coordinates"":[110.4309164078617,-7.306262328831033]}"
1_1_1_2_110_0,0.051,0.0149,0.0093,0.048,0.0594,0.0426,0.0546,0.0385,0.046,0.0407,0.038,0.091,-0.21340631,-0.0050731567,0.0030090096,-0.18681319,0.59892327,-0.23140495,0.009734152,-0.082299896,-0.628,0.5262321,-0.022809107,0.18681319,-0.1458552,-0.00488599,-33.056168,-20.327356,-0.018600307,2,"{""geodesic"":false,""type"":""Point"",""coordinates"":[110.41724953725245,-7.296385409120245]}"
1_1_1_2_60_0,0.0502,0.0125,0.0114,0.0426,0.0567,0.0407,0.0489,0.0276,0.0261,0.0198,0.0204,0.0337,-0.07958476,-0.055320274,-0.015902381,-0.48235294,0.6387283,-0.046025105,0.023433333,-0.3653846,-0.26923075,0.5462795,-0.34545454,0.48235294,-0.4235808,-0.0559322,-25.781034,-20.029718,-0.060810808,2,"{""geodesic"":false,""type"":""Point"",""coordinates"":[110.4450046487267,-7.268741307830642]}"
1_1_1_2_62_0,0.0477,0.0102,0.0082,0.043,0.0561,0.0399,0.0511,0.0222,0.0278,0.0206,0.0217,0.0487,-0.11873351,-0.05146667,-0.014036551,-0.46284223,0.6923077,-0.10869567,0.015882524,-0.35220125,-0.43055555,0.6165413,-0.31900826,0.46284223,-0.42538354,-0.051650316,-26.069603,-21.554895,-0.059616752,2,"{""geodesic"":false,""type"":""Point"",""coordinates"":[110.44319236399066,-7.269191358450215]}"
1_1_1_2_48_0,0.0445,0.0063,0.0055,0.0388,0.0496,0.0325,0.0438,0.0256,0.0261,0.0223,0.0197,0.0135,-0.22322324,-0.027528876,-0.005556822,-0.37969404,0.7745975,-0.06779661,0.008015695,-0.27004912,-0.60431653,0.7206209,-0.18613139,0.37969404,-0.32526475,-0.027577505,-38.33715,-22.438662,-0.044109788,2,"{""geodesic"":false,""type"":""Point"",""coordinates"":[110.43756283159922,-7.2797675669827155]}"
1_1_1_2_61_0,0.0443,0.008,0.0075,0.0431,0.0545,0.0402,0.0504,0.0265,0.0282,0.021,0.0203,0.0123,-0.14158504,-0.05112093,-0.013493499,-0.4437086,0.74399996,-0.0322581,0.014357142,-0.3447738,-0.47368422,0.68688846,-0.31372547,0.4437086,-0.4117647,-0.0513186,-24.55878,-15.639137,-0.058766175,2,"{""geodesic"":false,""type"":""Point"",""coordinates"":[110.44328239356547,-7.269643741138332]}"
1_1_1_2_63_0,0.0433,0.0076,0.0043,0.039,0.0476,0.0352,0.0436,0.0313,0.0339,0.0229,0.0258,0.0457,-0.18242599,-0.03265718,-0.007408713,-0.3503546,0.7246377,-0.2773109,0.006609607,-0.26009694,-0.6838235,0.6738197,-0.21170396,0.3503546,-0.3112782,-0.03305859,-33.57163,-25.02958,-0.04297918,2,"{""geodesic"":false,""type"":""Point"",""coordinates"":[110.44355136961241,-7.271905432017847]}"
1_1_1_2_46_0,0.0449,0.0058,0.0048,0.0444,0.0589,0.0384,0.0473,0.023,0.0246,0.0204,0.0159,0.0103,-0.1889908,-0.049030293,-0.012222611,-0.4854981,0.82071096,-0.094339594,0.009035295,-0.37037036,-0.61904764,0.7689243,-0.30612245,0.4854981,-0.3973412,-0.048317827,-48.451706,-15.87204,-0.063739374,2,"{""geodesic"":false,""type"":""Point"",""coordinates"":[110.4384775999242,-7.2726228101002315]}"
1_1_1_2_181_0,0.0403,0.026,0.0147,0.0321,0.0342,0.0243,0.0344,0.0452,0.0498,0.0345,0.0475,0.0818,-0.1394354,0.02714065,0.009898724,0.004366778,0.13621263,-0.2776413,0.0103539135,0.036036033,-0.402439,0.10499138,0.17346938,-0.004366778,0.0014513662,0.0273801,-23.475042,-13.600112,0.006353688,2,"{""geodesic"":false,""type"":""Point"",""coordinates"":[110.44931924596267,-7.296244725939588]}"
1_1_1_2_205_0,0.0467,0.0099,0.0069,0.0423,0.0515,0.0384,0.0517,0.0377,0.0358,0.0317,0.0335,0.0779,-0.21013899,-0.017727686,-0.0016492164,-0.23798077,0.67752445,-0.17857143,0.00835836,-0.14324325,-0.64248705,0.6206897,-0.09557777,0.23798077,-0.23980816,-0.01762849,-48.44086,-17.653034,-0.02770035,2,"{""geodesic"":false,""type"":""Point"",""coordinates"":[110.41743621703748,-7.292134314836216]}"
1_1_1_2_94_0,0.0426,0.0331,0.0171,0.0336,0.0436,0.0282,0.0385,0.0447,0.0575,0.0589,0.0636,0.2428,-0.20286083,0.07862923,0.029831618,0.14926827,0.13689698,-0.3187251,0.0081870975,0.27351353,-0.54999995,0.007496211,0.3524684,-0.14926827,0.20944558,0.078436375,-24.012724,-12.785667,0.06405063,2,"{""geodesic"":false,""type"":""Point"",""coordinates"":[110.44877314778498,-7.298324511263659]}"
1_1_1_2_132_0,0.0549,0.013,0.0078,0.0598,0.0858,0.0712,0.0806,0.0449,0.0498,0.0424,0.0334,0.0892,-0.09656652,-0.07051219,-0.018485766,-0.33853355,0.7368421,-0.25000003,0.013098113,-0.17025441,-0.689243,0.64285713,-0.2535211,0.33853355,-0.3105691,-0.07040417,-33.337845,-20.338436,-0.043341085,2,"{""geodesic"":false,""type"":""Point"",""coordinates"":[110.4170854291012,-7.283178920877833]}"
1_1_1_2_123_0,0.0439,0.0168,0.0107,0.0363,0.0381,0.0295,0.0473,0.0624,0.0753,0.0653,0.0693,0.1703,-0.3739013,0.09226329,0.038050704,0.2630561,0.38797817,-0.22181815,0.004833844,0.28543308,-0.71842104,0.36723164,0.37763715,-0.2630561,0.15985793,0.090282455,-29.26809,-17.948116,0.072307184,2,"{""geodesic"":false,""type"":""Point"",""coordinates"":[110.41435836828592,-7.290411713952591]}"
1_1_1_2_104_0,0.0536,0.0103,0.0075,0.0466,0.0517,0.0357,0.0442,0.0328,0.0337,0.0258,0.026,0.0279,-0.22297296,-0.027793374,-0.0053985985,-0.33419353,0.66774195,-0.1573034,0.010377906,-0.28729278,-0.5495496,0.6379613,-0.1609756,0.33419353,-0.26285714,-0.026447017,-25.859484,-22.71899,-0.054507334,2,"{""geodesic"":false,""type"":""Point"",""coordinates"":[110.42547916973301,-7.307521794657173]}"
1_1_1_2_112_0,0.0487,0.0117,0.0065,0.0444,0.0555,0.0414,0.0513,0.0394,0.0376,0.0319,0.0333,0.0408,-0.17928901,-0.025071256,-0.004236551,-0.2700229,0.65178573,-0.28571427,0.008435737,-0.16382699,-0.6614583,0.5828877,-0.12960437,0.2700229,-0.23317307,-0.024856098,-37.981075,-26.977915,-0.032535136,2,"{""geodesic"":false,""type"":""Point"",""coordinates"":[110.41680032660393,-7.293490303929948]}"
1_1_1_2_173_0,0.0512,0.0093,0.0061,0.0436,0.0504,0.0336,0.0389,0.0248,0.0267,0.0231,0.0231,0.0547,-0.2171533,-0.029241392,-0.0061935405,-0.37142858,0.68844223,-0.20779222,0.008872727,-0.30734634,-0.58219177,0.6483932,-0.18518516,0.37142858,-0.2548387,-0.028291715,-30.240753,-20.660934,-0.054261517,2,"{""geodesic"":false,""type"":""Point"",""coordinates"":[110.42874307793099,-7.305535950013476]}"
1_1_1_2_159_0,0.0473,0.0072,0.0052,0.0423,0.0554,0.036,0.0441,0.0275,0.0277,0.0236,0.021,0.0147,-0.20806603,-0.033609796,-0.0072960467,-0.40253162,0.76996803,-0.16129032,0.007932203,-0.28376326,-0.6388889,0.7090909,-0.20805365,0.40253162,-0.3028065,-0.03323802,-27.310621,-20.444807,-0.049567062,2,"{""geodesic"":false,""type"":""Point"",""coordinates"":[110.4372847504694,-7.284832661691818]}"
1_1_1_2_69_0,0.0495,0.0099,0.0085,0.0483,0.0618,0.0482,0.0619,0.0349,0.0387,0.0319,0.029,0.0166,-0.15979755,-0.042498827,-0.009512454,-0.3191035,0.72384936,-0.07608692,0.012843261,-0.2044888,-0.5792079,0.65979385,-0.20349564,0.3191035,-0.31982943,-0.042147905,-29.528044,-15.852522,-0.04239918,2,"{""geodesic"":false,""type"":""Point"",""coordinates"":[110.4317787080184,-7.2689962915643695]}"
1_1_1_2_47_0,0.0451,0.0058,0.0038,0.0446,0.0566,0.0383,0.0469,0.0248,0.0248,0.0222,0.018,0.0109,-0.20468889,-0.043869212,-0.010340334,-0.43654823,0.8141026,-0.20833331,0.006555856,-0.33532932,-0.7076923,0.76984125,-0.26611573,0.43654823,-0.357453,-0.043086533,-27.653057,-28.878336,-0.05928017,2,"{""geodesic"":false,""type"":""Point"",""coordinates"":[110.44083398360719,-7.2717211793827365]}"
1_1_1_2_75_0,0.0422,0.0211,0.0129,0.047,0.068,0.057,0.0706,0.0502,0.0542,0.0458,0.0447,0.1776,-0.08601521,-0.0270453,-0.0048377826,-0.1950791,0.5263749,-0.24117644,0.016054586,-0.012931013,-0.560477,0.38032305,-0.108949415,0.1950791,-0.21305841,-0.02786994,-30.025448,-15.98199,-0.0030364322,2,"{""geodesic"":false,""type"":""Point"",""coordinates"":[110.44988596614544,-7.277249979744564]}"
1_1_1_2_106_0,0.0511,0.007,0.0041,0.0454,0.0506,0.0355,0.0389,0.0264,0.0254,0.0216,0.0197,0.0175,-0.22374429,-0.0388659,-0.008849216,-0.40166202,0.7569444,-0.26126128,0.006738426,-0.3552239,-0.68093383,0.73282444,-0.24343258,0.40166202,-0.2859504,-0.037425958,-24.686243,-15.384148,-0.062962964,2,"{""geodesic"":false,""type"":""Point"",""coordinates"":[110.4283830021703,-7.303726412737271]}"
1_1_1_2_82_0,0.0429,0.0091,0.0067,0.0372,0.0468,0.0359,0.0413,0.0223,0.0246,0.0208,0.0223,0.0274,-0.12621358,-0.039437946,-0.01035049,-0.38461536,0.67441857,-0.15189877,0.011563942,-0.28275862,-0.51272726,0.6069114,-0.26631394,0.38461536,-0.33011273,-0.040686186,-22.00709,-16.050648,-0.04408602,2,"{""geodesic"":false,""type"":""Point"",""coordinates"":[110.44699566912436,-7.270281466358294]}"
1_1_1_2_140_0,0.0447,0.0107,0.0088,0.0406,0.0518,0.0366,0.0468,0.0294,0.027,0.0264,0.0213,0.0256,-0.17235345,-0.027084444,-0.0056099896,-0.3248082,0.6576,-0.09743592,0.012200001,-0.21194032,-0.5,0.582846,-0.16190478,0.3248082,-0.27868852,-0.027175847,-26.745592,-15.359187,-0.037566144,2,"{""geodesic"":false,""type"":""Point"",""coordinates"":[110.419721109914,-7.276488709491436]}"
1_1_1_2_24_0,0.0552,0.0115,0.0082,0.0444,0.0514,0.0366,0.0431,0.0338,0.0321,0.0273,0.029,0.0258,-0.19699498,-0.025440423,-0.0048517655,-0.30622616,0.6343402,-0.16751269,0.010993407,-0.23849371,-0.5380282,0.588551,-0.14553992,0.30622616,-0.22443181,-0.024738431,-48.44764,-23.198898,-0.044866186,2,"{""geodesic"":false,""type"":""Point"",""coordinates"":[110.42448275280775,-7.307430070635543]}"
1_1_1_2_71_0,0.0504,0.0082,0.0062,0.0488,0.0631,0.045,0.0533,0.0278,0.0272,0.0239,0.023,0.0157,-0.15488482,-0.0568488,-0.014578286,-0.45057473,0.769986,-0.13888888,0.01167364,-0.34250343,-0.5880399,0.7122807,-0.30624095,0.45057473,-0.380829,-0.055633683,-28.146194,-17.158024,-0.06521739,2,"{""geodesic"":false,""type"":""Point"",""coordinates"":[110.43222845839888,-7.271529574168756]}"
1_1_1_2_170_0,0.0621,0.0135,0.0083,0.0479,0.053,0.0371,0.0425,0.0312,0.0323,0.024,0.0237,0.0466,-0.17387755,-0.036907643,-0.008917594,-0.37662336,0.59398496,-0.23853213,0.012830416,-0.3324061,-0.48606813,0.5602606,-0.2144026,0.37662336,-0.27819547,-0.03502049,-22.306105,-15.155614,-0.06268578,2,"{""geodesic"":false,""type"":""Point"",""coordinates"":[110.42702099445829,-7.306166944987276]}"
1_1_1_2_100_0,0.0507,0.008,0.0056,0.0437,0.0515,0.0347,0.0414,0.0313,0.0306,0.0283,0.0263,0.0318,-0.255449,-0.017606597,-0.0016682107,-0.2907268,0.73109245,-0.17647062,0.0068664304,-0.21388887,-0.6696165,0.6905222,-0.10158728,0.2907268,-0.18794835,-0.017051505,-27.144999,-21.616302,-0.04038461,2,"{""geodesic"":false,""type"":""Point"",""coordinates"":[110.43236682067813,-7.305540522826849]}"
1_1_1_2_169_0,0.0545,0.0148,0.01,0.0458,0.0504,0.035,0.0413,0.0292,0.0316,0.0282,0.0272,0.0263,-0.19547658,-0.019000782,-0.003220145,-0.28244275,0.5460123,-0.1935484,0.012411347,-0.23783784,-0.4764398,0.51155114,-0.10759493,0.28244275,-0.1884892,-0.018110795,-32.354492,-16.29589,-0.04599303,2,"{""geodesic"":false,""type"":""Point"",""coordinates"":[110.42683923089554,-7.3066189843126566]}"
1_1_1_2_19_0,0.0506,0.0072,0.0043,0.0453,0.055,0.0363,0.0421,0.0249,0.0262,0.0216,0.0208,0.0132,-0.21195653,-0.040849216,-0.009542882,-0.4360313,0.76848876,-0.2521739,0.007226389,-0.3542601,-0.66795367,0.72571427,-0.25388598,0.4360313,-0.32182103,-0.03952321,-48.45384,-21.787468,-0.06270947,2,"{""geodesic"":false,""type"":""Point"",""coordinates"":[110.43517942392985,-7.302197247639753]}"
1_1_1_2_163_0,0.0561,0.0299,0.023,0.044,0.0476,0.0353,0.0458,0.0419,0.047,0.0374,0.0435,0.0541,-0.11050476,0.005711484,0.0030569895,-0.12000001,0.22838712,-0.13043477,0.021708557,-0.08108108,-0.23841059,0.19079839,0.028885808,0.12000001,-0.10096154,0.0055002575,-23.992058,-18.3559,-0.017027864,2,"{""geodesic"":false,""type"":""Point"",""coordinates"":[110.42855970753907,-7.307254345003754]}"
1_1_1_2_198_0,0.0457,0.0091,0.0058,0.0396,0.0504,0.0314,0.0396,0.0236,0.02,0.0231,0.0178,0.0295,-0.21511629,-0.022689993,-0.0043479814,-0.37142858,0.69411767,-0.22147654,0.007883983,-0.2631579,-0.59861594,0.62628335,-0.15229356,0.37142858,-0.2631579,-0.022452658,-25.733877,-23.480766,-0.04398436,2,"{""geodesic"":false,""type"":""Point"",""coordinates"":[110.41889103106377,-7.287975304357]}"
1_1_1_2_125_0,0.0506,0.0114,0.0076,0.0482,0.0628,0.0458,0.0558,0.0411,0.0451,0.0355,0.0347,0.0408,-0.18807665,-0.027139543,-0.0042036134,-0.27772123,0.6927224,-0.2,0.00980507,-0.15173236,-0.6473318,0.61744964,-0.12669125,0.27772123,-0.2223439,-0.026578357,-25.457655,-20.703938,-0.032636624,2,"{""geodesic"":false,""type"":""Point"",""coordinates"":[110.42061723426445,-7.284087995948628]}"
1_1_1_2_18_0,0.0478,0.0082,0.0049,0.0435,0.0518,0.0338,0.0391,0.0257,0.025,0.0199,0.0214,0.0131,-0.20303605,-0.03876401,-0.009363154,-0.44490936,0.7266667,-0.2519084,0.008322613,-0.37223974,-0.6048387,0.6827853,-0.25884542,0.44490936,-0.32542375,-0.037655767,-32.3814,-24.617517,-0.062832795,2,"{""geodesic"":false,""type"":""Point"",""coordinates"":[110.43744323101097,-7.3030141621028495]}"
1_1_1_2_168_0,0.0514,0.0129,0.0094,0.0454,0.0497,0.0332,0.0385,0.0328,0.0326,0.0247,0.0283,0.0595,-0.20654047,-0.024054784,-0.004902422,-0.33602148,0.5878594,-0.1569507,0.012634817,-0.29529244,-0.44868037,0.5574614,-0.14680481,0.33602148,-0.21835442,-0.022853553,-24.19237,-16.84861,-0.054464128,2,"{""geodesic"":false,""type"":""Point"",""coordinates"":[110.4291049929363,-7.305898224311512]}"
1_1_1_2_44_0,0.047,0.0067,0.0049,0.044,0.0587,0.0378,0.0477,0.0257,0.0253,0.0218,0.0204,0.0119,-0.1931097,-0.04354452,-0.01048844,-0.45838508,0.795107,-0.1551724,0.00849633,-0.337386,-0.6329588,0.7357002,-0.26845637,0.45838508,-0.37266186,-0.042887773,-28.150476,-15.821879,-0.058854718,2,"{""geodesic"":false,""type"":""Point"",""coordinates"":[110.43521250860104,-7.2757846534847115]}"
1_1_1_2_7_0,0.0427,0.0059,0.0047,0.0384,0.0482,0.0315,0.0405,0.022,0.0203,0.0176,0.0155,0.0102,-0.19914347,-0.037829306,-0.009363155,-0.4650456,0.7818854,-0.11320757,0.008411932,-0.3714286,-0.57847536,0.7336343,-0.28309575,0.4650456,-0.39414802,-0.03797123,-23.188997,-22.229029,-0.056115113,2,"{""geodesic"":false,""type"":""Point"",""coordinates"":[110.44245014329886,-7.283391785789294]}"
1_1_1_2_180_0,0.0429,0.0297,0.0131,0.0349,0.0433,0.0265,0.042,0.0597,0.0545,0.0549,0.0452,0.2661,-0.23013699,0.074568085,0.027832896,0.118126296,0.18630137,-0.38785046,0.0063233147,0.22271718,-0.61470586,0.080495335,0.34889436,-0.118126296,0.13312694,0.073271416,-32.19024,-18.763851,0.050864708,2,"{""geodesic"":false,""type"":""Point"",""coordinates"":[110.44877137603343,-7.299771779416305]}"
1_1_1_2_29_0,0.044,0.0146,0.0082,0.0459,0.0612,0.0478,0.0574,0.0396,0.0427,0.0331,0.0308,0.0633,-0.11739744,-0.037667193,-0.008816278,-0.29798514,0.6147757,-0.28070176,0.011841691,-0.16202527,-0.6029056,0.5173553,-0.18170579,0.29798514,-0.26850826,-0.03795834,-23.40088,-17.891682,-0.033160612,2,"{""geodesic"":false,""type"":""Point"",""coordinates"":[110.45006306634146,-7.280597011041812]}"
1_1_1_2_203_0,0.0443,0.0166,0.0112,0.038,0.0482,0.0317,0.0411,0.0341,0.0369,0.0282,0.0355,0.0357,-0.15633187,-0.009374329,-8.2396966E-4,-0.26178008,0.48765433,-0.19424461,0.01259007,-0.14803623,-0.4314721,0.3919414,-0.058430713,0.26178008,-0.18614718,-0.009376673,-25.580923,-18.128082,-0.025962552,2,"{""geodesic"":false,""type"":""Point"",""coordinates"":[110.41698922922053,-7.287520587289836]}"
1_1_1_2_164_0,0.0561,0.0312,0.022,0.0456,0.0456,0.0371,0.0457,0.0468,0.0499,0.0339,0.0485,0.0541,-0.075778104,-0.008747946,-0.0021543973,-0.14716981,0.18750001,-0.17293233,0.024076695,-0.14716981,-0.21288015,0.18750001,-0.0450704,0.14716981,-0.1482412,-0.0084063,-24.359522,-13.485429,-0.030284729,2,"{""geodesic"":false,""type"":""Point"",""coordinates"":[110.4288313743224,-7.307345143081105]}"
1_1_1_2_188_0,0.0519,0.0139,0.0084,0.0418,0.0534,0.0374,0.0406,0.0249,0.0274,0.0232,0.0235,0.0345,-0.1177988,-0.038004495,-0.010035317,-0.39425588,0.5869242,-0.24663678,0.013541379,-0.28615385,-0.46835443,0.50089765,-0.23432344,0.39425588,-0.27272728,-0.037995007,-48.44369,-17.639687,-0.04938053,2,"{""geodesic"":false,""type"":""Point"",""coordinates"":[110.4247000861717,-7.279118229083116]}"
1_1_1_2_53_0,0.0427,0.0089,0.0059,0.039,0.0518,0.0378,0.0457,0.0245,0.0215,0.0192,0.0152,0.0143,-0.109628245,-0.048767693,-0.013478325,-0.45915493,0.70675457,-0.20270267,0.011615625,-0.34020618,-0.52988046,0.6283925,-0.32631576,0.45915493,-0.4083205,-0.05008976,-28.916954,-17.814371,-0.053206734,2,"{""geodesic"":false,""type"":""Point"",""coordinates"":[110.44708813638573,-7.268743852860505]}"
1_1_1_2_36_0,0.0412,0.0067,0.0043,0.0353,0.049,0.0332,0.044,0.0249,0.0237,0.0213,0.0172,0.0124,-0.173057,-0.031127388,-0.0072036562,-0.39402562,0.7594255,-0.21818179,0.0067023477,-0.24734986,-0.6640625,0.6809524,-0.21834864,0.39402562,-0.34762636,-0.032191165,-25.860088,-27.584969,-0.037729077,2,"{""geodesic"":false,""type"":""Point"",""coordinates"":[110.44634947900171,-7.280140213124204]}"
1_1_1_2_105_0,0.0545,0.0097,0.0062,0.0455,0.0534,0.0363,0.0424,0.0299,0.0283,0.0254,0.0243,0.0263,-0.21300256,-0.030212319,-0.0061859344,-0.35532993,0.6925515,-0.22012578,0.00886063,-0.28349787,-0.6075949,0.6485507,-0.17666127,0.35532993,-0.25073746,-0.029108064,-24.313412,-23.991982,-0.05281135,2,"{""geodesic"":false,""type"":""Point"",""coordinates"":[110.42638637762843,-7.306527954789076]}"
1_1_1_2_156_0,0.0503,0.0084,0.0078,0.0486,0.0644,0.0489,0.059,0.0346,0.0355,0.0297,0.0237,0.0193,-0.15486725,-0.050073024,-0.01202257,-0.36875665,0.7692308,-0.037037034,0.012842424,-0.2413793,-0.584,0.70526314,-0.24427482,0.36875665,-0.33032694,-0.04977532,-29.5104,-14.903087,-0.049023,2,"{""geodesic"":false,""type"":""Point"",""coordinates"":[110.42751634462007,-7.272790006443611]}"
1_1_2_20_0,0.0538,0.1337,0.0792,0.0537,0.0744,0.0784,0.1113,0.1467,0.1564,0.1495,0.1623,0.1636,0.021430295,0.14603786,0.0612997,0.3354176,-0.28495914,-0.25598872,0.041533645,0.47145668,-0.3073896,0.42689434,0.31197894,-0.3354176,0.14647238,0.14651737,-18.56839,-7.3357396,0.20435153,4,"{""geodesic"":false,""type"":""Point"",""coordinates"":[110.43459355347551,-7.263663005545603]}"
1_1_2_54_0,0.0697,0.27,0.1935,0.0806,0.1124,0.1226,0.1753,0.237,0.2501,0.2632,0.266,0.3029,0.06626832,0.25209787,0.11447771,0.40149096,-0.4121339,-0.16504857,0.09013335,0.53112274,-0.15261663,0.5402168,0.36443758,-0.40149096,0.20045613,0.23808989,-18.259026,-9.830748,0.324603,4,"{""geodesic"":false,""type"":""Point"",""coordinates"":[110.43624317009234,-7.3208321337400175]}"
1_1_2_7_0,0.0571,0.0836,0.0503,0.0619,0.0776,0.0929,0.1112,0.1159,0.1286,0.1187,0.1288,0.1177,-0.011481374,0.053224403,0.027448148,0.20937338,-0.037220825,-0.24869306,0.03936706,0.3145072,-0.40473375,0.14914088,0.121928155,-0.20937338,0.03262287,0.05438448,-19.153633,-10.81506,0.12518366,4,"{""geodesic"":false,""type"":""Point"",""coordinates"":[110.42571356763018,-7.26573230102948]}"
1_1_2_173_0,0.0573,0.0866,0.0615,0.056,0.0744,0.0852,0.1031,0.1171,0.126,0.1254,0.1291,0.1342,-0.027180105,0.08260729,0.039951902,0.25525528,-0.07577638,-0.16948006,0.041784685,0.38257995,-0.34189406,0.21458623,0.19088323,-0.25525528,0.097593024,0.08485789,-19.297144,-9.456815,0.15277371,4,"{""geodesic"":false,""type"":""Point"",""coordinates"":[110.41303642323858,-7.262007463066312]}"
1_1_2_177_0,0.07,0.293,0.1976,0.0738,0.105,0.1198,0.194,0.2647,0.2911,0.289,0.3211,0.3082,0.06446623,0.29086158,0.1385054,0.4670051,-0.47236183,-0.19445577,0.0819117,0.59316427,-0.18783394,0.5976009,0.41389433,-0.4670051,0.19668739,0.27926937,-17.317055,-6.583506,0.37413076,4,"{""geodesic"":false,""type"":""Point"",""coordinates"":[110.41747762881289,-7.260023194960584]}"
1_1_2_66_0,0.0636,0.1893,0.1242,0.0684,0.0916,0.106,0.1357,0.1742,0.1902,0.2009,0.2003,0.2204,0.046050288,0.17920539,0.080137536,0.37367523,-0.3478106,-0.2076555,0.06553111,0.49201632,-0.2359274,0.46915016,0.30922127,-0.37367523,0.19370173,0.17641592,-14.113719,-9.97032,0.25835174,4,"{""geodesic"":false,""type"":""Point"",""coordinates"":[110.45627253151642,-7.314705860908733]}"
1_1_2_0_0,0.0736,0.3348,0.2324,0.096,0.1254,0.15,0.2035,0.26,0.2818,0.2974,0.3124,0.3039,0.104076535,0.24942465,0.11464964,0.4068117,-0.45501953,-0.18053597,0.11721588,0.5119471,-0.1226878,0.55431753,0.32945907,-0.4068117,0.18746257,0.23337553,-18.668257,-13.754984,0.3381464,4,"{""geodesic"":false,""type"":""Point"",""coordinates"":[110.4569261422328,-7.298605750736354]}"
1_1_2_96_0,0.0666,0.317,0.2138,0.0889,0.1142,0.1412,0.1828,0.2602,0.2782,0.2822,0.3125,0.3114,0.10502833,0.24100092,0.10984463,0.42381433,-0.4703154,-0.19442351,0.106975764,0.52088386,-0.13790324,0.56196105,0.33301842,-0.42381433,0.21376346,0.22904484,-14.997761,-11.343671,0.33285502,4,"{""geodesic"":false,""type"":""Point"",""coordinates"":[110.45324364120344,-7.272369498968613]}"
1_1_2_73_0,0.0549,0.0606,0.0414,0.0522,0.0684,0.071,0.0933,0.1088,0.1151,0.1134,0.1159,0.0756,-0.11440106,0.092342526,0.04424309,0.24752472,0.060465127,-0.1882353,0.025920637,0.3695652,-0.46511626,0.07446809,0.2299349,-0.24752472,0.09724237,0.092928104,-16.154678,-10.400387,0.13792066,4,"{""geodesic"":false,""type"":""Point"",""coordinates"":[110.45800857054797,-7.302496595433561]}"
1_1_2_126_0,0.0552,0.133,0.1082,0.0613,0.0913,0.139,0.1432,0.1516,0.1561,0.1604,0.1469,0.1754,0.10188373,0.034861375,0.022463327,0.27453315,-0.18591172,-0.10281925,0.093764335,0.44700047,-0.19434105,0.369017,0.0714763,-0.27453315,0.0566535,0.040155124,-19.574045,-12.007498,0.20597202,4,"{""geodesic"":false,""type"":""Point"",""coordinates"":[110.4604169775698,-7.258176707295124]}"
1_1_2_144_0,0.0613,0.1171,0.0706,0.0686,0.0977,0.1214,0.1485,0.1668,0.1659,0.1676,0.1694,0.2005,0.004845153,0.08360479,0.046962056,0.26347533,-0.09031658,-0.24773572,0.05113866,0.41913635,-0.4072208,0.26117393,0.15986161,-0.26347533,0.060423933,0.08783271,-17.299444,-12.575037,0.2017115,4,"{""geodesic"":false,""type"":""Point"",""coordinates"":[110.41083539193781,-7.282718558995287]}"
1_1_2_60_0,0.0746,0.3736,0.2778,0.113,0.1538,0.2082,0.2291,0.2691,0.2951,0.3351,0.3277,0.2879,0.12981844,0.18266353,0.09758773,0.37083247,-0.4167615,-0.14706787,0.17259909,0.4956483,-0.09348997,0.5355528,0.23357262,-0.37083247,0.18787663,0.18244992,-14.50764,-13.015098,0.351387,4,"{""geodesic"":false,""type"":""Point"",""coordinates"":[110.45554776505219,-7.314704985976586]}"
1_1_2_18_0,0.0554,0.1349,0.0805,0.054,0.0726,0.0809,0.1138,0.1523,0.1616,0.1565,0.1734,0.1577,0.012432569,0.15280136,0.06603009,0.36621562,-0.300241,-0.2525534,0.0416131,0.48693585,-0.3206751,0.42826894,0.31844988,-0.36621562,0.15797262,0.15378356,-16.252525,-6.732949,0.2163969,4,"{""geodesic"":false,""type"":""Point"",""coordinates"":[110.43314453000646,-7.263389834952457]}"
1_1_2_107_0,0.0571,0.1289,0.0765,0.0624,0.0817,0.0908,0.1136,0.1373,0.1427,0.1304,0.1541,0.1649,0.06521214,0.08200795,0.032847896,0.2296087,-0.2241216,-0.25511202,0.053268403,0.3526971,-0.26051235,0.34762156,0.1790235,-0.2296087,0.06885247,0.08236273,-19.540556,-2.831174,0.14722864,4,"{""geodesic"":false,""type"":""Point"",""coordinates"":[110.4337779469379,-7.263933351552623]}"
1_1_2_65_0,0.0624,0.2603,0.1766,0.0776,0.1086,0.1266,0.1751,0.2141,0.2376,0.2443,0.2597,0.2817,0.09170431,0.20694141,0.09400561,0.3845282,-0.41122258,-0.19157706,0.09151682,0.5178627,-0.1608458,0.5406925,0.3173362,-0.3845282,0.16499761,0.20272131,-13.083942,-9.905363,0.3042341,4,"{""geodesic"":false,""type"":""Point"",""coordinates"":[110.45672572934593,-7.314525498513584]}"
1_1_2_124_0,0.0542,0.14,0.1164,0.0586,0.0846,0.1302,0.1503,0.156,0.1628,0.1544,0.1602,0.1956,0.11837747,0.040438484,0.022463245,0.2920502,-0.24666072,-0.09204367,0.09815595,0.44976526,-0.14032497,0.40986907,0.08503165,-0.2920502,0.013455877,0.04626563,-18.963587,-10.806459,0.20154278,4,"{""geodesic"":false,""type"":""Point"",""coordinates"":[110.45996427071324,-7.257995259748956]}"
1_1_2_175_0,0.0548,0.0897,0.0621,0.06,0.0762,0.084,0.1083,0.1198,0.1307,0.125,0.1369,0.1753,-0.031502653,0.08693808,0.039989844,0.24254473,-0.08137431,-0.18181817,0.0417312,0.35135135,-0.33618385,0.1983968,0.19617225,-0.24254473,0.071581654,0.086741894,-25.196451,-11.699634,0.14233577,4,"{""geodesic"":false,""type"":""Point"",""coordinates"":[110.410137482683,-7.262184612953291]}"
1_1_2_193_0,0.0606,0.3135,0.2173,0.0677,0.0978,0.1164,0.1733,0.2225,0.2526,0.2394,0.2792,0.286,0.16662143,0.21502744,0.088069834,0.41992882,-0.5244347,-0.18123585,0.10565464,0.5591013,-0.04839063,0.64480585,0.34569982,-0.41992882,0.16016477,0.21558775,-17.393385,-13.249713,0.31910545,4,"{""geodesic"":false,""type"":""Point"",""coordinates"":[110.45975878802399,-7.278347317835754]}"
1_1_2_52_0,0.067,0.0312,0.0204,0.0688,0.086,0.0956,0.1194,0.1159,0.1225,0.1194,0.1145,0.1138,-0.19492064,0.050552253,0.035213,0.16260953,0.4675768,-0.20930229,0.01633367,0.2688629,-0.7081545,-0.37600002,0.11069767,-0.16260953,8.636184E-9,0.04993007,-32.23798,-11.240506,0.1102877,4,"{""geodesic"":false,""type"":""Point"",""coordinates"":[110.4306274367956,-7.319830074230692]}"
1_1_2_141_0,0.0499,0.0754,0.0411,0.0558,0.079,0.091,0.1245,0.1384,0.1462,0.1412,0.1474,0.1479,-0.08420474,0.09892017,0.052964646,0.2824705,0.02331607,-0.29442063,0.026487958,0.43350255,-0.5490949,0.14939028,0.21619296,-0.2824705,0.06285286,0.10284077,-28.08865,-17.9968,0.18378767,4,"{""geodesic"":false,""type"":""Point"",""coordinates"":[110.39642733652965,-7.286046360653626]}"
1_1_2_29_0,0.056,0.0957,0.0606,0.0556,0.0701,0.0772,0.1068,0.1179,0.1277,0.1181,0.1348,0.1095,-0.0023081214,0.08782101,0.03762142,0.25504783,-0.1544029,-0.22456814,0.03961321,0.3598158,-0.3217683,0.26503637,0.2094214,-0.25504783,0.050244562,0.08823529,-21.416258,-7.5026693,0.13915691,4,"{""geodesic"":false,""type"":""Point"",""coordinates"":[110.41674024408151,-7.269881738800692]}"
1_1_2_134_0,0.0856,0.1905,0.1635,0.0652,0.096,0.144,0.1882,0.2057,0.2093,0.1856,0.2063,0.232,0.14300358,0.06664104,0.03335925,0.3181818,-0.32984295,-0.07627121,0.12685344,0.4800638,-0.063305646,0.49002737,0.12621361,-0.3181818,-0.0069555975,0.07521698,-21.481348,-12.433087,0.24054341,4,"{""geodesic"":false,""type"":""Point"",""coordinates"":[110.4612317002216,-7.258629948257552]}"
1_1_2_95_0,0.0672,0.2786,0.2064,0.0762,0.1004,0.138,0.1749,0.1977,0.2147,0.2209,0.2439,0.2332,0.1674373,0.14028023,0.057982795,0.3750389,-0.4701847,-0.14886598,0.12894161,0.48704138,-0.033933986,0.5704622,0.23098357,-0.3750389,0.11622031,0.1447782,-17.974262,-7.803127,0.2722996,4,"{""geodesic"":false,""type"":""Point"",""coordinates"":[110.45342098606596,-7.275535622538057]}"
1_1_2_154_0,0.0513,0.0632,0.0394,0.0512,0.0728,0.07,0.0989,0.1135,0.1199,0.125,0.1234,0.152,-0.13897868,0.11843239,0.0562051,0.2639029,0.07058828,-0.23196879,0.022064,0.41884223,-0.52068126,-0.10489509,0.28205127,-0.2639029,0.1165699,0.118705034,-22.445978,-7.9304385,0.16370897,4,"{""geodesic"":false,""type"":""Point"",""coordinates"":[110.4016939759286,-7.276646167172637]}"
1_1_2_187_0,0.0531,0.128,0.0869,0.0494,0.0684,0.0748,0.0981,0.1218,0.1331,0.127,0.1325,0.2019,0.06962025,0.10827181,0.042771872,0.29989764,-0.30346233,-0.19125175,0.051182047,0.4399093,-0.18747078,0.4430665,0.25867197,-0.29989764,0.1283874,0.111570254,-16.972988,-9.540826,0.17208752,4,"{""geodesic"":false,""type"":""Point"",""coordinates"":[110.43368543686691,-7.265470959279347]}"
1_1_2_33_0,0.0603,0.0283,0.0179,0.0624,0.0792,0.0874,0.1046,0.1043,0.111,0.11,0.1101,0.0903,-0.19680667,0.048439648,0.033073734,0.1627907,0.47348836,-0.22510825,0.014222363,0.2761021,-0.72009385,-0.3759647,0.11448836,-0.1627907,0.025163092,0.048609126,-21.940256,-13.321332,0.1061868,4,"{""geodesic"":false,""type"":""Point"",""coordinates"":[110.41891547549388,-7.268979991110794]}"
1_1_2_161_0,0.0568,0.0956,0.0578,0.0561,0.0746,0.0862,0.115,0.1274,0.1333,0.1231,0.1396,0.1547,0.0072022243,0.07564265,0.035234127,0.24532115,-0.12338424,-0.24641462,0.040474087,0.37388393,-0.3609729,0.26038235,0.17630196,-0.24532115,0.03401931,0.07803468,-22.911077,-10.326379,0.14796819,4,"{""geodesic"":false,""type"":""Point"",""coordinates"":[110.40976121441531,-7.272857686533367]}"
1_1_2_162_0,0.0527,0.1094,0.0728,0.055,0.0747,0.085,0.113,0.1469,0.1563,0.1488,0.165,0.1542,-0.023606235,0.12797882,0.05947582,0.33154362,-0.18848452,-0.20087813,0.041586023,0.46025515,-0.34296027,0.33090022,0.2728828,-0.33154362,0.1367456,0.130417,-20.594053,-8.975402,0.19991475,4,"{""geodesic"":false,""type"":""Point"",""coordinates"":[110.40894510629829,-7.273489800214587]}"
1_1_2_2_0,0.0546,0.2565,0.1834,0.0524,0.0708,0.0918,0.125,0.1514,0.1768,0.1974,0.1978,0.1893,0.16468817,0.1948052,0.07641178,0.4720358,-0.5673694,-0.16617413,0.08528936,0.58046436,-0.0367647,0.6607316,0.36514527,-0.4720358,0.22456576,0.2007096,-15.117887,-12.717214,0.29007736,4,"{""geodesic"":false,""type"":""Point"",""coordinates"":[110.43748913233144,-7.266199326090204]}"
1_1_2_108_0,0.0576,0.2974,0.218,0.0952,0.1284,0.167,0.1921,0.2558,0.2751,0.2821,0.2983,0.1985,0.103481054,0.18326858,0.09199044,0.37442142,-0.39689997,-0.1540551,0.12905352,0.49536178,-0.12817436,0.515028,0.25629035,-0.37442142,0.18979332,0.18190917,-19.630041,-11.506777,0.31956,4,"{""geodesic"":false,""type"":""Point"",""coordinates"":[110.43296256624535,-7.264022787707813]}"
1_1_2_168_0,0.0532,0.0308,0.025,0.0648,0.082,0.0889,0.1024,0.1022,0.106,0.1066,0.0966,0.0841,-0.1776022,0.03834489,0.027996514,0.13043478,0.45390072,-0.10394264,0.020848969,0.24387397,-0.6200608,-0.35564855,0.09053709,-0.13043478,0.0200957,0.038173977,-23.545383,-12.711896,0.09338695,4,"{""geodesic"":false,""type"":""Point"",""coordinates"":[110.41022193581385,-7.2668883275990375]}"
1_1_2_10_0,0.0565,0.0389,0.0245,0.0538,0.072,0.0808,0.1033,0.1103,0.1164,0.1095,0.1145,0.1281,-0.15406363,0.060253616,0.03612554,0.20661159,0.29846707,-0.22712934,0.018078538,0.34109,-0.63432837,-0.16073358,0.15081452,-0.20661159,0.029135332,0.062364195,-28.846298,-13.875488,0.1259611,4,"{""geodesic"":false,""type"":""Point"",""coordinates"":[110.42525949083435,-7.2666362676997025]}"
1_1_2_101_0,0.0545,0.0567,0.0337,0.058,0.0732,0.0794,0.1052,0.1205,0.127,0.1225,0.123,0.1351,-0.14024004,0.092576675,0.047122907,0.2519162,0.1270208,-0.25442475,0.021843102,0.35734075,-0.56850195,-0.011333912,0.21347201,-0.2519162,0.07597717,0.09210714,-19.679962,-12.9581995,0.14217488,4,"{""geodesic"":false,""type"":""Point"",""coordinates"":[110.43658383794728,-7.265745930934263]}"
1_1_2_167_0,0.0522,0.0417,0.0248,0.054,0.0752,0.079,0.1006,0.1141,0.1206,0.1209,0.1206,0.1054,-0.18335587,0.088032596,0.04851032,0.23304436,0.28656968,-0.25413534,0.01620513,0.38250425,-0.65957445,-0.12852664,0.20960477,-0.23304436,0.09164785,0.08979853,-26.828695,-14.768428,0.14868869,4,"{""geodesic"":false,""type"":""Point"",""coordinates"":[110.4099513593586,-7.265983436427959]}"
1_1_2_92_0,0.0659,0.2979,0.2154,0.0826,0.112,0.14,0.1798,0.2326,0.2452,0.2536,0.2709,0.2656,0.13137837,0.19265993,0.08561688,0.3873085,-0.45352522,-0.16072471,0.11891167,0.5086258,-0.0814499,0.5658344,0.28861788,-0.3873085,0.1702815,0.19068934,-20.73123,-10.352615,0.3067448,4,"{""geodesic"":false,""type"":""Point"",""coordinates"":[110.45468823396186,-7.276351240684718]}"
1_1_2_136_0,0.0508,0.0458,0.0272,0.0437,0.0695,0.0902,0.12,0.1282,0.1381,0.1254,0.1225,0.2037,-0.10848904,0.06572806,0.0430686,0.28681377,0.20555073,-0.2547945,0.019564912,0.4831461,-0.6435125,0.02346371,0.16326533,-0.28681377,0.022004917,0.073784254,-28.38711,-15.786073,0.18315649,4,"{""geodesic"":false,""type"":""Point"",""coordinates"":[110.39424080104088,-7.29526970369035]}"
1_1_2_89_0,0.0676,0.3158,0.2185,0.0862,0.1156,0.137,0.1791,0.2462,0.2746,0.2858,0.2964,0.3031,0.09796314,0.2545679,0.11711298,0.42401597,-0.4640705,-0.18210743,0.10473932,0.53655916,-0.13345233,0.5711443,0.35193947,-0.42401597,0.22951174,0.24187258,-14.586654,-14.458868,0.34334865,4,"{""geodesic"":false,""type"":""Point"",""coordinates"":[110.45857137063379,-7.286486814276048]}"
1_1_2_120_0,0.0592,0.0792,0.053,0.0596,0.076,0.0899,0.1073,0.1161,0.123,0.1202,0.1286,0.1254,-0.03066781,0.062469073,0.032196257,0.22528034,-0.020618571,-0.19818456,0.039639767,0.33704117,-0.38799077,0.14121038,0.14421703,-0.22528034,0.0567033,0.06400507,-14.319111,-7.9890013,0.13371581,4,"{""geodesic"":false,""type"":""Point"",""coordinates"":[110.42852788739059,-7.260851326347376]}"
1_1_2_157_0,0.0578,0.2718,0.1841,0.07,0.1024,0.1194,0.1757,0.2377,0.2653,0.2761,0.2929,0.3005,0.061169133,0.2669506,0.1296916,0.4589168,-0.45269912,-0.19236676,0.079614416,0.59549266,-0.1999131,0.59040374,0.39620733,-0.4589168,0.22222224,0.26247907,-13.860131,-8.436165,0.36538234,4,"{""geodesic"":false,""type"":""Point"",""coordinates"":[110.39481067906192,-7.275642033741811]}"
1_1_2_84_0,0.0715,0.3486,0.2453,0.0944,0.1268,0.1578,0.2014,0.245,0.2674,0.2825,0.2973,0.2816,0.1466093,0.2049234,0.09088632,0.38040558,-0.4665545,-0.17393501,0.13702068,0.49907136,-0.07048125,0.57381487,0.28321597,-0.38040558,0.16759661,0.19892587,-16.680584,-9.187658,0.32175845,4,"{""geodesic"":false,""type"":""Point"",""coordinates"":[110.4576659040292,-7.286123911446425]}"
1_1_2_188_0,0.0643,0.2385,0.1707,0.0771,0.106,0.1274,0.1717,0.2027,0.2145,0.2409,0.2419,0.2119,0.07003948,0.19883676,0.0938108,0.38887286,-0.3846154,-0.16568916,0.09027472,0.51509434,-0.17055392,0.51140684,0.3081727,-0.38887286,0.1677169,0.19607279,-12.702264,-7.742995,0.30036673,4,"{""geodesic"":false,""type"":""Point"",""coordinates"":[110.42979025859485,-7.265466080468939]}"
1_1_2_22_0,0.0593,0.0713,0.045,0.0608,0.0794,0.0882,0.107,0.1134,0.1243,0.1244,0.1278,0.1186,-0.07455757,0.07556779,0.039195023,0.22080468,0.05374919,-0.22613928,0.03190515,0.34341252,-0.46871307,0.07948523,0.17027278,-0.22080468,0.075194456,0.07619982,-19.175274,-9.636193,0.13922942,4,"{""geodesic"":false,""type"":""Point"",""coordinates"":[110.4274398429419,-7.261664043391727]}"
1_1_2_19_0,0.0533,0.0678,0.0435,0.0522,0.0674,0.0782,0.1006,0.1215,0.1241,0.1189,0.1271,0.1431,-0.07915486,0.085032605,0.0425431,0.27643585,-0.0029585748,-0.21832886,0.028609755,0.3898305,-0.46428573,0.13,0.20649418,-0.27643585,0.083371304,0.08757711,-21.492882,-8.661945,0.1490836,4,"{""geodesic"":false,""type"":""Point"",""coordinates"":[110.43223845161857,-7.263569610861465]}"
1_1_2_174_0,0.0579,0.1191,0.0794,0.0558,0.0792,0.0856,0.1035,0.1347,0.141,0.1585,0.1481,0.2325,-0.022911692,0.14538129,0.066963114,0.3336138,-0.20121028,-0.19999997,0.042881012,0.47923473,-0.33249262,0.3619211,0.2986481,-0.3336138,0.20992367,0.14695604,-17.11111,-9.1820755,0.2156657,4,"{""geodesic"":false,""type"":""Point"",""coordinates"":[110.40968408808338,-7.262545839273214]}"
1_1_2_113_0,0.0676,0.2895,0.1982,0.0794,0.1162,0.1438,0.2134,0.2604,0.2854,0.301,0.3266,0.2948,0.06501167,0.2505898,0.13137896,0.44295302,-0.42716292,-0.18720524,0.094688244,0.5825447,-0.20592947,0.569531,0.35341725,-0.44295302,0.17029549,0.24957661,-17.090944,-11.320845,0.37755564,4,"{""geodesic"":false,""type"":""Point"",""coordinates"":[110.42353755630532,-7.267267261707997]}"
1_1_2_110_0,0.0677,0.2567,0.176,0.0814,0.109,0.1254,0.1695,0.2221,0.2413,0.2583,0.2685,0.2541,0.058742046,0.23728752,0.10963094,0.40647975,-0.40388298,-0.18650337,0.08544483,0.5207536,-0.18950036,0.51848567,0.34636435,-0.40647975,0.20757364,0.2255856,-13.757841,-10.072813,0.31600574,4,"{""geodesic"":false,""type"":""Point"",""coordinates"":[110.42961125428637,-7.263747224856591]}"
1_1_2_178_0,0.0626,0.2974,0.2092,0.0842,0.12,0.1434,0.206,0.29,0.3103,0.3179,0.3357,0.2917,0.04591291,0.2820339,0.14720805,0.4519297,-0.425012,-0.17410186,0.09436703,0.5811987,-0.20622274,0.5587002,0.3782788,-0.4519297,0.21359038,0.27228752,-17.070332,-13.961088,0.3885933,4,"{""geodesic"":false,""type"":""Point"",""coordinates"":[110.41340216065474,-7.259384769704047]}"
1_1_2_31_0,0.0541,0.0349,0.0214,0.055,0.0719,0.0806,0.1003,0.1082,0.1124,0.11,0.116,0.1112,-0.1764706,0.06223012,0.037498977,0.20945573,0.34644198,-0.23978682,0.015680365,0.33333334,-0.674277,-0.22358178,0.15424973,-0.20945573,0.04612458,0.06385751,-22.516205,-12.121052,0.12406015,4,"{""geodesic"":false,""type"":""Point"",""coordinates"":[110.4162841593951,-7.272323410159449]}"
1_1_2_166_0,0.051,0.0458,0.0318,0.0538,0.0723,0.0774,0.1082,0.1197,0.1296,0.1161,0.127,0.1168,-0.15933129,0.08220051,0.04430017,0.23248406,0.22438613,-0.18041235,0.021200001,0.36668625,-0.56997967,-0.0803213,0.2,-0.23248406,0.03522068,0.08370584,-21.48375,-14.593626,0.13949843,4,"{""geodesic"":false,""type"":""Point"",""coordinates"":[110.40904515197477,-7.266253618620396]}"
1_1_2_58_0,0.0637,0.2558,0.179,0.0731,0.0964,0.1188,0.1625,0.2085,0.232,0.2326,0.2577,0.2845,0.10127885,0.20362882,0.08952079,0.41398177,-0.45258376,-0.17663294,0.09142391,0.5217534,-0.13022351,0.555488,0.32384747,-0.41398177,0.17742345,0.2004933,-12.07236,-11.963134,0.29694676,4,"{""geodesic"":false,""type"":""Point"",""coordinates"":[110.4536441535027,-7.315607226427999]}"
1_1_2_26_0,0.0758,0.25,0.1762,0.0844,0.1116,0.1172,0.1587,0.2221,0.2449,0.2288,0.2605,0.2626,0.07936509,0.21478058,0.08806511,0.34430084,-0.3827434,-0.17315814,0.090256296,0.46104726,-0.12987654,0.49521533,0.32254335,-0.34430084,0.18090323,0.19787234,-16.061773,-9.327703,0.26635516,4,"{""geodesic"":false,""type"":""Point"",""coordinates"":[110.42118174791239,-7.267716532075865]}"
1_1_2_163_0,0.0558,0.084,0.0494,0.0574,0.0706,0.074,0.102,0.1225,0.1265,0.1284,0.1338,0.1374,-0.08086096,0.119099736,0.05262779,0.29045224,-0.086675264,-0.2593703,0.028470406,0.3821313,-0.44431943,0.18811882,0.2687747,-0.29045224,0.11458333,0.11617311,-16.949862,-9.135452,0.15529309,4,"{""geodesic"":false,""type"":""Point"",""coordinates"":[110.40649688736535,-7.27529567754635]}"
1_1_2_105_0,0.0526,0.0418,0.0248,0.0565,0.0712,0.0733,0.1003,0.1067,0.1148,0.118,0.1101,0.0809,-0.2051105,0.09854064,0.05028245,0.24735731,0.260177,-0.25525525,0.015405423,0.35243553,-0.6526611,-0.14954221,0.23366442,-0.24735731,0.081081085,0.09699119,-21.980753,-10.70579,0.13676798,4,"{""geodesic"":false,""type"":""Point"",""coordinates"":[110.44201898090732,-7.265752648228021]}"
1_1_2_42_0,0.0638,0.0707,0.0458,0.0602,0.0713,0.0772,0.0966,0.1125,0.115,0.1078,0.117,0.0986,-0.06362772,0.068334065,0.03175193,0.20379676,0.0042253714,-0.21373388,0.03279926,0.28333333,-0.4036458,0.0802139,0.16540538,-0.20379676,0.054794516,0.06700729,-18.05212,-11.724631,0.10688623,4,"{""geodesic"":false,""type"":""Point"",""coordinates"":[110.42827918320407,-7.314128496617351]}"
1_1_2_14_0,0.0599,0.1613,0.1131,0.0816,0.1068,0.1264,0.1445,0.1691,0.1788,0.2276,0.194,0.1308,-0.036019433,0.18413392,0.095015004,0.36124402,-0.20328239,-0.17565599,0.06281125,0.47218627,-0.33607277,0.32811856,0.2858757,-0.36124402,0.22332706,0.17775176,-29.051813,-6.3655252,0.27063766,4,"{""geodesic"":false,""type"":""Point"",""coordinates"":[110.42644203561679,-7.262748234142999]}"
1_1_2_30_0,0.0579,0.0398,0.0236,0.0554,0.075,0.0872,0.1066,0.1098,0.1184,0.117,0.1213,0.1148,-0.1516366,0.06083122,0.03820025,0.21874997,0.30662024,-0.2555205,0.01758906,0.3573086,-0.66429585,-0.16386555,0.14593534,-0.21874997,0.046511624,0.06347628,-24.099348,-8.794719,0.13741821,4,"{""geodesic"":false,""type"":""Point"",""coordinates"":[110.41592263099622,-7.271689766441276]}"
1_1_2_129_0,0.0856,0.2126,0.1839,0.087,0.136,0.2054,0.2136,0.229,0.2396,0.2358,0.232,0.232,0.12850973,0.041857123,0.029124007,0.26842386,-0.21973604,-0.072383344,0.1601911,0.46096656,-0.12365976,0.41922563,0.06890298,-0.26842386,0.049399193,0.04844878,-19.442759,-15.055664,0.27126884,4,"{""geodesic"":false,""type"":""Point"",""coordinates"":[110.46168473090343,-7.2585400307727665]}"
1_1_2_184_0,0.057,0.0699,0.0402,0.0564,0.0695,0.0772,0.0982,0.1074,0.115,0.1113,0.1164,0.1246,-0.06543837,0.07403386,0.035393707,0.23119469,-0.0028694356,-0.26975477,0.027883558,0.3273703,-0.46930695,0.10688834,0.18090184,-0.23119469,0.06252983,0.07429193,-17.046099,-6.5076127,0.12333383,4,"{""geodesic"":false,""type"":""Point"",""coordinates"":[110.4262624711319,-7.261481648377921]}"
1_1_2_41_0,0.0629,0.094,0.0668,0.0596,0.082,0.0966,0.1236,0.1429,0.1511,0.1362,0.1512,0.1524,-0.013457544,0.078026466,0.040060766,0.24839593,-0.06818179,-0.16915423,0.047377974,0.3912155,-0.34187192,0.22395833,0.17010306,-0.24839593,0.04849883,0.081058934,-45.629826,-12.724857,0.16513366,4,"{""geodesic"":false,""type"":""Point"",""coordinates"":[110.40321936853864,-7.287683537892672]}"
1_1_2_139_0,0.0495,0.0434,0.023,0.0479,0.0714,0.0856,0.1102,0.1137,0.1233,0.116,0.1219,0.1467,-0.11915326,0.059826016,0.0378787,0.23799357,0.24390244,-0.30722892,0.016972415,0.41549724,-0.66906476,-0.04928804,0.15079361,-0.23799357,0.025641011,0.06499428,-25.31371,-13.7316265,0.15386353,4,"{""geodesic"":false,""type"":""Point"",""coordinates"":[110.39895768308381,-7.290662866166454]}"
1_1_2_38_0,0.0577,0.113,0.0702,0.0612,0.0874,0.096,0.1292,0.14,0.1448,0.1425,0.1452,0.1415,0.012842259,0.09229852,0.04348725,0.23966943,-0.12774453,-0.23362443,0.047292635,0.39911634,-0.33991534,0.29735935,0.19496854,-0.23966943,0.04895104,0.0944482,-23.382664,-7.9761167,0.17329827,4,"{""geodesic"":false,""type"":""Point"",""coordinates"":[110.40865782663562,-7.285338880727988]}"
1_1_2_97_0,0.0669,0.302,0.1931,0.0702,0.1,0.0956,0.1713,0.2811,0.3049,0.3151,0.3376,0.3015,0.01571078,0.40284103,0.1829217,0.5181884,-0.50248754,-0.21995553,0.05858572,0.6356086,-0.24006298,-0.6227834,0.5344534,-0.5181884,0.29564148,0.3615351,-18.808655,-10.563984,0.41494408,4,"{""geodesic"":false,""type"":""Point"",""coordinates"":[110.452880306604,-7.273183151585837]}"
1_1_2_160_0,0.0534,0.1035,0.0668,0.0614,0.0858,0.0952,0.1225,0.1521,0.1703,0.212,0.1698,0.1727,-0.15822917,0.22076055,0.115329064,0.42377433,-0.09350239,-0.21550207,0.029996982,0.5508413,-0.52080345,0.25530624,0.3802083,-0.42377433,0.26756352,0.21704657,-31.175816,-18.583902,0.2920869,4,"{""geodesic"":false,""type"":""Point"",""coordinates"":[110.41066684524831,-7.273039772826561]}"
1_1_2_35_0,0.0614,0.0584,0.0348,0.0602,0.0838,0.0929,0.1205,0.1278,0.13,0.1359,0.1267,0.1691,-0.12895797,0.08656789,0.04911411,0.23714156,0.17862166,-0.2532189,0.023788963,0.38602757,-0.59226716,-0.01517704,0.18793708,-0.23714156,0.060062423,0.088501655,-22.041384,-12.764062,0.16312313,4,"{""geodesic"":false,""type"":""Point"",""coordinates"":[110.41799283421778,-7.282004186714086]}"
1_1_2_146_0,0.0577,0.0792,0.0487,0.0596,0.0784,0.092,0.116,0.1252,0.129,0.1334,0.1338,0.1457,-0.059857205,0.08357557,0.043668415,0.2596789,-0.0050761336,-0.23846754,0.033586208,0.3823834,-0.46512902,0.14121038,0.18367344,-0.2596789,0.069767416,0.08560792,-22.119926,-7.175784,0.15974025,4,"{""geodesic"":false,""type"":""Point"",""coordinates"":[110.40520959444976,-7.2897665958680395]}"
1_1_2_140_0,0.0523,0.0692,0.0379,0.0478,0.0698,0.0824,0.1133,0.1229,0.1287,0.104,0.1278,0.1369,-6.5919466E-4,0.0435519,0.023939312,0.19677794,0.0043165125,-0.29225025,0.030028462,0.37022397,-0.465821,0.18290599,0.115879826,-0.19677794,-0.042797964,0.0472028,-21.569042,-10.465037,0.12933415,4,"{""geodesic"":false,""type"":""Point"",""coordinates"":[110.3978739847738,-7.288128722277368]}"
1_1_2_198_0,0.0757,0.3741,0.2802,0.0966,0.1204,0.165,0.1929,0.2211,0.2464,0.2754,0.2772,0.2797,0.18340465,0.17911611,0.073343195,0.39161196,-0.51304346,-0.14351214,0.16787581,0.48064518,0.008639294,0.58954746,0.2506812,-0.39161196,0.17616914,0.17609529,-14.639796,-10.071778,0.30756882,4,"{""geodesic"":false,""type"":""Point"",""coordinates"":[110.4594811737304,-7.283231536292788]}"
1_1_2_27_0,0.0784,0.2511,0.1819,0.0824,0.1116,0.1276,0.1691,0.2195,0.2362,0.233,0.2562,0.262,0.091197245,0.19085905,0.08351326,0.3522925,-0.3846154,-0.15981527,0.09961562,0.47748888,-0.12316221,0.5058471,0.29229063,-0.3522925,0.15891568,0.18370904,-20.026176,-9.503624,0.27704194,4,"{""geodesic"":false,""type"":""Point"",""coordinates"":[110.42235936373987,-7.267718033397342]}"
1_1_2_32_0,0.0553,0.0346,0.0237,0.059,0.0744,0.08,0.0967,0.0976,0.1095,0.1116,0.1011,0.0993,-0.19635344,0.06874945,0.03964581,0.19999999,0.3651376,-0.18696398,0.016989248,0.30832356,-0.6496674,-0.26068375,0.16492693,-0.19999999,0.07153143,0.06853672,-28.534714,-8.331653,0.11765582,4,"{""geodesic"":false,""type"":""Point"",""coordinates"":[110.41701106946469,-7.270605719294367]}"
1_1_2_53_0,0.0657,0.051,0.0324,0.0642,0.0753,0.087,0.1125,0.1238,0.1252,0.1198,0.1272,0.1239,-0.14285715,0.07067139,0.039179944,0.22808816,0.19239907,-0.22302157,0.023529215,0.3021739,-0.57424444,-0.114583336,0.15860736,-0.22808816,0.031424887,0.069609515,-21.222174,-15.204169,0.12192983,4,"{""geodesic"":false,""type"":""Point"",""coordinates"":[110.43107961671012,-7.320463823945546]}"
1_1_2_137_0,0.0521,0.1552,0.0928,0.0524,0.0776,0.0888,0.1168,0.1432,0.1537,0.1457,0.1623,0.1796,0.103822686,0.11065732,0.04513255,0.30497086,-0.33333334,-0.25161293,0.05655896,0.47097424,-0.22180292,0.49518305,0.24264391,-0.30497086,0.11009521,0.11620149,-18.027647,-5.985776,0.2004727,4,"{""geodesic"":false,""type"":""Point"",""coordinates"":[110.40203642619616,-7.291661938939389]}"
1_1_2_47_0,0.0644,0.0537,0.0279,0.0626,0.0776,0.0858,0.11,0.1194,0.1219,0.1105,0.1207,0.1144,-0.107485615,0.053426202,0.03038878,0.17490695,0.18202591,-0.31617647,0.021663528,0.27671865,-0.59682083,-0.07652624,0.12582782,-0.17490695,0.0022675756,0.053209826,-17.910978,-6.3692074,0.10674491,4,"{""geodesic"":false,""type"":""Point"",""coordinates"":[110.43225954560062,-7.318746685717112]}"
1_1_2_183_0,0.0601,0.09,0.0583,0.0566,0.0714,0.0789,0.1009,0.1197,0.122,0.1236,0.1313,0.182,-0.032368932,0.09530916,0.04273285,0.2676923,-0.11524165,-0.21375592,0.037215777,0.3718091,-0.35898846,0.22783084,0.22074072,-0.2676923,0.10111358,0.095444836,-20.837742,-8.086443,0.14775066,4,"{""geodesic"":false,""type"":""Point"",""coordinates"":[110.42427144973873,-7.260031860725383]}"
1_1_2_4_0,0.0572,0.0639,0.0338,0.0538,0.0692,0.0798,0.1016,0.1052,0.1112,0.1088,0.1126,0.1295,-0.061704207,0.061227936,0.031817805,0.22247191,0.039819688,-0.308086,0.024790809,0.33825338,-0.52594674,0.08581138,0.15376458,-0.22247191,0.03422054,0.06317165,-24.259922,-14.345759,0.124509506,4,"{""geodesic"":false,""type"":""Point"",""coordinates"":[110.43250839188796,-7.265017217106614]}"
1_1_2_142_0,0.049,0.0823,0.0541,0.0508,0.073,0.0806,0.1195,0.1414,0.1598,0.137,0.1562,0.1799,-0.07100084,0.11374636,0.05609872,0.3047619,-0.0598841,-0.20674488,0.031828176,0.45899892,-0.43380427,0.23666416,0.25919116,-0.3047619,0.0682261,0.117892966,-26.001705,-8.519706,0.18799068,4,"{""geodesic"":false,""type"":""Point"",""coordinates"":[110.3970625482927,-7.285233124790512]}"
1_1_2_69_0,0.0511,0.1459,0.0927,0.0526,0.0723,0.0776,0.118,0.1644,0.1867,0.2227,0.2233,0.1912,-0.10384924,0.28037563,0.13299584,0.5098305,-0.3373052,-0.22296731,0.032301392,0.6178714,-0.41217503,0.47002518,0.48318347,-0.5098305,0.3073085,0.2719605,-18.218863,-9.896837,0.3290984,4,"{""geodesic"":false,""type"":""Point"",""coordinates"":[110.45609911096696,-7.3082833854956375]}"
1_1_2_121_0,0.0578,0.078,0.0445,0.0598,0.0758,0.0908,0.1129,0.1208,0.127,0.1209,0.1322,0.1617,-0.03404862,0.061822206,0.032368418,0.22928315,-0.0143042905,-0.2734694,0.03342101,0.3381295,-0.46191052,0.13207549,0.1421823,-0.22928315,0.03421727,0.063439645,-22.80373,-17.399937,0.13464081,4,"{""geodesic"":false,""type"":""Point"",""coordinates"":[110.43196828567288,-7.262302912789044]}"
1_1_2_112_0,0.0601,0.087,0.0597,0.0645,0.0854,0.0942,0.1189,0.1308,0.1403,0.123,0.1427,0.1235,-0.017087068,0.05977833,0.030075992,0.18042228,-0.009280727,-0.18609405,0.045721464,0.31200004,-0.34646964,0.14851487,0.1325967,-0.18042228,0.016949166,0.060234252,-15.2062845,-5.296112,0.12763637,4,"{""geodesic"":false,""type"":""Point"",""coordinates"":[110.42480828777764,-7.265278883354257]}"
1_1_2_191_0,0.0624,0.1826,0.1334,0.0741,0.113,0.1724,0.1986,0.207,0.2121,0.2029,0.2072,0.2608,0.12341771,0.045345083,0.02869236,0.28458375,-0.23545334,-0.15569624,0.113347255,0.46498194,-0.20666076,0.4226724,0.08126834,-0.28458375,0.010709857,0.05226781,-21.927284,-17.378113,0.24864866,4,"{""geodesic"":false,""type"":""Point"",""coordinates"":[110.45904112021655,-7.272466909699502]}"
1_1_2_195_0,0.0544,0.3028,0.1963,0.0576,0.0818,0.098,0.1563,0.2153,0.2398,0.2557,0.275,0.2778,0.12253187,0.2792732,0.12140523,0.51525927,-0.574623,-0.21338409,0.07523426,0.63230133,-0.13141592,0.6803552,0.44585806,-0.51525927,0.24126212,0.27708796,-18.397102,-11.154265,0.36536333,4,"{""geodesic"":false,""type"":""Point"",""coordinates"":[110.46138970587835,-7.278077896313296]}"
1_1_2_80_0,0.0626,0.3,0.2172,0.0854,0.1188,0.1504,0.1878,0.2376,0.263,0.2565,0.2832,0.2592,0.13694307,0.17469049,0.07958782,0.3669065,-0.43266478,-0.16009283,0.12735625,0.50043875,-0.08296392,0.5568241,0.26075205,-0.3669065,0.15462527,0.17548794,-16.283571,-10.665971,0.3048462,4,"{""geodesic"":false,""type"":""Point"",""coordinates"":[110.45638739018345,-7.294625103935865]}"
1_1_2_128_0,0.0713,0.1987,0.1706,0.0702,0.1066,0.1664,0.2238,0.2284,0.235,0.1907,0.2259,0.2257,0.16645367,0.03653915,0.018575773,0.28287923,-0.30167046,-0.076089896,0.14886124,0.46186274,-0.05563243,0.4778728,0.06804815,-0.28287923,-0.07985526,0.042527117,-17.990904,-14.706294,0.23754762,4,"{""geodesic"":false,""type"":""Point"",""coordinates"":[110.46068819249048,-7.258629303104026]}"
1_1_2_36_0,0.06,0.0878,0.0583,0.068,0.0913,0.0996,0.13,0.1469,0.1472,0.143,0.1458,0.159,-0.05923696,0.08816838,0.045491207,0.22065729,0.019542152,-0.20191652,0.040606152,0.35545024,-0.42076504,0.127086,0.17889531,-0.22065729,0.04761907,0.08766497,-21.205563,-13.34202,0.15822785,4,"{""geodesic"":false,""type"":""Point"",""coordinates"":[110.41763153005014,-7.281189636140434]}"
1_1_2_44_0,0.0652,0.0281,0.0185,0.0588,0.0693,0.0689,0.0868,0.0899,0.0956,0.0915,0.0909,0.0818,-0.21552771,0.0531065,0.0298306,0.13805968,0.42299795,-0.20600858,0.013930601,0.21756487,-0.6636364,0.35327962,0.14089778,-0.13805968,0.026360063,0.051332533,-20.637465,-9.897856,0.07542672,4,"{""geodesic"":false,""type"":""Point"",""coordinates"":[110.42773342257763,-7.315846430313762]}"
1_1_2_75_0,0.052,0.0502,0.0343,0.049,0.062,0.0623,0.0838,0.0944,0.1012,0.0905,0.1025,0.0896,-0.107142836,0.064277895,0.030344365,0.18688524,0.105169326,-0.1881657,0.023612045,0.29749104,-0.4503205,0.0120967915,0.18455495,-0.18688524,0.038439456,0.06479779,-22.163046,-11.749344,0.09734167,4,"{""geodesic"":false,""type"":""Point"",""coordinates"":[110.45665305466355,-7.299690876429612]}"
1_1_2_16_0,0.0702,0.2073,0.1416,0.0564,0.0788,0.0828,0.131,0.2187,0.2496,0.2509,0.2665,0.2655,-0.028791418,0.31724164,0.14603604,0.5219897,-0.44914368,-0.18830612,0.04672969,0.632932,-0.27847135,0.5722412,0.50374585,-0.5219897,0.31395653,0.30244693,-18.798313,-10.636874,0.36138982,4,"{""geodesic"":false,""type"":""Point"",""coordinates"":[110.43051744750956,-7.263477000186004]}"
1_1_2_117_0,0.0603,0.0603,0.0366,0.0617,0.0798,0.0906,0.1112,0.1104,0.1163,0.1196,0.1178,0.1289,-0.09151114,0.06039402,0.03436978,0.19959877,0.13918631,-0.24458203,0.027725419,0.31936017,-0.53137004,-0.011475421,0.13796385,-0.19959877,0.03639514,0.06125035,-27.380522,-11.540109,0.12747687,4,"{""geodesic"":false,""type"":""Point"",""coordinates"":[110.42716705844691,-7.262477787163882]}"
1_1_2_6_0,0.0558,0.1615,0.1011,0.0564,0.0772,0.0833,0.1198,0.1662,0.1852,0.1841,0.1926,0.2046,0.00886051,0.19985725,0.086941354,0.40910828,-0.35316297,-0.23000765,0.045744866,0.53097713,-0.29102385,0.48233137,0.37696335,-0.40910828,0.21158276,0.19702893,-14.893414,-8.925657,0.25867656,4,"{""geodesic"":false,""type"":""Point"",""coordinates"":[110.42716339395959,-7.265372317171766]}"
1_1_2_56_0,0.0659,0.2871,0.2022,0.0959,0.1342,0.1638,0.2068,0.2724,0.2858,0.3477,0.3118,0.2679,0.008160972,0.28533748,0.16204871,0.44303796,-0.36292425,-0.17351317,0.09525556,0.5676285,-0.26459357,0.4992167,0.35953078,-0.44303796,0.2541028,0.27271378,-12.081254,-8.258603,0.40027553,4,"{""geodesic"":false,""type"":""Point"",""coordinates"":[110.43424935814015,-7.3213723579003025]}"
1_1_2_119_0,0.0636,0.254,0.1858,0.077,0.1046,0.1278,0.1702,0.2089,0.2202,0.2309,0.2463,0.2023,0.107148044,0.18148853,0.08073477,0.37645307,-0.41662022,-0.1550705,0.102837764,0.4998376,-0.10823135,0.5347432,0.28742683,-0.37645307,0.15133384,0.18009782,-16.370008,-8.136034,0.28574082,4,"{""geodesic"":false,""type"":""Point"",""coordinates"":[110.42807222132978,-7.263021654015787]}"
1_1_2_99_0,0.0517,0.1106,0.0611,0.0545,0.0771,0.0824,0.1115,0.1311,0.1477,0.1503,0.1518,0.2147,-0.029663125,0.13734373,0.062902376,0.3218997,-0.17847629,-0.28829354,0.033497274,0.46777344,-0.4219489,0.33979407,0.29179198,-0.3218997,0.14820473,0.1390064,-23.39181,-9.629668,0.20388763,4,"{""geodesic"":false,""type"":""Point"",""coordinates"":[110.45151995838364,-7.274447870856548]}"
1_1_2_164_0,0.0812,0.4887,0.3396,0.1074,0.1466,0.2128,0.2764,0.3297,0.3626,0.3731,0.4086,0.4328,0.18697122,0.21727936,0.11140487,0.4358284,-0.53848577,-0.18000725,0.19369304,0.5529657,-0.047004372,0.6396578,0.2735962,-0.4358284,0.14888377,0.22142924,-22.444834,-11.757886,0.4064763,4,"{""geodesic"":false,""type"":""Point"",""coordinates"":[110.40505832796704,-7.267062492177378]}"
1_1_2_81_0,0.0507,0.2843,0.207,0.0783,0.1072,0.1396,0.183,0.2236,0.2467,0.2545,0.2821,0.3059,0.12039116,0.19088283,0.0892562,0.40724358,-0.45236272,-0.15733767,0.113544986,0.52944714,-0.10292524,0.56811917,0.2915504,-0.40724358,0.16342857,0.19276369,-19.088776,-12.700601,0.3173631,4,"{""geodesic"":false,""type"":""Point"",""coordinates"":[110.45384950524475,-7.295707497820295]}"
1_1_2_72_0,0.0533,0.05,0.0317,0.0513,0.0619,0.0628,0.0845,0.101,0.106,0.102,0.1067,0.1071,-0.15219842,0.08957543,0.041468423,0.24466136,0.10634495,-0.22399022,0.019517254,0.33072406,-0.52580404,-0.012833165,0.23786409,-0.24466136,0.093833774,0.08844765,-21.04607,-9.76404,0.116409,4,"{""geodesic"":false,""type"":""Point"",""coordinates"":[110.45882282328367,-7.303402117534884]}"
1_1_2_149_0,0.0583,0.1033,0.0624,0.06,0.0813,0.0838,0.1183,0.1363,0.1444,0.1339,0.1452,0.1436,-0.017847767,0.10554478,0.0466442,0.2444238,-0.119176604,-0.24683163,0.039052427,0.38112432,-0.36423844,0.26515615,0.2301332,-0.2444238,0.061855678,0.10470948,-21.867685,-3.9387255,0.15974925,4,"{""geodesic"":false,""type"":""Point"",""coordinates"":[110.41047492766636,-7.281270827655342]}"
1_1_2_127_0,0.071,0.185,0.1555,0.0824,0.1236,0.1814,0.2085,0.2073,0.2173,0.2031,0.2028,0.1881,0.1240988,0.03241708,0.021062002,0.24334252,-0.19896308,-0.08663732,0.13888577,0.42276707,-0.13273843,0.38369483,0.05643692,-0.24334252,-0.013119544,0.036800444,-22.343927,-15.624829,0.23049012,4,"{""geodesic"":false,""type"":""Point"",""coordinates"":[110.4604175164616,-7.257724434297868]}"
1_1_2_71_0,0.0504,0.2032,0.1257,0.0598,0.0816,0.0904,0.139,0.2075,0.234,0.2391,0.2627,0.2899,-0.008945135,0.2788822,0.12870951,0.49111316,-0.42696628,-0.23563394,0.04752522,0.59986615,-0.31085527,0.54524714,0.4512898,-0.49111316,0.26474476,0.2688969,-15.363545,-9.18356,0.3366504,4,"{""geodesic"":false,""type"":""Point"",""coordinates"":[110.45945317461751,-7.30656878130099]}"
1_1_2_40_0,0.0596,0.1206,0.0728,0.0662,0.0858,0.0954,0.1283,0.1387,0.143,0.1375,0.1463,0.1414,0.029306628,0.08673975,0.03763405,0.2315271,-0.16860466,-0.24715613,0.050509963,0.35002452,-0.30765572,0.29122055,0.1807643,-0.2315271,0.034612503,0.086164564,-20.960167,-11.3684225,0.15198238,4,"{""geodesic"":false,""type"":""Point"",""coordinates"":[110.40367399056241,-7.286417784993508]}"
1_1_2_82_0,0.0626,0.3013,0.2123,0.0826,0.1086,0.1368,0.1687,0.2203,0.2462,0.2534,0.2769,0.2835,0.13189511,0.20038494,0.08744722,0.4,-0.47011465,-0.17328659,0.11461185,0.5083333,-0.08825423,0.5696796,0.2988211,-0.4,0.20066334,0.19647269,-15.419523,-12.37705,0.30645934,4,"{""geodesic"":false,""type"":""Point"",""coordinates"":[110.45475717636025,-7.294261322016363]}"
1_1_2_1_0,0.0566,0.1124,0.059,0.0618,0.0803,0.0878,0.123,0.1497,0.1654,0.1499,0.1765,0.1591,-0.027919391,0.12796736,0.057740375,0.30234578,-0.16658017,-0.31155193,0.034557708,0.41615495,-0.43513644,0.29047075,0.26125368,-0.30234578,0.09857092,0.12627085,-22.028578,-7.6686034,0.18568218,4,"{""geodesic"":false,""type"":""Point"",""coordinates"":[110.4424722441645,-7.265481842175832]}"
1_1_2_86_0,0.0701,0.2996,0.2201,0.0857,0.1146,0.1354,0.1887,0.2289,0.2385,0.2223,0.2692,0.2667,0.17092869,0.156076,0.057800386,0.3196794,-0.44664413,-0.15297288,0.13406001,0.44350648,-0.0049728584,0.5551518,0.242941,-0.3196794,0.08175181,0.15197621,-21.419527,-11.991677,0.2535891,4,"{""geodesic"":false,""type"":""Point"",""coordinates"":[110.45694216343621,-7.285308952214758]}"
1_1_2_156_0,0.0604,0.2357,0.1635,0.0692,0.0966,0.1172,0.1692,0.2243,0.2449,0.2562,0.282,0.2936,0.04054255,0.2412524,0.11799935,0.45238093,-0.41859764,-0.18086173,0.07479391,0.5746773,-0.22087203,0.54608065,0.3722549,-0.45238093,0.20451337,0.2387222,-14.466264,-10.241939,0.3398352,4,"{""geodesic"":false,""type"":""Point"",""coordinates"":[110.39571630691857,-7.275824149857691]}"
1_1_2_90_0,0.0568,0.2959,0.2098,0.0853,0.115,0.1426,0.1775,0.2387,0.2582,0.2745,0.2909,0.2854,0.098584466,0.22125676,0.10473211,0.40949938,-0.44025308,-0.17025901,0.10898899,0.52584773,-0.13359489,0.5524659,0.31623113,-0.40949938,0.21460178,0.21573439,-14.987491,-7.856016,0.33007678,4,"{""geodesic"":false,""type"":""Point"",""coordinates"":[110.45820835804442,-7.287029107184131]}"
1_1_2_62_0,0.0607,0.2134,0.1323,0.0586,0.0804,0.0856,0.138,0.2009,0.2295,0.2199,0.2494,0.2551,0.035497855,0.25946677,0.11165121,0.46453547,-0.45268893,-0.23459648,0.05150014,0.57917416,-0.2487223,0.56911767,0.43960717,-0.46453547,0.22883487,0.2500931,-17.765705,-9.185461,0.31078997,4,"{""geodesic"":false,""type"":""Point"",""coordinates"":[110.45536492858797,-7.3160615814774275]}"
1_1_2_151_0,0.0517,0.0405,0.0263,0.0545,0.072,0.0728,0.0995,0.1136,0.1202,0.1237,0.1174,0.14,-0.2226415,0.11048404,0.056624223,0.2641799,0.27999997,-0.21257485,0.015478093,0.38832775,-0.64933336,-0.1473684,0.25903305,-0.2641799,0.10842294,0.10961952,-23.612595,-12.726557,0.1530522,4,"{""geodesic"":false,""type"":""Point"",""coordinates"":[110.41057177416972,-7.276476897612496]}"
1_1_2_148_0,0.0601,0.0885,0.0561,0.0594,0.0863,0.101,0.1269,0.1397,0.1437,0.1524,0.1506,0.1865,-0.05556939,0.09787493,0.053615257,0.27691662,-0.012585812,-0.22406639,0.037179135,0.4390935,-0.46187052,0.19675457,0.20284134,-0.27691662,0.09129968,0.10233607,-20.799423,-10.12332,0.19598202,4,"{""geodesic"":false,""type"":""Point"",""coordinates"":[110.40259470313256,-7.280536867729609]}"
1_1_2_165_0,0.0804,0.4393,0.286,0.0809,0.114,0.1418,0.2261,0.3003,0.3408,0.3585,0.3934,0.4124,0.1388535,0.33805498,0.1639769,0.51746035,-0.587927,-0.2113608,0.11312357,0.6317706,-0.11249028,0.6889658,0.43314013,-0.51746035,0.22647965,0.3249525,-18.899841,-13.933714,0.44326165,4,"{""geodesic"":false,""type"":""Point"",""coordinates"":[110.40569325799031,-7.266430147499665]}"
1_1_2_190_0,0.0723,0.2124,0.1461,0.07,0.097,0.1058,0.1549,0.2031,0.2196,0.2172,0.2379,0.2445,0.051205833,0.20987187,0.092508286,0.38255885,-0.37297997,-0.18493725,0.071166575,0.5125348,-0.19570602,0.5042493,0.3448916,-0.38255885,0.1674281,0.20303765,-18.095686,-6.508949,0.2804878,4,"{""geodesic"":false,""type"":""Point"",""coordinates"":[110.4219075907466,-7.266812916672421]}"
1_1_2_15_0,0.0626,0.1612,0.1046,0.0618,0.0842,0.0893,0.1346,0.1864,0.2048,0.1807,0.2185,0.1704,0.016227176,0.18236233,0.07865785,0.36428842,-0.31377342,-0.21294208,0.051692195,0.4903093,-0.26673678,0.44573992,0.33851853,-0.36428842,0.14620997,0.17805196,-16.09938,-9.842098,0.24020202,4,"{""geodesic"":false,""type"":""Point"",""coordinates"":[110.42879575950296,-7.263927107576092]}"
1_1_2_131_0,0.0648,0.2835,0.2039,0.0682,0.0912,0.1164,0.1534,0.1898,0.2072,0.2357,0.2324,0.2636,0.13640238,0.20965132,0.089686446,0.44203117,-0.51321054,-0.16331553,0.10069563,0.55116814,-0.07233849,0.61216944,0.33882418,-0.44203117,0.21151374,0.21001054,-13.244487,-12.941151,0.31253886,4,"{""geodesic"":false,""type"":""Point"",""coordinates"":[110.4603162537629,-7.2666793301992625]}"
1_1_2_104_0,0.0503,0.045,0.0283,0.0471,0.0611,0.0586,0.0827,0.1082,0.1207,0.1175,0.1183,0.137,-0.22744219,0.13196218,0.0613102,0.3157895,0.1517436,-0.22783084,0.014113873,0.42770353,-0.611797,0.022801284,0.33446905,-0.3157895,0.17382617,0.13067593,-20.973555,-11.051454,0.15889257,4,"{""geodesic"":false,""type"":""Point"",""coordinates"":[110.44174822823668,-7.264938225337162]}"
1_1_2_171_0,0.0577,0.0898,0.0535,0.0626,0.0786,0.0852,0.1061,0.1112,0.1217,0.124,0.1267,0.1139,-0.032079652,0.08321181,0.037984785,0.22408688,-0.06650834,-0.25331473,0.03675968,0.32904607,-0.3971831,0.17847767,0.18546847,-0.22408688,0.07779226,0.0820643,-20.633438,-10.932231,0.13413922,4,"{""geodesic"":false,""type"":""Point"",""coordinates"":[110.41819008884956,-7.269521785306767]}"
1_1_2_181_0,0.0581,0.1321,0.0907,0.0607,0.0831,0.0954,0.1176,0.1357,0.1418,0.1449,0.1519,0.1521,0.050565705,0.098054744,0.042996,0.27105263,-0.22769518,-0.18581688,0.059715528,0.40953305,-0.2300509,0.37033197,0.2059925,-0.27105263,0.10399998,0.10029717,-15.846654,-6.260017,0.1789966,4,"{""geodesic"":false,""type"":""Point"",""coordinates"":[110.4233615731342,-7.263196601559806]}"
1_1_2_176_0,0.0499,0.0726,0.0506,0.0474,0.0636,0.074,0.1019,0.1146,0.1183,0.123,0.1237,0.1701,-0.075078875,0.101114325,0.04924811,0.31832796,-0.06607927,-0.17857143,0.030442275,0.44366196,-0.41705072,0.20999998,0.24873097,-0.31832796,0.09381949,0.10545194,-23.660456,-9.4866295,0.16915275,4,"{""geodesic"":false,""type"":""Point"",""coordinates"":[110.41013901513298,-7.261008713586174]}"
1_1_2_199_0,0.0618,0.0441,0.0315,0.0572,0.0768,0.0903,0.1105,0.1116,0.1223,0.1166,0.1222,0.1978,-0.12783906,0.05348137,0.034487586,0.20579109,0.27047148,-0.16666667,0.02439494,0.34177214,-0.5746117,-0.12931883,0.12711453,-0.20579109,0.02686041,0.05580704,-26.850832,-13.705716,0.13223508,4,"{""geodesic"":false,""type"":""Point"",""coordinates"":[110.45685538431418,-7.282142937965847]}"
1_1_2_91_0,0.0706,0.3091,0.2239,0.0956,0.1274,0.1524,0.1831,0.2321,0.2544,0.2642,0.2706,0.2826,0.123828076,0.19122879,0.08402954,0.3493361,-0.41626576,-0.1598499,0.12915352,0.46859366,-0.08256504,0.5275513,0.26836294,-0.3493361,0.18131009,0.18295877,-19.59107,-11.58611,0.29413816,4,"{""geodesic"":false,""type"":""Point"",""coordinates"":[110.45811907178371,-7.285943545263804]}"
1_1_2_51_0,0.0654,0.0882,0.0539,0.0634,0.0794,0.0814,0.1122,0.1446,0.156,0.1438,0.1563,0.1029,-0.09978769,0.13486645,0.061194904,0.28853047,-0.052505966,-0.24137934,0.030510847,0.3880309,-0.4547294,0.1635884,0.27708706,-0.28853047,0.12343752,0.12906785,-16.982334,-8.271904,0.17053169,4,"{""geodesic"":false,""type"":""Point"",""coordinates"":[110.43189944900372,-7.316937150390599]}"
1_1_2_23_0,0.0746,0.3112,0.2184,0.093,0.1246,0.1554,0.2062,0.2563,0.2773,0.282,0.3066,0.2958,0.10884028,0.20864925,0.098989055,0.38711265,-0.42817804,-0.17522657,0.120352335,0.504,-0.12709832,0.53983176,0.28943762,-0.38711265,0.15526424,0.20258163,-15.854272,-12.075037,0.324,4,"{""geodesic"":false,""type"":""Point"",""coordinates"":[110.42318351579652,-7.260754113140194]}"
1_1_2_49_0,0.0652,0.1152,0.0718,0.0631,0.0866,0.096,0.1295,0.1568,0.1686,0.1555,0.1724,0.1659,-0.017217306,0.11821974,0.056097362,0.28459314,-0.14172448,-0.23208554,0.04432669,0.42268983,-0.3682358,0.2922041,0.23658049,-0.28459314,0.09122805,0.11876246,-12.908013,-7.2857,0.19287501,4,"{""geodesic"":false,""type"":""Point"",""coordinates"":[110.43525252134857,-7.316127278512214]}"
1_1_2_185_0,0.0595,0.088,0.0559,0.057,0.073,0.081,0.1043,0.1294,0.1406,0.1153,0.1456,0.1631,-0.009668913,0.07305333,0.033059455,0.22464153,-0.09316771,-0.22307158,0.0392706,0.33836332,-0.3469626,0.2137931,0.17473255,-0.22464153,0.050091073,0.07389057,-23.314472,-12.097318,0.13007586,4,"{""geodesic"":false,""type"":""Point"",""coordinates"":[110.43087887784284,-7.264201087710111]}"
1_1_2_135_0,0.0543,0.065,0.0367,0.054,0.0836,0.1068,0.1262,0.138,0.1408,0.1318,0.1484,0.1586,-0.039149895,0.045700494,0.032407816,0.22376972,0.12516825,-0.2782694,0.029738694,0.41872978,-0.5643917,0.09243695,0.104777865,-0.22376972,0.021705411,0.05077173,-20.59703,-10.14203,0.17016622,4,"{""geodesic"":false,""type"":""Point"",""coordinates"":[110.39686769587384,-7.29545412471469]}"
1_1_2_28_0,0.0628,0.0305,0.02,0.0592,0.0764,0.083,0.1028,0.102,0.1079,0.1008,0.1042,0.1083,-0.1700183,0.03853482,0.02710408,0.13769753,0.42937323,-0.2079208,0.016468253,0.26,-0.6688742,-0.3199554,0.09684441,-0.13769753,-0.009823182,0.03904651,-29.003933,-12.739858,0.094545454,4,"{""geodesic"":false,""type"":""Point"",""coordinates"":[110.42000215998648,-7.269252744509152]}"
1_1_2_138_0,0.052,0.1439,0.0899,0.0506,0.0732,0.0816,0.1089,0.1341,0.1485,0.1421,0.1504,0.161,0.078431375,0.12078742,0.049459163,0.3200186,-0.32565638,-0.23096666,0.05162449,0.47483137,-0.22500001,0.47969154,0.27045152,-0.3200186,0.13227093,0.12539726,-17.054977,-7.942977,0.19813773,4,"{""geodesic"":false,""type"":""Point"",""coordinates"":[110.40176633587097,-7.290395229809548]}"
1_1_2_133_0,0.0932,0.2335,0.2094,0.098,0.155,0.2216,0.2386,0.2402,0.2417,0.2484,0.2397,0.2355,0.13562071,0.03635378,0.02469108,0.23153198,-0.20205921,-0.0544141,0.18680772,0.43418014,-0.08519005,0.40874812,0.05702129,-0.23153198,0.020123208,0.04144331,-17.33941,-8.494123,0.26654065,4,"{""geodesic"":false,""type"":""Point"",""coordinates"":[110.46177574557159,-7.258178319670913]}"
1_1_2_186_0,0.0574,0.1622,0.1167,0.0648,0.0858,0.1048,0.1226,0.1447,0.1555,0.1463,0.1656,0.1762,0.11692114,0.08048251,0.031327542,0.2606635,-0.30806452,-0.16314092,0.083596446,0.38607296,-0.11254753,0.42907488,0.1652728,-0.2606635,0.08813687,0.08287845,-16.306993,-5.5512567,0.17191675,4,"{""geodesic"":false,""type"":""Point"",""coordinates"":[110.43495487774376,-7.264477544517405]}"
1_1_2_39_0,0.0567,0.1134,0.0758,0.0624,0.0854,0.0938,0.1185,0.1297,0.1395,0.1334,0.1333,0.1462,0.028287858,0.080605745,0.036126472,0.2193784,-0.14084506,-0.19873148,0.053298656,0.3626149,-0.27533457,0.2901024,0.17429574,-0.2193784,0.05915043,0.08168315,-21.678104,-4.9130306,0.15306121,4,"{""geodesic"":false,""type"":""Point"",""coordinates"":[110.40784252431179,-7.285337814485089]}"
1_1_2_78_0,0.0607,0.087,0.0637,0.055,0.0736,0.0932,0.1145,0.1231,0.1319,0.1252,0.1237,0.1277,-2.0673086E-8,0.06289804,0.033098772,0.25955734,-0.083437085,-0.15461181,0.047418848,0.38956717,-0.32556912,0.22535211,0.14652017,-0.25955734,0.044639144,0.06681515,-15.42982,-8.749487,0.15480742,4,"{""geodesic"":false,""type"":""Point"",""coordinates"":[110.45919095718703,-7.298608468144273]}"
1_1_2_150_0,0.06,0.0477,0.027,0.0567,0.0785,0.0869,0.1168,0.1324,0.1419,0.1271,0.1402,0.1736,-0.15452261,0.082158186,0.047147047,0.23638132,0.24405707,-0.2771084,0.018460268,0.38302505,-0.6495782,-0.0862069,0.18785048,-0.23638132,0.042230446,0.084453784,-23.889164,-11.584932,0.15443113,4,"{""geodesic"":false,""type"":""Point"",""coordinates"":[110.41147104597914,-7.281543485345761]}"
1_1_2_179_0,0.0591,0.2829,0.1967,0.0808,0.1144,0.1492,0.2084,0.2561,0.2767,0.2768,0.3083,0.3163,0.09433963,0.20370369,0.10390562,0.41513294,-0.42411277,-0.1797331,0.10602472,0.54809844,-0.16916578,0.5556778,0.2995305,-0.41513294,0.14097281,0.20669547,-13.398366,-7.631842,0.3428172,4,"{""geodesic"":false,""type"":""Point"",""coordinates"":[110.40914376853705,-7.26010287992686]}"
1_1_2_111_0,0.068,0.2543,0.182,0.0795,0.1028,0.125,0.1685,0.1968,0.2112,0.2203,0.2227,0.227,0.117066704,0.17339253,0.07238539,0.3636645,-0.42425093,-0.16571167,0.103268266,0.46964645,-0.0952026,0.52366686,0.2759919,-0.3636645,0.13323046,0.16911156,-15.115075,-10.106066,0.26406604,4,"{""geodesic"":false,""type"":""Point"",""coordinates"":[110.42897544576437,-7.265103238746668]}"
1_1_2_63_0,0.0595,0.2188,0.1435,0.0601,0.0788,0.091,0.1377,0.196,0.2224,0.2251,0.2536,0.254,0.04134453,0.25390995,0.111451216,0.48140836,-0.4704301,-0.20783879,0.058011994,0.57854134,-0.22137818,0.56902117,0.42423284,-0.48140836,0.24090408,0.24647714,-17.452911,-10.372966,0.31520632,4,"{""geodesic"":false,""type"":""Point"",""coordinates"":[110.45545475708005,-7.316694871006952]}"
1_1_2_48_0,0.0636,0.0558,0.0335,0.0596,0.0755,0.08,0.1077,0.1272,0.1338,0.1267,0.1314,0.1161,-0.15678361,0.10067259,0.050988737,0.25321466,0.15003808,-0.24972002,0.021152329,0.36017177,-0.58177274,-0.03292895,0.2259313,-0.25321466,0.08105802,0.09912269,-17.63704,-8.900768,0.14665598,4,"{""geodesic"":false,""type"":""Point"",""coordinates"":[110.43325998519471,-7.315672506451822]}"
1_1_2_88_0,0.0746,0.3341,0.2271,0.0816,0.113,0.1256,0.1934,0.2699,0.2967,0.2934,0.3298,0.325,0.1014736,0.2923345,0.13084951,0.44389763,-0.49452025,-0.19066288,0.09721799,0.56479996,-0.12737751,0.6074092,0.40047732,-0.44389763,0.20542316,0.27388465,-15.048425,-12.843639,0.3630857,4,"{""geodesic"":false,""type"":""Point"",""coordinates"":[110.4570343862029,-7.283952244291906]}"
1_1_2_170_0,0.0614,0.128,0.0808,0.0636,0.0782,0.0877,0.1113,0.1285,0.131,0.1372,0.1415,0.1525,0.035774324,0.10430714,0.042358007,0.273909,-0.24151313,-0.22605368,0.051648397,0.36653385,-0.2587156,0.3361169,0.22009781,-0.273909,0.104225345,0.102427915,-14.804972,-8.708169,0.15753423,4,"{""geodesic"":false,""type"":""Point"",""coordinates"":[110.41828498009725,-7.266175107045447]}"
1_1_2_123_0,0.0508,0.2563,0.1838,0.065,0.0885,0.113,0.1685,0.2166,0.2314,0.2434,0.2572,0.2896,0.089862786,0.22735196,0.105004296,0.4667068,-0.48665893,-0.1647353,0.08533032,0.5784695,-0.1395131,0.5953937,0.36588103,-0.4667068,0.18184024,0.22839794,-19.166265,-8.210051,0.33102423,4,"{""geodesic"":false,""type"":""Point"",""coordinates"":[110.45815366363304,-7.257088556167868]}"
1_1_2_87_0,0.0779,0.3484,0.2479,0.0932,0.122,0.1454,0.1975,0.2631,0.283,0.2897,0.3204,0.3277,0.12649709,0.2465655,0.10832423,0.40733543,-0.48129252,-0.16853933,0.12442064,0.51318884,-0.07775299,0.57789856,0.3316479,-0.40733543,0.18924467,0.23147257,-17.197552,-10.548596,0.33384302,4,"{""geodesic"":false,""type"":""Point"",""coordinates"":[110.45685244471504,-7.2845852079751925]}"
1_1_2_24_0,0.0732,0.2994,0.2144,0.0849,0.1134,0.1454,0.2095,0.2472,0.2686,0.269,0.3062,0.2976,0.11380996,0.20536336,0.09630803,0.40690377,-0.4505814,-0.16543403,0.11588758,0.5202035,-0.112949945,0.5581577,0.29826254,-0.40690377,0.124346904,0.2027559,-13.518769,-10.586194,0.32339853,4,"{""geodesic"":false,""type"":""Point"",""coordinates"":[110.42299323385036,-7.267899748496482]}"
1_1_2_12_0,0.0574,0.0454,0.0289,0.0536,0.0683,0.0789,0.0943,0.0942,0.1031,0.095,0.1052,0.1185,-0.08904359,0.03450788,0.022036884,0.16350274,0.20140721,-0.2220727,0.024002211,0.27860028,-0.5334948,-0.08282825,0.09258193,-0.16350274,0.003697828,0.03583617,-22.878468,-11.471959,0.095744684,4,"{""geodesic"":false,""type"":""Point"",""coordinates"":[110.42598773418771,-7.263833110098619]}"
1_1_2_122_0,0.0515,0.2069,0.1676,0.0648,0.0886,0.1328,0.1571,0.176,0.1839,0.1909,0.1942,0.1947,0.14108163,0.09672371,0.044967957,0.36601073,-0.4003384,-0.1049399,0.116591305,0.49315602,-0.064993,0.5230033,0.17948718,-0.36601073,0.09712643,0.10580309,-11.842659,-2.3196566,0.25029773,4,"{""geodesic"":false,""type"":""Point"",""coordinates"":[110.45860690938265,-7.256817732525954]}"
1_1_2_132_0,0.116,0.268,0.2443,0.1116,0.1664,0.2356,0.2677,0.2757,0.28,0.2668,0.2688,0.2716,0.14195013,0.042313106,0.025458045,0.2317636,-0.23388582,-0.04626198,0.21573119,0.410148,-0.044022687,0.41201267,0.062101897,-0.2317636,-0.0016838422,0.04668794,-17.034014,-11.417948,0.2650273,4,"{""geodesic"":false,""type"":""Point"",""coordinates"":[110.46268169840693,-7.25808893769729]}"
1_1_2_17_0,0.0689,0.1843,0.1285,0.0682,0.0926,0.1076,0.1591,0.1923,0.2092,0.1857,0.2167,0.2055,0.06962259,0.14793907,0.06450718,0.33453107,-0.33116648,-0.17838876,0.074456654,0.46278062,-0.18204965,0.459802,0.26628023,-0.33453107,0.07714617,0.14767426,-20.303268,-12.701698,0.23378432,4,"{""geodesic"":false,""type"":""Point"",""coordinates"":[110.42952158140982,-7.263023478171125]}"
1_1_2_169_0,0.054,0.1249,0.0789,0.0542,0.0719,0.0732,0.1153,0.1576,0.168,0.1512,0.174,0.1631,-0.01809169,0.16470985,0.068837695,0.35544595,-0.26930892,-0.22571146,0.03819762,0.47224924,-0.3142112,0.39475152,0.34759355,-0.35544595,0.13470918,0.16151297,-14.404702,-6.7057176,0.20626594,4,"{""geodesic"":false,""type"":""Point"",""coordinates"":[110.41719737185042,-7.2666259813145]}"
1_1_2_100_0,0.0551,0.1117,0.0596,0.0636,0.083,0.086,0.1149,0.1383,0.1396,0.1479,0.1476,0.1555,-0.033724345,0.13038166,0.05734543,0.28107408,-0.14740628,-0.30414477,0.03465585,0.39858153,-0.42554218,0.27438673,0.26464298,-0.28107408,0.12557077,0.12651587,-24.520351,-9.895593,0.17772311,4,"{""geodesic"":false,""type"":""Point"",""coordinates"":[110.43640153956049,-7.26665024789593]}"
1_1_2_77_0,0.0565,0.0381,0.0268,0.0518,0.0694,0.0786,0.0984,0.0956,0.1045,0.1062,0.0954,0.1031,-0.15034585,0.058017332,0.034777436,0.20956722,0.29116276,-0.17411405,0.019835027,0.3443038,-0.5969925,-0.15239155,0.14935067,-0.20956722,0.038123176,0.06045562,-48.468555,-13.642824,0.12401216,4,"{""geodesic"":false,""type"":""Point"",""coordinates"":[110.45846643386571,-7.298426690992029]}"
1_1_2_197_0,0.0674,0.3585,0.2416,0.0725,0.1014,0.13,0.1963,0.2595,0.2911,0.2953,0.321,0.2941,0.14095527,0.2698247,0.12480512,0.48878247,-0.5590346,-0.19480085,0.10635963,0.60576403,-0.10001862,0.6635731,0.38866684,-0.48878247,0.20138325,0.26796716,-23.558828,-13.028054,0.38511178,4,"{""geodesic"":false,""type"":""Point"",""coordinates"":[110.45631359195865,-7.280695014369586]}"
1_1_2_172_0,0.0531,0.0927,0.0656,0.056,0.0761,0.0832,0.1097,0.1237,0.1312,0.1265,0.1338,0.1293,-0.01841518,0.08978186,0.041616403,0.24876603,-0.09834122,-0.17119391,0.043145616,0.38630134,-0.31702235,0.24680562,0.20648544,-0.24876603,0.07112615,0.09151753,-29.395988,-8.840227,0.15494505,4,"{""geodesic"":false,""type"":""Point"",""coordinates"":[110.4136700463753,-7.262370098007687]}"
1_1_2_152_0,0.0543,0.0524,0.0305,0.0544,0.072,0.0836,0.1039,0.1089,0.1132,0.1077,0.1156,0.1319,-0.08755451,0.050153997,0.029629279,0.19866446,0.15755625,-0.26417372,0.023675025,0.32880935,-0.5586107,-0.018726595,0.12598012,-0.19866446,0.0179584,0.05229278,-31.468948,-16.948698,0.12075215,4,"{""geodesic"":false,""type"":""Point"",""coordinates"":[110.41021048748892,-7.275662342342407]}"
1_1_2_3_0,0.0507,0.1553,0.0943,0.055,0.0744,0.09,0.1173,0.1326,0.1469,0.1574,0.1654,0.1584,0.071881175,0.1311386,0.05582749,0.3580673,-0.35219854,-0.24439104,0.053919952,0.48210922,-0.25069526,0.4769377,0.27243328,-0.3580673,0.14597742,0.13526893,-16.93581,-11.466,0.21560921,4,"{""geodesic"":false,""type"":""Point"",""coordinates"":[110.43775931547303,-7.2674660220310745]}"
1_1_2_109_0,0.0701,0.2592,0.1849,0.0799,0.1156,0.1238,0.1803,0.2437,0.268,0.2984,0.2798,0.2666,0.006173647,0.3027151,0.15060435,0.44154593,-0.3831377,-0.16730466,0.07671119,0.57758397,-0.2348438,0.5287526,0.41354808,-0.44154593,0.24670987,0.28399482,-21.130651,-9.995821,0.3731641,4,"{""geodesic"":false,""type"":""Point"",""coordinates"":[110.43033741593544,-7.26257223163732]}"
1_1_2_182_0,0.0602,0.1063,0.0676,0.06,0.0811,0.0886,0.1133,0.138,0.1431,0.1521,0.1554,0.1824,-0.042260434,0.12867795,0.060363192,0.30445966,-0.13447168,-0.22254169,0.03937778,0.43422914,-0.3846154,0.2784125,0.26381385,-0.30445966,0.14619441,0.12859456,-19.821774,-7.782265,0.19400364,4,"{""geodesic"":false,""type"":""Point"",""coordinates"":[110.42390715543644,-7.261569119512966]}"
1_1_2_85_0,0.0715,0.3563,0.2585,0.104,0.1368,0.1766,0.2077,0.2551,0.2753,0.2875,0.3006,0.2816,0.15296409,0.17691916,0.07905347,0.3551732,-0.44514295,-0.1590761,0.15878645,0.46871006,-0.053113524,0.5481208,0.23895712,-0.3551732,0.161147,0.17254435,-13.635249,-13.436543,0.3087493,4,"{""geodesic"":false,""type"":""Point"",""coordinates"":[110.45739391616839,-7.286304494477663]}"
1_1_2_70_0,0.0501,0.0274,0.0171,0.0502,0.0552,0.0583,0.0702,0.0767,0.0845,0.0746,0.0755,0.1073,-0.18574823,0.038887307,0.021776117,0.14946073,0.33656174,-0.23146066,0.013363672,0.19551285,-0.62704474,-0.29381445,0.122648634,-0.14946073,0.030386765,0.038631704,-28.376522,-19.304499,0.058578752,4,"{""geodesic"":false,""type"":""Point"",""coordinates"":[110.45473964497891,-7.30873401651477]}"
1_1_2_130_0,0.0941,0.1929,0.1617,0.078,0.1158,0.1834,0.2112,0.2138,0.2147,0.2021,0.2072,0.2283,0.14655699,0.02721978,0.017016394,0.271469,-0.24975705,-0.087986484,0.14673816,0.44305602,-0.111050025,0.42414173,0.048508402,-0.271469,-0.02201792,0.031677,-18.986324,-10.111287,0.23862325,4,"{""geodesic"":false,""type"":""Point"",""coordinates"":[110.46268105441344,-7.2586316654870995]}"
1_1_2_67_0,0.0543,0.2217,0.1462,0.0695,0.09,0.1082,0.1349,0.2129,0.2495,0.2248,0.274,0.3116,0.057032987,0.21548699,0.09648548,0.42820838,-0.42252162,-0.2052188,0.070368506,0.52769285,-0.21185985,0.52266484,0.35015017,-0.42820838,0.24993052,0.20996399,-14.348434,-9.752333,0.2932771,4,"{""geodesic"":false,""type"":""Point"",""coordinates"":[110.45373936777577,-7.311808256642724]}"
1_1_2_43_0,0.0653,0.0277,0.0195,0.0716,0.0832,0.0874,0.1036,0.1005,0.105,0.1034,0.0999,0.0753,-0.20648053,0.03667034,0.026580067,0.10825294,0.50045085,-0.1737288,0.016482592,0.1817143,-0.6826688,-0.44209465,0.083857454,-0.10825294,-9.661863E-4,0.034742333,-31.13607,-15.662203,0.07066667,4,"{""geodesic"":false,""type"":""Point"",""coordinates"":[110.42872962919036,-7.316119056378692]}"
1_1_2_59_0,0.0662,0.3025,0.2257,0.0878,0.1168,0.1488,0.1816,0.2228,0.2406,0.2479,0.2644,0.2852,0.14688693,0.16715017,0.0718612,0.35947353,-0.442881,-0.14539947,0.13547464,0.4769139,-0.046874974,0.55008966,0.24981093,-0.35947353,0.15436552,0.1657745,-18.044601,-14.710225,0.28736386,4,"{""geodesic"":false,""type"":""Point"",""coordinates"":[110.4551856012177,-7.314523639484002]}"
1_1_2_46_0,0.0669,0.0551,0.0298,0.0664,0.08,0.0928,0.1163,0.1183,0.1228,0.1152,0.1227,0.1252,-0.10227617,0.04770017,0.029081212,0.18032788,0.1843079,-0.29799765,0.024005555,0.26872247,-0.58896554,-0.09300409,0.10769231,-0.18032788,-0.0047516283,0.047457624,-25.466663,-11.574205,0.10739437,4,"{""geodesic"":false,""type"":""Point"",""coordinates"":[110.43108202356774,-7.318564291985802]}"
1_1_2_145_0,0.0557,0.1447,0.0831,0.0634,0.0864,0.0952,0.1247,0.1498,0.1575,0.1557,0.164,0.1799,0.045315925,0.12086462,0.051727578,0.28624535,-0.25227174,-0.27041268,0.05081002,0.42126882,-0.3040201,0.39067757,0.2411319,-0.28624535,0.11055634,0.12085497,-23.318752,-10.899761,0.19253233,4,"{""geodesic"":false,""type"":""Point"",""coordinates"":[110.40756279489813,-7.29139785320647]}"
1_1_2_9_0,0.0585,0.1175,0.0688,0.0634,0.081,0.0874,0.1148,0.1349,0.1438,0.1368,0.1469,0.1531,0.011602049,0.1041579,0.04406567,0.25619838,-0.18387909,-0.2614063,0.043955553,0.3666334,-0.3307393,0.29906026,0.22033902,-0.25619838,0.0874404,0.10231982,-21.56805,-9.946214,0.1572408,4,"{""geodesic"":false,""type"":""Point"",""coordinates"":[110.42598394666706,-7.266818093366458]}"
1_1_2_37_0,0.0567,0.0913,0.056,0.0576,0.077,0.0874,0.126,0.1371,0.1406,0.1296,0.141,0.1355,-0.023230396,0.08633389,0.041508846,0.25459826,-0.08496734,-0.23964699,0.037765432,0.3846154,-0.39655173,0.22632642,0.19447008,-0.25459826,0.01408452,0.08828453,-22.37043,-8.432568,0.15715949,4,"{""geodesic"":false,""type"":""Point"",""coordinates"":[110.40983548576392,-7.285340418263473]}"
1_1_2_159_0,0.0458,0.0566,0.0315,0.0504,0.0771,0.0822,0.1126,0.1437,0.1522,0.1302,0.1396,0.1704,-0.13087039,0.09635459,0.052536845,0.25615048,0.15332834,-0.28490353,0.019887097,0.44186047,-0.6103896,0.05794393,0.2259887,-0.25615048,0.07248764,0.10106682,-18.692406,-8.340947,0.17587422,4,"{""geodesic"":false,""type"":""Point"",""coordinates"":[110.39480692173152,-7.278446091682342]}"
1_1_2_155_0,0.053,0.1237,0.0811,0.0621,0.0852,0.0993,0.1482,0.185,0.2011,0.1934,0.2105,0.2246,-0.06792058,0.17775512,0.089775816,0.38837042,-0.18429872,-0.2080078,0.04164028,0.5138943,-0.40910745,0.33153927,0.32148957,-0.38837042,0.1323185,0.17806232,-16.153841,-7.8610234,0.26068828,4,"{""geodesic"":false,""type"":""Point"",""coordinates"":[110.3990630932163,-7.279537203509425]}"
1_1_2_79_0,0.0607,0.3276,0.2396,0.0928,0.1196,0.1636,0.1816,0.2183,0.2305,0.259,0.2658,0.2753,0.1653618,0.15440892,0.06633584,0.36819863,-0.4651163,-0.15514809,0.15134579,0.47242752,-0.038908947,0.5585157,0.2257454,-0.36819863,0.17566955,0.15510514,-24.892817,-14.572483,0.29267433,4,"{""geodesic"":false,""type"":""Point"",""coordinates"":[110.4613666949966,-7.2973447038150585]}"
1_1_2_125_0,0.0837,0.23,0.1985,0.1006,0.156,0.236,0.2554,0.2737,0.2812,0.2674,0.2644,0.2406,0.11750601,0.040696763,0.03246332,0.26310816,-0.19170985,-0.07351224,0.17519073,0.45326087,-0.14788578,0.39140958,0.062375836,-0.26310816,0.022953322,0.046940394,-22.870592,-18.24681,0.28824884,4,"{""geodesic"":false,""type"":""Point"",""coordinates"":[110.46014619447553,-7.257362292967216]}"
1_1_2_147_0,0.0557,0.1127,0.0781,0.0521,0.0722,0.0831,0.1149,0.1342,0.1508,0.1303,0.1525,0.1568,0.035430986,0.09530348,0.041954275,0.28691357,-0.21903732,-0.18134171,0.04980898,0.42872807,-0.25047982,0.36771846,0.22118089,-0.28691357,0.062805876,0.09924307,-13.465695,-7.35456,0.17189331,4,"{""geodesic"":false,""type"":""Point"",""coordinates"":[110.40177485436087,-7.283973027212318]}"
1_1_2_116_0,0.0618,0.2643,0.1821,0.0833,0.117,0.1498,0.2023,0.2418,0.2748,0.2857,0.3099,0.2621,0.057591617,0.21782336,0.115608245,0.41892228,-0.38630998,-0.18413977,0.09547981,0.5485095,-0.22146216,0.52071345,0.31205508,-0.41892228,0.17090163,0.21790485,-18.757542,-11.1669655,0.34936708,4,"{""geodesic"":false,""type"":""Point"",""coordinates"":[110.42290195534872,-7.268442357109747]}"
1_1_2_114_0,0.0697,0.2539,0.1773,0.0828,0.1108,0.1308,0.1741,0.2204,0.2411,0.2352,0.2587,0.2626,0.09491957,0.18656185,0.082584165,0.35953757,-0.3923773,-0.17764375,0.09860051,0.47924528,-0.14036362,0.5081675,0.28524593,-0.35953757,0.14927927,0.18083143,-16.332973,-9.479307,0.2794621,4,"{""geodesic"":false,""type"":""Point"",""coordinates"":[110.42281402449926,-7.266361800300394]}"
1_1_2_61_0,0.0658,0.2697,0.182,0.0734,0.1028,0.1096,0.1684,0.2355,0.2547,0.2651,0.276,0.2796,0.056840334,0.28330418,0.12712699,0.4411525,-0.4480537,-0.19415541,0.075244054,0.566322,-0.18586448,0.5721364,0.41499868,-0.4411525,0.22306806,0.26666287,-13.038116,-11.292258,0.3429338,4,"{""geodesic"":false,""type"":""Point"",""coordinates"":[110.45418728965775,-7.315969702212734]}"
1_1_2_115_0,0.0726,0.3043,0.2216,0.1044,0.14,0.1772,0.2209,0.2623,0.2824,0.3038,0.3107,0.2737,0.08238735,0.19981058,0.10407525,0.36908516,-0.3697952,-0.15725425,0.12925452,0.48848602,-0.15645221,0.4891118,0.26320162,-0.36908516,0.15799503,0.19357796,-24.100618,-10.750804,0.32933274,4,"{""geodesic"":false,""type"":""Point"",""coordinates"":[110.42018588378572,-7.267262989654051]}"
1_1_2_189_0,0.0584,0.2376,0.159,0.078,0.105,0.1284,0.163,0.2195,0.2465,0.2586,0.2773,0.1967,0.041844577,0.22541551,0.11084752,0.42244226,-0.3870403,-0.19818458,0.078946635,0.5365419,-0.23850575,0.5057034,0.3364341,-0.42244226,0.22675522,0.22018038,-16.531954,-10.12644,0.32381067,4,"{""geodesic"":false,""type"":""Point"",""coordinates"":[110.42444410474043,-7.266725688023221]}"
1_1_2_45_0,0.0642,0.0498,0.0309,0.0647,0.0769,0.0819,0.1068,0.1251,0.1487,0.1222,0.1532,0.0729,-0.17325799,0.089289665,0.045988776,0.22752386,0.21389106,-0.23420076,0.020709574,0.30765113,-0.59634227,-0.13013099,0.19745222,-0.22752386,0.067248896,0.08585428,-23.776154,-12.306575,0.12556413,4,"{""geodesic"":false,""type"":""Point"",""coordinates"":[110.43009005617049,-7.314944876367896]}"
1_1_2_98_0,0.0524,0.1214,0.0737,0.056,0.0754,0.084,0.1026,0.1312,0.1344,0.1294,0.1338,0.1908,0.051177062,0.09353882,0.038771953,0.26367188,-0.23373982,-0.24448998,0.04784235,0.39590076,-0.2742491,0.3686584,0.21274602,-0.26367188,0.115517244,0.09545837,-19.487265,-8.169818,0.16063613,4,"{""geodesic"":false,""type"":""Point"",""coordinates"":[110.45152083679615,-7.2737242356483565]}"
1_1_2_158_0,0.052,0.2073,0.1277,0.0604,0.0866,0.1001,0.1605,0.2373,0.2713,0.269,0.308,0.2938,-0.034547716,0.29807284,0.14990196,0.5129359,-0.41068393,-0.23761195,0.047519594,0.6332726,-0.35618854,0.5487486,0.45759955,-0.5129359,0.25261933,0.29150844,-19.075815,-14.026251,0.37726066,4,"{""geodesic"":false,""type"":""Point"",""coordinates"":[110.39562499374122,-7.276366750021607]}"
1_1_2_55_0,0.069,0.2672,0.1706,0.0818,0.1216,0.1382,0.1828,0.2652,0.3005,0.3465,0.3359,0.3072,-0.027467933,0.333344,0.18543856,0.4804529,-0.37448558,-0.22064869,0.06804305,0.61802477,-0.34016633,0.53123206,0.42975038,-0.4804529,0.3092764,0.31730476,-16.743475,-8.692762,0.42771736,4,"{""geodesic"":false,""type"":""Point"",""coordinates"":[110.43696953218517,-7.31956668457348]}"
1_1_2_180_0,0.0564,0.2619,0.1807,0.0692,0.1015,0.1182,0.1818,0.2396,0.2641,0.2761,0.2945,0.2989,0.04797352,0.26921505,0.13243341,0.4623941,-0.44138694,-0.18346137,0.07735871,0.5991891,-0.20884414,0.5819994,0.40045652,-0.4623941,0.20594017,0.26484403,-15.435086,-10.403171,0.36714777,4,"{""geodesic"":false,""type"":""Point"",""coordinates"":[110.4099592613112,-7.259923032559399]}"
1_1_2_74_0,0.0557,0.0491,0.0339,0.0524,0.0684,0.0772,0.0952,0.1018,0.104,0.1078,0.1085,0.1007,-0.11832459,0.06494057,0.035579894,0.2236095,0.16425534,-0.18313253,0.02427718,0.34581771,-0.52152437,-0.032512315,0.16540538,-0.2236095,0.06206896,0.06700729,-25.800325,-11.630523,0.12587094,4,"{""geodesic"":false,""type"":""Point"",""coordinates"":[110.45755647579715,-7.301772416343258]}"
1_1_2_57_0,0.0612,0.2745,0.198,0.085,0.1136,0.1428,0.1787,0.2265,0.249,0.2552,0.2723,0.2605,0.101782195,0.19057307,0.08906005,0.38394794,-0.4145839,-0.16190478,0.110793106,0.5002939,-0.1262136,0.527121,0.28241205,-0.38394794,0.1763079,0.18775055,-15.218111,-9.948917,0.30385622,4,"{""geodesic"":false,""type"":""Point"",""coordinates"":[110.45337269582268,-7.315335534048056]}"
1_1_2_93_0,0.0747,0.3075,0.2256,0.0958,0.1266,0.1656,0.1906,0.2301,0.2492,0.2533,0.2756,0.2651,0.15081488,0.14345068,0.062552415,0.33350885,-0.41672426,-0.1536297,0.14749056,0.45116016,-0.0578409,0.52491945,0.20935786,-0.33350885,0.14124805,0.14316031,-18.034765,-14.328633,0.2782358,4,"{""geodesic"":false,""type"":""Point"",""coordinates"":[110.45350982298214,-7.276983002572299]}"
1_1_2_68_0,0.0568,0.2309,0.1613,0.0662,0.0882,0.103,0.1517,0.204,0.2212,0.2315,0.2552,0.2425,0.057314757,0.23743533,0.10583349,0.4482327,-0.44719523,-0.17746048,0.07176631,0.55525696,-0.1787169,0.5543588,0.38415545,-0.4482327,0.20824635,0.23097663,-15.354314,-5.467769,0.31083113,4,"{""geodesic"":false,""type"":""Point"",""coordinates"":[110.45654836618036,-7.311359378807848]}"
1_1_2_196_0,0.0696,0.3253,0.2526,0.0915,0.1132,0.1554,0.1977,0.2255,0.2569,0.2405,0.2817,0.2308,0.18297035,0.14310701,0.05499024,0.35990953,-0.4836944,-0.1258003,0.16321847,0.4487952,0.024538655,0.5609405,0.2149533,-0.35990953,0.0976723,0.14248244,-22.500282,-13.451795,0.26862982,4,"{""geodesic"":false,""type"":""Point"",""coordinates"":[110.45712780491553,-7.28160053723499]}"
1_1_2_64_0,0.0581,0.2322,0.1558,0.0678,0.0907,0.1042,0.1482,0.2152,0.2344,0.249,0.2633,0.2751,0.030006118,0.26506555,0.122115776,0.4659994,-0.43821615,-0.1969072,0.065198235,0.5719697,-0.23023716,0.548,0.40996602,-0.4659994,0.25377643,0.25457102,-17.15304,-9.784455,0.332762,4,"{""geodesic"":false,""type"":""Point"",""coordinates"":[110.45672332285442,-7.316515493429209]}"
1_1_2_50_0,0.0648,0.1394,0.089,0.0618,0.0844,0.0812,0.1371,0.1998,0.2027,0.2027,0.2105,0.1798,-0.09049679,0.24767612,0.11118577,0.41205156,-0.24575517,-0.22066551,0.03565269,0.5327032,-0.38978404,-0.3856859,0.42796758,-0.41205156,0.19305475,0.23249139,-16.61901,-6.1533217,0.2764552,4,"{""geodesic"":false,""type"":""Point"",""coordinates"":[110.43190116493969,-7.315580341458505]}"
1_1_2_103_0,0.0551,0.1219,0.0696,0.0564,0.0762,0.0792,0.1083,0.1385,0.1492,0.1495,0.1534,0.1403,-0.01179361,0.14625114,0.06273268,0.32476738,-0.23069157,-0.27310705,0.036871705,0.45216122,-0.36467364,0.3673584,0.3073896,-0.32476738,0.1598138,0.14470975,-16.173153,-8.84524,0.19783254,4,"{""geodesic"":false,""type"":""Point"",""coordinates"":[110.43921172010701,-7.265025551785068]}"
1_1_2_76_0,0.0533,0.0543,0.0374,0.0536,0.0656,0.0677,0.0889,0.1009,0.1092,0.1036,0.1084,0.1176,-0.12607451,0.081016436,0.038274758,0.2245863,0.09424522,-0.18429661,0.02443996,0.31806618,-0.46950355,0.006487495,0.20957386,-0.2245863,0.07636365,0.080217496,-21.726244,-11.755785,0.11412052,4,"{""geodesic"":false,""type"":""Point"",""coordinates"":[110.45828350752919,-7.299873744184813]}"
1_1_2_34_0,0.061,0.0609,0.0349,0.0676,0.0971,0.117,0.1515,0.1564,0.1578,0.1499,0.1503,0.1387,-0.100151755,0.061156973,0.042842075,0.2137652,0.22911392,-0.27139875,0.027240157,0.37839085,-0.62229437,-0.052140065,0.12326716,-0.2137652,-0.0053085457,0.064349994,-24.724257,-14.5874,0.17205577,4,"{""geodesic"":false,""type"":""Point"",""coordinates"":[110.41500235479704,-7.282814417547345]}"
1_1_2_194_0,0.0621,0.2996,0.196,0.0708,0.0999,0.1196,0.1685,0.2273,0.2475,0.2566,0.2775,0.2844,0.12295742,0.23731984,0.1051003,0.43955117,-0.49987486,-0.20903957,0.09135464,0.56750154,-0.13389306,0.6177106,0.364168,-0.43955117,0.20724533,0.23453549,-17.31497,-13.962515,0.33683828,4,"{""geodesic"":false,""type"":""Point"",""coordinates"":[110.46048371263794,-7.278167272666763]}"
1_1_2_153_0,0.0565,0.0335,0.0217,0.0574,0.0792,0.0856,0.0995,0.0926,0.0969,0.0826,0.0883,0.1029,-0.08066381,-0.0064339153,0.0062331837,0.021013584,0.4055013,-0.21376812,0.022488138,0.17999999,-0.5838926,-0.26292628,-0.017835945,-0.021013584,-0.09280617,-0.0067345244,-16.142845,-5.641395,0.059062496,4,"{""geodesic"":false,""type"":""Point"",""coordinates"":[110.40124307771428,-7.275107857638716]}"
1_1_2_143_0,0.0576,0.1802,0.1128,0.0676,0.0919,0.0985,0.1509,0.2001,0.2142,0.2187,0.2394,0.2401,-0.013451344,0.23067476,0.10572109,0.40824214,-0.32451305,-0.23003411,0.05080384,0.5277681,-0.31945702,0.45439872,0.37894076,-0.40824214,0.18344158,0.22063144,-11.605822,-7.5317955,0.28824878,4,"{""geodesic"":false,""type"":""Point"",""coordinates"":[110.40232341788729,-7.28017469469584]}"
1_1_2_118_0,0.0894,0.3445,0.2543,0.1166,0.15,0.1878,0.233,0.2851,0.3106,0.3232,0.3407,0.3175,0.095154844,0.2148524,0.10762952,0.36601856,-0.39332658,-0.15063462,0.14776467,0.46975896,-0.11930735,0.4942529,0.2649706,-0.36601856,0.16217186,0.20089018,-17.952652,-11.049433,0.32975098,4,"{""geodesic"":false,""type"":""Point"",""coordinates"":[110.42273059350738,-7.260753537442664]}"
1_1_2_192_0,0.0757,0.3965,0.2795,0.1216,0.16,0.2128,0.2398,0.2761,0.3084,0.3408,0.3415,0.3087,0.13707194,0.18761726,0.09544458,0.36102235,-0.42497754,-0.1730769,0.17452349,0.47404844,-0.098823115,0.53059256,0.23121387,-0.36102235,0.17395796,0.18223234,-18.84383,-12.99202,0.34164587,4,"{""geodesic"":false,""type"":""Point"",""coordinates"":[110.46156775471864,-7.28070129313862]}"
1_1_2_83_0,0.0722,0.2337,0.182,0.1056,0.1478,0.2052,0.2072,0.2343,0.2438,0.2359,0.2457,0.2781,0.124807805,0.045818157,0.025649212,0.22960646,-0.22516385,-0.12436856,0.15831454,0.38155198,-0.12897824,0.37754202,0.06959873,-0.22960646,0.06477093,0.048932098,-19.78615,-12.882108,0.23226382,4,"{""geodesic"":false,""type"":""Point"",""coordinates"":[110.45874462383317,-7.293090205746801]}"
1_1_2_8_0,0.0568,0.0976,0.0547,0.0586,0.0774,0.0809,0.1077,0.1294,0.1383,0.1421,0.14,0.1213,-0.05854433,0.12878789,0.058240425,0.29476085,-0.11542857,-0.2816809,0.031141657,0.41604385,-0.4441057,0.24967988,0.27443948,-0.29476085,0.13771018,0.12697098,-21.029146,-13.925188,0.17874983,4,"{""geodesic"":false,""type"":""Point"",""coordinates"":[110.42571276375419,-7.266365479247885]}"
1_1_2_21_0,0.061,0.0765,0.0477,0.0676,0.0836,0.0984,0.1112,0.1157,0.1224,0.1303,0.1264,0.1305,-0.061695285,0.065708175,0.035781134,0.21832633,0.04434729,-0.23188406,0.0360221,0.3168267,-0.46404496,0.06176268,0.13948406,-0.21832633,0.07908903,0.06566489,-19.528408,-8.47649,0.13476144,4,"{""geodesic"":false,""type"":""Point"",""coordinates"":[110.42934200816168,-7.261756892957826]}"
1_1_2_13_0,0.06,0.0796,0.0481,0.0571,0.073,0.0862,0.1094,0.1173,0.1289,0.126,0.1271,0.1576,-0.049584426,0.08189638,0.04096966,0.26633167,-0.04325033,-0.2466719,0.032906506,0.3762971,-0.44744402,0.16459398,0.18755892,-0.26633167,0.07051828,0.083824776,-16.791662,-10.701752,0.15129556,4,"{""geodesic"":false,""type"":""Point"",""coordinates"":[110.4269834832986,-7.264377093773768]}"
1_1_2_5_0,0.0647,0.1026,0.0647,0.0624,0.0786,0.0854,0.1093,0.1266,0.1336,0.1242,0.1364,0.1665,0.0037373235,0.08300531,0.03575181,0.2248521,-0.13245036,-0.22653915,0.04448776,0.33118972,-0.3149815,0.24363638,0.1851145,-0.2248521,0.06381157,0.08201804,-13.018884,-6.0143676,0.13501312,4,"{""geodesic"":false,""type"":""Point"",""coordinates"":[110.43006258491599,-7.26501415141898]}"
1_1_2_94_0,0.0636,0.3206,0.2297,0.089,0.1176,0.1476,0.1928,0.2407,0.2623,0.2665,0.2942,0.3026,0.13682166,0.20022228,0.08824085,0.38765946,-0.46325877,-0.16518264,0.12721846,0.49929675,-0.07416364,0.5654297,0.28712872,-0.38765946,0.16046156,0.19510995,-16.217827,-10.664236,0.3112215,4,"{""geodesic"":false,""type"":""Point"",""coordinates"":[110.45350938518159,-7.277344820248175]}"
1_1_2_106_0,0.0544,0.0768,0.0348,0.0582,0.0768,0.0872,0.11,0.1133,0.1213,0.1242,0.1241,0.154,-0.05311778,0.07638946,0.038843095,0.23582087,0.0,-0.3763441,0.024432851,0.3618421,-0.56226414,0.13777779,0.17502365,-0.23582087,0.060631946,0.07801518,-33.5951,-12.730083,0.1450762,4,"{""geodesic"":false,""type"":""Point"",""coordinates"":[110.44355793755987,-7.266568628419726]}"
1_1_2_25_0,0.0707,0.2702,0.1823,0.0756,0.106,0.1144,0.1778,0.245,0.2727,0.2819,0.3023,0.2869,0.036518026,0.29882964,0.13988903,0.45346737,-0.43647,-0.19425416,0.07398056,0.5770629,-0.21456267,0.5627531,0.42265958,-0.45346737,0.22645201,0.28031906,-21.150383,-13.153189,0.36087462,4,"{""geodesic"":false,""type"":""Point"",""coordinates"":[110.4210015026904,-7.266992669226822]}"
1_1_2_102_0,0.0546,0.1102,0.061,0.0565,0.07,0.0754,0.1052,0.1294,0.1415,0.1206,0.1478,0.1506,0.023435362,0.098324984,0.039032724,0.26547745,-0.22308548,-0.2873832,0.03813765,0.3619424,-0.3281938,0.3221356,0.23061223,-0.26547745,0.06820195,0.097413786,-19.196522,-5.792019,0.14200266,4,"{""geodesic"":false,""type"":""Point"",""coordinates"":[110.44029807557934,-7.26556961960491]}"
1_1_2_11_0,0.057,0.0611,0.0351,0.0574,0.0766,0.0886,0.113,0.1194,0.1248,0.1227,0.1292,0.1496,-0.09217707,0.06966007,0.038973562,0.23130958,0.11256356,-0.27027023,0.025345234,0.36257634,-0.55513304,0.031223623,0.1613819,-0.23130958,0.041154,0.071910575,-20.120745,-11.590766,0.14402294,4,"{""geodesic"":false,""type"":""Point"",""coordinates"":[110.42643813697467,-7.26582367183563]}"
1_2_126_0,0.0563,0.2478,0.1433,0.047,0.0758,0.0532,0.1287,0.2835,0.3274,0.332,0.3547,0.3481,-0.114705876,0.53669053,0.24431288,0.6282491,-0.53152037,-0.26719508,0.02296253,0.7519789,-0.3970124,-0.68113977,0.72377986,-0.6282491,0.44128498,0.4724356,-12.733858,-10.753899,0.48634812,3,"{""geodesic"":false,""type"":""Point"",""coordinates"":[110.45747710522038,-7.292455504371496]}"
1_2_73_0,0.0519,0.1525,0.0878,0.0489,0.067,0.0516,0.0975,0.209,0.2516,0.2641,0.2558,0.2209,-0.21059753,0.44015905,0.19461843,0.5952884,-0.38952163,-0.26924676,0.017154414,0.68753994,-0.50099456,-0.51439923,0.6731074,-0.5952884,0.46073008,0.39076865,-13.192955,-13.769377,0.39704794,3,"{""geodesic"":false,""type"":""Point"",""coordinates"":[110.41055014796672,-7.293029926940045]}"
1_2_149_0,0.0443,0.1514,0.0774,0.0353,0.0477,0.0322,0.0704,0.2128,0.2993,0.304,0.3081,0.3226,-0.29776245,0.5513408,0.2506753,0.7287461,-0.5208438,-0.32342657,0.00819829,0.79192454,-0.5941269,-0.62185323,0.80844736,-0.7287461,0.6239316,0.48756278,-19.169954,-13.357866,0.4802216,3,"{""geodesic"":false,""type"":""Point"",""coordinates"":[110.45594578361059,-7.285217300742163]}"
1_2_183_0,0.0442,0.1464,0.0762,0.0367,0.0479,0.0302,0.0688,0.2221,0.3179,0.3145,0.3328,0.322,-0.33080712,0.5823672,0.26370698,0.7356512,-0.50694805,-0.31536388,0.0073171384,0.7910023,-0.6099309,-0.59912616,0.82477516,-0.7356512,0.64101225,0.5048538,-17.903685,-13.684,0.48954418,3,"{""geodesic"":false,""type"":""Point"",""coordinates"":[110.4366753247176,-7.265022409768489]}"
1_2_110_0,0.0402,0.2182,0.1174,0.0391,0.064,0.0447,0.1097,0.2291,0.2509,0.2787,0.284,0.2984,-0.094541065,0.4666374,0.20325223,0.6264955,-0.54642093,-0.30035758,0.018829495,0.7539333,-0.4072204,-0.6960746,0.7235621,-0.6264955,0.43511844,0.42628127,-14.744573,-7.483847,0.43947175,3,"{""geodesic"":false,""type"":""Point"",""coordinates"":[110.4604608794869,-7.297253168321008]}"
1_2_78_0,0.0489,0.1442,0.0747,0.0406,0.0575,0.0439,0.0834,0.2016,0.2625,0.2513,0.2683,0.2435,-0.21625002,0.42844158,0.18962479,0.62759066,-0.4298463,-0.31749657,0.013049463,0.72182256,-0.5417178,-0.56060606,0.70257455,-0.62759066,0.5016433,0.39122233,-19.713913,-11.698241,0.39910343,3,"{""geodesic"":false,""type"":""Point"",""coordinates"":[110.40792384927853,-7.292393317935133]}"
1_2_47_0,0.0408,0.1409,0.0669,0.0331,0.0504,0.0282,0.0725,0.2469,0.3303,0.3264,0.3436,0.3087,-0.36019677,0.5976671,0.27822727,0.7324841,-0.47307894,-0.35611165,0.005779963,0.8158553,-0.65980166,-0.6195402,0.84094757,-0.7324841,0.63650036,0.52340275,-27.296062,-10.317162,0.5118674,3,"{""geodesic"":false,""type"":""Point"",""coordinates"":[110.41981645993336,-7.27278021551101]}"
1_2_193_0,0.0416,0.1999,0.1073,0.034,0.0536,0.05,0.086,0.1738,0.2048,0.217,0.2329,0.2572,-0.0021960323,0.33082408,0.14043464,0.60384333,-0.5771203,-0.3014323,0.024723504,0.72908366,-0.33826703,-0.70927745,0.62546813,-0.60384333,0.4323432,0.32659712,-17.540493,-10.180124,0.36551264,3,"{""geodesic"":false,""type"":""Point"",""coordinates"":[110.44872574753519,-7.262956756914882]}"
1_2_41_0,0.0382,0.1279,0.0642,0.0332,0.0488,0.0326,0.0752,0.2228,0.3078,0.3181,0.3225,0.3339,-0.37280187,0.5643631,0.2686109,0.73398745,-0.44765142,-0.33159816,0.00657944,0.8109878,-0.66413814,-0.58783364,0.81408614,-0.73398745,0.6175947,0.50340897,-16.298435,-15.004429,0.50199693,3,"{""geodesic"":false,""type"":""Point"",""coordinates"":[110.41836904994692,-7.271240641759526]}"
1_2_176_0,0.0508,0.2211,0.1245,0.0445,0.0764,0.053,0.1298,0.2898,0.3407,0.3665,0.366,0.3428,-0.19982482,0.5802332,0.28370923,0.6550011,-0.48638657,-0.2795139,0.018004093,0.78345495,-0.49287167,-0.66490966,0.7473182,-0.6550011,0.47692928,0.51141924,-16.129787,-8.812579,0.5301866,3,"{""geodesic"":false,""type"":""Point"",""coordinates"":[110.45269398129612,-7.277434290299262]}"
1_2_69_0,0.0442,0.1422,0.0698,0.0359,0.0464,0.031,0.0644,0.2179,0.3074,0.3241,0.3305,0.2988,-0.3503376,0.5905226,0.27339306,0.74952763,-0.50795335,-0.34150943,0.0066763344,0.8005555,-0.6455953,-0.5968557,0.8254013,-0.74952763,0.6684685,0.5141504,-17.294407,-6.5870624,0.5026744,3,"{""geodesic"":false,""type"":""Point"",""coordinates"":[110.4115500707586,-7.2904080680103815]}"
1_2_98_0,0.0535,0.1418,0.0727,0.0479,0.0693,0.0505,0.0958,0.2405,0.2899,0.2875,0.3034,0.315,-0.2711768,0.48121825,0.22081976,0.61154705,-0.3434391,-0.3221445,0.012769914,0.7143709,-0.59633535,-0.4949921,0.70118344,-0.61154705,0.5001304,0.42422435,-16.106539,-9.28446,0.43021306,3,"{""geodesic"":false,""type"":""Point"",""coordinates"":[110.44123049545834,-7.31722018140731]}"
1_2_3_0,0.0484,0.2008,0.1085,0.0341,0.0568,0.038,0.0979,0.2679,0.3311,0.356,0.358,0.2735,-0.2405788,0.5985319,0.2891485,0.7248062,-0.5590062,-0.2984158,0.01158146,0.825173,-0.532831,-0.7096637,0.8071066,-0.7248062,0.5686275,0.53355706,-18.304739,-3.747618,0.5424671,3,"{""geodesic"":false,""type"":""Point"",""coordinates"":[110.45242649265518,-7.273906239921168]}"
1_2_155_0,0.0375,0.1439,0.0698,0.0316,0.0461,0.0278,0.0662,0.238,0.3399,0.3488,0.3573,0.3347,-0.37801123,0.6276396,0.3004247,0.7665232,-0.51473683,-0.34674782,0.0055631874,0.8338591,-0.6665074,-0.6398861,0.8523632,-0.7665232,0.6809639,0.5492813,-20.505663,-15.81574,0.54043615,3,"{""geodesic"":false,""type"":""Point"",""coordinates"":[110.45504097751643,-7.284311666506855]}"
1_2_123_0,0.0471,0.1737,0.0955,0.037,0.0543,0.0414,0.0902,0.2254,0.298,0.3024,0.3194,0.2879,-0.2241659,0.51244795,0.23755372,0.69554245,-0.5236842,-0.29049036,0.0130744055,0.7819682,-0.5199799,-0.64878976,0.7591623,-0.69554245,0.5404992,0.4639725,-17.000305,-12.674177,0.47426733,3,"{""geodesic"":false,""type"":""Point"",""coordinates"":[110.45385191751029,-7.293717502029187]}"
1_2_102_0,0.0503,0.153,0.0826,0.0495,0.0708,0.0518,0.1046,0.2268,0.2798,0.2677,0.2937,0.2814,-0.21532565,0.44709048,0.19796526,0.5816839,-0.36729223,-0.29881155,0.015983116,0.68789405,-0.52840424,-0.5111111,0.67574334,-0.5816839,0.43808755,0.39517996,-16.15559,-10.977277,0.40051395,3,"{""geodesic"":false,""type"":""Point"",""coordinates"":[110.44394938661415,-7.316409456847717]}"
1_2_7_0,0.046,0.1556,0.0814,0.0336,0.049,0.0308,0.083,0.2264,0.2794,0.2706,0.2954,0.2986,-0.24011414,0.49817184,0.21768287,0.6933667,-0.5210166,-0.31308016,0.009265041,0.7790927,-0.53749996,-0.6448203,0.79562044,-0.6933667,0.53054297,0.44883952,-21.207617,-1.2057486,0.4420542,3,"{""geodesic"":false,""type"":""Point"",""coordinates"":[110.45071049607374,-7.2696528002842]}"
1_2_63_0,0.0446,0.1412,0.0705,0.0356,0.0485,0.0296,0.0727,0.2334,0.3134,0.3112,0.3224,0.3002,-0.34003088,0.57619905,0.2618222,0.7303308,-0.48866633,-0.33396316,0.0067056557,0.79469436,-0.6305999,-0.5972851,0.8262911,-0.7303308,0.6212555,0.5023787,-14.429554,-10.82524,0.48819083,3,"{""geodesic"":false,""type"":""Point"",""coordinates"":[110.41682324306605,-7.275761356322076]}"
1_2_122_0,0.0578,0.1312,0.0731,0.0442,0.0672,0.0452,0.0921,0.1688,0.1993,0.1532,0.1911,0.238,-0.05617977,0.24704912,0.092759036,0.39019966,-0.32258067,-0.2843857,0.021567363,0.5521783,-0.3539549,-0.49600914,0.54435486,-0.39019966,0.24908276,0.23195876,-14.924087,-11.741536,0.23444222,3,"{""geodesic"":false,""type"":""Point"",""coordinates"":[110.45756584561445,-7.293993338159215]}"
1_2_182_0,0.0508,0.1851,0.0881,0.0369,0.055,0.038,0.0893,0.2854,0.3498,0.3282,0.385,0.3102,-0.24141449,0.56704056,0.26413086,0.7129436,-0.54185754,-0.35505125,0.0102004865,0.7978636,-0.57674754,-0.6675676,0.7924631,-0.7129436,0.57221556,0.5025399,-15.760813,-4.133581,0.5050861,3,"{""geodesic"":false,""type"":""Point"",""coordinates"":[110.45252047711423,-7.271102262271091]}"
1_2_190_0,0.0393,0.1725,0.0825,0.0322,0.0461,0.0322,0.0805,0.2388,0.286,0.2869,0.3064,0.2838,-0.218404,0.5140885,0.22983597,0.72312313,-0.5782251,-0.35294116,0.0092593245,0.79818237,-0.5533297,-0.6853933,0.79818237,-0.72312313,0.5617855,0.46642658,-11.678739,-9.543335,0.46642658,3,"{""geodesic"":false,""type"":""Point"",""coordinates"":[110.44627994488238,-7.262953779484997]}"
1_2_152_0,0.0388,0.1412,0.0701,0.0358,0.0522,0.0396,0.0672,0.2261,0.308,0.2594,0.3227,0.3314,-0.24033614,0.44729346,0.2017944,0.6649551,-0.46018615,-0.33648843,0.0107014645,0.7574526,-0.5745068,-0.59548026,0.7351171,-0.6649551,0.58848745,0.4126408,-17.63384,-5.945477,0.4217807,3,"{""geodesic"":false,""type"":""Point"",""coordinates"":[110.4544075060416,-7.283768176010999]}"
1_2_158_0,0.0388,0.1429,0.0677,0.0339,0.0432,0.0283,0.063,0.2203,0.3037,0.2974,0.3196,0.3314,-0.31860694,0.5546395,0.24879052,0.74633,-0.53573346,-0.35707504,0.006442199,0.7953516,-0.6291427,-0.6165159,0.82622045,-0.74633,0.6503885,0.48885792,-17.702316,-11.398233,0.4754601,3,"{""geodesic"":false,""type"":""Point"",""coordinates"":[110.4541354090838,-7.284039211512067]}"
1_2_83_0,0.0474,0.1766,0.083,0.0362,0.0527,0.0326,0.0833,0.2971,0.3681,0.3607,0.3929,0.357,-0.3096849,0.63842624,0.30258027,0.74504113,-0.5403401,-0.3605547,0.0075015244,0.8175863,-0.6258734,-0.6597744,0.8342233,-0.74504113,0.6247748,0.55093473,-12.937318,-8.823768,0.5427027,3,"{""geodesic"":false,""type"":""Point"",""coordinates"":[110.40683080835096,-7.296914573394864]}"
1_2_85_0,0.0508,0.1163,0.0565,0.0416,0.0532,0.0344,0.0727,0.2015,0.2675,0.2767,0.2664,0.2856,-0.35735604,0.5172487,0.22778563,0.677478,-0.3722714,-0.34606484,0.007024214,0.73861134,-0.66086435,-0.47308424,0.77884924,-0.677478,0.583858,0.44809517,-16.611086,-11.842028,0.4309544,3,"{""geodesic"":false,""type"":""Point"",""coordinates"":[110.41498287002761,-7.297829742061406]}"
1_2_200_0,0.0544,0.1207,0.0706,0.0431,0.0576,0.0454,0.0761,0.1918,0.2469,0.2482,0.2649,0.2605,-0.273721,0.4234351,0.18945529,0.6232832,-0.35389793,-0.2618923,0.012913941,0.7040851,-0.5570891,-0.47374848,0.6907357,-0.6232832,0.5306815,0.38331652,-14.518371,-11.695785,0.3887906,3,"{""geodesic"":false,""type"":""Point"",""coordinates"":[110.45735662195274,-7.317239892140024]}"
1_2_0_0,0.0606,0.1273,0.067,0.0497,0.0634,0.0452,0.0865,0.1622,0.1762,0.2089,0.206,0.2131,-0.19972166,0.369576,0.1491502,0.53433716,-0.33508125,-0.3103448,0.014496889,0.6156226,-0.5143168,-0.43841806,0.64423454,-0.53433716,0.41435343,0.32561994,-16.668774,-10.347074,0.3147904,3,"{""geodesic"":false,""type"":""Point"",""coordinates"":[110.42258155956311,-7.306432647674901]}"
1_2_77_0,0.0496,0.1347,0.0682,0.0377,0.0514,0.0345,0.0698,0.2161,0.3037,0.2996,0.3122,0.2914,-0.3318855,0.5415288,0.24734251,0.7071225,-0.44760883,-0.32774767,0.007853471,0.7764601,-0.6291463,-0.562645,0.79347503,-0.7071225,0.62208986,0.4767414,-16.992352,-10.932594,0.46918666,3,"{""geodesic"":false,""type"":""Point"",""coordinates"":[110.4119070021712,-7.294569409787949]}"
1_2_45_0,0.0389,0.168,0.0789,0.0345,0.0538,0.0272,0.0727,0.2856,0.392,0.3847,0.4072,0.3821,-0.36458334,0.69328624,0.33254734,0.754618,-0.5148783,-0.36087483,0.005578581,0.83540076,-0.65962034,-0.65925926,0.8679291,-0.754618,0.6821163,0.5880579,-20.172373,-15.207837,0.5714752,3,"{""geodesic"":false,""type"":""Point"",""coordinates"":[110.41936410694288,-7.2723273659826155]}"
1_2_75_0,0.0454,0.154,0.0748,0.0383,0.0536,0.0339,0.0731,0.2569,0.3797,0.3708,0.4009,0.4009,-0.37051925,0.6544543,0.3156158,0.7474081,-0.48362237,-0.34615386,0.0068385117,0.8127597,-0.6642729,-0.60166407,0.8324685,-0.7474081,0.67064655,0.55858296,-18.637928,-13.199702,0.5486195,3,"{""geodesic"":false,""type"":""Point"",""coordinates"":[110.41417130872517,-7.294934166230117]}"
1_2_92_0,0.0401,0.152,0.0653,0.0382,0.0566,0.0321,0.0819,0.2499,0.2978,0.3195,0.3166,0.3145,-0.32041344,0.58624345,0.26615125,0.6990162,-0.4573346,-0.39898753,0.0065606576,0.7864132,-0.6606029,-0.59831756,0.8174061,-0.6990162,0.59192824,0.50622356,-13.479745,-6.7645674,0.49195522,3,"{""geodesic"":false,""type"":""Point"",""coordinates"":[110.41669133495293,-7.307691425591825]}"
1_2_192_0,0.0368,0.1708,0.0813,0.0274,0.0444,0.0289,0.0733,0.2228,0.2648,0.2728,0.297,0.3028,-0.20104021,0.49145645,0.2187524,0.72005045,-0.5873606,-0.35501787,0.008612793,0.81745505,-0.54080766,-0.7235116,0.808419,-0.72005045,0.576423,0.45634276,-18.70116,-7.239752,0.46001,3,"{""geodesic"":false,""type"":""Point"",""coordinates"":[110.4482724901914,-7.263227569718941]}"
1_2_101_0,0.0534,0.1499,0.0769,0.0437,0.0616,0.0418,0.089,0.2436,0.3042,0.3364,0.3185,0.3114,-0.32948583,0.5847791,0.27544245,0.6904523,-0.41749412,-0.32186952,0.00955535,0.77006054,-0.62787324,-0.54855376,0.77895296,-0.6904523,0.58157027,0.5031884,-16.503632,-7.7704306,0.4988638,3,"{""geodesic"":false,""type"":""Point"",""coordinates"":[110.44177620779575,-7.315502227642783]}"
1_2_112_0,0.0448,0.2081,0.1171,0.0391,0.0614,0.0457,0.1105,0.2183,0.2403,0.2388,0.2679,0.2716,-0.045326307,0.39577782,0.1643194,0.5909394,-0.5443414,-0.2798278,0.02240984,0.71860385,-0.34195,-0.683657,0.67873466,-0.5909394,0.36730605,0.36921608,-12.775995,-9.65249,0.3850752,3,"{""geodesic"":false,""type"":""Point"",""coordinates"":[110.46036931167052,-7.298067150082112]}"
1_2_120_0,0.0503,0.1901,0.0942,0.0399,0.0698,0.0394,0.1217,0.3525,0.3955,0.4095,0.4305,0.3337,-0.32390633,0.6870753,0.34339288,0.7087419,-0.46287036,-0.33731973,0.009063443,0.8224299,-0.62596786,-0.65304345,0.8244598,-0.7087419,0.54179215,0.5850459,-14.464472,-9.446072,0.5839478,3,"{""geodesic"":false,""type"":""Point"",""coordinates"":[110.45457402186089,-7.295889281938457]}"
1_2_127_0,0.0563,0.227,0.1259,0.0444,0.0732,0.05,0.1174,0.2963,0.3555,0.3579,0.3712,0.3481,-0.18445458,0.5809872,0.27653196,0.6604036,-0.5123251,-0.2864834,0.017588712,0.7792692,-0.47953698,-0.6728077,0.75484186,-0.6604036,0.5059962,0.5087014,-19.576258,-9.646347,0.5211681,3,"{""geodesic"":false,""type"":""Point"",""coordinates"":[110.4576579613718,-7.292727085038926]}"
1_2_70_0,0.0444,0.1443,0.0695,0.0378,0.05,0.0331,0.0663,0.2208,0.3142,0.3039,0.3285,0.3203,-0.31650934,0.55537325,0.2510931,0.7174343,-0.48533195,-0.34985968,0.00756976,0.7787533,-0.62774503,-0.5848435,0.80356085,-0.7174343,0.64181525,0.48530465,-27.47382,-9.343291,0.47421885,3,"{""geodesic"":false,""type"":""Point"",""coordinates"":[110.41254444135534,-7.292037530665504]}"
1_2_96_0,0.0574,0.1507,0.0779,0.051,0.0706,0.0525,0.1038,0.2406,0.2956,0.2996,0.3215,0.2946,-0.26616108,0.5013798,0.22969694,0.6185845,-0.3619521,-0.3184602,0.0136507,0.70907015,-0.5872848,-0.4942985,0.70178926,-0.6185845,0.48537433,0.43498418,-16.283522,-8.726546,0.43839642,3,"{""geodesic"":false,""type"":""Point"",""coordinates"":[110.42873457421392,-7.31222953923359]}"
1_2_194_0,0.0481,0.1961,0.1125,0.0497,0.0732,0.0664,0.1227,0.2408,0.2577,0.2548,0.2913,0.2678,-0.07407407,0.36783943,0.1654145,0.5536585,-0.45636836,-0.27090085,0.02931711,0.67356324,-0.38742173,-0.5956062,0.5865504,-0.5536585,0.34993377,0.34413055,-13.614122,-10.43474,0.38241142,3,"{""geodesic"":false,""type"":""Point"",""coordinates"":[110.44057341149872,-7.262675418064248]}"
1_2_19_0,0.0497,0.2023,0.0945,0.0369,0.0559,0.0354,0.0923,0.2757,0.3397,0.3557,0.3707,0.3351,-0.24575597,0.6200875,0.2907219,0.72837704,-0.5670023,-0.36320755,0.009404835,0.8120224,-0.5801866,-0.6914716,0.8189721,-0.72837704,0.5879464,0.5391651,-20.09656,-11.348688,0.5357383,3,"{""geodesic"":false,""type"":""Point"",""coordinates"":[110.4515307127541,-7.2655833379609005]}"
1_2_135_0,0.0457,0.1828,0.09,0.0376,0.0588,0.0332,0.0882,0.3127,0.4161,0.3885,0.4296,0.3609,-0.32720762,0.68028647,0.3287878,0.7370892,-0.51324505,-0.34017593,0.00769112,0.8235156,-0.6238244,-0.65880215,0.8425421,-0.7370892,0.62995595,0.578225,-18.768566,-10.771066,0.56835115,3,"{""geodesic"":false,""type"":""Point"",""coordinates"":[110.45566626164313,-7.291639236776001]}"
1_2_141_0,0.0529,0.1775,0.0952,0.0357,0.0548,0.0363,0.0867,0.2589,0.3154,0.3075,0.3312,0.3097,-0.232316,0.53914356,0.24617647,0.69748825,-0.5281963,-0.30179682,0.011238244,0.79195803,-0.52719146,-0.6651032,0.7888307,-0.69748825,0.5601218,0.48210478,-13.4631405,-4.637551,0.48351517,3,"{""geodesic"":false,""type"":""Point"",""coordinates"":[110.45711855253866,-7.28928916468146]}"
1_2_119_0,0.0503,0.216,0.1195,0.041,0.074,0.0518,0.1272,0.2628,0.2996,0.3236,0.3329,0.3337,-0.15306766,0.51209587,0.24270038,0.6277666,-0.48965517,-0.28763044,0.019128863,0.775096,-0.46061838,-0.68093383,0.7240277,-0.6277666,0.4356699,0.46572995,-10.561407,-8.37922,0.4902845,3,"{""geodesic"":false,""type"":""Point"",""coordinates"":[110.45421176346959,-7.2957983900193595]}"
1_2_44_0,0.0376,0.1331,0.061,0.0291,0.0461,0.0254,0.0625,0.2441,0.3512,0.3656,0.3676,0.3574,-0.42697033,0.6543566,0.32111335,0.7760505,-0.48549107,-0.37145802,0.004237965,0.8525462,-0.7140178,-0.64118373,0.8700767,-0.7760505,0.70801216,0.57272726,-22.348131,-12.105008,0.5641556,3,"{""geodesic"":false,""type"":""Point"",""coordinates"":[110.41909292810134,-7.27187474827581]}"
1_2_4_0,0.0587,0.1939,0.1064,0.0389,0.06,0.0377,0.0843,0.2244,0.279,0.3621,0.3107,0.279,-0.26778373,0.62550616,0.29671815,0.7157072,-0.527373,-0.2913753,0.011077824,0.80598503,-0.5457844,-0.66580755,0.8114057,-0.7157072,0.62231183,0.54078686,-16.803959,-9.757311,0.53806883,3,"{""geodesic"":false,""type"":""Point"",""coordinates"":[110.45225123681165,-7.269021482155716]}"
1_2_81_0,0.0507,0.1634,0.0814,0.0399,0.0575,0.0378,0.0807,0.2357,0.3145,0.3116,0.3094,0.3097,-0.2719378,0.5523948,0.2515411,0.6884313,-0.47940242,-0.33496732,0.009874582,0.77297294,-0.58575064,-0.6074766,0.78362906,-0.6884313,0.5885802,0.48351777,-15.9153595,-11.807754,0.47862595,3,"{""geodesic"":false,""type"":""Point"",""coordinates"":[110.41507581117831,-7.296020784633482]}"
1_2_191_0,0.0394,0.1769,0.0835,0.0292,0.0452,0.0344,0.0733,0.2071,0.2503,0.257,0.2745,0.2705,-0.15055276,0.44720346,0.19734608,0.7008603,-0.59297615,-0.35867897,0.011176654,0.7959469,-0.5095448,-0.7166424,0.76389843,-0.7008603,0.55616105,0.42191052,-10.877919,-8.334056,0.43462223,3,"{""geodesic"":false,""type"":""Point"",""coordinates"":[110.44736718907754,-7.262774195649678]}"
1_2_161_0,0.0408,0.1529,0.0746,0.0324,0.0466,0.029,0.0631,0.2256,0.3055,0.3041,0.3182,0.3195,-0.29822534,0.5568375,0.2531424,0.7342458,-0.5328321,-0.3441758,0.0071141073,0.80742943,-0.60602057,-0.6502968,0.82587814,-0.7342458,0.65631807,0.4953187,-15.489987,-10.815762,0.4872086,3,"{""geodesic"":false,""type"":""Point"",""coordinates"":[110.45341365024025,-7.281596068140934]}"
1_2_28_0,0.0489,0.1453,0.0705,0.0368,0.0513,0.0338,0.0709,0.2334,0.3269,0.3099,0.3367,0.2542,-0.31875235,0.5581386,0.2563399,0.71594685,-0.47812817,-0.34661722,0.007689255,0.7877127,-0.62933755,-0.59582645,0.80331683,-0.71594685,0.62762606,0.49087352,-15.537935,-7.8616223,0.4838195,3,"{""geodesic"":false,""type"":""Point"",""coordinates"":[110.42915433360713,-7.266912548444108]}"
1_2_139_0,0.0557,0.1806,0.1047,0.0492,0.0852,0.0546,0.1217,0.2431,0.2725,0.3495,0.2931,0.2092,-0.25792712,0.5636037,0.27257022,0.6080055,-0.3589165,-0.26603577,0.016356567,0.7531979,-0.53896964,-0.5718016,0.7297699,-0.6080055,0.4834465,0.4892711,-16.92803,-10.814575,0.501224,3,"{""geodesic"":false,""type"":""Point"",""coordinates"":[110.45747960923921,-7.2903750526638476]}"
1_2_34_0,0.0456,0.1504,0.0798,0.0421,0.0594,0.042,0.0847,0.2044,0.2436,0.2414,0.2498,0.237,-0.19142678,0.42330065,0.1801893,0.6050532,-0.43374643,-0.30668983,0.01388401,0.7029982,-0.5031133,-0.5625974,0.70359915,-0.6050532,0.48052746,0.3817973,-19.771282,-8.964845,0.3815571,3,"{""geodesic"":false,""type"":""Point"",""coordinates"":[110.43504388171564,-7.265744015864413]}"
1_2_37_0,0.0415,0.138,0.0676,0.0357,0.0512,0.0313,0.072,0.2243,0.3082,0.2999,0.3262,0.352,-0.32937217,0.5504324,0.24969056,0.7083452,-0.4587738,-0.34241247,0.007055285,0.7872467,-0.63210887,-0.58894646,0.81099033,-0.7083452,0.6127991,0.4847209,-17.144571,-12.266119,0.47427,3,"{""geodesic"":false,""type"":""Point"",""coordinates"":[110.42063452404649,-7.2706103641300555]}"
1_2_36_0,0.0431,0.1426,0.0698,0.0358,0.0498,0.0301,0.0708,0.2421,0.3417,0.3391,0.3589,0.3369,-0.36924765,0.6174073,0.2890627,0.743893,-0.48232847,-0.34274954,0.006195753,0.80901575,-0.6585963,-0.59865475,0.83694476,-0.743893,0.6545499,0.53324896,-16.006828,-13.139643,0.5200023,3,"{""geodesic"":false,""type"":""Point"",""coordinates"":[110.42045381510802,-7.270248316857498]}"
1_2_147_0,0.0373,0.1339,0.0631,0.029,0.0423,0.0263,0.0585,0.2089,0.3053,0.3128,0.3191,0.3156,-0.36175296,0.57158244,0.26743105,0.76175725,-0.5198638,-0.35939085,0.0053054034,0.8303101,-0.66427237,-0.6439534,0.8448835,-0.76175725,0.6848909,0.5121559,-18.311052,-10.578909,0.5057021,3,"{""geodesic"":false,""type"":""Point"",""coordinates"":[110.45476767805934,-7.285577700857429]}"
1_2_20_0,0.0493,0.1582,0.0816,0.0372,0.0483,0.0348,0.0859,0.2091,0.254,0.2144,0.2722,0.2909,-0.13180387,0.3924139,0.15773098,0.6322802,-0.5322034,-0.31943282,0.013244777,0.70429254,-0.44864863,-0.61924255,0.7207062,-0.6322802,0.4279054,0.35958356,-17.13321,-10.165182,0.35364553,3,"{""geodesic"":false,""type"":""Point"",""coordinates"":[110.4516218468668,-7.265131175275999]}"
1_2_184_0,0.0478,0.156,0.077,0.0348,0.0513,0.032,0.0724,0.2361,0.3155,0.3031,0.3334,0.2913,-0.28503516,0.54918563,0.24912465,0.7104966,-0.50506514,-0.3390558,0.008129331,0.7940219,-0.59484345,-0.6352201,0.80901223,-0.7104966,0.61438084,0.48694766,-14.990845,-8.777296,0.4803079,3,"{""geodesic"":false,""type"":""Point"",""coordinates"":[110.43631433495253,-7.263936509294938]}"
1_2_164_0,0.0503,0.2308,0.1303,0.0464,0.078,0.0547,0.1257,0.2538,0.2939,0.2996,0.3192,0.278,-0.09580365,0.47839507,0.21369147,0.5868644,-0.49481866,-0.27831626,0.023789752,0.7317919,-0.3938125,-0.66522366,0.69122213,-0.5868644,0.40888786,0.43000117,-18.894115,-11.491892,0.44893616,3,"{""geodesic"":false,""type"":""Point"",""coordinates"":[110.45568001450997,-7.280241980271032]}"
1_2_93_0,0.0446,0.1863,0.0899,0.0391,0.0578,0.041,0.0873,0.2266,0.2842,0.3031,0.3135,0.3108,-0.20175593,0.52175814,0.23634985,0.67968965,-0.5264236,-0.34902242,0.012160674,0.77147865,-0.54249364,-0.6530612,0.7616972,-0.67968965,0.5527664,0.46576235,-19.560474,-8.021422,0.47019708,3,"{""geodesic"":false,""type"":""Point"",""coordinates"":[110.41859357079348,-7.3078747889755045]}"
1_2_67_0,0.0442,0.1493,0.0791,0.0383,0.0511,0.036,0.0722,0.1959,0.2515,0.2491,0.2597,0.304,-0.21599326,0.45230716,0.19302091,0.65956026,-0.49001995,-0.30735552,0.0114315525,0.7334725,-0.5179769,-0.5916844,0.747457,-0.65956026,0.5505758,0.4071456,-19.806084,-8.913358,0.4015748,3,"{""geodesic"":false,""type"":""Point"",""coordinates"":[110.41127959938805,-7.289412723515084]}"
1_2_130_0,0.0556,0.2162,0.1203,0.0472,0.0768,0.062,0.1296,0.2656,0.301,0.2973,0.3209,0.3092,-0.106471844,0.4472364,0.2079726,0.5894146,-0.47576788,-0.28499255,0.025087789,0.7259797,-0.4238506,-0.6416097,0.6548845,-0.5894146,0.39283207,0.41074133,-15.438506,-9.977315,0.44422737,3,"{""geodesic"":false,""type"":""Point"",""coordinates"":[110.45584536889686,-7.293358088354607]}"
1_2_199_0,0.0488,0.1473,0.0693,0.032,0.0515,0.0306,0.0828,0.2209,0.2711,0.3022,0.3036,0.2893,-0.3052138,0.5450313,0.25091836,0.70879275,-0.48189136,-0.3601108,0.0070171417,0.8084979,-0.6269179,-0.64305633,0.8161058,-0.70879275,0.5698701,0.48919308,-13.6651535,-3.093674,0.4858547,3,"{""geodesic"":false,""type"":""Point"",""coordinates"":[110.4392146348533,-7.262673741221533]}"
1_2_179_0,0.0485,0.1758,0.0976,0.039,0.0628,0.0423,0.1063,0.2708,0.3408,0.3353,0.3636,0.3374,-0.2636732,0.5649391,0.26934105,0.6845014,-0.47359598,-0.2860278,0.012312794,0.791611,-0.5490876,-0.6368715,0.7759534,-0.6845014,0.5185688,0.5007976,-18.19614,-10.691114,0.50834954,3,"{""geodesic"":false,""type"":""Point"",""coordinates"":[110.45523045323321,-7.277437347955826]}"
1_2_186_0,0.0443,0.2274,0.1103,0.0383,0.0624,0.0445,0.1037,0.268,0.3423,0.2898,0.367,0.3558,-0.093666635,0.48304516,0.21288635,0.6456559,-0.56935817,-0.3467575,0.016937027,0.76653457,-0.44863784,-0.7117049,0.73377204,-0.6456559,0.47293517,0.4410284,-14.274199,-12.170763,0.4555609,3,"{""geodesic"":false,""type"":""Point"",""coordinates"":[110.44419570647312,-7.263584413084345]}"
1_2_204_0,0.0423,0.1608,0.0776,0.0358,0.0499,0.0292,0.0701,0.2544,0.3725,0.3764,0.3812,0.3633,-0.3689804,0.6764866,0.32387778,0.76589257,-0.5263408,-0.34899327,0.0060199792,0.82629794,-0.6581498,-0.63580877,0.8560158,-0.76589257,0.68600225,0.5750883,-18.427963,-14.492971,0.56007457,3,"{""geodesic"":false,""type"":""Point"",""coordinates"":[110.45074663177996,-7.314337343206211]}"
1_2_79_0,0.0503,0.1417,0.0733,0.0539,0.0691,0.057,0.084,0.198,0.2649,0.2085,0.2688,0.3278,-0.1381479,0.3304253,0.13648942,0.5021614,-0.34440228,-0.31813955,0.020038849,0.58917683,-0.4797729,-0.44887525,0.5706215,-0.5021614,0.42564103,0.29686478,-14.936122,-12.529458,0.30417103,3,"{""geodesic"":false,""type"":""Point"",""coordinates"":[110.41480250922933,-7.297196331266283]}"
1_2_8_0,0.0482,0.1878,0.0961,0.034,0.0554,0.035,0.0949,0.2581,0.3204,0.3392,0.3467,0.3127,-0.25234896,0.5876217,0.27712068,0.7192093,-0.5444079,-0.32300106,0.00991598,0.81779206,-0.5584654,-0.6934175,0.8129343,-0.7192093,0.5627735,0.52196294,-15.612414,-5.616153,0.5242785,3,"{""geodesic"":false,""type"":""Point"",""coordinates"":[110.45053009221999,-7.269019399943066]}"
1_2_150_0,0.0443,0.1717,0.0881,0.0331,0.0483,0.0341,0.0722,0.226,0.3268,0.2939,0.3406,0.3226,-0.22747749,0.51949614,0.23541448,0.71770895,-0.5609091,-0.321786,0.010221878,0.79755354,-0.5387435,-0.6767578,0.7920732,-0.71770895,0.6055723,0.4706522,-28.165657,-16.6614,0.47303507,3,"{""geodesic"":false,""type"":""Point"",""coordinates"":[110.45612739954372,-7.28485570083926]}"
1_2_35_0,0.0473,0.1689,0.0926,0.0417,0.0756,0.045,0.1135,0.2783,0.3196,0.3484,0.3439,0.2333,-0.29172185,0.5809367,0.28144237,0.64339626,-0.3815951,-0.29177818,0.011960391,0.7862086,-0.58004534,-0.6039886,0.7712252,-0.64339626,0.50855166,0.5094023,-15.755823,-9.137195,0.516852,3,"{""geodesic"":false,""type"":""Point"",""coordinates"":[110.43459004897014,-7.266467084984129]}"
1_2_144_0,0.0659,0.1926,0.1062,0.0461,0.083,0.0478,0.1097,0.2974,0.3634,0.3935,0.3625,0.2524,-0.29294118,0.6475966,0.32003847,0.65162647,-0.3976778,-0.28915662,0.012900534,0.7902639,-0.574945,-0.6137411,0.78336734,-0.65162647,0.5639905,0.55088705,-16.604216,-8.831651,0.5545977,3,"{""geodesic"":false,""type"":""Point"",""coordinates"":[110.4573918485245,-7.288023128794931]}"
1_2_142_0,0.0474,0.1326,0.0693,0.0375,0.0554,0.0386,0.0853,0.201,0.2182,0.2266,0.2336,0.2096,-0.21341605,0.3993373,0.17134127,0.6070922,-0.4106383,-0.3135215,0.011804855,0.71601665,-0.5315985,-0.55908287,0.70889896,-0.6070922,0.45302984,0.3685311,-17.349588,-11.656643,0.37122104,3,"{""geodesic"":false,""type"":""Point"",""coordinates"":[110.4554898860219,-7.287659025033886]}"
1_2_153_0,0.0387,0.1446,0.0715,0.0313,0.0427,0.0294,0.0647,0.2157,0.3094,0.2893,0.3287,0.3012,-0.2964011,0.52784437,0.23948419,0.7427711,-0.544047,-0.33826932,0.00726616,0.8047411,-0.6036585,-0.644116,0.81550044,-0.7427711,0.63446325,0.47618175,-17.464073,-8.85025,0.47160614,3,"{""geodesic"":false,""type"":""Point"",""coordinates"":[110.45458781044776,-7.284492029649754]}"
1_2_55_0,0.0594,0.2266,0.1187,0.0373,0.0544,0.0368,0.0921,0.2695,0.3683,0.3536,0.3953,0.3179,-0.19486472,0.61174834,0.28316355,0.73333335,-0.6128114,-0.3124819,0.012353394,0.8091583,-0.49735337,-0.71731716,0.8114754,-0.73333335,0.58671755,0.5336927,-10.79489,-9.128847,0.53255135,3,"{""geodesic"":false,""type"":""Point"",""coordinates"":[110.41501301871914,-7.274583120952631]}"
1_2_185_0,0.0406,0.1421,0.0708,0.038,0.0498,0.0355,0.0696,0.2275,0.3219,0.3157,0.3321,0.3374,-0.33145112,0.5632387,0.26130828,0.72749656,-0.48097968,-0.33489904,0.007961356,0.78512865,-0.63363516,-0.5780122,0.797836,-0.72749656,0.6387231,0.4937735,-18.194944,-7.3989525,0.48793486,3,"{""geodesic"":false,""type"":""Point"",""coordinates"":[110.43667611310158,-7.264389230302103]}"
1_2_163_0,0.0448,0.1405,0.0758,0.0407,0.056,0.0432,0.0787,0.2034,0.2714,0.2554,0.2765,0.2467,-0.23426428,0.4386654,0.19495645,0.64033395,-0.43002543,-0.29912156,0.012821301,0.7250929,-0.54227054,-0.5507726,0.71064967,-0.64033395,0.5288836,0.3985725,-20.947592,-8.984529,0.4045346,3,"{""geodesic"":false,""type"":""Point"",""coordinates"":[110.45287088309168,-7.280962230821393]}"
1_2_26_0,0.045,0.1592,0.0825,0.0376,0.0524,0.0352,0.0792,0.2318,0.3184,0.3216,0.339,0.3112,-0.29768786,0.57243365,0.26442465,0.7197861,-0.5047259,-0.31733552,0.009029851,0.7906459,-0.5916852,-0.6178862,0.80269057,-0.7197861,0.6047904,0.50140053,-18.839544,-15.9707775,0.49581003,3,"{""geodesic"":false,""type"":""Point"",""coordinates"":[110.42815800437414,-7.266820839293484]}"
1_2_6_0,0.0502,0.2272,0.1184,0.036,0.0573,0.0364,0.0885,0.2923,0.3898,0.3924,0.4142,0.3348,-0.23815028,0.6637828,0.32218632,0.74516344,-0.59718806,-0.3148148,0.010983079,0.8319328,-0.5364135,-0.72644377,0.83022386,-0.74516344,0.6319401,0.5749354,-11.510381,-5.7168694,0.5758294,3,"{""geodesic"":false,""type"":""Point"",""coordinates"":[110.45207039250961,-7.268749899992764]}"
1_2_174_0,0.0464,0.1953,0.0967,0.0363,0.0614,0.0407,0.1055,0.2669,0.3123,0.3136,0.3396,0.3255,-0.19440179,0.5307067,0.24550171,0.67253333,-0.5216206,-0.33767125,0.012550032,0.7925122,-0.5286376,-0.6865285,0.7702512,-0.67253333,0.49654022,0.47916424,-16.743332,-8.362806,0.48941052,3,"{""geodesic"":false,""type"":""Point"",""coordinates"":[110.45332689469649,-7.278430054589426]}"
1_2_80_0,0.0476,0.1441,0.0695,0.0391,0.0544,0.0357,0.0776,0.2375,0.3279,0.3139,0.3503,0.3388,-0.32507506,0.5632263,0.25898927,0.70458865,-0.45188916,-0.3492509,0.007904269,0.7784703,-0.63745433,-0.5731441,0.7957666,-0.70458865,0.603576,0.4911723,-16.651983,-11.905973,0.48323563,3,"{""geodesic"":false,""type"":""Point"",""coordinates"":[110.4142604885915,-7.296019728416864]}"
1_2_15_0,0.0555,0.1819,0.0894,0.0328,0.049,0.032,0.0894,0.2508,0.3157,0.2874,0.3444,0.2899,-0.19902642,0.51767474,0.22883464,0.70868015,-0.57557386,-0.34095097,0.009954072,0.79512805,-0.5254777,-0.69445735,0.79962426,-0.70868015,0.5254777,0.46753722,-12.093433,-9.515486,0.46561816,3,"{""geodesic"":false,""type"":""Point"",""coordinates"":[110.4514383716979,-7.2670304993332415]}"
1_2_97_0,0.0562,0.1467,0.0721,0.0492,0.0616,0.0433,0.0897,0.2336,0.3178,0.3387,0.3329,0.2869,-0.3424468,0.60065067,0.2770754,0.6922308,-0.40854535,-0.34095064,0.00921739,0.7463264,-0.6489776,-0.4977029,0.77329844,-0.6922308,0.5812325,0.50238097,-34.85314,-9.7291975,0.48907533,3,"{""geodesic"":false,""type"":""Point"",""coordinates"":[110.4370653439541,-7.315405913589281]}"
1_2_50_0,0.0473,0.1496,0.0772,0.0372,0.0584,0.0394,0.0781,0.2276,0.2868,0.2843,0.3059,0.2568,-0.25954947,0.493074,0.2253703,0.6591771,-0.4384615,-0.31922397,0.01069884,0.7685847,-0.5728907,-0.60171306,0.75656474,-0.6591771,0.56898457,0.44597548,-22.120375,-10.440317,0.45118687,3,"{""geodesic"":false,""type"":""Point"",""coordinates"":[110.41610053161145,-7.274222707622033]}"
1_2_57_0,0.0453,0.1258,0.065,0.0358,0.0539,0.0349,0.0757,0.202,0.258,0.2717,0.2627,0.2458,-0.31354123,0.48820716,0.22069065,0.6689189,-0.4001113,-0.3186583,0.008349282,0.76715446,-0.61389965,-0.5569307,0.77234185,-0.6689189,0.5641911,0.44036698,-19.233091,-11.887348,0.43820432,3,"{""geodesic"":false,""type"":""Point"",""coordinates"":[110.41646159467322,-7.275218166696701]}"
1_2_56_0,0.06,0.1668,0.0956,0.0382,0.0532,0.0346,0.0818,0.2391,0.3015,0.3041,0.3044,0.2393,-0.25915027,0.54991025,0.24607146,0.702211,-0.5163637,-0.27134147,0.010877212,0.776804,-0.52164125,-0.6273171,0.7956894,-0.702211,0.576056,0.48199594,-19.675837,-7.95353,0.4735249,3,"{""geodesic"":false,""type"":""Point"",""coordinates"":[110.41591807119737,-7.275217466373796]}"
1_2_62_0,0.0478,0.1396,0.0734,0.0399,0.0554,0.0346,0.0834,0.2117,0.2764,0.2888,0.278,0.2343,-0.30721816,0.5308441,0.23559184,0.67809415,-0.43179485,-0.3107981,0.008793768,0.75722545,-0.5946991,-0.5554317,0.7860235,-0.67809415,0.55185384,0.4630799,-21.365286,-10.647358,0.45052493,3,"{""geodesic"":false,""type"":""Point"",""coordinates"":[110.41609784264675,-7.276303145944677]}"
1_2_197_0,0.0434,0.1246,0.0627,0.0353,0.052,0.0353,0.0731,0.2133,0.2827,0.2729,0.2966,0.2988,-0.31681263,0.4869052,0.22177419,0.6799015,-0.4110985,-0.33048582,0.008110335,0.77092797,-0.62634087,-0.558474,0.77092797,-0.6799015,0.57745665,0.44097993,-21.624847,-11.910229,0.44097993,3,"{""geodesic"":false,""type"":""Point"",""coordinates"":[110.44247592221029,-7.262496850194712]}"
1_2_145_0,0.038,0.1462,0.073,0.0326,0.0493,0.0274,0.0645,0.2402,0.3397,0.3673,0.3561,0.3419,-0.3945946,0.6601538,0.3188462,0.7633221,-0.49565217,-0.3339416,0.005445685,0.83695924,-0.6684079,-0.6353468,0.8611604,-0.7633221,0.70125055,0.5698558,-16.945454,-14.304712,0.5578953,3,"{""geodesic"":false,""type"":""Point"",""coordinates"":[110.45503868292141,-7.286211209113734]}"
1_2_137_0,0.0451,0.2089,0.1023,0.0395,0.0634,0.0316,0.0902,0.3476,0.457,0.4696,0.4897,0.4279,-0.35832444,0.8034044,0.40657878,0.7621013,-0.53433716,-0.34254497,0.006883901,0.8448242,-0.6422451,-0.6819646,0.8739026,-0.7621013,0.67774206,0.65621257,-18.062044,-11.835345,0.63933206,3,"{""geodesic"":false,""type"":""Point"",""coordinates"":[110.45503146733724,-7.292181199123113]}"
1_2_198_0,0.0434,0.166,0.0856,0.0349,0.0552,0.0338,0.0834,0.2628,0.3405,0.344,0.3606,0.3486,-0.3094868,0.6034785,0.28677145,0.7234469,-0.50090414,-0.3195548,0.008410698,0.81578255,-0.6014898,-0.65256345,0.82106936,-0.7234469,0.6097333,0.5300752,-14.419152,-12.227161,0.5275344,3,"{""geodesic"":false,""type"":""Point"",""coordinates"":[110.43685897252342,-7.263032641937876]}"
1_2_29_0,0.0499,0.1348,0.0644,0.0344,0.0447,0.0319,0.064,0.2132,0.3063,0.2931,0.3226,0.2854,-0.32537434,0.5324093,0.24296401,0.7353464,-0.50194985,-0.35341364,0.0070090755,0.78992367,-0.63972026,-0.59338063,0.8036923,-0.7353464,0.641557,0.4749091,-16.574646,-10.839336,0.46894258,3,"{""geodesic"":false,""type"":""Point"",""coordinates"":[110.43141988845183,-7.266191759810787]}"
1_2_89_0,0.0531,0.1465,0.0741,0.0451,0.0606,0.039,0.0812,0.2394,0.3205,0.3132,0.3275,0.3065,-0.31776386,0.56702095,0.2551488,0.6757624,-0.4147755,-0.32819584,0.009227012,0.74825567,-0.6173509,-0.52922755,0.7785349,-0.6757624,0.5882353,0.48263317,-16.46494,-10.857873,0.46854246,3,"{""geodesic"":false,""type"":""Point"",""coordinates"":[110.41588573694474,-7.300182711676403]}"
1_2_187_0,0.0391,0.196,0.0993,0.0375,0.0562,0.0389,0.0905,0.2192,0.259,0.2573,0.2904,0.291,-0.11308288,0.45144486,0.19055864,0.6414673,-0.55432194,-0.3274636,0.0150127085,0.7455902,-0.44307348,-0.6788008,0.7373396,-0.6414673,0.47958595,0.4114544,-16.160637,-11.497335,0.41482133,3,"{""geodesic"":false,""type"":""Point"",""coordinates"":[110.44410589894586,-7.262951121816881]}"
1_2_136_0,0.0479,0.1921,0.0983,0.0446,0.0664,0.0437,0.0937,0.3027,0.3543,0.3231,0.4054,0.3629,-0.2185584,0.5584426,0.25310048,0.65905005,-0.48626694,-0.32300276,0.013295296,0.75741094,-0.5334599,-0.62315166,0.76172304,-0.65905005,0.55038387,0.48350254,-17.20419,-9.440505,0.4814452,3,"{""geodesic"":false,""type"":""Point"",""coordinates"":[110.45484962833808,-7.292723706941029]}"
1_2_40_0,0.0394,0.1523,0.071,0.033,0.0512,0.0303,0.0756,0.2705,0.3876,0.3788,0.4052,0.3608,-0.38559893,0.6635062,0.3268791,0.7618605,-0.4968059,-0.36408418,0.0056792507,0.839728,-0.6843041,-0.6438208,0.85186994,-0.7618605,0.66725355,0.57501924,-23.059114,-11.86352,0.5688748,3,"{""geodesic"":false,""type"":""Point"",""coordinates"":[110.41800588873511,-7.271873353928273]}"
1_2_172_0,0.0503,0.1915,0.1085,0.0383,0.0604,0.0382,0.1057,0.266,0.3271,0.3445,0.345,0.2899,-0.2499592,0.59524274,0.2791321,0.70165473,-0.5204446,-0.27666667,0.012031059,0.7998955,-0.5209713,-0.6666666,0.8003658,-0.70165473,0.5304309,0.52050525,-15.944561,-10.705476,0.5202764,3,"{""geodesic"":false,""type"":""Point"",""coordinates"":[110.4545053098236,-7.277798293517805]}"
1_2_53_0,0.0438,0.1541,0.0791,0.0372,0.0553,0.0344,0.0755,0.2337,0.3054,0.2916,0.3135,0.271,-0.27121592,0.5274815,0.2359867,0.6811761,-0.47182426,-0.32161236,0.009331414,0.77372265,-0.5732398,-0.6110821,0.78895706,-0.6811761,0.5886679,0.4670702,-20.798218,-11.2165575,0.4604247,3,"{""geodesic"":false,""type"":""Point"",""coordinates"":[110.41610029781977,-7.274403615309868]}"
1_2_175_0,0.0434,0.1487,0.0742,0.0338,0.0502,0.0341,0.0716,0.2348,0.3044,0.2762,0.325,0.3463,-0.25811687,0.4931557,0.22179052,0.69240195,-0.49522373,-0.3342306,0.009160825,0.7819355,-0.576484,-0.6295891,0.7802127,-0.69240195,0.5882691,0.44816735,-18.06973,-8.978772,0.4488889,3,"{""geodesic"":false,""type"":""Point"",""coordinates"":[110.45260273519328,-7.277976907252935]}"
1_2_124_0,0.0557,0.169,0.0971,0.0518,0.073,0.0568,0.1168,0.2071,0.2358,0.2115,0.2496,0.2599,-0.076671444,0.33231655,0.13481586,0.486819,-0.3966942,-0.27019918,0.026076972,0.60653245,-0.37070644,-0.53079706,0.5765934,-0.486819,0.2884557,0.30203047,-13.635719,-10.053556,0.31383467,3,"{""geodesic"":false,""type"":""Point"",""coordinates"":[110.45548234704484,-7.29390037825965]}"
1_2_74_0,0.0474,0.1353,0.0639,0.0395,0.0562,0.038,0.0725,0.2309,0.3462,0.3428,0.3697,0.333,-0.37616992,0.5978581,0.28755644,0.71829575,-0.4130548,-0.35843372,0.007083431,0.793356,-0.6857635,-0.5480549,0.80042017,-0.71829575,0.6508548,0.51907355,-17.074158,-12.432857,0.5156409,3,"{""geodesic"":false,""type"":""Point"",""coordinates"":[110.41371870600388,-7.2946622176342695]}"
1_2_143_0,0.0451,0.1124,0.0612,0.0406,0.0548,0.0409,0.0811,0.1877,0.2201,0.2063,0.232,0.2333,-0.23388307,0.36044285,0.15272874,0.58023745,-0.34449762,-0.29493088,0.012133203,0.6711219,-0.5424299,-0.46928105,0.66909385,-0.58023745,0.43562979,0.33203962,-19.91507,-8.752029,0.33277547,3,"{""geodesic"":false,""type"":""Point"",""coordinates"":[110.45503693424617,-7.2876584795640715]}"
1_2_105_0,0.0569,0.1288,0.0706,0.0389,0.052,0.0347,0.0872,0.2246,0.3064,0.3153,0.3173,0.2218,-0.36836004,0.56951493,0.26392353,0.71685266,-0.42477876,-0.29187563,0.007769807,0.7803501,-0.63410205,-0.53607637,0.8017143,-0.71685266,0.5667081,0.49517646,-20.198065,-11.089254,0.4853664,3,"{""geodesic"":false,""type"":""Point"",""coordinates"":[110.4560154071891,-7.302584652583516]}"
1_2_169_0,0.0453,0.2047,0.1085,0.0346,0.0546,0.0413,0.0998,0.2416,0.282,0.283,0.31,0.2928,-0.12704046,0.47530088,0.21274216,0.67654026,-0.5788662,-0.30715197,0.015834099,0.7821159,-0.4457216,-0.71082324,0.74529755,-0.67654026,0.4785789,0.43982774,-15.91097,-10.9128895,0.45572406,3,"{""geodesic"":false,""type"":""Point"",""coordinates"":[110.45459404086967,-7.279336127914353]}"
1_2_205_0,0.0437,0.1444,0.0734,0.0374,0.0498,0.0326,0.0675,0.2337,0.337,0.3291,0.3741,0.3395,-0.34866607,0.59576434,0.27668676,0.7371338,-0.48712668,-0.32598716,0.0072708596,0.79590726,-0.63527954,-0.58855885,0.8197401,-0.7371338,0.6596067,0.5161309,-18.34239,-12.112058,0.5049625,3,"{""geodesic"":false,""type"":""Point"",""coordinates"":[110.45128965340977,-7.314790276451122]}"
1_2_46_0,0.0412,0.1655,0.0781,0.0334,0.0518,0.0276,0.0699,0.2861,0.4196,0.4252,0.4376,0.3151,-0.40739602,0.741625,0.3731613,0.7828092,-0.52323973,-0.35878488,0.0050695203,0.8543393,-0.68964833,-0.66415286,0.8780919,-0.7828092,0.7176328,0.62594455,-21.402777,-14.754476,0.6130816,3,"{""geodesic"":false,""type"":""Point"",""coordinates"":[110.4190917654535,-7.272779287277349]}"
1_2_11_0,0.0482,0.1885,0.1182,0.0385,0.0554,0.0362,0.1033,0.2462,0.2856,0.3501,0.3177,0.3333,-0.2672428,0.6137812,0.2869093,0.7267571,-0.54571545,-0.22921424,0.012221765,0.8018528,-0.49519542,-0.66079295,0.8125809,-0.7267571,0.5443317,0.5312535,-14.7772045,-6.224537,0.52599597,3,"{""geodesic"":false,""type"":""Point"",""coordinates"":[110.45071159496314,-7.268748256202677]}"
1_2_116_0,0.0512,0.1992,0.0998,0.0362,0.0532,0.0362,0.09,0.2824,0.3292,0.3156,0.3739,0.3292,-0.19822888,0.5537937,0.25051305,0.7114968,-0.5784469,-0.33244148,0.011447275,0.79420125,-0.5194993,-0.6924384,0.79420125,-0.7114968,0.556213,0.4920169,-13.913654,-6.292178,0.4920169,3,"{""geodesic"":false,""type"":""Point"",""coordinates"":[110.45973657464496,-7.296890484449863]}"
1_2_165_0,0.0503,0.2063,0.1168,0.0431,0.0717,0.0506,0.1219,0.2412,0.2657,0.2749,0.2902,0.278,-0.10627933,0.44672373,0.19670676,0.5862666,-0.48417267,-0.27700403,0.02149902,0.72893083,-0.4036252,-0.6543705,0.6890937,-0.5862666,0.38558465,0.40757117,-12.4297285,-8.296797,0.4250611,3,"{""geodesic"":false,""type"":""Point"",""coordinates"":[110.45531776816529,-7.280151090090915]}"
1_2_154_0,0.0385,0.1377,0.0659,0.0335,0.0452,0.0314,0.0642,0.2052,0.2729,0.2722,0.2923,0.2988,-0.28770006,0.49778804,0.22196145,0.7151859,-0.5057408,-0.35265228,0.007601984,0.78083086,-0.6101745,-0.60864484,0.7931489,-0.7151859,0.6183115,0.44947734,-17.3713,-11.413313,0.44439617,3,"{""geodesic"":false,""type"":""Point"",""coordinates"":[110.45440619349463,-7.284853628859834]}"
1_2_195_0,0.0511,0.1916,0.102,0.0458,0.0724,0.0576,0.1245,0.2544,0.2853,0.282,0.3118,0.2758,-0.13622186,0.43688187,0.20065245,0.59142214,-0.4515151,-0.30517712,0.020834042,0.7205613,-0.46875,-0.6141533,0.6607774,-0.59142214,0.38745388,0.4009052,-11.025149,-8.263997,0.42800194,3,"{""geodesic"":false,""type"":""Point"",""coordinates"":[110.44075569946331,-7.261771098507363]}"
1_2_22_0,0.0536,0.1746,0.0893,0.0392,0.0598,0.0376,0.0846,0.2547,0.308,0.3453,0.3354,0.2731,-0.2887548,0.6024356,0.28342077,0.70476425,-0.4897611,-0.3232285,0.00972395,0.7960988,-0.5890474,-0.63330215,0.80360407,-0.70476425,0.6064201,0.5227659,-13.743402,-7.310937,0.5191068,3,"{""geodesic"":false,""type"":""Point"",""coordinates"":[110.4467282252513,-7.266753415167777]}"
1_2_58_0,0.0453,0.1483,0.0751,0.0381,0.0564,0.0333,0.078,0.2264,0.2846,0.2694,0.2904,0.2458,-0.25741154,0.49875364,0.21571964,0.65377533,-0.4489497,-0.32766342,0.009282962,0.7521951,-0.5640058,-0.5912017,0.7799802,-0.65377533,0.55094993,0.44119844,-17.08502,-11.550923,0.42965946,3,"{""geodesic"":false,""type"":""Point"",""coordinates"":[110.41655206510359,-7.275308737201251]}"
1_2_121_0,0.0572,0.1211,0.0749,0.0462,0.0679,0.0498,0.0999,0.1794,0.1888,0.2136,0.1783,0.2683,-0.20640816,0.3512308,0.15116417,0.5175843,-0.28148147,-0.23571429,0.017462641,0.64434177,-0.48076254,-0.44769874,0.6218679,-0.5175843,0.36267942,0.3218496,-17.745577,-11.844122,0.3304817,3,"{""geodesic"":false,""type"":""Point"",""coordinates"":[110.45783783828092,-7.293812755422686]}"
1_2_23_0,0.0536,0.1632,0.0844,0.0355,0.0439,0.0324,0.074,0.2096,0.2637,0.2641,0.2916,0.2731,-0.21001612,0.48584607,0.20851953,0.71493506,-0.5760502,-0.31825528,0.01035426,0.76301736,-0.5156384,-0.6426774,0.7814502,-0.71493506,0.5622597,0.4363465,-15.809706,-8.443238,0.4288394,3,"{""geodesic"":false,""type"":""Point"",""coordinates"":[110.44654716387367,-7.266662739802797]}"
1_2_168_0,0.0453,0.2137,0.117,0.0342,0.0604,0.0454,0.1037,0.2375,0.2729,0.2864,0.3034,0.2928,-0.106089346,0.462643,0.21117377,0.6516724,-0.5592849,-0.29241005,0.018546788,0.78665,-0.41993058,-0.7240823,0.7263411,-0.6516724,0.46834144,0.43459964,-11.398379,-5.2205567,0.46100414,3,"{""geodesic"":false,""type"":""Point"",""coordinates"":[110.45414087879973,-7.279516491006976]}"
1_2_131_0,0.0467,0.1751,0.0855,0.0358,0.0527,0.026,0.0749,0.2877,0.414,0.4052,0.4124,0.3333,-0.37361783,0.7333488,0.35277644,0.7698187,-0.5373134,-0.34382194,0.0054861796,0.8376417,-0.6515182,-0.6605026,0.87940633,-0.7698187,0.68798167,0.61082476,-21.967697,-11.044974,0.5888417,3,"{""geodesic"":false,""type"":""Point"",""coordinates"":[110.45648158214848,-7.291640217693308]}"
1_2_48_0,0.0393,0.1682,0.0794,0.0333,0.0542,0.0288,0.0717,0.2887,0.4077,0.4071,0.4242,0.3737,-0.3818638,0.71101004,0.35359547,0.7650119,-0.51258993,-0.35864297,0.0056170966,0.84877384,-0.67358685,-0.6694789,0.8678596,-0.7650119,0.70050126,0.6063148,-19.934504,-12.1864195,0.59623563,3,"{""geodesic"":false,""type"":""Point"",""coordinates"":[110.42036079294806,-7.272147733485852]}"
1_2_30_0,0.0447,0.133,0.0664,0.037,0.0552,0.0357,0.0707,0.2013,0.263,0.2933,0.2679,0.2652,-0.32384768,0.5235772,0.24035645,0.6832138,-0.41339,-0.33400202,0.0080821,0.7759612,-0.63080347,-0.5647059,0.7829787,-0.6832138,0.61153847,0.46610373,-17.856249,-12.237305,0.46302542,3,"{""geodesic"":false,""type"":""Point"",""coordinates"":[110.43096661868493,-7.266462554247748]}"
1_2_129_0,0.0538,0.1878,0.1068,0.046,0.078,0.0472,0.11,0.2054,0.2337,0.2579,0.2511,0.2725,-0.12785302,0.4403896,0.18578279,0.53557605,-0.41309255,-0.2749491,0.019546181,0.69726884,-0.41431314,-0.6065013,0.69059324,-0.53557605,0.40201142,0.39255992,-18.875792,-11.155594,0.395385,3,"{""geodesic"":false,""type"":""Point"",""coordinates"":[110.45548322146881,-7.293176743191543]}"
1_2_109_0,0.0545,0.1693,0.1034,0.0384,0.0584,0.0442,0.1006,0.2072,0.2526,0.2698,0.2821,0.2755,-0.18152195,0.4522855,0.20342971,0.64411944,-0.48704436,-0.24165751,0.01693951,0.75081116,-0.44587353,-0.6302359,0.71847135,-0.64411944,0.45680347,0.4157248,-18.418495,-9.230209,0.4294729,3,"{""geodesic"":false,""type"":""Point"",""coordinates"":[110.45538650614489,-7.298242078962854]}"
1_2_159_0,0.0404,0.1489,0.071,0.0297,0.04,0.0256,0.0646,0.2278,0.3353,0.3516,0.3585,0.3279,-0.37207627,0.63550234,0.3041487,0.7957099,-0.5764955,-0.35425192,0.005169511,0.8442171,-0.66398484,-0.66741323,0.864263,-0.7957099,0.68957233,0.55745554,-17.486483,-11.818479,0.5478838,3,"{""geodesic"":false,""type"":""Point"",""coordinates"":[110.45395466771511,-7.283677175347945]}"
1_2_76_0,0.0481,0.1506,0.0741,0.0427,0.0588,0.0376,0.0866,0.2514,0.3453,0.3476,0.3724,0.3461,-0.3493518,0.6185403,0.2899741,0.71062994,-0.4383954,-0.34045392,0.00801542,0.781194,-0.64856535,-0.5581997,0.8047767,-0.71062994,0.6011055,0.52530503,-18.094404,-12.821136,0.5137033,3,"{""geodesic"":false,""type"":""Point"",""coordinates"":[110.41362964516294,-7.293486201674092]}"
1_2_173_0,0.0456,0.1882,0.0958,0.0324,0.0532,0.0359,0.0981,0.2427,0.2834,0.2934,0.3112,0.2981,-0.1849427,0.5085716,0.23050931,0.6930179,-0.5592378,-0.3253521,0.01172195,0.80110496,-0.50770813,-0.7062557,0.78196174,-0.6930179,0.49885055,0.46575424,-15.688392,-7.331646,0.47408572,3,"{""geodesic"":false,""type"":""Point"",""coordinates"":[110.45305469103013,-7.278791544101362]}"
1_2_31_0,0.0507,0.1178,0.0598,0.04,0.0509,0.0353,0.0735,0.1738,0.212,0.2298,0.2144,0.1755,-0.27595177,0.42593727,0.17987931,0.63733524,-0.39656192,-0.32657656,0.009185988,0.70348406,-0.5870166,-0.49302915,0.7336854,-0.63733524,0.5153313,0.3813227,-16.614218,-6.8411865,0.36983633,3,"{""geodesic"":false,""type"":""Point"",""coordinates"":[110.43069349520457,-7.267547662552593]}"
1_2_151_0,0.0376,0.1292,0.0612,0.0346,0.0498,0.0331,0.0638,0.2012,0.2654,0.2589,0.2861,0.3021,-0.28784552,0.471202,0.2087691,0.67735666,-0.4435754,-0.35714284,0.007824334,0.7642248,-0.61761945,-0.57753354,0.77328765,-0.67735666,0.6045863,0.4276515,-25.113379,-7.422067,0.42400753,3,"{""geodesic"":false,""type"":""Point"",""coordinates"":[110.45485903310899,-7.2849446291608055]}"
1_2_177_0,0.0472,0.158,0.0824,0.037,0.0614,0.0378,0.0923,0.2642,0.3392,0.3396,0.352,0.3037,-0.315863,0.5853829,0.2804981,0.6937656,-0.44029173,-0.3144759,0.009171732,0.80350506,-0.60947865,-0.62051284,0.799682,-0.6937656,0.57258624,0.5159562,-14.085866,-10.418782,0.51779604,3,"{""geodesic"":false,""type"":""Point"",""coordinates"":[110.4552300167835,-7.277799165728614]}"
1_2_54_0,0.0439,0.1423,0.0722,0.0335,0.0503,0.0298,0.0711,0.2416,0.3184,0.3097,0.3286,0.2761,-0.33203962,0.5655688,0.2599627,0.72055554,-0.47767395,-0.32680652,0.006947239,0.8047786,-0.62189054,-0.6188851,0.82444775,-0.72055554,0.62657565,0.50011915,-14.643423,-7.6949167,0.4913425,3,"{""geodesic"":false,""type"":""Point"",""coordinates"":[110.41718734290248,-7.274405014710931]}"
1_2_114_0,0.0411,0.1903,0.0956,0.0352,0.0522,0.0381,0.0832,0.2249,0.2727,0.2961,0.295,0.3208,-0.18384847,0.5116205,0.23102702,0.7002584,-0.56948453,-0.3312347,0.012301115,0.7875038,-0.51187134,-0.6878049,0.7719928,-0.7002584,0.5612971,0.46391752,-13.551159,-3.1970928,0.47076866,3,"{""geodesic"":false,""type"":""Point"",""coordinates"":[110.46055212187257,-7.296710549830723]}"
1_2_206_0,0.0423,0.1444,0.0704,0.0356,0.0489,0.03,0.0661,0.2227,0.3023,0.3039,0.3196,0.3178,-0.32126874,0.56270033,0.253626,0.7227891,-0.49405068,-0.34450653,0.0069496543,0.7902798,-0.62383115,-0.60444444,0.82030547,-0.7227891,0.6427027,0.492685,-16.524958,-15.363531,0.4793925,3,"{""geodesic"":false,""type"":""Point"",""coordinates"":[110.45183598651862,-7.312529581707874]}"
1_2_138_0,0.0457,0.1811,0.0864,0.0348,0.0522,0.028,0.0782,0.274,0.3836,0.4016,0.3959,0.3609,-0.35213014,0.7137399,0.34646755,0.7699427,-0.55250746,-0.35401866,0.006023905,0.8405133,-0.6459016,-0.6776285,0.8696462,-0.7699427,0.67403084,0.60283995,-21.900637,-14.126276,0.5875694,3,"{""geodesic"":false,""type"":""Point"",""coordinates"":[110.45521341518311,-7.291548236799471]}"
1_2_104_0,0.0547,0.1167,0.0593,0.0372,0.0512,0.0328,0.0772,0.2218,0.3018,0.3151,0.3173,0.2361,-0.4041451,0.57243085,0.2674312,0.7204477,-0.39011317,-0.32613635,0.0061727706,0.78881633,-0.6832265,-0.5165692,0.81144005,-0.7204477,0.6064237,0.49941033,-19.143972,-11.6018305,0.48908836,3,"{""geodesic"":false,""type"":""Point"",""coordinates"":[110.45592426704872,-7.303036815174904]}"
1_2_25_0,0.0512,0.1408,0.0721,0.0368,0.0518,0.0382,0.0686,0.1803,0.2406,0.2296,0.2555,0.2797,-0.19622812,0.40454853,0.17321718,0.63184077,-0.4620976,-0.3226867,0.011995731,0.7237237,-0.52204174,-0.5855856,0.7147125,-0.63184077,0.5399061,0.3739255,-14.904771,-7.215356,0.37734863,3,"{""geodesic"":false,""type"":""Point"",""coordinates"":[110.42843067606795,-7.266097549219886]}"
1_2_65_0,0.0534,0.1447,0.0708,0.0426,0.0648,0.0418,0.0942,0.2441,0.2871,0.3044,0.2852,0.2956,-0.30084348,0.53127784,0.24436401,0.6489707,-0.38138425,-0.34292346,0.009722208,0.7544669,-0.6226013,-0.5451148,0.7585211,-0.6489707,0.5273457,0.46549278,-12.994698,-9.700215,0.46363637,3,"{""geodesic"":false,""type"":""Point"",""coordinates"":[110.41835670404596,-7.280828752363945]}"
1_2_13_0,0.0564,0.1876,0.086,0.0437,0.0675,0.0382,0.0968,0.3239,0.3914,0.4296,0.4153,0.3483,-0.35402662,0.73513395,0.36492327,0.72842485,-0.47079575,-0.371345,0.0076471134,0.8153391,-0.66640806,-0.62213576,0.8366823,-0.72842485,0.63221884,0.6066336,-18.532864,-8.8319235,0.5947293,3,"{""geodesic"":false,""type"":""Point"",""coordinates"":[110.45098500170272,-7.2673917690342105]}"
1_2_117_0,0.0503,0.1872,0.0937,0.0421,0.0722,0.0425,0.1211,0.2964,0.3402,0.3741,0.3651,0.3337,-0.2887444,0.63121027,0.30595618,0.6764508,-0.44333076,-0.33285865,0.010644881,0.79769343,-0.5994015,-0.63279545,0.79596734,-0.6764508,0.51090467,0.5426577,-11.265517,-10.324953,0.5435494,3,"{""geodesic"":false,""type"":""Point"",""coordinates"":[110.45439272830774,-7.295979517550242]}"
1_2_51_0,0.0473,0.1504,0.0757,0.0378,0.056,0.0365,0.0801,0.2446,0.3175,0.3042,0.3274,0.2568,-0.29325014,0.5398483,0.24751458,0.68906164,-0.45736432,-0.3303848,0.009083005,0.77894735,-0.60147405,-0.5982997,0.78573525,-0.68906164,0.58313817,0.47763768,-18.28324,-16.766485,0.4745843,3,"{""geodesic"":false,""type"":""Point"",""coordinates"":[110.41655346685515,-7.274223291008013]}"
1_2_33_0,0.0482,0.1153,0.0612,0.044,0.0637,0.0472,0.0906,0.1795,0.1997,0.2093,0.203,0.2054,-0.21837421,0.34860215,0.15003128,0.53333336,-0.28826818,-0.30651557,0.013801434,0.65258586,-0.5475046,-0.44758317,0.6319688,-0.53333336,0.3957986,0.3214144,-20.207457,-8.212866,0.32915172,3,"{""geodesic"":false,""type"":""Point"",""coordinates"":[110.43386411726557,-7.267461176873182]}"
1_2_108_0,0.0554,0.1439,0.0851,0.0459,0.0737,0.0596,0.1189,0.218,0.2225,0.1995,0.241,0.2027,-0.09333924,0.28837037,0.1249603,0.4604685,-0.3226103,-0.25676855,0.02542336,0.6259169,-0.40196764,-0.516333,0.53994596,-0.4604685,0.2531407,0.27644578,-16.661917,-12.102216,0.30909577,3,"{""geodesic"":false,""type"":""Point"",""coordinates"":[110.45973060508216,-7.3018654777771905]}"
1_2_132_0,0.0467,0.1662,0.0824,0.036,0.0563,0.0297,0.09,0.2808,0.3746,0.3709,0.3888,0.3333,-0.3500332,0.6668751,0.3170094,0.73642325,-0.49393257,-0.33708766,0.0065982207,0.82305235,-0.63644385,-0.6439169,0.8517224,-0.73642325,0.60945976,0.5682878,-18.145508,-11.99519,0.55392,3,"{""geodesic"":false,""type"":""Point"",""coordinates"":[110.45666320063701,-7.291278617836808]}"
1_2_128_0,0.0581,0.2398,0.1354,0.0504,0.0833,0.055,0.1416,0.3215,0.3672,0.3769,0.3835,0.2799,-0.18349257,0.60557604,0.28914964,0.63798344,-0.48437017,-0.27825162,0.019758556,0.76410013,-0.47140348,-0.65265334,0.7453114,-0.63798344,0.45380905,0.51813495,-14.018074,-8.724557,0.5281462,3,"{""geodesic"":false,""type"":""Point"",""coordinates"":[110.45638979087977,-7.292635107205916]}"
1_2_162_0,0.0391,0.154,0.0743,0.0336,0.0466,0.0285,0.0635,0.2218,0.3153,0.2956,0.3306,0.3251,-0.28669143,0.54976946,0.24485882,0.7276447,-0.53539383,-0.34910205,0.0071635656,0.79586875,-0.5982698,-0.64179105,0.8241283,-0.7276447,0.64633805,0.48616672,-14.603826,-11.546302,0.4739508,3,"{""geodesic"":false,""type"":""Point"",""coordinates"":[110.45323280073622,-7.281324486164023]}"
1_2_201_0,0.0538,0.1332,0.0738,0.041,0.0586,0.0452,0.0829,0.2051,0.2592,0.2518,0.2813,0.2264,-0.24278437,0.424928,0.19100459,0.6224227,-0.38894683,-0.28695655,0.013247657,0.7199454,-0.5466831,-0.52927667,0.69562286,-0.6224227,0.50463104,0.38883314,-12.398567,-7.1178403,0.39883956,3,"{""geodesic"":false,""type"":""Point"",""coordinates"":[110.45753879781495,-7.31642602143821]}"
1_2_94_0,0.0429,0.1905,0.0891,0.0372,0.0516,0.0334,0.0785,0.2456,0.3234,0.3045,0.3489,0.3123,-0.20827441,0.5528591,0.24325867,0.71019375,-0.5737299,-0.36266094,0.009773201,0.7822651,-0.5472561,-0.6732543,0.8023084,-0.71019375,0.59007835,0.48532045,-17.222403,-11.175971,0.4763574,3,"{""geodesic"":false,""type"":""Point"",""coordinates"":[110.41940681328563,-7.309504006749095]}"
1_2_1_0,0.0492,0.1656,0.0931,0.0329,0.0517,0.0406,0.0997,0.201,0.2155,0.2324,0.241,0.2438,-0.12534463,0.39007524,0.16964743,0.63604367,-0.52416015,-0.28024742,0.016264457,0.7519789,-0.427957,-0.66851383,0.7025641,-0.63604367,0.39957845,0.37218627,-19.305216,-9.03638,0.39102313,3,"{""geodesic"":false,""type"":""Point"",""coordinates"":[110.45161219270938,-7.2730911644381315]}"
1_2_60_0,0.0577,0.1623,0.0868,0.0412,0.0566,0.0337,0.0845,0.2295,0.3136,0.3166,0.3173,0.299,-0.29216322,0.58460075,0.26010942,0.6966774,-0.4828689,-0.30309114,0.009239293,0.76970375,-0.5696579,-0.595086,0.80759346,-0.6966774,0.5786587,0.49905914,-21.9414,-13.051171,0.4815808,3,"{""geodesic"":false,""type"":""Point"",""coordinates"":[110.4159153810207,-7.277297904537336]}"
1_2_107_0,0.0531,0.1396,0.0744,0.0458,0.0792,0.0508,0.1241,0.2572,0.2873,0.2801,0.2849,0.2066,-0.26244432,0.461777,0.2135628,0.55914277,-0.27605116,-0.30467287,0.013493467,0.71893215,-0.58025384,-0.5059331,0.6929586,-0.55914277,0.38594753,0.4139487,-12.724166,-9.330416,0.42553577,3,"{""geodesic"":false,""type"":""Point"",""coordinates"":[110.45900661990866,-7.3012314290911595]}"
1_2_103_0,0.0552,0.14,0.0751,0.0454,0.0646,0.0401,0.09,0.2387,0.3176,0.3389,0.3317,0.3047,-0.36180013,0.6029056,0.28109568,0.67980176,-0.36852396,-0.30172014,0.008886131,0.76372623,-0.6371981,-0.5102481,0.7883905,-0.67980176,0.5803217,0.5098976,-15.995374,-14.627566,0.4978514,3,"{""geodesic"":false,""type"":""Point"",""coordinates"":[110.44358565810951,-7.317494458814977]}"
1_2_5_0,0.0583,0.2269,0.1187,0.0353,0.0592,0.0366,0.0927,0.2714,0.3593,0.4048,0.396,0.3071,-0.2509949,0.67701244,0.33447492,0.74482757,-0.5861587,-0.3130787,0.010732263,0.8395819,-0.54651386,-0.7307399,0.834164,-0.74482757,0.6273367,0.5866794,-12.35794,-7.0544915,0.5895649,3,"{""geodesic"":false,""type"":""Point"",""coordinates"":[110.45179852330989,-7.268840025986734]}"
1_2_170_0,0.0467,0.2091,0.1193,0.0341,0.053,0.0387,0.1154,0.2582,0.3084,0.2967,0.3318,0.2856,-0.14344972,0.5066174,0.22780162,0.696883,-0.5955742,-0.273447,0.015560869,0.79383314,-0.4264423,-0.71957237,0.7692308,-0.696883,0.43994176,0.46325114,-12.01667,-5.860964,0.47412133,3,"{""geodesic"":false,""type"":""Point"",""coordinates"":[110.4539598107904,-7.279425818159489]}"
1_2_66_0,0.0564,0.1801,0.095,0.0404,0.064,0.0408,0.1122,0.2808,0.3107,0.3561,0.329,0.3032,-0.28441852,0.6073272,0.29061317,0.69531065,-0.4756247,-0.30934206,0.010884583,0.7962169,-0.57880735,-0.6335601,0.79440665,-0.69531065,0.52081996,0.5273163,-13.705031,-8.325289,0.52822083,3,"{""geodesic"":false,""type"":""Point"",""coordinates"":[110.4190809457166,-7.281191498257167]}"
1_2_180_0,0.047,0.1839,0.0916,0.032,0.0522,0.0316,0.0869,0.241,0.2936,0.3268,0.3142,0.3492,-0.24952115,0.57818866,0.2682093,0.72453827,-0.5578145,-0.33502722,0.008857283,0.8216276,-0.5621415,-0.70356643,0.82366073,-0.72453827,0.5798888,0.5158434,-16.958117,-9.705861,0.5149045,3,"{""geodesic"":false,""type"":""Point"",""coordinates"":[110.45586533423277,-7.276804928967609]}"
1_2_203_0,0.0447,0.1432,0.0701,0.0315,0.0453,0.0327,0.0675,0.2098,0.2963,0.2877,0.3163,0.3237,-0.2894365,0.51096064,0.23541713,0.7279279,-0.5193634,-0.34270978,0.00796757,0.80263156,-0.608161,-0.63938177,0.79588014,-0.7279279,0.6199324,0.466236,-19.041677,-15.326711,0.4691162,3,"{""geodesic"":false,""type"":""Point"",""coordinates"":[110.452559426778,-7.313615913482047]}"
1_2_188_0,0.0386,0.2028,0.1071,0.034,0.0546,0.0421,0.0927,0.2033,0.2412,0.2446,0.2714,0.2699,-0.06437439,0.40754306,0.17402066,0.63502675,-0.57575756,-0.3088093,0.018433811,0.75592244,-0.3909582,-0.7128378,0.7063132,-0.63502675,0.45034093,0.38610652,-13.784745,-9.37534,0.40572822,3,"{""geodesic"":false,""type"":""Point"",""coordinates"":[110.44455915817831,-7.26268031333854]}"
1_2_16_0,0.0453,0.1674,0.0773,0.0334,0.0517,0.0313,0.084,0.2709,0.3327,0.3021,0.355,0.3428,-0.25608385,0.54623204,0.24668029,0.7077445,-0.5280694,-0.368206,0.008008904,0.8008942,-0.5925145,-0.6673307,0.81223756,-0.7077445,0.5648796,0.487401,-17.23048,-10.0180855,0.48240575,3,"{""geodesic"":false,""type"":""Point"",""coordinates"":[110.45107613685289,-7.266939606562879]}"
1_2_39_0,0.0391,0.1414,0.0661,0.0306,0.045,0.0261,0.0696,0.2505,0.3669,0.3668,0.3871,0.3846,-0.4069747,0.6582812,0.3202665,0.7814473,-0.5171673,-0.36289155,0.004703408,0.845999,-0.6946177,-0.644186,0.8671418,-0.7814473,0.6810266,0.57234854,-20.19568,-13.628122,0.56195676,3,"{""geodesic"":false,""type"":""Point"",""coordinates"":[110.41954713897795,-7.270880335460982]}"
1_2_2_0,0.0484,0.1806,0.0925,0.031,0.0556,0.0403,0.0875,0.2413,0.3025,0.3095,0.331,0.2735,-0.21303883,0.51031244,0.24433596,0.6954259,-0.52921253,-0.32259247,0.012044426,0.81791484,-0.539801,-0.70699435,0.7695826,-0.6954259,0.55919397,0.47517064,-16.69443,-7.9918017,0.49702558,3,"{""geodesic"":false,""type"":""Point"",""coordinates"":[110.45215451065788,-7.274086820292745]}"
1_2_140_0,0.0507,0.1509,0.0738,0.0385,0.0632,0.036,0.0982,0.2688,0.3174,0.3792,0.3239,0.3166,-0.38174,0.65674156,0.32283738,0.71428573,-0.40962172,-0.3431242,0.0070063286,0.8156572,-0.6741722,-0.59345305,0.8265896,-0.71428573,0.5886049,0.5625,-14.027533,-9.198382,0.55688137,3,"{""geodesic"":false,""type"":""Point"",""coordinates"":[110.45693649950105,-7.290012582519618]}"
1_2_133_0,0.0454,0.1486,0.0739,0.0411,0.0582,0.0373,0.0919,0.2435,0.3382,0.3315,0.3545,0.3289,-0.33428827,0.5897919,0.27447534,0.70130867,-0.4371373,-0.33573034,0.008315144,0.77938807,-0.6354218,-0.56668425,0.79772234,-0.70130867,0.56589514,0.50794196,-16.846834,-9.174449,0.49919778,3,"{""geodesic"":false,""type"":""Point"",""coordinates"":[110.45648245469448,-7.290916582432406]}"
1_2_134_0,0.0455,0.1649,0.0826,0.037,0.0563,0.0315,0.0795,0.2484,0.3296,0.3688,0.3377,0.2464,-0.347725,0.6586347,0.3136588,0.73512113,-0.49095842,-0.33252528,0.0070550432,0.8176442,-0.6340275,-0.6334819,0.84261805,-0.73512113,0.6453268,0.56197935,-23.176428,-11.258534,0.54945904,3,"{""geodesic"":false,""type"":""Point"",""coordinates"":[110.45621068161641,-7.290916255656095]}"
1_2_12_0,0.0486,0.1637,0.0771,0.0366,0.0556,0.0359,0.0915,0.2748,0.3404,0.3067,0.3611,0.2842,-0.26468962,0.5426419,0.24815121,0.693072,-0.49293205,-0.35963455,0.009024748,0.7867754,-0.5982282,-0.6345482,0.79042614,-0.693072,0.5404319,0.48207927,-17.33987,-12.439967,0.480434,3,"{""geodesic"":false,""type"":""Point"",""coordinates"":[110.45071324303395,-7.26739144001259]}"
1_2_171_0,0.0467,0.1746,0.087,0.039,0.0598,0.0454,0.0886,0.2199,0.2552,0.237,0.2752,0.2856,-0.11290322,0.39362314,0.16870311,0.59703505,-0.4897611,-0.3348624,0.016665822,0.7173913,-0.46296299,-0.6348315,0.67847025,-0.59703505,0.45577395,0.3673313,-16.122772,-8.06988,0.38273197,3,"{""geodesic"":false,""type"":""Point"",""coordinates"":[110.45377852399659,-7.27951605407272]}"
1_2_59_0,0.0577,0.1558,0.0778,0.0403,0.0582,0.0366,0.0694,0.2402,0.3099,0.3042,0.3205,0.299,-0.28329298,0.5476648,0.24647531,0.6788079,-0.45607474,-0.33390412,0.009360553,0.7660377,-0.59267014,-0.5889852,0.78521127,-0.6788079,0.62847966,0.47740245,-22.7816,-12.12579,0.46873888,3,"{""geodesic"":false,""type"":""Point"",""coordinates"":[110.41591561498046,-7.277116996878548]}"
1_2_32_0,0.0478,0.1339,0.0764,0.042,0.0606,0.0436,0.091,0.194,0.2364,0.2112,0.2357,0.2286,-0.17576039,0.36189324,0.15159698,0.5540839,-0.37686375,-0.27341896,0.01577197,0.66824645,-0.46870655,-0.52245593,0.6577708,-0.5540839,0.39774984,0.33306837,-12.867469,-7.163863,0.33696228,3,"{""geodesic"":false,""type"":""Point"",""coordinates"":[110.43359360541058,-7.266465841916456]}"
1_2_61_0,0.0575,0.1534,0.078,0.035,0.0567,0.031,0.0762,0.2496,0.3286,0.3627,0.3378,0.2479,-0.36643186,0.64472866,0.3100082,0.7296137,-0.46025705,-0.3258427,0.006666667,0.8239879,-0.6460177,-0.6284501,0.8425197,-0.7296137,0.65276825,0.55673045,-20.499662,-9.398407,0.547566,3,"{""geodesic"":false,""type"":""Point"",""coordinates"":[110.4159170186136,-7.276031550895394]}"
1_2_181_0,0.0495,0.1396,0.0695,0.034,0.0569,0.0334,0.0841,0.2222,0.2892,0.3285,0.3001,0.2176,-0.3538749,0.57912713,0.27627918,0.7047224,-0.42086515,-0.33524626,0.007066362,0.8124138,-0.6507538,-0.6082949,0.8154186,-0.7047224,0.59234124,0.51357466,-19.413927,-12.394338,0.5121739,3,"{""geodesic"":false,""type"":""Point"",""coordinates"":[110.4517046456321,-7.271553549051782]}"
1_2_68_0,0.0418,0.1425,0.0703,0.0342,0.0455,0.03,0.0672,0.2146,0.3073,0.3028,0.3153,0.3013,-0.32286558,0.55614454,0.2528627,0.73873097,-0.5159575,-0.33928573,0.006964993,0.79703265,-0.6231573,-0.61290324,0.81971157,-0.73873097,0.6367568,0.49135447,-19.077877,-10.089144,0.48136202,3,"{""geodesic"":false,""type"":""Point"",""coordinates"":[110.41145995288143,-7.290046135288903]}"
1_2_207_0,0.0527,0.1327,0.0676,0.0402,0.0529,0.0382,0.0826,0.1998,0.2597,0.2552,0.2741,0.2729,-0.26699552,0.45861864,0.20025267,0.656605,-0.42995688,-0.32501248,0.010118808,0.72782665,-0.58116484,-0.5349913,0.73960465,-0.656605,0.51095325,0.41025963,-19.03449,-15.046983,0.40545636,3,"{""geodesic"":false,""type"":""Point"",""coordinates"":[110.45373870816708,-7.3123509823408135]}"
1_2_43_0,0.0376,0.1504,0.0751,0.0336,0.0543,0.0316,0.0764,0.2635,0.3651,0.3789,0.3918,0.3861,-0.38772076,0.65951383,0.3262462,0.74930745,-0.46946752,-0.33392462,0.006263288,0.8370909,-0.669163,-0.6347826,0.84604144,-0.74930745,0.6643971,0.57215816,-19.47493,-15.693712,0.5676164,3,"{""geodesic"":false,""type"":""Point"",""coordinates"":[110.41891268516014,-7.271150884861609]}"
1_2_196_0,0.0496,0.1157,0.064,0.0414,0.0572,0.0483,0.0873,0.1613,0.1856,0.1854,0.1956,0.2185,-0.160696,0.29428178,0.12515533,0.52844185,-0.33834586,-0.2877017,0.01667314,0.6349206,-0.48676822,-0.47294715,0.58664954,-0.52844185,0.35973597,0.28029165,-16.769154,-7.508819,0.29719317,3,"{""geodesic"":false,""type"":""Point"",""coordinates"":[110.44147859294229,-7.2632192594469185]}"
1_2_95_0,0.0457,0.1635,0.0726,0.0386,0.0506,0.036,0.0813,0.2387,0.301,0.2984,0.3217,0.3396,-0.25629082,0.53555393,0.2398044,0.71002865,-0.52732366,-0.38500634,0.008758713,0.77091986,-0.60862535,-0.6180109,0.784689,-0.71002865,0.5717672,0.47171623,-8.9893875,-2.6043663,0.4655914,3,"{""geodesic"":false,""type"":""Point"",""coordinates"":[110.42094446805135,-7.3114055160142595]}"
1_2_167_0,0.0585,0.2195,0.1162,0.0448,0.0644,0.0449,0.1087,0.2544,0.3266,0.3127,0.359,0.3127,-0.14970252,0.5372763,0.2368573,0.658446,-0.5463191,-0.30771524,0.016684938,0.74937063,-0.45814875,-0.6609913,0.74888146,-0.658446,0.4841006,0.46840018,-14.675439,-7.553343,0.46862975,3,"{""geodesic"":false,""type"":""Point"",""coordinates"":[110.45595319811518,-7.279066399092305]}"
1_2_10_0,0.0482,0.1628,0.0828,0.035,0.0594,0.0392,0.0855,0.2429,0.3179,0.35,0.3424,0.3333,-0.31175467,0.58743477,0.28889555,0.70981926,-0.46534654,-0.3257329,0.009273601,0.8181818,-0.6173752,-0.6461072,0.79856116,-0.70981926,0.60734785,0.5242915,-12.383824,-8.896718,0.5338983,3,"{""geodesic"":false,""type"":""Point"",""coordinates"":[110.45043983549172,-7.268747926956157]}"
1_2_42_0,0.0391,0.1486,0.0719,0.0344,0.05,0.0304,0.0692,0.2589,0.3782,0.3731,0.401,0.3846,-0.38959932,0.6603083,0.32175255,0.7636493,-0.4964753,-0.3478458,0.0058583757,0.8311657,-0.67685395,-0.6240437,0.84931844,-0.7636493,0.6870902,0.56895405,-18.070374,-12.338344,0.5598347,3,"{""geodesic"":false,""type"":""Point"",""coordinates"":[110.4193658499319,-7.270970557373946]}"
1_2_160_0,0.0406,0.1672,0.0872,0.0314,0.0471,0.0287,0.0774,0.228,0.2983,0.2949,0.3109,0.3156,-0.24971275,0.540354,0.24165496,0.7245614,-0.5604293,-0.3144654,0.008486402,0.8075391,-0.543575,-0.6837865,0.8226205,-0.7245614,0.5842063,0.48482272,-19.125725,-10.928695,0.47833717,3,"{""geodesic"":false,""type"":""Point"",""coordinates"":[110.45359504746081,-7.28141537804648]}"
1_2_88_0,0.053,0.1538,0.0799,0.0457,0.0643,0.0468,0.0912,0.2527,0.3164,0.2966,0.3174,0.2851,-0.26100573,0.5058114,0.23083742,0.6436686,-0.4103622,-0.3162174,0.012607281,0.73298275,-0.57556444,-0.5418546,0.7274316,-0.6436686,0.5296545,0.4442732,-16.93339,-11.950435,0.44681233,3,"{""geodesic"":false,""type"":""Point"",""coordinates"":[110.41307891061547,-7.299003172351707]}"
1_2_24_0,0.0635,0.1743,0.0936,0.0338,0.0463,0.0351,0.0839,0.2376,0.2927,0.2832,0.3137,0.2587,-0.20440727,0.5000806,0.2234309,0.7189681,-0.5802357,-0.3012318,0.011600848,0.7867508,-0.50318474,-0.6751562,0.77945334,-0.7189681,0.54290384,0.4547843,-10.371094,-5.620272,0.45789474,3,"{""geodesic"":false,""type"":""Point"",""coordinates"":[110.44709101168172,-7.266392039518811]}"
1_2_156_0,0.0388,0.1394,0.0679,0.0361,0.0514,0.0287,0.0682,0.2474,0.3417,0.3587,0.3574,0.3393,-0.40273583,0.654684,0.31038168,0.74932945,-0.46121597,-0.34491077,0.005432757,0.8171226,-0.681669,-0.588604,0.85183275,-0.74932945,0.6804872,0.55780935,-22.341091,-11.327581,0.5407913,3,"{""geodesic"":false,""type"":""Point"",""coordinates"":[110.45531187293841,-7.2850356290217695]}"
1_2_91_0,0.0404,0.1576,0.0701,0.0384,0.0586,0.0347,0.0824,0.2279,0.2768,0.295,0.3097,0.3081,-0.268404,0.5355086,0.23851958,0.66855204,-0.45790935,-0.38427755,0.008245661,0.76964605,-0.6159956,-0.60816324,0.7895056,-0.66855204,0.563328,0.47059175,-14.137552,-8.387502,0.46184304,3,"{""geodesic"":false,""type"":""Point"",""coordinates"":[110.41660261838038,-7.3062440488977085]}"
1_2_72_0,0.0579,0.1615,0.0881,0.0474,0.0676,0.0473,0.0951,0.2417,0.2934,0.2853,0.3079,0.2738,-0.22880884,0.49027684,0.2177614,0.61688864,-0.40986472,-0.2940705,0.014606135,0.71505857,-0.52812,-0.5461944,0.71557426,-0.61688864,0.49999997,0.4287773,-15.635596,-13.185252,0.42854568,3,"{""geodesic"":false,""type"":""Point"",""coordinates"":[110.41100345629822,-7.292759156326668]}"
1_2_64_0,0.0534,0.1447,0.0708,0.0423,0.0664,0.039,0.0942,0.2441,0.2871,0.3369,0.2852,0.2956,-0.34730855,0.5940653,0.27916777,0.6707166,-0.37091428,-0.34292346,0.008195904,0.77689874,-0.6526858,-0.5475936,0.792498,-0.6707166,0.56297845,0.510161,-16.215336,-9.977003,0.502616,3,"{""geodesic"":false,""type"":""Point"",""coordinates"":[110.41826611564015,-7.280828635978431]}"
1_2_17_0,0.0497,0.2248,0.1094,0.038,0.058,0.0345,0.0992,0.3384,0.4144,0.4151,0.4502,0.3255,-0.2720382,0.7116147,0.34687495,0.7548087,-0.58981615,-0.34530222,0.009092507,0.8322666,-0.5828408,-0.7108067,0.84653026,-0.7548087,0.61423296,0.6012005,-16.028605,-11.840232,0.5934844,3,"{""geodesic"":false,""type"":""Point"",""coordinates"":[110.4512577480968,-7.266578008065463]}"
1_2_202_0,0.0465,0.1299,0.0666,0.0407,0.0593,0.0422,0.0907,0.2211,0.2795,0.2776,0.3047,0.3162,-0.298124,0.48019254,0.21985775,0.64796674,-0.37315008,-0.32213736,0.010124352,0.7442664,-0.61301565,-0.52286047,0.73608506,-0.64796674,0.50746673,0.4307148,-16.64765,-13.341089,0.43425393,3,"{""geodesic"":false,""type"":""Point"",""coordinates"":[110.45835623559633,-7.314708369847382]}"
1_2_106_0,0.0523,0.0926,0.0528,0.0392,0.05,0.0349,0.0762,0.163,0.2046,0.2209,0.2082,0.2204,-0.34210527,0.40922293,0.17577438,0.6308601,-0.29873773,-0.27372766,0.008341874,0.69857746,-0.6141761,-0.40515935,0.7271306,-0.6308601,0.48704138,0.36914527,-16.258535,-11.595297,0.35857123,3,"{""geodesic"":false,""type"":""Point"",""coordinates"":[110.4564678278182,-7.303037469989025]}"
1_2_9_0,0.0482,0.1903,0.0846,0.0353,0.057,0.0383,0.0926,0.2944,0.3684,0.3424,0.4004,0.3333,-0.24591787,0.58147544,0.2771625,0.7145719,-0.53902143,-0.38450345,0.009463143,0.8130792,-0.60374707,-0.6870567,0.7987917,-0.7145719,0.5742529,0.5179403,-16.569717,-10.634421,0.5248377,3,"{""geodesic"":false,""type"":""Point"",""coordinates"":[110.45062133816505,-7.2684767832445605]}"
1_2_99_0,0.0514,0.1648,0.0838,0.0486,0.0661,0.0428,0.0948,0.2636,0.3414,0.3168,0.3544,0.3665,-0.27539265,0.5665371,0.2523791,0.65474015,-0.42745778,-0.32582462,0.0113214655,0.73399013,-0.58162755,-0.54451734,0.7619577,-0.65474015,0.5393586,0.47812936,-18.427294,-13.08143,0.46487173,3,"{""geodesic"":false,""type"":""Point"",""coordinates"":[110.44204541084653,-7.31758300820017]}"
1_2_111_0,0.0448,0.2129,0.1149,0.0384,0.066,0.0462,0.1123,0.2307,0.2483,0.2496,0.2762,0.2716,-0.052823976,0.41047788,0.17385733,0.581749,-0.52671206,-0.29896277,0.021267548,0.7333333,-0.3695473,-0.69438916,0.6876268,-0.581749,0.37938657,0.38338777,-17.12233,-5.872716,0.40203044,3,"{""geodesic"":false,""type"":""Point"",""coordinates"":[110.46046022930503,-7.297795894975557]}"
1_2_189_0,0.0392,0.1724,0.0855,0.0332,0.0518,0.0333,0.08,0.2076,0.2405,0.2546,0.2727,0.2778,-0.1663627,0.45897624,0.19664861,0.6618799,-0.53791255,-0.3369523,0.011182837,0.76928425,-0.4972067,-0.6770428,0.76866966,-0.6618799,0.5218171,0.4213098,-15.802641,-7.8482494,0.42155367,3,"{""geodesic"":false,""type"":""Point"",""coordinates"":[110.44555515198807,-7.263043349106532]}"
1_2_18_0,0.0537,0.2411,0.1267,0.0384,0.0626,0.038,0.1043,0.3024,0.3846,0.41,0.4118,0.3401,-0.23271477,0.6888889,0.33600652,0.7350825,-0.58775103,-0.3110386,0.011742926,0.8287243,-0.5278554,-0.7252236,0.83035713,-0.7350825,0.59440017,0.5886076,-20.698551,-11.324825,0.5877267,3,"{""geodesic"":false,""type"":""Point"",""coordinates"":[110.45143946873104,-7.266125955036566]}"
1_2_115_0,0.0594,0.1982,0.1059,0.0324,0.0526,0.035,0.0875,0.2373,0.2936,0.3468,0.3319,0.2995,-0.23840627,0.5933171,0.28287762,0.7366049,-0.58054227,-0.3035186,0.010687716,0.8291139,-0.5321405,-0.7189939,0.81665796,-0.7366049,0.59705275,0.53039235,-18.113314,-6.6059203,0.53639674,3,"{""geodesic"":false,""type"":""Point"",""coordinates"":[110.45937485695246,-7.296347324388189]}"
1_2_146_0,0.038,0.1527,0.077,0.0342,0.0518,0.036,0.0738,0.2254,0.327,0.338,0.3423,0.3419,-0.3271528,0.58188826,0.28131837,0.73422265,-0.49339855,-0.3295603,0.008201183,0.81622785,-0.62891567,-0.6340289,0.80748665,-0.73422265,0.6415736,0.5183066,-20.677969,-14.944492,0.5224719,3,"{""geodesic"":false,""type"":""Point"",""coordinates"":[110.45476702207951,-7.286120427277759]}"
1_2_27_0,0.045,0.184,0.0923,0.037,0.0525,0.0342,0.0895,0.2559,0.3414,0.3591,0.3678,0.3112,-0.28959793,0.631217,0.2983524,0.74489796,-0.5560254,-0.33188564,0.008790476,0.8131785,-0.5910501,-0.6651584,0.82608694,-0.74489796,0.6009808,0.54556143,-27.818626,-11.269665,0.5391697,3,"{""geodesic"":false,""type"":""Point"",""coordinates"":[110.42815743254172,-7.2672731096239005]}"
1_2_71_0,0.0499,0.1556,0.0774,0.0428,0.0625,0.041,0.0925,0.2577,0.334,0.3313,0.3449,0.3105,-0.31102154,0.57768846,0.2699905,0.68258,-0.4268684,-0.3356223,0.00957863,0.77118415,-0.62123805,-0.5685484,0.7797475,-0.68258,0.56347334,0.4991975,-20.05594,-11.448006,0.49508065,3,"{""geodesic"":false,""type"":""Point"",""coordinates"":[110.41190983533903,-7.292398521003706]}"
1_2_100_0,0.0523,0.1577,0.0791,0.0443,0.0694,0.043,0.1044,0.2682,0.3187,0.3232,0.3339,0.3385,-0.2935586,0.5608711,0.2598728,0.6464595,-0.38881552,-0.3319257,0.010523825,0.75891155,-0.6067611,-0.5613861,0.7651556,-0.6464595,0.5116932,0.4852228,-15.275987,-9.159424,0.48224783,3,"{""geodesic"":false,""type"":""Point"",""coordinates"":[110.44231877170404,-7.316316987468461]}"
1_2_118_0,0.0503,0.1901,0.0942,0.0407,0.0698,0.0459,0.1217,0.3525,0.3955,0.3879,0.4305,0.3337,-0.28979838,0.6295792,0.31644478,0.6949967,-0.46287036,-0.33731973,0.011146636,0.81007934,-0.6092097,-0.6473137,0.78838176,-0.6949967,0.52237046,0.54936814,-12.386208,-7.7739515,0.5608443,3,"{""geodesic"":false,""type"":""Point"",""coordinates"":[110.45448353940125,-7.295798718215494]}"
1_2_14_0,0.0564,0.1923,0.0864,0.0371,0.057,0.0318,0.0968,0.3194,0.3918,0.4089,0.4183,0.3483,-0.33114457,0.7134208,0.3486561,0.7553123,-0.5427196,-0.37997848,0.0067192963,0.8336323,-0.65112054,-0.6765475,0.8556841,-0.7553123,0.6171643,0.6013075,-12.204873,-9.79997,0.5895349,3,"{""geodesic"":false,""type"":""Point"",""coordinates"":[110.4511660643846,-7.26748244271361]}"
1_2_86_0,0.0518,0.1386,0.0781,0.0486,0.0654,0.0534,0.092,0.2053,0.2448,0.2175,0.2476,0.2248,-0.16175507,0.34962502,0.14900081,0.5376458,-0.35882357,-0.27918783,0.019174896,0.6347238,-0.47158322,-0.48076925,0.6057586,-0.5376458,0.40549272,0.3193021,-17.660892,-9.520634,0.33070096,3,"{""geodesic"":false,""type"":""Point"",""coordinates"":[110.41072411170005,-7.2985478370959935]}"
1_2_84_0,0.0504,0.1334,0.0641,0.045,0.0548,0.0374,0.0699,0.2203,0.3068,0.3094,0.311,0.302,-0.34958112,0.5684193,0.25498682,0.69906646,-0.41764078,-0.35088608,0.0077483514,0.74604964,-0.6567604,-0.49551567,0.78431374,-0.69906646,0.6314263,0.48181388,-19.671448,-7.54491,0.4641854,3,"{""geodesic"":false,""type"":""Point"",""coordinates"":[110.41461932714401,-7.2987338098662375]}"
1_2_21_0,0.0461,0.1991,0.102,0.0378,0.0606,0.0385,0.1067,0.264,0.3154,0.3761,0.3438,0.3364,-0.27060628,0.6376549,0.3091384,0.7224639,-0.5333077,-0.32248423,0.010441371,0.81734717,-0.57331103,-0.68087804,0.81427884,-0.7224639,0.557995,0.55368465,-15.592078,-14.534077,0.5552577,3,"{""geodesic"":false,""type"":""Point"",""coordinates"":[110.4517130903836,-7.2645885581086285]}"
1_2_49_0,0.0446,0.1654,0.0821,0.0374,0.0572,0.0324,0.0797,0.2771,0.3614,0.3464,0.3619,0.3176,-0.3198074,0.6228676,0.29042965,0.71655107,-0.48607367,-0.33656567,0.007679099,0.8051068,-0.6168028,-0.6311637,0.8289335,-0.71655107,0.6259094,0.5359581,-19.995432,-13.749521,0.52443993,3,"{""geodesic"":false,""type"":""Point"",""coordinates"":[110.42072348755146,-7.271876834910075]}"
1_2_125_0,0.0565,0.2058,0.1143,0.0507,0.0731,0.0593,0.1161,0.2492,0.2802,0.2403,0.3146,0.3004,-0.04657436,0.37216762,0.1550372,0.53350353,-0.47579777,-0.28584817,0.028206367,0.65154636,-0.35532996,-0.60467833,0.60413885,-0.53350353,0.34848484,0.33954477,-16.407396,-8.251758,0.35954487,3,"{""geodesic"":false,""type"":""Point"",""coordinates"":[110.45747634298206,-7.293088685287913]}"
1_2_113_0,0.0487,0.2298,0.1296,0.0407,0.0712,0.0512,0.1141,0.2295,0.2522,0.2492,0.2751,0.276,-0.0155894235,0.39563602,0.16634841,0.5555556,-0.5269103,-0.27879798,0.026627287,0.71921355,-0.31573388,-0.69907576,0.65912116,-0.5555556,0.37186897,0.37106448,-14.832032,-6.623679,0.3959362,3,"{""geodesic"":false,""type"":""Point"",""coordinates"":[110.46082303236932,-7.297434509850993]}"
1_2_82_0,0.0486,0.157,0.0738,0.0394,0.0548,0.0336,0.067,0.2469,0.3643,0.3681,0.3821,0.3844,-0.36264837,0.6562941,0.31263098,0.7408371,-0.4825307,-0.3604853,0.00673643,0.8066258,-0.6659878,-0.598778,0.832711,-0.7408371,0.6920248,0.55644894,-18.053627,-12.820449,0.54330575,3,"{""geodesic"":false,""type"":""Point"",""coordinates"":[110.41489662549381,-7.29448283645078]}"
2_108_0,0.0833,0.1965,0.1823,0.0734,0.0736,0.0872,0.1207,0.15,0.1253,0.1075,0.1307,0.2094,0.22126561,0.046982042,9.297971E-4,0.1871894,-0.45501667,-0.037486807,0.14787498,0.18850195,0.25810903,-0.45609486,0.10426297,-0.1871894,-0.057843987,0.04383187,-18.737297,-14.781889,0.07512117,5,"{""geodesic"":false,""type"":""Point"",""coordinates"":[110.41130566454918,-7.269422445782783]}"
2_98_0,0.0724,0.2397,0.216,0.0725,0.0768,0.0941,0.1264,0.1525,0.1681,0.1477,0.1853,0.1842,0.20505416,0.11467203,0.02779669,0.3158129,-0.51469195,-0.052007895,0.13761409,0.34150773,0.18779215,0.5355542,0.2216708,-0.3158129,0.077708855,0.108385004,-16.013962,-2.5375035,0.15662315,5,"{""geodesic"":false,""type"":""Point"",""coordinates"":[110.44899541060997,-7.2646757205917085]}"
2_124_0,0.071,0.1752,0.1285,0.075,0.0952,0.0935,0.1089,0.2046,0.23,0.2069,0.2434,0.2491,-0.023973847,0.23519163,0.09892108,0.3697451,-0.29585797,-0.15377016,0.058070324,0.4678964,-0.23375075,-0.4004796,0.37749666,-0.3697451,0.310323,0.21251874,-10.227244,-2.3424313,0.25303745,5,"{""geodesic"":false,""type"":""Point"",""coordinates"":[110.41624552531795,-7.30217316251027]}"
2_20_0,0.0477,0.1422,0.0958,0.058,0.0791,0.0748,0.1068,0.2048,0.2562,0.268,0.2648,0.1069,-0.20073667,0.37681386,0.18125534,0.5442236,-0.2851333,-0.19495797,0.026738208,0.6441718,-0.47333702,-0.4205794,0.5635939,-0.5442236,0.43009606,0.34385383,-15.842599,-9.352194,0.38135594,5,"{""geodesic"":false,""type"":""Point"",""coordinates"":[110.44826730523371,-7.267478925869733]}"
2_188_0,0.0705,0.2579,0.2212,0.0525,0.0628,0.079,0.1248,0.1536,0.1604,0.1504,0.1795,0.1988,0.2482401,0.14504528,0.039695244,0.41088182,-0.6083567,-0.07660195,0.11618884,0.4825037,0.19052747,0.66172683,0.3112467,-0.41088182,0.09302325,0.146833,-13.733941,-6.2064304,0.20892018,5,"{""geodesic"":false,""type"":""Point"",""coordinates"":[110.45901780985017,-7.291914623365424]}"
2_127_0,0.0587,0.2034,0.1664,0.059,0.0648,0.0818,0.1318,0.1784,0.191,0.1547,0.1958,0.2327,0.1433153,0.15149626,0.051349983,0.40956718,-0.5167785,-0.100054085,0.08798656,0.44782403,0.03643726,0.5503049,0.30824524,-0.40956718,0.07993018,0.1484725,-11.316329,-1.9609948,0.20113492,5,"{""geodesic"":false,""type"":""Point"",""coordinates"":[110.41823587471985,-7.304256171728006]}"
2_113_0,0.0705,0.2592,0.2166,0.0543,0.059,0.0669,0.1115,0.1703,0.1796,0.1907,0.2129,0.2194,0.14200668,0.2612145,0.08972049,0.5274329,-0.62916404,-0.089533426,0.07598606,0.5567347,0.063589506,0.65358853,0.48059005,-0.5274329,0.26207808,0.24511614,-17.258347,-12.469767,0.27463087,5,"{""geodesic"":false,""type"":""Point"",""coordinates"":[110.40701365833891,-7.295648460733098]}"
2_9_0,0.0613,0.2506,0.2204,0.0553,0.0646,0.0849,0.1032,0.1245,0.1465,0.1443,0.1732,0.2185,0.25397122,0.11985956,0.030034557,0.38152227,-0.59010154,-0.06411891,0.12967402,0.44589177,0.20866467,0.63844395,0.2591623,-0.38152227,0.1660606,0.1221887,-6.647385,-13.42622,0.19082332,5,"{""geodesic"":false,""type"":""Point"",""coordinates"":[110.45260624308928,-7.275082366204442]}"
2_63_0,0.0806,0.2571,0.2332,0.0742,0.0926,0.1308,0.156,0.1814,0.1886,0.1947,0.2013,0.1975,0.18118146,0.112262845,0.041517057,0.35537764,-0.47040316,-0.048745643,0.1566644,0.448122,0.089974284,0.55206764,0.1963134,-0.35537764,0.110350735,0.116111465,-15.999922,-4.9979196,0.2350761,5,"{""geodesic"":false,""type"":""Point"",""coordinates"":[110.41063778083492,-7.295291386963789]}"
2_54_0,0.0746,0.2149,0.1618,0.0718,0.0934,0.1146,0.1352,0.2156,0.2387,0.2249,0.2598,0.2341,0.052379426,0.20069142,0.09252479,0.41313228,-0.39409664,-0.14096099,0.08244678,0.51600945,-0.16317561,0.499128,0.32488954,-0.41313228,0.24909748,0.1970816,-13.300766,-7.1441665,0.28825155,5,"{""geodesic"":false,""type"":""Point"",""coordinates"":[110.4100077877671,-7.292124681085077]}"
2_169_0,0.0548,0.1671,0.1257,0.065,0.077,0.0716,0.1057,0.1557,0.1731,0.1434,0.1859,0.2601,0.06777007,0.16536158,0.05487544,0.30127043,-0.369111,-0.14139345,0.06276234,0.37619963,-0.06577481,-0.4398966,0.3339535,-0.30127043,0.15134484,0.15062937,-12.572403,-7.0736194,0.1660079,5,"{""geodesic"":false,""type"":""Point"",""coordinates"":[110.46100259322799,-7.298791542786726]}"
2_178_0,0.0584,0.2297,0.1779,0.0523,0.0634,0.0698,0.0985,0.1783,0.2003,0.1798,0.2311,0.2387,0.12678705,0.2279604,0.081662446,0.4786184,-0.56738317,-0.12708537,0.0690624,0.5493322,-0.00531172,0.62907803,0.44070515,-0.4786184,0.2921308,0.2201174,-16.473402,-3.970421,0.26123482,5,"{""geodesic"":false,""type"":""Point"",""coordinates"":[110.45928502483113,-7.295714034964738]}"
2_90_0,0.0629,0.2227,0.1804,0.0532,0.0705,0.087,0.1017,0.17,0.2008,0.1758,0.2255,0.2109,0.1498051,0.170927,0.06475117,0.4275274,-0.5190996,-0.10493674,0.08927645,0.5353712,0.0129141025,0.61435306,0.33789954,-0.4275274,0.26702702,0.17461982,-15.347922,-0.70237064,0.25226337,5,"{""geodesic"":false,""type"":""Point"",""coordinates"":[110.44609556301516,-7.265576734769238]}"
2_84_0,0.0647,0.2387,0.2222,0.1146,0.118,0.1348,0.1264,0.1606,0.1764,0.1919,0.1857,0.2182,0.09852941,0.12508762,0.038686786,0.23846401,-0.3383796,-0.035799515,0.15608422,0.25220227,0.073170744,0.35125956,0.17477807,-0.23846401,0.20578071,0.10360469,-12.590119,-1.2652956,0.14376937,5,"{""geodesic"":false,""type"":""Point"",""coordinates"":[110.42356765126962,-7.314574765631373]}"
2_182_0,0.0664,0.2525,0.2025,0.0626,0.065,0.0808,0.1165,0.1686,0.1814,0.151,0.1932,0.2592,0.21887,0.15047586,0.039771233,0.39814815,-0.5905512,-0.1098901,0.108357616,0.41385764,0.14568602,0.6026658,0.30284727,-0.39814815,0.12897193,0.14389177,-14.250902,-6.107771,0.18581837,5,"{""geodesic"":false,""type"":""Point"",""coordinates"":[110.45892341718623,-7.295080420193916]}"
2_133_0,0.0711,0.2119,0.1885,0.069,0.0789,0.0966,0.1207,0.1497,0.1654,0.1525,0.1753,0.2025,0.16415094,0.11505845,0.035466474,0.31806394,-0.457359,-0.058441542,0.119403936,0.37697518,0.10557184,0.50872195,0.22440787,-0.31806394,0.11639825,0.11193432,-11.303808,-6.5917425,0.17359668,5,"{""geodesic"":false,""type"":""Point"",""coordinates"":[110.42131127051056,-7.307968737344666]}"
2_94_0,0.0592,0.2235,0.1814,0.0626,0.0688,0.078,0.1039,0.1687,0.1908,0.1591,0.2125,0.2096,0.15252294,0.17514685,0.05531441,0.39622638,-0.52925074,-0.10397629,0.08893275,0.43527287,0.06549194,0.56239074,0.34204975,-0.39622638,0.20988593,0.16503866,-13.264872,-5.0089135,0.2005681,5,"{""geodesic"":false,""type"":""Point"",""coordinates"":[110.44700197381137,-7.265125567988529]}"
2_26_0,0.0837,0.0593,0.067,0.0888,0.0994,0.0809,0.0918,0.0727,0.0599,0.085,0.0547,0.1301,-0.10700636,0.011333487,0.007927965,-0.07809109,0.25267798,0.06096595,0.06376824,-0.021864196,-0.11842105,0.19918971,0.024713697,0.07809109,-0.038461532,0.009235626,-24.642925,-15.753815,-0.008459478,5,"{""geodesic"":false,""type"":""Point"",""coordinates"":[110.44536754908968,-7.268289479486686]}"
2_82_0,0.0595,0.1812,0.1278,0.0565,0.0705,0.0717,0.084,0.1798,0.2266,0.1866,0.2485,0.2419,0.01975806,0.24076946,0.09549435,0.45157525,-0.4398093,-0.17281552,0.04910643,0.53517073,-0.1870229,0.5246109,0.44483158,-0.45157525,0.37915742,0.22728471,-19.222635,-7.8874526,0.26261607,5,"{""geodesic"":false,""type"":""Point"",""coordinates"":[110.42157700058026,-7.312672682907804]}"
2_128_0,0.0636,0.1759,0.1206,0.071,0.0854,0.0822,0.108,0.1829,0.201,0.1481,0.2052,0.2661,0.081726715,0.14858407,0.049294442,0.2685225,-0.3463452,-0.18650927,0.066936664,0.3518941,-0.10234463,-0.42486835,0.28614852,-0.2685225,0.15657948,0.13535534,-13.921963,-7.727654,0.16082603,5,"{""geodesic"":false,""type"":""Point"",""coordinates"":[110.4197756079287,-7.304529515591737]}"
2_177_0,0.0663,0.2481,0.2023,0.0676,0.0826,0.1038,0.1362,0.1801,0.1905,0.17,0.2092,0.21,0.19389313,0.12871365,0.04062708,0.3460016,-0.5004536,-0.101687394,0.123522,0.43097645,0.08675798,0.57174534,0.24178234,-0.3460016,0.11038537,0.12832774,-15.968339,-6.8622413,0.20824297,5,"{""geodesic"":false,""type"":""Point"",""coordinates"":[110.4597375510847,-7.296076394528116]}"
2_179_0,0.0584,0.25,0.2105,0.048,0.0599,0.07,0.0951,0.1337,0.1591,0.1892,0.1826,0.2387,0.14860015,0.23855267,0.0873003,0.51906866,-0.6134237,-0.08577633,0.077880554,0.59527826,0.053289976,0.67785233,0.45987654,-0.51906866,0.33098838,0.23551106,-18.533941,-4.7270465,0.2873033,5,"{""geodesic"":false,""type"":""Point"",""coordinates"":[110.45937572542016,-7.295623688929662]}"
2_78_0,0.0795,0.3053,0.3346,0.1344,0.142,0.1402,0.1571,0.2012,0.2174,0.2091,0.2432,0.21,0.12927759,0.16525948,0.03964088,0.1911136,-0.36507934,0.04578841,0.22434683,0.21746725,0.23082584,-0.3886741,0.19725162,-0.1911136,0.14199889,0.12168843,-11.807424,-7.959103,0.13283935,5,"{""geodesic"":false,""type"":""Point"",""coordinates"":[110.42438636880662,-7.31195264685587]}"
2_190_0,0.062,0.2709,0.2297,0.052,0.065,0.0878,0.117,0.173,0.2022,0.2099,0.2276,0.2237,0.1559781,0.22666518,0.08965092,0.5271008,-0.61298007,-0.08230126,0.09608223,0.6029019,0.045040928,0.67791885,0.41014445,-0.5271008,0.28418478,0.2295976,-10.840455,-1.5156533,0.31086758,5,"{""geodesic"":false,""type"":""Point"",""coordinates"":[110.45811385453996,-7.2902853586161145]}"
2_21_0,0.0639,0.2356,0.2067,0.1302,0.158,0.1704,0.1782,0.2127,0.2546,0.2353,0.2671,0.2294,0.052495122,0.12663911,0.053345233,0.19654207,-0.19715443,-0.065340266,0.1496884,0.2875513,-0.0647059,0.2881356,0.15997045,-0.19654207,0.1380895,0.10748594,-16.827211,-8.062515,0.18214905,5,"{""geodesic"":false,""type"":""Point"",""coordinates"":[110.44781503687305,-7.2669356484585315]}"
2_19_0,0.0471,0.0665,0.0511,0.065,0.0802,0.0903,0.0884,0.0834,0.0817,0.0987,0.0855,0.0673,-0.021528853,0.018213358,0.012617849,0.10340972,0.09338787,-0.13095237,0.046751063,0.20586441,-0.317757,0.011406868,0.044444446,-0.10340972,0.055050783,0.018287374,-12.299377,-2.8333862,0.07616394,5,"{""geodesic"":false,""type"":""Point"",""coordinates"":[110.44835722941035,-7.268021762319441]}"
2_46_0,0.0745,0.27,0.2404,0.096,0.1346,0.1316,0.1442,0.1604,0.1907,0.1861,0.2098,0.2112,0.17478427,0.10850521,0.029972678,0.16058624,-0.33465153,-0.057993747,0.16999806,0.3193903,0.12731534,-0.47540984,0.17154548,-0.16058624,0.12685439,0.099975534,-17.58903,-6.45027,0.172804,5,"{""geodesic"":false,""type"":""Point"",""coordinates"":[110.41419820399567,-7.274220252457975]}"
2_193_0,0.0656,0.2444,0.2047,0.0761,0.088,0.0982,0.1359,0.168,0.1747,0.1717,0.1924,0.2287,0.1605691,0.1543923,0.04759036,0.32229495,-0.47051746,-0.08839902,0.11707361,0.385795,0.08767267,0.525117,0.27232307,-0.32229495,0.116384916,0.14320041,-12.106371,-6.388995,0.1917625,5,"{""geodesic"":false,""type"":""Point"",""coordinates"":[110.45802369857972,-7.289923432303021]}"
2_139_0,0.076,0.2505,0.2129,0.0738,0.0856,0.0949,0.1259,0.1837,0.1952,0.162,0.2227,0.2155,0.18857536,0.14241448,0.039524492,0.3085622,-0.49062777,-0.08113939,0.12471734,0.37404582,0.13576953,0.54486585,0.26119113,-0.3085622,0.12539077,0.13297662,-17.741901,-10.173883,0.1798043,5,"{""geodesic"":false,""type"":""Point"",""coordinates"":[110.43479681063056,-7.318297605873882]}"
2_75_0,0.0621,0.2162,0.1768,0.0718,0.0852,0.0913,0.1132,0.1713,0.1799,0.1745,0.2041,0.2012,0.110509194,0.17570536,0.06106516,0.34385833,-0.43463835,-0.100254446,0.092503384,0.41697118,0.0065470943,0.50138885,0.3130173,-0.34385833,0.21306919,0.16296683,-11.546047,-5.170673,0.20641834,5,"{""geodesic"":false,""type"":""Point"",""coordinates"":[110.42701465528799,-7.311141908496497]}"
2_197_0,0.0635,0.2714,0.2399,0.0854,0.11,0.1784,0.162,0.2041,0.2359,0.2515,0.259,0.2101,0.14351085,0.10868921,0.056618504,0.39142463,-0.42317778,-0.06160769,0.17017159,0.49302465,-0.02360606,0.52130044,0.17003958,-0.39142463,0.216445,0.11791593,-9.005075,-1.8743646,0.29770583,5,"{""geodesic"":false,""type"":""Point"",""coordinates"":[110.45567663291715,-7.283046067722547]}"
2_10_0,0.0565,0.2431,0.2015,0.0726,0.0831,0.1024,0.1288,0.1779,0.1936,0.191,0.2118,0.2362,0.13446069,0.17566818,0.06366508,0.39365196,-0.49049664,-0.09356726,0.10802931,0.4491654,0.026751589,0.5400697,0.30197683,-0.39365196,0.19449656,0.16750693,-16.751228,-9.393993,0.23258251,5,"{""geodesic"":false,""type"":""Point"",""coordinates"":[110.45116299022756,-7.2700151663855594]}"
2_145_0,0.0728,0.2169,0.1892,0.0677,0.0761,0.0928,0.1314,0.1659,0.1769,0.1397,0.1902,0.1559,0.19783409,0.09863301,0.024906928,0.2947173,-0.4805461,-0.06820982,0.12568189,0.34715524,0.15050168,0.52424455,0.20172042,-0.2947173,0.030615993,0.09604095,-11.5478735,-2.9292698,0.15267175,5,"{""geodesic"":false,""type"":""Point"",""coordinates"":[110.42736654232549,-7.319373670193098]}"
2_125_0,0.0618,0.1893,0.146,0.0616,0.0738,0.0834,0.1069,0.175,0.1997,0.1923,0.2176,0.2276,0.035700716,0.22121558,0.09013235,0.44532132,-0.43899658,-0.1291381,0.06331981,0.5147696,-0.1368608,0.5089677,0.39499456,-0.44532132,0.2854278,0.21058398,-8.709133,2.2275996,0.26004776,5,"{""geodesic"":false,""type"":""Point"",""coordinates"":[110.41733228606087,-7.302445928129485]}"
2_200_0,0.0646,0.2703,0.2412,0.0714,0.083,0.1023,0.1337,0.1578,0.1709,0.1602,0.2003,0.2296,0.23336643,0.116875246,0.02812695,0.31743422,-0.5301444,-0.056891497,0.15402472,0.3834197,0.20179372,0.58208954,0.22057141,-0.31743422,0.090166725,0.11390163,-12.721897,-8.394731,0.1820667,5,"{""geodesic"":false,""type"":""Point"",""coordinates"":[110.45513495277036,-7.281507688546584]}"
2_2_0,0.064,0.2921,0.2696,0.0567,0.071,0.0758,0.1669,0.1935,0.1883,0.1888,0.2173,0.2408,0.19954354,0.23187098,0.0746672,0.4534257,-0.60892314,-0.040056985,0.10823983,0.5380856,0.17626525,0.67488533,0.4270597,-0.4534257,0.061568756,0.22168455,-15.357386,-7.729348,0.26579478,5,"{""geodesic"":false,""type"":""Point"",""coordinates"":[110.45513418840301,-7.282140869521503]}"
2_111_0,0.0519,0.0573,0.0639,0.0547,0.0697,0.054,0.0853,0.0658,0.0591,0.0477,0.0563,0.0345,0.041647196,-0.016381513,-0.00688483,-0.18739356,0.0976378,0.054455444,0.072339624,-0.06835937,0.14516132,-0.023214312,-0.061946925,0.18739356,-0.28270677,-0.015705507,-19.653608,-4.3368998,-0.017430278,5,"{""geodesic"":false,""type"":""Point"",""coordinates"":[110.42460984380843,-7.278846752107308]}"
2_76_0,0.0526,0.1891,0.1275,0.061,0.0738,0.0718,0.0922,0.1864,0.2253,0.1866,0.2597,0.2864,0.026155354,0.24743512,0.09401203,0.43317974,-0.4385698,-0.19456728,0.049059484,0.5072698,-0.18815665,-0.5121951,0.44427243,-0.43317974,0.33859396,0.22705697,-12.478445,-6.6245046,0.2520064,5,"{""geodesic"":false,""type"":""Point"",""coordinates"":[110.4266523921043,-7.311050994009389]}"
2_165_0,0.0767,0.2318,0.2162,0.093,0.096,0.11,0.1248,0.1531,0.1721,0.167,0.1981,0.1821,0.13592556,0.12616201,0.035414536,0.26996195,-0.41427702,-0.034821454,0.14240718,0.28461537,0.12839249,0.4273399,0.20577617,-0.26996195,0.14461958,0.1100386,-13.453404,-2.367137,0.14605261,5,"{""geodesic"":false,""type"":""Point"",""coordinates"":[110.46172614521429,-7.2997874060711405]}"
2_32_0,0.0472,0.1039,0.0675,0.092,0.0854,0.0762,0.0808,0.154,0.1613,0.1488,0.1675,0.1763,-0.14421478,0.19814411,0.06769099,0.2707088,-0.097728476,-0.21236871,0.034566533,0.2358804,-0.37586683,-0.06074528,0.32266667,-0.2707088,0.29616725,0.1502069,-16.032001,3.3067567,0.1150108,5,"{""geodesic"":false,""type"":""Point"",""coordinates"":[110.44065851683398,-7.267107788977972]}"
2_123_0,0.0607,0.1957,0.162,0.0478,0.0555,0.0704,0.1137,0.1429,0.1466,0.1167,0.1649,0.2568,0.23594984,0.098043375,0.024094269,0.35540068,-0.558121,-0.09421304,0.09772751,0.41884497,0.16254036,0.6073922,0.24746126,-0.35540068,0.013020838,0.10107699,-17.373266,-9.538099,0.15553047,5,"{""geodesic"":false,""type"":""Point"",""coordinates"":[110.40827991523975,-7.2971878350385015]}"
2_153_0,0.0705,0.2236,0.1857,0.0546,0.075,0.0684,0.1083,0.1648,0.1959,0.2068,0.2086,0.2071,0.05529455,0.28649497,0.11089537,0.46770757,-0.49765572,-0.09259712,0.061421085,0.5822494,-0.05375796,-0.60747665,0.502907,-0.46770757,0.31259918,0.26780185,-14.821593,-4.747901,0.2998424,5,"{""geodesic"":false,""type"":""Point"",""coordinates"":[110.44811291217245,-7.319580476298439]}"
2_18_0,0.0471,0.0621,0.0474,0.06,0.0804,0.0749,0.087,0.1293,0.1468,0.1998,0.1352,0.0673,-0.3094758,0.2603819,0.12716842,0.42612422,0.12842104,-0.13424657,0.01776907,0.53810626,-0.61650485,-0.017199034,0.45467782,-0.42612422,0.39330545,0.24183555,-19.717028,-14.238317,0.27599367,5,"{""geodesic"":false,""type"":""Point"",""coordinates"":[110.44862865748136,-7.268293455922674]}"
2_16_0,0.0456,0.0611,0.0425,0.0558,0.0686,0.07,0.0704,0.0756,0.0848,0.0903,0.0823,0.1328,-0.054112557,0.046482872,0.021877265,0.1365639,0.057825755,-0.17953667,0.032945737,0.23613966,-0.35993975,0.0453379,0.12663756,-0.1365639,0.12383324,0.046115406,-15.104296,-11.494807,0.08009597,5,"{""geodesic"":false,""type"":""Point"",""coordinates"":[110.44917107382508,-7.2691986602472225]}"
2_155_0,0.0559,0.2535,0.2065,0.0583,0.073,0.0836,0.117,0.1623,0.1833,0.1933,0.2105,0.2578,0.1452353,0.21806543,0.079590224,0.45174614,-0.5528331,-0.102173954,0.08930884,0.53656596,0.03301651,0.62604237,0.3961719,-0.45174614,0.24589106,0.21180332,-17.096176,-2.9295218,0.2694252,5,"{""geodesic"":false,""type"":""Point"",""coordinates"":[110.44974852870857,-7.315602486667986]}"
2_202_0,0.0735,0.2753,0.2311,0.1914,0.1898,0.2188,0.1616,0.2592,0.291,0.3556,0.3007,0.2717,-0.050811656,0.2773948,0.12678705,0.30399707,-0.18383144,-0.08728279,0.14219537,0.3001828,-0.21220386,0.17977285,0.23816158,-0.30399707,0.37509668,0.19099033,-15.628173,-8.125899,0.23524354,5,"{""geodesic"":false,""type"":""Point"",""coordinates"":[110.45169904778064,-7.276166723690594]}"
2_152_0,0.0844,0.25,0.2141,0.0694,0.0822,0.1004,0.1665,0.2133,0.2323,0.2067,0.2355,0.2234,0.118595384,0.20623156,0.079787806,0.43094498,-0.5051174,-0.077354014,0.10399439,0.4972836,0.017585566,0.56543523,0.3461413,-0.43094498,0.10771704,0.19755916,-15.22224,1.6951206,0.2653653,5,"{""geodesic"":false,""type"":""Point"",""coordinates"":[110.44213297291215,-7.320025380505271]}"
2_141_0,0.0725,0.2282,0.1813,0.0811,0.0978,0.1078,0.1171,0.1719,0.1891,0.1617,0.2103,0.224,0.16102281,0.11226827,0.032562643,0.24624275,-0.4,-0.11452992,0.12086667,0.33196044,0.05714287,0.47559005,0.19999999,-0.24624275,0.1599713,0.10506822,-14.908025,-8.111412,0.16276251,5,"{""geodesic"":false,""type"":""Point"",""coordinates"":[110.43479601368328,-7.318930783628082]}"
2_180_0,0.0678,0.2435,0.2094,0.0596,0.0691,0.0927,0.1199,0.1434,0.1562,0.1376,0.1807,0.1992,0.2605924,0.09003049,0.018175153,0.3313982,-0.55790144,-0.07529255,0.14107107,0.39553756,0.2069164,0.60673046,0.19496313,-0.3313982,0.06873788,0.09222239,-15.673952,-10.049147,0.16781412,5,"{""geodesic"":false,""type"":""Point"",""coordinates"":[110.45973841893719,-7.2953527590174385]}"
2_96_0,0.0695,0.237,0.2033,0.0472,0.0681,0.0722,0.1205,0.1659,0.1906,0.1964,0.2157,0.205,0.11866859,0.24341486,0.09499406,0.48506618,-0.553589,-0.076538734,0.07473656,0.61247945,0.017262941,0.6678395,0.4623976,-0.48506618,0.23950773,0.24238876,-17.404028,-1.7270393,0.30096826,5,"{""geodesic"":false,""type"":""Point"",""coordinates"":[110.44781768687056,-7.2647647434041085]}"
2_105_0,0.0784,0.2853,0.2684,0.1876,0.186,0.195,0.1855,0.2099,0.2263,0.2231,0.2339,0.2558,0.07811445,0.071240276,0.012097001,0.09068688,-0.21069379,-0.030521894,0.23459435,0.0864378,0.09216685,0.20659757,0.067208834,-0.09068688,0.092021555,0.045910053,-15.453066,-6.6507235,0.058471512,5,"{""geodesic"":false,""type"":""Point"",""coordinates"":[110.40949240883096,-7.270595988884606]}"
2_58_0,0.0742,0.235,0.1949,0.1112,0.1302,0.1464,0.1582,0.2065,0.2198,0.236,0.2407,0.239,0.046939343,0.17494531,0.073898256,0.28891316,-0.28696606,-0.09327749,0.12090407,0.35944703,-0.095381744,0.35759678,0.23430961,-0.28891316,0.19736175,0.15231188,-17.978321,2.1172671,0.22096318,5,"{""geodesic"":false,""type"":""Point"",""coordinates"":[110.40973992459324,-7.289139355032852]}"
2_73_0,0.0731,0.2175,0.166,0.0594,0.0694,0.0669,0.1069,0.1767,0.1954,0.2014,0.2334,0.1841,0.043286875,0.29054695,0.10781059,0.4874446,-0.51620775,-0.13428946,0.055141013,0.54447854,-0.09635276,-0.5709643,0.5013045,-0.4874446,0.30651963,0.26259273,-11.792376,-5.761025,0.27996844,5,"{""geodesic"":false,""type"":""Point"",""coordinates"":[110.42203718425753,-7.307065128407742]}"
2_149_0,0.0664,0.2274,0.19,0.0814,0.0916,0.0886,0.0989,0.1361,0.157,0.167,0.1738,0.2097,0.11977323,0.18013048,0.053801782,0.29156998,-0.42570534,-0.089602314,0.1008024,0.34460548,0.064425774,-0.47279793,0.30672923,-0.29156998,0.2561113,0.15563789,-15.675692,-6.645521,0.171566,5,"{""geodesic"":false,""type"":""Point"",""coordinates"":[110.42401517614927,-7.318826673423543]}"
2_45_0,0.0686,0.266,0.2414,0.0982,0.1316,0.14,0.1397,0.1714,0.1751,0.189,0.1961,0.2335,0.17137912,0.094777554,0.026670208,0.17903927,-0.33802816,-0.04848246,0.17881483,0.31615597,0.12174723,0.46073586,0.14893615,-0.17903927,0.14998478,0.08866103,-12.333677,-6.8544707,0.17301828,5,"{""geodesic"":false,""type"":""Point"",""coordinates"":[110.41519536366312,-7.273678816507985]}"
2_71_0,0.0801,0.2257,0.1844,0.0684,0.0795,0.0824,0.1181,0.1836,0.1975,0.183,0.2079,0.1841,0.101340495,0.21599106,0.0752043,0.39428574,-0.47903016,-0.100707136,0.08303039,0.45584723,0.0038105845,0.5348521,0.37905046,-0.39428574,0.215543,0.19715181,-12.574451,-5.2148504,0.22877295,5,"{""geodesic"":false,""type"":""Point"",""coordinates"":[110.42167411144013,-7.307607386856362]}"
2_140_0,0.0809,0.2444,0.2131,0.0642,0.0772,0.0799,0.1034,0.142,0.1637,0.2021,0.1805,0.1833,0.098205216,0.25458333,0.093047224,0.44718936,-0.5199005,-0.068415284,0.08424883,0.51783705,0.026493274,0.5839274,0.43333334,-0.44718936,0.3230769,0.23439898,-13.655332,-4.3485813,0.26993343,5,"{""geodesic"":false,""type"":""Point"",""coordinates"":[110.43515896792495,-7.318478968334335]}"
2_192_0,0.0592,0.2307,0.186,0.065,0.0796,0.0869,0.1239,0.1774,0.161,0.1518,0.2031,0.2303,0.18862276,0.136839,0.03941569,0.31201386,-0.48694813,-0.10727141,0.10647827,0.40036905,0.10124333,0.56036526,0.27188942,-0.31201386,0.101196975,0.13178557,-14.095064,0.59844196,0.18164064,5,"{""geodesic"":false,""type"":""Point"",""coordinates"":[110.45757063550816,-7.290013343631856]}"
2_53_0,0.0668,0.2863,0.2563,0.1454,0.1482,0.1514,0.1815,0.2235,0.2393,0.2257,0.2571,0.2607,0.082344204,0.17798966,0.050392956,0.20727466,-0.31783658,-0.05528935,0.17192654,0.21638373,0.063485466,0.32638407,0.19702998,-0.20727466,0.10854618,0.12706648,-20.649466,-2.8109496,0.13827345,5,"{""geodesic"":false,""type"":""Point"",""coordinates"":[110.41154794525062,-7.2920362346555425]}"
2_36_0,0.0675,0.1875,0.144,0.0553,0.0647,0.11,0.153,0.2207,0.2289,0.1502,0.2257,0.2279,0.18290259,0.07201977,0.026465405,0.39785945,-0.48691514,-0.13122174,0.105459385,0.46180046,-0.021074103,0.54448104,0.15449652,-0.39785945,-0.009234847,0.07932122,-12.659713,-5.0378413,0.20177178,5,"{""geodesic"":false,""type"":""Point"",""coordinates"":[110.4223557813872,-7.270522106324058]}"
2_137_0,0.0731,0.2461,0.2216,0.0618,0.0713,0.0818,0.1201,0.1481,0.153,0.1472,0.1774,0.2195,0.2214565,0.13920818,0.036282673,0.34736842,-0.5507246,-0.052384004,0.12314456,0.40861246,0.20173533,0.59857094,0.28558955,-0.34736842,0.10138422,0.13456792,-17.57294,-6.7956924,0.18067701,5,"{""geodesic"":false,""type"":""Point"",""coordinates"":[110.4339813308147,-7.31838703609698]}"
2_25_0,0.0828,0.1951,0.2114,0.1494,0.1738,0.176,0.1522,0.1436,0.1491,0.1736,0.1424,0.1392,0.069298364,-0.0054097823,-0.0057849074,-5.75715E-4,-0.05773919,0.04009842,0.21432258,0.07492262,0.098181814,-0.13265602,-0.006864977,5.75715E-4,0.065684475,-0.004237281,-20.41878,-9.554537,0.044106938,5,"{""geodesic"":false,""type"":""Point"",""coordinates"":[110.44482414225459,-7.268198360146034]}"
2_91_0,0.1024,0.3652,0.3811,0.2284,0.2378,0.2466,0.2602,0.2491,0.2506,0.2844,0.2643,0.2358,0.08803132,0.08991434,0.016781628,0.08923781,-0.21127696,0.021305086,0.3304475,0.10920433,0.1453043,0.23045823,0.071186416,-0.08923781,0.04443626,0.054995127,-20.20139,-2.8341846,0.08293836,5,"{""geodesic"":false,""type"":""Point"",""coordinates"":[110.44510022893338,-7.264670973737517]}"
2_52_0,0.0756,0.262,0.2354,0.1368,0.182,0.1692,0.1732,0.1985,0.1948,0.2343,0.2184,0.2402,0.07490962,0.13302003,0.048653938,0.12563057,-0.18018018,-0.053478062,0.16999437,0.26273242,0.0023419282,-0.3139418,0.16133828,-0.12563057,0.14993866,0.10807969,-14.111665,-9.194695,0.16789116,5,"{""geodesic"":false,""type"":""Point"",""coordinates"":[110.40964613647832,-7.291581486010745]}"
2_126_0,0.0819,0.2253,0.1777,0.0929,0.097,0.1134,0.12,0.1846,0.2129,0.184,0.2368,0.2279,0.10038985,0.15115832,0.050769027,0.30960852,-0.39807633,-0.11811415,0.10951728,0.32899964,-0.017417757,0.41609052,0.23739073,-0.30960852,0.21052632,0.13280663,-16.59244,-3.8706582,0.17589137,5,"{""geodesic"":false,""type"":""Point"",""coordinates"":[110.41615352450027,-7.303258490139438]}"
2_95_0,0.0707,0.2542,0.2253,0.084,0.0908,0.1086,0.1179,0.1373,0.1413,0.1538,0.1696,0.198,0.20812523,0.09613748,0.019396687,0.25756335,-0.4736232,-0.06027114,0.159087,0.29352397,0.18860461,0.5032525,0.1722561,-0.25756335,0.13213101,0.08892969,-16.356321,-4.70754,0.14190838,5,"{""geodesic"":false,""type"":""Point"",""coordinates"":[110.44745479190182,-7.265216574176632]}"
2_187_0,0.074,0.3175,0.3088,0.1106,0.146,0.1548,0.1827,0.1992,0.2013,0.2273,0.2215,0.2151,0.16588496,0.13662748,0.043666225,0.21778731,-0.3700108,-0.013891079,0.21030462,0.34536844,0.15202388,0.48329827,0.18974093,-0.21778731,0.108780496,0.12328535,-19.473684,-8.478462,0.20891514,5,"{""geodesic"":false,""type"":""Point"",""coordinates"":[110.45928882402202,-7.292548129620855]}"
2_8_0,0.0592,0.2498,0.2117,0.0861,0.107,0.1194,0.115,0.1439,0.1521,0.1943,0.1857,0.2083,0.13669951,0.14802955,0.05179044,0.28974444,-0.4002242,-0.08255686,0.13009255,0.3858773,0.04285717,0.48734742,0.23876314,-0.28974444,0.2563854,0.13807298,-18.886818,-5.7224374,0.20797028,5,"{""geodesic"":false,""type"":""Point"",""coordinates"":[110.45233404109655,-7.275443855443807]}"
2_7_0,0.0698,0.2643,0.2257,0.0948,0.1138,0.1016,0.132,0.2046,0.236,0.2218,0.2549,0.2543,0.072234415,0.2682078,0.091366224,0.3218117,-0.39804283,-0.07877547,0.10338648,0.40113705,0.008715098,-0.47201332,0.37167594,-0.3218117,0.2538157,0.21897012,-12.450401,-9.124377,0.23328434,5,"{""geodesic"":false,""type"":""Point"",""coordinates"":[110.45269573499867,-7.2759870197646]}"
2_3_0,0.0588,0.2616,0.2316,0.0854,0.0952,0.1052,0.1299,0.1466,0.1762,0.176,0.1888,0.2165,0.16778095,0.15170994,0.04308271,0.2979351,-0.4663677,-0.060827225,0.13843364,0.34659526,0.13640825,0.50778097,0.2517781,-0.2979351,0.15070283,0.1359447,-17.392471,-5.723169,0.178487,5,"{""geodesic"":false,""type"":""Point"",""coordinates"":[110.455316240163,-7.281417452137384]}"
2_6_0,0.0747,0.292,0.2683,0.1022,0.1198,0.1306,0.1453,0.1536,0.1658,0.2005,0.1898,0.1957,0.1653109,0.14352001,0.0412966,0.25195128,-0.41816413,-0.042298768,0.174763,0.32474396,0.14462458,0.48148146,0.21111444,-0.25195128,0.15962984,0.12615809,-10.635771,-6.656444,0.18369253,5,"{""geodesic"":false,""type"":""Point"",""coordinates"":[110.4519708117706,-7.2761670525159055]}"
2_50_0,0.0652,0.2129,0.1689,0.1216,0.1506,0.1482,0.1315,0.2483,0.2505,0.2316,0.275,0.2315,0.011059778,0.1724851,0.07193383,0.21193093,-0.17138927,-0.115243584,0.1080785,0.31143826,-0.15655431,-0.2729447,0.21958925,-0.21193093,0.27568164,0.1421914,-14.702266,-6.7443037,0.1933896,5,"{""geodesic"":false,""type"":""Point"",""coordinates"":[110.41518997701326,-7.2778396923865]}"
2_35_0,0.0625,0.1861,0.1463,0.067,0.0818,0.1416,0.1495,0.214,0.214,0.277,0.2213,0.2346,-0.024266796,0.20842315,0.12751369,0.5440357,-0.3893244,-0.11973526,0.07478729,0.6104651,-0.3087645,0.470565,0.32345918,-0.5440357,0.29894492,0.22109734,-13.165637,-11.598035,0.37322277,5,"{""geodesic"":false,""type"":""Point"",""coordinates"":[110.42217403046881,-7.270974145240359]}"
2_120_0,0.0677,0.2804,0.2382,0.0606,0.0794,0.1026,0.1366,0.1765,0.2064,0.2076,0.2098,0.2329,0.17628995,0.19178782,0.07349019,0.44668987,-0.5586437,-0.081372954,0.11772312,0.54809844,0.06864064,0.64457476,0.3384913,-0.44668987,0.20627542,0.19439644,-16.807558,-4.1244907,0.28703463,5,"{""geodesic"":false,""type"":""Point"",""coordinates"":[110.40538301701164,-7.295646317842695]}"
2_147_0,0.0718,0.2174,0.1834,0.0661,0.0752,0.0802,0.108,0.1443,0.1742,0.157,0.1903,0.213,0.14307661,0.16805989,0.052485347,0.35228252,-0.4859877,-0.08483032,0.09368586,0.4074406,0.07755581,0.53368604,0.3237774,-0.35228252,0.18490568,0.15626696,-15.3940735,-3.6604602,0.18856314,5,"{""geodesic"":false,""type"":""Point"",""coordinates"":[110.42546483035855,-7.318738070751973]}"
2_13_0,0.052,0.229,0.155,0.0753,0.0846,0.0913,0.116,0.2391,0.2868,0.2525,0.3117,0.3078,-0.011572277,0.3261705,0.13679673,0.4980718,-0.46045917,-0.19270833,0.056045547,0.54057354,-0.2392638,0.50509363,0.46887723,-0.4980718,0.37042063,0.28656077,-14.664665,0.67267936,0.32109204,5,"{""geodesic"":false,""type"":""Point"",""coordinates"":[110.45188735529445,-7.270287406277587]}"
2_143_0,0.0731,0.2462,0.2032,0.0616,0.0728,0.0838,0.113,0.1488,0.1617,0.1683,0.1784,0.2023,0.17878191,0.17471673,0.055719387,0.3961012,-0.5435736,-0.09568313,0.101177424,0.46411484,0.09394346,0.5997401,0.33518445,-0.3961012,0.19658728,0.16852812,-13.8269,-7.309409,0.21927662,5,"{""geodesic"":false,""type"":""Point"",""coordinates"":[110.43361723456562,-7.319743389795339]}"
2_184_0,0.0726,0.2405,0.1962,0.0464,0.0522,0.0639,0.0874,0.1234,0.1834,0.1305,0.1882,0.2294,0.26490754,0.14280814,0.03530286,0.42857143,-0.6433208,-0.10144265,0.09607034,0.47540987,0.20110191,0.67654234,0.3425926,-0.42857143,0.19779716,0.14386521,-13.367098,0.014071055,0.18636432,5,"{""geodesic"":false,""type"":""Point"",""coordinates"":[110.45946816232974,-7.294086071859085]}"
2_0_0,0.0544,0.133,0.1137,0.131,0.1178,0.1074,0.1029,0.1192,0.1316,0.1729,0.1312,0.0795,-0.116663605,0.19615477,0.06096316,0.18954252,-0.060606077,-0.07823267,0.07062683,0.13787434,-0.20655967,-0.007575773,0.23367822,-0.18954252,0.25380713,0.12591313,-15.794093,-8.526108,0.07818138,5,"{""geodesic"":false,""type"":""Point"",""coordinates"":[110.44600209661239,-7.267928437157075]}"
2_115_0,0.0622,0.2506,0.1975,0.0616,0.0768,0.0881,0.1128,0.1647,0.1998,0.1654,0.2154,0.2314,0.1974545,0.15685876,0.04850166,0.36581334,-0.5308491,-0.118500344,0.10519801,0.45726871,0.088454135,0.6053812,0.30493096,-0.36581334,0.18907261,0.15388188,-19.012724,-8.07079,0.2141678,5,"{""geodesic"":false,""type"":""Point"",""coordinates"":[110.40719388844654,-7.2963723273652965]}"
2_34_0,0.0625,0.1993,0.163,0.0636,0.0784,0.1362,0.1578,0.2291,0.2248,0.2299,0.2203,0.2346,0.06677265,0.14919433,0.08251739,0.49140447,-0.43536192,-0.10019322,0.096566334,0.56660986,-0.17027234,0.51616585,0.25594103,-0.49140447,0.18596853,0.16227919,-15.495285,-4.308581,0.31436673,5,"{""geodesic"":false,""type"":""Point"",""coordinates"":[110.42217426171841,-7.270793237329521]}"
2_191_0,0.062,0.223,0.1982,0.0527,0.0724,0.1084,0.1131,0.1817,0.2058,0.2115,0.2311,0.2237,0.1128274,0.17574063,0.08279053,0.48996124,-0.5098172,-0.058879398,0.10158336,0.6010598,-0.03246278,0.6177004,0.32228822,-0.48996124,0.30314234,0.18862057,-13.164078,-9.485141,0.3116985,5,"{""geodesic"":false,""type"":""Point"",""coordinates"":[110.45793256392817,-7.2903755958890315]}"
2_198_0,0.0635,0.2593,0.2374,0.0646,0.0716,0.0922,0.1218,0.1418,0.1602,0.153,0.1767,0.2101,0.23528379,0.12441678,0.031186447,0.36242208,-0.56724083,-0.044090997,0.14306065,0.40625,0.21618852,0.6011115,0.24796082,-0.36242208,0.11353711,0.12238324,-13.672346,-9.795569,0.18478261,5,"{""geodesic"":false,""type"":""Point"",""coordinates"":[110.455586479965,-7.282684141060226]}"
2_132_0,0.0769,0.2289,0.2079,0.0904,0.0977,0.115,0.1279,0.1595,0.1718,0.1672,0.1891,0.2055,0.14347465,0.11066824,0.03201458,0.26236317,-0.40171462,-0.048076916,0.14299342,0.29813662,0.10850441,0.43376133,0.18497518,-0.26236317,0.1331752,0.10010227,-16.456968,-3.2323918,0.15205912,5,"{""geodesic"":false,""type"":""Point"",""coordinates"":[110.42122149145298,-7.307335444567245]}"
2_68_0,0.0725,0.213,0.1889,0.1158,0.1298,0.1328,0.1381,0.1655,0.1692,0.1749,0.182,0.2191,0.08656717,0.095404275,0.02788691,0.1480144,-0.24270709,-0.059965182,0.14343007,0.20330235,0.03848268,0.29562044,0.13682157,-0.1480144,0.117571875,0.07818496,-14.601531,-5.601716,0.11211584,5,"{""geodesic"":false,""type"":""Point"",""coordinates"":[110.4230312784622,-7.30896593414639]}"
2_66_0,0.0601,0.0837,0.0706,0.0803,0.0819,0.0947,0.0872,0.0746,0.0749,0.0992,0.0753,0.0612,-0.0030734944,0.0105618965,0.0064494275,0.09552734,-0.010869569,-0.08489953,0.06739738,0.10529248,-0.16843344,0.020731695,0.023207847,-0.09552734,0.064377695,0.00972763,-14.109016,-7.46722,0.041721854,5,"{""geodesic"":false,""type"":""Point"",""coordinates"":[110.42810742821548,-7.306711047602207]}"
2_29_0,0.0828,0.1835,0.2054,0.206,0.1764,0.1722,0.1726,0.147,0.1498,0.1649,0.1478,0.1392,-0.020919356,-0.027943615,-0.0093025835,-0.0336947,-0.019727705,0.05631267,0.2144929,-0.110811524,0.109370776,0.057766348,-0.021655263,0.0336947,-0.022814801,-0.013080856,-16.44521,-5.5023394,-0.07078883,5,"{""geodesic"":false,""type"":""Point"",""coordinates"":[110.44464308075986,-7.26810768401177]}"
2_167_0,0.0723,0.2581,0.2308,0.0906,0.103,0.1226,0.1408,0.1705,0.1801,0.1767,0.1949,0.192,0.17500001,0.109709606,0.030086618,0.26349658,-0.4295209,-0.05583964,0.16013628,0.32211,0.13276075,0.48035562,0.1807551,-0.26349658,0.11307085,0.101526335,-15.751381,-7.3660345,0.16831747,5,"{""geodesic"":false,""type"":""Point"",""coordinates"":[110.46118226313125,-7.300058121206421]}"
2_47_0,0.0731,0.2815,0.2526,0.1838,0.2084,0.2498,0.1671,0.2145,0.2103,0.3234,0.2395,0.2198,0.023206567,0.12745029,0.0679821,0.21624671,-0.14921415,-0.05410971,0.19511281,0.27523658,-0.122916624,0.20997208,0.12840195,-0.21624671,0.31865442,0.10286991,-10.446354,-9.892161,0.20790309,5,"{""geodesic"":false,""type"":""Point"",""coordinates"":[110.414015270132,-7.275576825332989]}"
2_22_0,0.0678,0.2501,0.2242,0.1134,0.1534,0.1494,0.1587,0.1826,0.2095,0.1981,0.2342,0.224,0.12376932,0.09786978,0.0308539,0.12716927,-0.239653,-0.054606773,0.16908368,0.27191013,0.06180439,-0.376066,0.1401439,-0.12716927,0.11042601,0.0861947,-15.078012,-10.129445,0.15656193,5,"{""geodesic"":false,""type"":""Point"",""coordinates"":[110.44708990591171,-7.2672965831406975]}"
2_99_0,0.0725,0.2394,0.2051,0.0629,0.072,0.0814,0.1112,0.1413,0.1579,0.1543,0.1867,0.1867,0.19256505,0.15564287,0.044899162,0.36367658,-0.53757226,-0.07716535,0.10819922,0.42081034,0.14134668,0.5838571,0.30929148,-0.36367658,0.16233523,0.14863396,-16.71301,-7.805136,0.19116008,5,"{""geodesic"":false,""type"":""Point"",""coordinates"":[110.44890537584686,-7.264223338581998]}"
2_148_0,0.0756,0.224,0.1936,0.063,0.0716,0.077,0.1041,0.1404,0.1616,0.1569,0.177,0.1949,0.15569207,0.17424111,0.053848587,0.3733042,-0.5155616,-0.072796956,0.09501083,0.4270123,0.10470755,0.5609756,0.341599,-0.3733042,0.20229886,0.16330564,-14.430405,-4.32604,0.19565217,5,"{""geodesic"":false,""type"":""Point"",""coordinates"":[110.4248313524832,-7.31819453861262]}"
2_85_0,0.0692,0.1956,0.152,0.0631,0.0733,0.077,0.1013,0.1491,0.1621,0.1377,0.1804,0.2015,0.15166876,0.13471527,0.03968165,0.3052133,-0.45481595,-0.12543155,0.084996365,0.37151393,0.04936137,0.5121763,0.2827201,-0.3052133,0.15230128,0.12739612,-12.038663,-3.4633462,0.15967466,5,"{""geodesic"":false,""type"":""Point"",""coordinates"":[110.42320585074722,-7.314122033032206]}"
2_134_0,0.0801,0.1827,0.1617,0.0634,0.0771,0.0799,0.118,0.1533,0.1555,0.1387,0.1713,0.1841,0.13019152,0.12865394,0.04058173,0.28544948,-0.40646648,-0.060975604,0.09314945,0.3725878,0.07656459,0.48476228,0.26898444,-0.28544948,0.080638856,0.12273865,-8.748769,-1.7302356,0.1608745,5,"{""geodesic"":false,""type"":""Point"",""coordinates"":[110.42194542792245,-7.30796955040006]}"
2_158_0,0.0606,0.2558,0.2176,0.0652,0.0867,0.1078,0.1347,0.1884,0.2023,0.1971,0.2176,0.2287,0.16184695,0.1647723,0.06307136,0.38900635,-0.49372265,-0.08069287,0.11901208,0.5028593,0.049433336,0.5937695,0.29288292,-0.38900635,0.1880651,0.1664182,-14.803789,-2.0222516,0.25954348,5,"{""geodesic"":false,""type"":""Point"",""coordinates"":[110.46208127297372,-7.305848285689257]}"
2_136_0,0.0738,0.1822,0.1364,0.0827,0.0951,0.1066,0.1046,0.159,0.1851,0.1809,0.1962,0.2276,0.045619134,0.1547594,0.06090212,0.31086954,-0.31410024,-0.14375393,0.08037723,0.37253413,-0.14024581,0.37561345,0.25843474,-0.31086954,0.26725042,0.1415238,-13.696041,-5.8190427,0.19290203,5,"{""geodesic"":false,""type"":""Point"",""coordinates"":[110.4232114224313,-7.309780250245367]}"
2_173_0,0.0766,0.1471,0.1185,0.0836,0.0911,0.089,0.1175,0.1439,0.143,0.1383,0.1436,0.1844,0.031004371,0.11790873,0.039003488,0.20575415,-0.23509656,-0.10768072,0.07625814,0.24650745,-0.0771028,-0.27524924,0.21689397,-0.20575415,0.081313536,0.10167744,-19.278708,-10.991249,0.113658406,5,"{""geodesic"":false,""type"":""Point"",""coordinates"":[110.46145479932925,-7.2994252642592174]}"
2_196_0,0.0659,0.2367,0.2196,0.1656,0.16,0.1582,0.1626,0.184,0.2015,0.2031,0.2102,0.2524,0.034311153,0.123311006,0.030988188,0.11870009,-0.1933451,-0.037475325,0.17105229,0.10170869,0.039034802,-0.17673378,0.12427346,-0.11870009,0.1107465,0.07819575,-21.792402,-10.76665,0.064751916,5,"{""geodesic"":false,""type"":""Point"",""coordinates"":[110.457753992847,-7.288204472221057]}"
2_44_0,0.0745,0.1637,0.1037,0.0896,0.1052,0.1198,0.1372,0.1747,0.169,0.1882,0.1798,0.2341,0.01015501,0.13846153,0.060620014,0.28289023,-0.21755299,-0.22438295,0.066010945,0.35493162,-0.2894827,0.2925385,0.2220779,-0.28289023,0.15673018,0.12698019,-21.82905,-12.226326,0.1901517,5,"{""geodesic"":false,""type"":""Point"",""coordinates"":[110.42190400604345,-7.2696169894863365]}"
2_80_0,0.0776,0.2729,0.2492,0.066,0.0814,0.0906,0.1281,0.1476,0.1634,0.1384,0.1877,0.2042,0.28015494,0.10067398,0.015492706,0.25932667,-0.54050237,-0.045393575,0.16313237,0.35420746,0.2858617,0.61050457,0.20873365,-0.25932667,0.038649168,0.098353915,-9.510464,-4.7121487,0.15417378,5,"{""geodesic"":false,""type"":""Point"",""coordinates"":[110.42402352610448,-7.312313999353463]}"
2_1_0,0.0728,0.2566,0.2307,0.081,0.0933,0.1066,0.135,0.1477,0.1526,0.1567,0.1736,0.1839,0.20885338,0.10535834,0.023516921,0.2536,-0.46670476,-0.053149994,0.15694079,0.31846866,0.19101703,0.5201422,0.19027725,-0.2536,0.0743915,0.09845408,-13.433328,-7.149608,0.15392436,5,"{""geodesic"":false,""type"":""Point"",""coordinates"":[110.45576765869009,-7.282684358934502]}"
2_28_0,0.0677,0.1097,0.1032,0.1324,0.171,0.1604,0.1154,0.1014,0.1019,0.1665,0.1028,0.1424,-0.050615117,0.013425476,0.01508508,-0.013333338,0.21838261,-0.030530756,0.0994191,0.11408496,-0.23470522,0.09376292,0.018660137,0.013333338,0.18126996,0.0110654235,-17.224028,-10.253752,0.06402553,5,"{""geodesic"":false,""type"":""Point"",""coordinates"":[110.4441901494218,-7.268107129164915]}"
2_163_0,0.0659,0.2041,0.1855,0.0706,0.0845,0.0935,0.1293,0.1718,0.1934,0.1721,0.1874,0.2039,0.10161023,0.16326019,0.0589994,0.34138736,-0.4144144,-0.04774128,0.10078008,0.41821176,0.037472047,0.48598468,0.2959337,-0.34138736,0.14200395,0.15399684,-4.8492384,3.3187928,0.20499527,5,"{""geodesic"":false,""type"":""Point"",""coordinates"":[110.46036649306114,-7.300418965370576]}"
2_109_0,0.09,0.3459,0.3535,0.2526,0.168,0.132,0.1124,0.1058,0.1829,0.2142,0.2664,0.1816,0.01174974,1.8397512,0.044292536,0.120879136,-0.3461763,0.010866471,0.21784313,-0.082262225,0.24537608,-0.15588969,0.23743503,-0.120879136,0.31169626,0.14571024,-10.213945,1.7835754,-0.059578,5,"{""geodesic"":false,""type"":""Point"",""coordinates"":[110.41003120295733,-7.274214846578253]}"
2_117_0,0.0664,0.2155,0.2142,0.1306,0.1194,0.1114,0.1354,0.1382,0.1448,0.1559,0.168,0.2014,0.06586239,0.13168798,0.026051344,0.13258263,-0.2869513,-0.0030253483,0.15305889,0.08830714,0.157525,-0.2453048,0.16647962,-0.13258263,0.07037419,0.08699335,-18.342909,-7.435082,0.04825174,5,"{""geodesic"":false,""type"":""Point"",""coordinates"":[110.40411521934749,-7.295282832828445]}"
2_162_0,0.0693,0.2472,0.1947,0.0906,0.1116,0.1482,0.1491,0.2213,0.2308,0.2353,0.2441,0.25,0.09635381,0.15069203,0.06955517,0.35658693,-0.37792644,-0.11880515,0.12262873,0.44400123,-0.09441861,0.4635879,0.22711864,-0.35658693,0.2242456,0.14787775,-15.383193,-7.145976,0.2628042,5,"{""geodesic"":false,""type"":""Point"",""coordinates"":[110.46090950946916,-7.300871886787699]}"
2_118_0,0.072,0.2112,0.1768,0.0551,0.0656,0.0947,0.1285,0.1589,0.1804,0.1428,0.1797,0.1984,0.21437077,0.092660375,0.027453812,0.37044147,-0.5260116,-0.0886598,0.11724762,0.4431531,0.10638296,0.586181,0.20252632,-0.37044147,0.05270919,0.09783051,-20.718496,-11.152874,0.18849406,5,"{""geodesic"":false,""type"":""Point"",""coordinates"":[110.4041146211146,-7.295735100644943]}"
2_104_0,0.0784,0.2714,0.2348,0.1136,0.1242,0.1156,0.1703,0.2452,0.2356,0.2213,0.2531,0.2558,0.07217065,0.24861231,0.07808905,0.28104198,-0.37209302,-0.07230345,0.12265196,0.32158855,0.02959875,-0.40987015,0.31374297,-0.28104198,0.13023494,0.18944918,-13.429003,-8.846904,0.19349624,5,"{""geodesic"":false,""type"":""Point"",""coordinates"":[110.40922029556394,-7.270866996086875]}"
2_93_0,0.0703,0.2564,0.2093,0.0644,0.0744,0.0982,0.1133,0.1426,0.1807,0.1539,0.2048,0.2174,0.23791236,0.1105071,0.027663711,0.348226,-0.5501814,-0.101138055,0.13354945,0.40998623,0.15253304,0.5985037,0.22094406,-0.348226,0.1519461,0.11108895,-16.256327,-1.0596826,0.18689962,5,"{""geodesic"":false,""type"":""Point"",""coordinates"":[110.44818002948391,-7.264765184218025]}"
2_201_0,0.0564,0.2334,0.1838,0.068,0.0718,0.0872,0.1171,0.1867,0.1976,0.2144,0.2199,0.2623,0.063349925,0.25904202,0.10129035,0.49825296,-0.52948886,-0.118887834,0.07475448,0.51841354,-0.0768458,0.5487724,0.42175063,-0.49825296,0.2935143,0.23802394,-16.594109,-6.4406166,0.28067482,5,"{""geodesic"":false,""type"":""Point"",""coordinates"":[110.4549546483063,-7.280783835054365]}"
2_67_0,0.0738,0.2555,0.2256,0.1458,0.1588,0.157,0.1512,0.2497,0.2777,0.2591,0.2938,0.2276,0.009297785,0.23045318,0.08464377,0.24000953,-0.23340571,-0.06214921,0.1367009,0.27982217,-0.069114886,-0.27336156,0.24537368,-0.24000953,0.2629783,0.16717605,-16.909842,-1.8565664,0.18781081,5,"{""geodesic"":false,""type"":""Point"",""coordinates"":[110.42357345175613,-7.310052075011536]}"
2_81_0,0.0743,0.2363,0.2081,0.0673,0.0744,0.094,0.1277,0.1493,0.1503,0.1512,0.1701,0.1941,0.20371722,0.11813788,0.031981517,0.34042552,-0.52108145,-0.06345634,0.12937434,0.38398167,0.1583635,0.5566535,0.23327896,-0.34042552,0.08425958,0.11513688,-19.220264,-10.487687,0.17515658,5,"{""geodesic"":false,""type"":""Point"",""coordinates"":[110.42266402284346,-7.312764530218453]}"
2_135_0,0.066,0.1885,0.162,0.0732,0.0802,0.0886,0.118,0.1608,0.1755,0.1443,0.1812,0.2421,0.12050142,0.12356908,0.037995666,0.28552338,-0.40305173,-0.07560628,0.09946778,0.32689655,0.05778649,0.44058082,0.23915842,-0.28552338,0.10026687,0.11399917,-12.513312,-3.3241978,0.14864111,5,"{""geodesic"":false,""type"":""Point"",""coordinates"":[110.4229404521552,-7.309146725883251]}"
2_195_0,0.0659,0.2367,0.2196,0.134,0.1456,0.1596,0.1626,0.184,0.2015,0.1813,0.2102,0.2524,0.113827996,0.047843713,0.008036293,0.10920769,-0.23829451,-0.037475325,0.19331585,0.15001585,0.09553506,0.2770434,0.06365501,-0.10920769,0.05437627,0.038708515,-18.665752,-6.5020866,0.087023176,5,"{""geodesic"":false,""type"":""Point"",""coordinates"":[110.45775388407966,-7.288294926659908]}"
2_86_0,0.0708,0.2225,0.192,0.0724,0.0871,0.1058,0.1264,0.1463,0.1586,0.1525,0.1732,0.1864,0.18691249,0.09382786,0.026018366,0.27295494,-0.4373385,-0.07358262,0.13320394,0.3561583,0.11465892,0.50898606,0.18079752,-0.27295494,0.09358194,0.092377685,-16.093214,-4.9120708,0.165747,5,"{""geodesic"":false,""type"":""Point"",""coordinates"":[110.42329714246617,-7.313579426142856]}"
2_23_0,0.0691,0.2089,0.1561,0.0674,0.0794,0.0996,0.1289,0.1675,0.1873,0.1534,0.1983,0.2112,0.16569054,0.10798876,0.0344298,0.31786942,-0.44918486,-0.14465752,0.101353064,0.38949275,0.008723751,0.5121245,0.21264823,-0.31786942,0.08678712,0.10717132,-17.1946,-13.555493,0.17896782,5,"{""geodesic"":false,""type"":""Point"",""coordinates"":[110.44627418765201,-7.267657405988003]}"
2_199_0,0.0761,0.2706,0.2384,0.0936,0.1044,0.13,0.1286,0.148,0.1584,0.1785,0.1773,0.2418,0.19102125,0.09649821,0.023582796,0.26193,-0.4432,-0.063261285,0.17362465,0.31201765,0.14367954,0.4859967,0.15721233,-0.26193,0.16248778,0.08998145,-11.8729105,-5.5019917,0.16493978,5,"{""geodesic"":false,""type"":""Point"",""coordinates"":[110.4564006946582,-7.283589665312164]}"
2_164_0,0.0659,0.25,0.2595,0.0728,0.077,0.0778,0.0989,0.1235,0.1305,0.1055,0.1609,0.2039,0.29539615,0.0674754,-0.0028173751,0.15616438,-0.529052,0.018645724,0.19136587,0.18339874,0.42191783,-0.5489467,0.15111838,-0.15616438,0.032289617,0.060807843,-11.956436,-2.4892151,0.07231312,5,"{""geodesic"":false,""type"":""Point"",""coordinates"":[110.46054800422125,-7.3001478185563995]}"
2_79_0,0.08,0.2529,0.2223,0.073,0.0862,0.097,0.1216,0.1478,0.1605,0.149,0.1796,0.1784,0.2236405,0.109843686,0.02437132,0.2670068,-0.49159542,-0.06439396,0.14471878,0.34234235,0.19741446,0.5520098,0.2113821,-0.2670068,0.10125648,0.10455764,-3.379393,3.4355164,0.15789475,5,"{""geodesic"":false,""type"":""Point"",""coordinates"":[110.42375162564744,-7.312404105872209]}"
2_122_0,0.0701,0.2598,0.2188,0.0608,0.079,0.0998,0.13,0.1735,0.1835,0.1843,0.2036,0.2667,0.18935005,0.15918168,0.056144726,0.39992404,-0.53364813,-0.085666515,0.11848203,0.503876,0.085586675,0.62071115,0.29743052,-0.39992404,0.17276488,0.16165031,-19.517597,-9.16265,0.24862435,5,"{""geodesic"":false,""type"":""Point"",""coordinates"":[110.40483803586206,-7.296731045108888]}"
2_150_0,0.0789,0.2244,0.1747,0.0662,0.0774,0.075,0.1222,0.1965,0.2046,0.2147,0.2233,0.2381,0.031880062,0.2989642,0.11322325,0.4700445,-0.48707753,-0.124530174,0.06102702,0.52865785,-0.102722116,-0.5443909,0.48222297,-0.4700445,0.27456218,0.26535392,-7.6361923,0.88450843,0.28524777,5,"{""geodesic"":false,""type"":""Point"",""coordinates"":[110.44104592558409,-7.319933578534343]}"
2_130_0,0.0658,0.1753,0.1416,0.0661,0.0758,0.0937,0.1149,0.1603,0.1792,0.1727,0.1907,0.2066,0.059472226,0.15938346,0.06453881,0.38993964,-0.39625648,-0.10634271,0.0768264,0.44639865,-0.098950066,0.45236123,0.29654655,-0.38993964,0.20097359,0.15461901,-15.730068,-5.6258655,0.21643205,5,"{""geodesic"":false,""type"":""Point"",""coordinates"":[110.41904981122691,-7.305342667187765]}"
2_102_0,0.0639,0.2322,0.1963,0.1,0.1062,0.1136,0.1316,0.1762,0.1921,0.181,0.2204,0.2307,0.10338226,0.15144704,0.04638164,0.26044565,-0.3723404,-0.083780624,0.12320266,0.2882562,0.0405513,0.39795303,0.22878477,-0.26044565,0.15802942,0.12723382,-12.247361,-8.858726,0.15556976,5,"{""geodesic"":false,""type"":""Point"",""coordinates"":[110.44754416248136,-7.266211682596638]}"
2_37_0,0.0535,0.1471,0.1109,0.0624,0.0704,0.1492,0.1348,0.1798,0.1585,0.184,0.1502,0.2272,0.09194769,0.05399701,0.035172157,0.4465409,-0.3526437,-0.14031008,0.08992544,0.4935065,-0.24788064,0.40429595,0.104441755,-0.4465409,0.15432873,0.06265001,-15.452645,5.49167,0.244373,5,"{""geodesic"":false,""type"":""Point"",""coordinates"":[110.42126862884234,-7.270611173999347]}"
2_110_0,0.0899,0.3245,0.3428,0.0728,0.0916,0.1324,0.2064,0.2375,0.2365,0.1768,0.2462,0.2257,0.29341826,0.07788379,0.010355931,0.31743667,-0.55972123,0.027423942,0.25671223,0.41666666,0.31947652,-0.63352627,0.14359635,-0.31743667,-0.07724427,0.082303494,-12.654821,-8.039211,0.20811099,5,"{""geodesic"":false,""type"":""Point"",""coordinates"":[110.40894250300855,-7.275479782200404]}"
2_174_0,0.0814,0.2122,0.1914,0.125,0.1194,0.1324,0.1425,0.1649,0.1713,0.1951,0.1752,0.1825,0.036858752,0.14900187,0.04855779,0.2406995,-0.27985525,-0.05153616,0.1298891,0.21899405,-0.009573061,0.25860023,0.19145034,-0.2406995,0.15580568,0.11365557,-14.163886,-7.250188,0.12821606,5,"{""geodesic"":false,""type"":""Point"",""coordinates"":[110.46181760306283,-7.29906387839932]}"
2_101_0,0.0713,0.2546,0.216,0.1184,0.1332,0.1408,0.1387,0.141,0.1737,0.2025,0.185,0.2021,0.104006685,0.13305444,0.041532308,0.2064343,-0.31304792,-0.08202291,0.15018667,0.26207542,0.032258075,0.36514744,0.1797262,-0.2064343,0.1869871,0.109747425,-14.045423,-7.356636,0.1536728,5,"{""geodesic"":false,""type"":""Point"",""coordinates"":[110.4455509395989,-7.266480614287331]}"
2_131_0,0.065,0.1788,0.1414,0.0816,0.092,0.106,0.1168,0.1969,0.2127,0.1752,0.2568,0.2442,0.051698666,0.14426285,0.056298345,0.31137726,-0.32053176,-0.11680202,0.085550226,0.36448598,-0.10675934,0.37327188,0.2460882,-0.31137726,0.2,0.1328725,-13.06109,-5.991339,0.18551797,5,"{""geodesic"":false,""type"":""Point"",""coordinates"":[110.41904864308404,-7.306247204846884]}"
2_60_0,0.0858,0.2924,0.2786,0.1354,0.1584,0.1786,0.2128,0.238,0.2485,0.2232,0.2365,0.2525,0.13548699,0.087157026,0.024432298,0.16981131,-0.29724935,-0.024168117,0.22292994,0.24484104,0.11040258,0.36699393,0.111000486,-0.16981131,0.023853196,0.074184954,-20.670788,-12.405606,0.15338923,5,"{""geodesic"":false,""type"":""Point"",""coordinates"":[110.4063844056722,-7.291939030176612]}"
2_181_0,0.072,0.2589,0.2349,0.064,0.0676,0.0832,0.1067,0.1268,0.1408,0.1297,0.1664,0.194,0.276969,0.10118375,0.015362361,0.31474915,-0.58591115,-0.04860265,0.15068373,0.3391843,0.28853536,0.6035924,0.21841241,-0.31474915,0.09729274,0.09783982,-18.160019,-3.2445776,0.14206429,5,"{""geodesic"":false,""type"":""Point"",""coordinates"":[110.4590142263208,-7.294899619793806]}"
2_100_0,0.0911,0.2635,0.2412,0.125,0.1336,0.1502,0.1646,0.1855,0.2005,0.1833,0.2062,0.2391,0.14598337,0.07214475,0.0130209215,0.15683183,-0.32712165,-0.044184674,0.1976445,0.18910153,0.13639575,0.35649937,0.099250406,-0.15683183,0.05375109,0.059568103,-20.627747,-8.246112,0.10819004,5,"{""geodesic"":false,""type"":""Point"",""coordinates"":[110.44545902276965,-7.267565955597309]}"
2_107_0,0.1019,0.3104,0.3341,0.248,0.2746,0.295,0.2852,0.2644,0.2862,0.3051,0.2937,0.248,0.045144588,0.020780198,0.007370807,0.05261341,-0.0611966,0.03677269,0.32303998,0.1032363,0.045369234,0.111747876,0.016830541,-0.05261341,0.03371166,0.013771486,-14.177904,-10.393408,0.081331305,5,"{""geodesic"":false,""type"":""Point"",""coordinates"":[110.4114857768466,-7.270236765034772]}"
2_168_0,0.071,0.2416,0.2069,0.0754,0.0898,0.0954,0.1218,0.1645,0.1828,0.1907,0.2004,0.2215,0.11755929,0.19893955,0.06939036,0.35971478,-0.45805675,-0.07736902,0.10350425,0.43329573,0.040744483,0.5242902,0.33310032,-0.35971478,0.22047998,0.1818471,-15.0339775,-6.3480897,0.2257538,5,"{""geodesic"":false,""type"":""Point"",""coordinates"":[110.46100086067109,-7.3002388138677645]}"
2_146_0,0.0761,0.2268,0.1916,0.0692,0.0806,0.0962,0.1197,0.1516,0.1532,0.1462,0.1738,0.1838,0.1998514,0.103786126,0.026855005,0.2892416,-0.47560182,-0.08413002,0.12607332,0.35747445,0.13439904,0.53243244,0.20627065,-0.2892416,0.09966153,0.10102372,-19.2703,-8.173281,0.16144814,5,"{""geodesic"":false,""type"":""Point"",""coordinates"":[110.42790965918633,-7.319736176336391]}"
2_51_0,0.0761,0.2463,0.2061,0.1092,0.1256,0.1266,0.153,0.216,0.2329,0.268,0.2582,0.242,-0.0057325866,0.2924872,0.12018672,0.36178863,-0.32454962,-0.08885941,0.09735917,0.42099681,-0.13056318,0.385654,0.35833758,-0.36178863,0.27315915,0.23708922,-17.789473,-2.0964625,0.27154583,5,"{""geodesic"":false,""type"":""Point"",""coordinates"":[110.40982814633882,-7.290948546840352]}"
2_103_0,0.0687,0.2459,0.2261,0.2016,0.2312,0.2352,0.2314,0.2565,0.2725,0.2627,0.2738,0.2493,0.017770274,0.0591703,0.025603728,0.06377809,-0.030811172,-0.041949168,0.20243138,0.13159594,-0.07487724,0.09899443,0.05523195,-0.06377809,0.06334748,0.04133679,-17.234554,-10.345341,0.095043026,5,"{""geodesic"":false,""type"":""Point"",""coordinates"":[110.41166471230335,-7.271955622068362]}"
2_194_0,0.0586,0.2384,0.1916,0.0692,0.0805,0.0886,0.1007,0.1404,0.1504,0.1781,0.1911,0.2339,0.13877763,0.18791467,0.06295237,0.37741688,-0.49513954,-0.10883722,0.09531589,0.44035584,0.036516067,0.550065,0.33558306,-0.37741688,0.27761838,0.17510109,-10.675195,-5.600452,0.21858692,5,"{""geodesic"":false,""type"":""Point"",""coordinates"":[110.45766187922214,-7.289470725700556]}"
2_186_0,0.0684,0.2433,0.213,0.0598,0.0648,0.0864,0.1013,0.1238,0.1473,0.1441,0.1641,0.2152,0.23575714,0.11882206,0.029894093,0.37960744,-0.5793573,-0.066403694,0.12771133,0.41343796,0.19294317,0.60541075,0.25032535,-0.37960744,0.1744091,0.11848048,-12.792747,-8.454725,0.17964199,5,"{""geodesic"":false,""type"":""Point"",""coordinates"":[110.4591977984442,-7.292909839022371]}"
2_114_0,0.0612,0.243,0.2049,0.0842,0.0959,0.1038,0.1246,0.156,0.1769,0.1591,0.1979,0.2265,0.175394,0.120175585,0.0306309,0.24784313,-0.43405133,-0.085063644,0.13368084,0.30785036,0.12582418,0.48533008,0.21034613,-0.24784313,0.12160732,0.10872984,-16.600431,-8.237672,0.15115026,5,"{""geodesic"":false,""type"":""Point"",""coordinates"":[110.40674105086308,-7.296281279226835]}"
2_106_0,0.0625,0.2527,0.209,0.175,0.2194,0.2374,0.2239,0.2355,0.2969,0.3412,0.3006,0.2782,-0.025936594,0.17858371,0.101088524,0.2172672,-0.0705359,-0.094650194,0.14541794,0.32196823,-0.24027625,0.1816694,0.17939855,-0.2172672,0.20757388,0.14435379,-12.784599,-9.257139,0.24532571,5,"{""geodesic"":false,""type"":""Point"",""coordinates"":[110.41175694685477,-7.270689386639074]}"
2_151_0,0.0789,0.2499,0.2037,0.0822,0.1021,0.1068,0.1283,0.1989,0.2213,0.1823,0.2393,0.2381,0.1484224,0.1564313,0.050139748,0.2819972,-0.41988635,-0.101851836,0.119337134,0.37844992,0.055440426,0.5049684,0.26115534,-0.2819972,0.17385705,0.14351794,-17.550688,-6.601282,0.19640288,5,"{""geodesic"":false,""type"":""Point"",""coordinates"":[110.44140831213494,-7.319934028124969]}"
2_144_0,0.0731,0.2157,0.1697,0.0602,0.0748,0.0763,0.1018,0.1595,0.1857,0.1897,0.2093,0.2027,0.0776896,0.23704013,0.08869547,0.43440455,-0.48502582,-0.11935652,0.068255715,0.5182073,-0.05564833,0.56361,0.42631578,-0.43440455,0.30154374,0.22206266,-16.727795,-4.9711514,0.25903454,5,"{""geodesic"":false,""type"":""Point"",""coordinates"":[110.42636963635478,-7.319643763629916]}"
2_40_0,0.0541,0.1701,0.1297,0.0718,0.0777,0.1096,0.116,0.1954,0.2145,0.1557,0.2302,0.2145,0.10291799,0.090406336,0.035378154,0.33419025,-0.37288138,-0.13475649,0.09129814,0.3687912,-0.091100186,0.40636626,0.17376554,-0.33419025,0.14611703,0.09035672,-16.279177,-1.8760126,0.17298968,5,"{""geodesic"":false,""type"":""Point"",""coordinates"":[110.42108652928593,-7.271334574199616]}"
2_30_0,0.0706,0.2085,0.1982,0.1224,0.1238,0.137,0.1815,0.2014,0.2042,0.2337,0.1996,0.1278,-0.015108346,0.21249014,0.08402874,0.3074126,-0.25489014,-0.025325783,0.11618912,0.31255266,-0.08219496,0.26019946,0.26085788,-0.3074126,0.12572256,0.16659012,-16.746944,-12.181666,0.19501227,5,"{""geodesic"":false,""type"":""Point"",""coordinates"":[110.44554916534914,-7.267927883680964]}"
2_183_0,0.0726,0.2849,0.2549,0.2054,0.193,0.2536,0.2128,0.2254,0.2082,0.2489,0.2331,0.2294,0.084810644,-0.009552856,-0.010247009,0.12649919,-0.19229965,-0.05557614,0.25971332,0.09575169,0.011909512,-0.16214563,-0.009353244,-0.12649919,0.07818929,-0.0070324265,-13.998258,-2.3833365,0.06837471,5,"{""geodesic"":false,""type"":""Point"",""coordinates"":[110.4590150951935,-7.294175984332297]}"
2_154_0,0.0573,0.2387,0.1941,0.0689,0.0766,0.0718,0.1307,0.1788,0.1761,0.1482,0.2074,0.2709,0.17702806,0.17980702,0.0468219,0.31850535,-0.51411355,-0.1030499,0.09403765,0.3652695,0.1340929,-0.5520156,0.34727272,-0.31850535,0.062746525,0.15916668,-16.380129,-5.3919454,0.16587646,5,"{""geodesic"":false,""type"":""Point"",""coordinates"":[110.44911435747619,-7.315601711892303]}"
2_121_0,0.0673,0.2863,0.2482,0.0656,0.0728,0.1023,0.1245,0.1762,0.197,0.1954,0.2319,0.2437,0.19642858,0.17670056,0.06049142,0.45712152,-0.5945419,-0.07128158,0.129943,0.497318,0.11902615,0.6271668,0.3127309,-0.45712152,0.22163177,0.1750658,-16.283016,-6.636582,0.25584757,5,"{""geodesic"":false,""type"":""Point"",""coordinates"":[110.40574490441041,-7.296008608904764]}"
2_70_0,0.068,0.2254,0.172,0.0817,0.0977,0.0932,0.1191,0.1866,0.2163,0.1731,0.2312,0.2347,0.11126614,0.17841989,0.05647144,0.27843425,-0.3952337,-0.13437341,0.092607744,0.3587127,-0.0031874494,-0.46792576,0.30003753,-0.27843425,0.18480492,0.15640089,-15.028855,-1.2023289,0.18163751,5,"{""geodesic"":false,""type"":""Point"",""coordinates"":[110.42158491349718,-7.306521825092328]}"
2_12_0,0.063,0.2573,0.2167,0.0642,0.0714,0.0924,0.1338,0.1671,0.1956,0.1539,0.2039,0.2227,0.23177174,0.12532605,0.032276336,0.36617842,-0.5655613,-0.08565398,0.13010448,0.41127923,0.16945495,0.60062206,0.2496955,-0.36617842,0.06986444,0.1236098,-12.074374,-5.293265,0.18736945,5,"{""geodesic"":false,""type"":""Point"",""coordinates"":[110.45116386867038,-7.269291531079646]}"
2_24_0,0.095,0.2704,0.2496,0.1416,0.1682,0.1776,0.191,0.2191,0.2252,0.2219,0.2499,0.2297,0.104128145,0.09037129,0.027853942,0.13765702,-0.2330141,-0.03999999,0.19976997,0.22090785,0.05874866,0.31262136,0.11088862,-0.13765702,0.07483652,0.073874384,-19.518353,-8.771411,0.13949046,5,"{""geodesic"":false,""type"":""Point"",""coordinates"":[110.44518737521838,-7.267475168926739]}"
2_87_0,0.0739,0.243,0.2051,0.0638,0.0795,0.0844,0.1157,0.1579,0.1749,0.2008,0.1868,0.1773,0.106081076,0.23683569,0.08829283,0.43275064,-0.5069768,-0.08457933,0.08620737,0.51776266,0.010593738,0.58409387,0.40813467,-0.43275064,0.26887837,0.22236374,-15.435815,-8.579374,0.26876798,5,"{""geodesic"":false,""type"":""Point"",""coordinates"":[110.42347902888085,-7.313036935072863]}"
2_69_0,0.0682,0.1499,0.0984,0.0606,0.066,0.0651,0.1032,0.178,0.2009,0.1557,0.204,0.1982,-0.0030141338,0.20745558,0.0755717,0.4046008,-0.38860586,-0.20741042,0.041142195,0.4396671,-0.22550178,-0.42422804,0.4103261,-0.4046008,0.20278099,0.1885405,-13.070099,-8.101764,0.1991484,5,"{""geodesic"":false,""type"":""Point"",""coordinates"":[110.42303371549194,-7.307066403905659]}"
2_74_0,0.0621,0.2173,0.1836,0.0564,0.0678,0.0789,0.1233,0.1516,0.1731,0.1521,0.1913,0.2012,0.1737666,0.15218294,0.048672676,0.38335606,-0.5243774,-0.08406088,0.095240235,0.45899278,0.093833774,0.58786994,0.3168831,-0.38335606,0.10457515,0.1502052,-15.574025,-3.7627168,0.20261115,5,"{""geodesic"":false,""type"":""Point"",""coordinates"":[110.42719607509372,-7.310961230947207]}"
2_92_0,0.076,0.2866,0.2829,0.1886,0.2168,0.222,0.1756,0.2236,0.2392,0.2749,0.2568,0.248,0.046394408,0.11091074,0.041451544,0.118161455,-0.13865711,-0.0064969063,0.22846055,0.18619199,0.014342087,0.20622894,0.10646003,-0.118161455,0.22042173,0.07959673,-18.329731,1.4130352,0.13435389,5,"{""geodesic"":false,""type"":""Point"",""coordinates"":[110.44482847216989,-7.26467064131396]}"
2_43_0,0.0563,0.1662,0.1221,0.0694,0.0834,0.1262,0.1335,0.1981,0.2272,0.2026,0.2278,0.2659,0.036144584,0.1327034,0.06931118,0.4167832,-0.33173075,-0.15296564,0.07605637,0.4897059,-0.24792115,0.41086587,0.23236008,-0.4167832,0.20559359,0.1382722,-17.115643,-2.8163886,0.25880828,5,"{""geodesic"":false,""type"":""Point"",""coordinates"":[110.42126909203694,-7.270249358228526]}"
2_157_0,0.0581,0.2306,0.1819,0.0604,0.0769,0.0783,0.1082,0.1713,0.2002,0.2001,0.2158,0.2435,0.085001744,0.250226,0.094809316,0.44476536,-0.4998374,-0.11806062,0.07117826,0.5362764,-0.047644004,0.5848797,0.4375,-0.44476536,0.2980863,0.23471224,-16.628435,-7.8254957,0.2755424,5,"{""geodesic"":false,""type"":""Point"",""coordinates"":[110.4617175975949,-7.306933306669422]}"
2_89_0,0.0647,0.2388,0.1917,0.0773,0.0869,0.0966,0.1029,0.1669,0.1887,0.175,0.2105,0.2339,0.1413987,0.1668298,0.053199235,0.3363879,-0.4663801,-0.109407686,0.105818406,0.38723743,0.045541313,0.51091427,0.28865978,-0.3363879,0.25944585,0.15241057,-16.772392,-4.0962405,0.19480261,5,"{""geodesic"":false,""type"":""Point"",""coordinates"":[110.44528018007256,-7.265666193014451]}"
2_160_0,0.0525,0.2426,0.1858,0.0505,0.0603,0.0746,0.1111,0.1854,0.2047,0.1781,0.2319,0.2609,0.16233051,0.20750631,0.07372695,0.4941275,-0.6018488,-0.13258636,0.07782527,0.5581802,0.021159649,0.65540767,0.40957657,-0.4941275,0.2316736,0.20625748,-16.570114,-8.608813,0.26269558,5,"{""geodesic"":false,""type"":""Point"",""coordinates"":[110.46145068702242,-7.302862533085433]}"
2_48_0,0.0663,0.282,0.2588,0.1772,0.1704,0.1788,0.1692,0.1865,0.2056,0.2527,0.2173,0.2403,0.034691818,0.18539889,0.05561084,0.19451669,-0.24668437,-0.04289942,0.18311611,0.17562222,0.011925707,0.228223,0.17126304,-0.19451669,0.1979142,0.11900161,-14.944092,-5.011692,0.12178728,5,"{""geodesic"":false,""type"":""Point"",""coordinates"":[110.41564572445373,-7.275669385128155]}"
2_39_0,0.0535,0.1297,0.1009,0.0501,0.062,0.1166,0.1184,0.1316,0.1211,0.1494,0.1275,0.2272,0.104979835,0.05565925,0.030478407,0.41343424,-0.353156,-0.124891594,0.07874793,0.49774435,-0.19376746,0.44271415,0.123308256,-0.41343424,0.11575802,0.06422976,-16.184624,-2.3061695,0.2129378,5,"{""geodesic"":false,""type"":""Point"",""coordinates"":[110.42117757914772,-7.270972874117241]}"
2_33_0,0.0506,0.119,0.1173,0.1072,0.1642,0.1684,0.1101,0.1122,0.0908,0.1777,0.0987,0.1112,0.00436836,0.016797908,0.018054688,0.039485246,0.15960449,-0.007194272,0.11116106,0.24745525,-0.20474577,0.05216625,0.026870828,-0.039485246,0.23488533,0.016487401,-19.169485,-8.100787,0.13473055,5,"{""geodesic"":false,""type"":""Point"",""coordinates"":[110.44246834151107,-7.268647742331648]}"
2_88_0,0.0536,0.2224,0.1644,0.0937,0.0904,0.1028,0.115,0.2167,0.2631,0.1968,0.2697,0.2731,0.056358617,0.21154971,0.07280442,0.3704735,-0.42199486,-0.1499483,0.08587561,0.35490534,-0.08970099,0.40714964,0.31375167,-0.3704735,0.26234764,0.17633817,-14.379327,-4.8549237,0.19563566,5,"{""geodesic"":false,""type"":""Point"",""coordinates"":[110.44663819253311,-7.266301032888986]}"
2_64_0,0.0625,0.1527,0.1542,0.1064,0.1004,0.1316,0.1437,0.1437,0.1458,0.1529,0.1185,0.0477,0.045989737,0.046526838,0.017560635,0.2072641,-0.20663771,0.004887571,0.13271892,0.17932896,0.004233172,0.17869551,0.07486815,-0.2072641,0.031018192,0.040726554,-25.015371,-15.808174,0.09186092,5,"{""geodesic"":false,""type"":""Point"",""coordinates"":[110.42276692465639,-7.303176541645035]}"
2_55_0,0.0737,0.2358,0.202,0.0896,0.1019,0.1122,0.1305,0.1787,0.1745,0.1866,0.2174,0.2184,0.115027234,0.15659201,0.052495543,0.29358754,-0.39650577,-0.07720418,0.12145981,0.3511948,0.039629456,0.4492932,0.24899599,-0.29358754,0.1769158,0.13970956,-18.873472,-1.3376968,0.18745169,5,"{""geodesic"":false,""type"":""Point"",""coordinates"":[110.40702163241616,-7.289588068012424]}"
2_38_0,0.0535,0.1257,0.0925,0.0513,0.0612,0.1184,0.1208,0.1453,0.1266,0.1508,0.1206,0.2272,0.09412818,0.05486133,0.031106295,0.42264152,-0.3451043,-0.15215397,0.072625995,0.49233055,-0.23962188,0.42033896,0.12035663,-0.42264152,0.11045657,0.06318253,-16.652489,4.646058,0.21257657,5,"{""geodesic"":false,""type"":""Point"",""coordinates"":[110.42117781079607,-7.270791966238358]}"
2_172_0,0.0814,0.2105,0.197,0.0807,0.099,0.0932,0.1297,0.15,0.171,0.1422,0.1734,0.1825,0.15343715,0.11175477,0.028212028,0.17910446,-0.3602585,-0.033128846,0.12911674,0.27590844,0.16155662,-0.44574174,0.20815632,-0.17910446,0.04597276,0.0999456,-14.646452,-3.2109716,0.127611,5,"{""geodesic"":false,""type"":""Point"",""coordinates"":[110.46199900471125,-7.298883185341955]}"
2_65_0,0.0664,0.2034,0.2257,0.2092,0.22,0.2358,0.1465,0.1471,0.1477,0.2276,0.1659,0.0487,0.0027397384,-0.019098204,-0.0024580602,0.016979434,0.03920642,0.05196925,0.23383155,0.04212454,-0.004191457,-0.014057184,-0.017695306,-0.016979434,0.21678694,-0.01276729,-18.308924,-4.4029946,0.029461997,5,"{""geodesic"":false,""type"":""Point"",""coordinates"":[110.42738405986755,-7.305624681607271]}"
2_161_0,0.0756,0.2597,0.2812,0.2422,0.2546,0.2622,0.2432,0.2534,0.253,0.3202,0.2231,0.2038,-0.037351288,0.13464575,0.05844305,0.11412667,-0.0099164145,0.039748553,0.23026434,0.1386913,-0.0648487,0.0348675,0.09958791,-0.11412667,0.13667022,0.08037694,-11.443727,-8.358197,0.110128,5,"{""geodesic"":false,""type"":""Point"",""coordinates"":[110.46036584248039,-7.300961691940752]}"
2_185_0,0.0581,0.2683,0.2266,0.0624,0.0782,0.0865,0.1136,0.1514,0.1826,0.1818,0.1979,0.2365,0.18464108,0.19325924,0.0630813,0.39846152,-0.54862916,-0.08425943,0.107815735,0.4889435,0.10969641,0.6226187,0.3551994,-0.39846152,0.23087338,0.18606013,-16.063648,-9.090942,0.2406611,5,"{""geodesic"":false,""type"":""Point"",""coordinates"":[110.45928773871172,-7.293452674050173]}"
2_27_0,0.0544,0.0559,0.0601,0.077,0.0892,0.0794,0.0725,0.0486,0.0488,0.0786,0.0523,0.0795,-0.06978341,-0.0020460514,0.0033646768,-0.06317045,0.22949688,0.036206897,0.06071171,0.01028276,-0.13338138,0.15876599,-0.00506333,0.06317045,0.040370595,-0.001823722,-21.490738,-17.2623,0.0036607624,5,"{""geodesic"":false,""type"":""Point"",""coordinates"":[110.44609246127997,-7.268109456482425]}"
2_61_0,0.0786,0.272,0.2346,0.067,0.078,0.1118,0.1146,0.1552,0.1704,0.1896,0.2039,0.1888,0.19862586,0.14323589,0.049409274,0.41704035,-0.5542857,-0.073825546,0.1383348,0.47778645,0.10608201,0.60471976,0.25812873,-0.41704035,0.24654834,0.14562017,-11.886707,-7.6770706,0.24306107,5,"{""geodesic"":false,""type"":""Point"",""coordinates"":[110.41108979079738,-7.296015606923979]}"
2_77_0,0.0752,0.253,0.2154,0.0796,0.0962,0.0968,0.1406,0.1732,0.1838,0.2188,0.21,0.2023,0.079296514,0.25361714,0.09431815,0.38920635,-0.44902635,-0.08027326,0.095295794,0.46648794,-0.0078304885,0.5213469,0.38656527,-0.38920635,0.21758485,0.22437468,-18.618286,-8.592117,0.26152304,5,"{""geodesic"":false,""type"":""Point"",""coordinates"":[110.42619768696345,-7.312407225681063]}"
2_41_0,0.0693,0.2197,0.1816,0.0686,0.0894,0.1436,0.1669,0.2086,0.2042,0.2056,0.1982,0.2234,0.13976471,0.0998261,0.04851351,0.39389828,-0.4215464,-0.094941415,0.12683736,0.4996353,-0.061983444,0.5241068,0.17754866,-0.39389828,0.1038926,0.109514825,-18.781609,-10.149497,0.26543528,5,"{""geodesic"":false,""type"":""Point"",""coordinates"":[110.42190319639782,-7.2702501671703885]}"
2_59_0,0.0617,0.2068,0.1465,0.1256,0.1644,0.1732,0.1332,0.1995,0.2431,0.2478,0.2312,0.2394,0.008760297,0.1386617,0.06864539,0.20232897,-0.11422414,-0.17067645,0.102396294,0.327263,-0.25691095,0.244284,0.17719714,-0.20232897,0.3007874,0.12149837,-16.073048,-7.5605016,0.20986947,5,"{""geodesic"":false,""type"":""Point"",""coordinates"":[110.40784014939712,-7.287146887718639]}"
2_72_0,0.0711,0.2237,0.1842,0.071,0.0845,0.0858,0.1228,0.1662,0.1863,0.1866,0.2049,0.2025,0.091518246,0.2155873,0.07636129,0.3766138,-0.45165476,-0.09683745,0.084696464,0.44875774,-0.006472481,0.518154,0.37004405,-0.3766138,0.20620556,0.1957535,-2.749093,-1.0777975,0.22888067,5,"{""geodesic"":false,""type"":""Point"",""coordinates"":[110.42113031555074,-7.307787597297307]}"
2_11_0,0.0592,0.2279,0.173,0.0542,0.0586,0.0703,0.1097,0.1713,0.1986,0.1556,0.2252,0.2415,0.17401575,0.18212487,0.057370044,0.45284778,-0.5909249,-0.1369419,0.07816131,0.48331743,0.05295191,0.6157391,0.3776007,-0.45284778,0.17301168,0.17626394,-15.645804,-7.4618545,0.2142857,5,"{""geodesic"":false,""type"":""Point"",""coordinates"":[110.45161647259575,-7.2695634423141104]}"
2_119_0,0.072,0.2393,0.1882,0.0595,0.0675,0.0926,0.1517,0.1761,0.1922,0.133,0.1971,0.1984,0.2658276,0.08129754,0.014401749,0.32668328,-0.5599739,-0.11953217,0.13103248,0.38181818,0.17185552,0.6017403,0.179078,-0.32668328,-0.06568317,0.08351708,-20.957846,-11.630342,0.15920578,5,"{""geodesic"":false,""type"":""Point"",""coordinates"":[110.40456745741375,-7.295826151330826]}"
2_97_0,0.0724,0.2411,0.2154,0.0694,0.0812,0.0924,0.1162,0.1415,0.1518,0.1546,0.1686,0.1842,0.19641256,0.13083717,0.035847303,0.3112807,-0.49612162,-0.056297924,0.12873842,0.38035715,0.16432433,0.55297905,0.25182185,-0.3112807,0.14180206,0.12489959,-15.60062,-7.012961,0.17651933,5,"{""geodesic"":false,""type"":""Point"",""coordinates"":[110.448723433227,-7.264856299291702]}"
2_156_0,0.0725,0.2779,0.2335,0.1108,0.1114,0.15,0.1414,0.1696,0.1793,0.1901,0.2061,0.2309,0.17425908,0.07962035,0.017433487,0.2610282,-0.42769074,-0.086820506,0.18424514,0.2635427,0.102455154,0.42989454,0.11790647,-0.2610282,0.14690799,0.071598604,-14.533751,-4.098015,0.14852041,5,"{""geodesic"":false,""type"":""Point"",""coordinates"":[110.46135262009422,-7.309103780116228]}"
2_4_0,0.0802,0.241,0.2206,0.073,0.0792,0.0917,0.154,0.1792,0.1698,0.1353,0.1833,0.205,0.22994456,0.09578206,0.01714097,0.26153845,-0.50530916,-0.044194113,0.14951235,0.29908785,0.23967406,0.53503186,0.19207045,-0.26153845,-0.0646388,0.08995872,-15.525663,-10.361783,0.13193561,5,"{""geodesic"":false,""type"":""Point"",""coordinates"":[110.4610209798587,-7.283414281814628]}"
2_159_0,0.0525,0.2037,0.165,0.0494,0.059,0.0618,0.1067,0.1522,0.1734,0.1524,0.1918,0.2609,0.136315,0.19649519,0.06545241,0.44181648,-0.55081844,-0.10496338,0.06690945,0.5104063,0.039697558,0.6096405,0.4229692,-0.44181648,0.17637978,0.19028284,-16.231272,-7.9240313,0.22014819,5,"{""geodesic"":false,""type"":""Point"",""coordinates"":[110.46163154940477,-7.3031341125204365]}"
2_42_0,0.0675,0.2346,0.1982,0.056,0.0727,0.1586,0.194,0.2182,0.2278,0.2092,0.2361,0.2279,0.1944107,0.072667725,0.037131235,0.48421425,-0.5268467,-0.08410349,0.15026061,0.5776772,-0.027000472,0.61459047,0.13757475,-0.48421425,0.0376984,0.08746254,-14.400123,-2.1901357,0.30031362,5,"{""geodesic"":false,""type"":""Point"",""coordinates"":[110.42226565737502,-7.270160175065184]}"
2_62_0,0.0774,0.2203,0.186,0.0832,0.0939,0.0906,0.1179,0.157,0.1672,0.172,0.1733,0.2116,0.0983925,0.18642361,0.058414504,0.29371944,-0.40229154,-0.084420376,0.09797442,0.3479624,0.03910614,-0.45172983,0.30997717,-0.29371944,0.1866161,0.16011016,-16.89252,-7.3966236,0.17637713,5,"{""geodesic"":false,""type"":""Point"",""coordinates"":[110.40909725630507,-7.295651190308493]}"
2_112_0,0.0842,0.3009,0.2719,0.1042,0.1026,0.1648,0.1997,0.2222,0.2622,0.217,0.2442,0.2132,0.183632,0.09162393,0.028080275,0.3579474,-0.49144983,-0.050628517,0.20649365,0.35118306,0.112292916,0.48555914,0.13672078,-0.3579474,0.04151666,0.088795625,-15.48231,-3.0464985,0.20603994,5,"{""geodesic"":false,""type"":""Point"",""coordinates"":[110.40412478589388,-7.288046546529918]}"
2_31_0,0.0599,0.1786,0.1298,0.0496,0.065,0.0863,0.1179,0.1734,0.2146,0.173,0.2219,0.1711,0.08676924,0.16435395,0.07034254,0.45378152,-0.46633828,-0.15823603,0.06474995,0.5543576,-0.14266838,0.5652936,0.33436173,-0.45378152,0.18941215,0.17127617,-18.611813,-12.8528185,0.2561583,5,"{""geodesic"":false,""type"":""Point"",""coordinates"":[110.44654605697437,-7.267567283330473]}"
2_5_0,0.0658,0.272,0.2408,0.0866,0.1019,0.1015,0.1275,0.1687,0.1858,0.2068,0.2089,0.2412,0.120107986,0.2257138,0.0750839,0.33981213,-0.4549345,-0.060842473,0.118187614,0.40967962,0.075960666,-0.5170106,0.34155044,-0.33981213,0.23721208,0.19541012,-16.404766,-7.0698614,0.22724982,5,"{""geodesic"":false,""type"":""Point"",""coordinates"":[110.4525136819574,-7.276710436118036]}"
2_176_0,0.0764,0.1709,0.1456,0.0794,0.0975,0.1026,0.1112,0.1277,0.1647,0.1457,0.1663,0.168,0.09707182,0.092425786,0.030995829,0.19819078,-0.27347246,-0.079936795,0.10252959,0.29453573,-3.4324336E-4,0.3655613,0.17358032,-0.19819078,0.13429348,0.086395815,-15.221412,-8.083527,0.13715348,5,"{""geodesic"":false,""type"":""Point"",""coordinates"":[110.46127404660885,-7.299063230377629]}"
2_49_0,0.0855,0.2914,0.2734,0.105,0.0888,0.1184,0.1664,0.1847,0.213,0.1907,0.2211,0.2056,0.16172926,0.1623114,0.041640848,0.3645796,-0.53287745,-0.031869646,0.169746,0.28982076,0.17819439,0.47023207,0.23390487,-0.3645796,0.06804815,0.13403781,-14.75258,-7.5041614,0.16155586,5,"{""geodesic"":false,""type"":""Point"",""coordinates"":[110.41501149605985,-7.275759020649843]}"
2_17_0,0.0456,0.05,0.0451,0.0636,0.0785,0.0798,0.0818,0.0912,0.102,0.1193,0.1038,0.064,-0.16981132,0.08808313,0.04478117,0.20626895,0.2217899,-0.05152472,0.030167477,0.30453798,-0.4513382,-0.11971833,0.19839275,-0.20626895,0.1864744,0.08475182,-14.712552,-12.750646,0.12234587,5,"{""geodesic"":false,""type"":""Point"",""coordinates"":[110.44899045185785,-7.26874616822463]}"
2_129_0,0.0587,0.1811,0.1349,0.0606,0.0703,0.075,0.0918,0.1573,0.1848,0.177,0.2073,0.2277,0.037472144,0.217484,0.0831969,0.43145978,-0.4407319,-0.1462025,0.057161022,0.48989898,-0.13497914,0.4985519,0.40476188,-0.43145978,0.3169643,0.20345744,-12.686179,-9.055011,0.23671366,5,"{""geodesic"":false,""type"":""Point"",""coordinates"":[110.4186876716133,-7.305161293010201]}"
2_189_0,0.0764,0.2549,0.2214,0.062,0.0668,0.0858,0.1259,0.1629,0.1679,0.1582,0.201,0.209,0.21483332,0.14983442,0.042432003,0.40622222,-0.58470625,-0.07033385,0.12007661,0.43687555,0.16649105,0.6087094,0.2967213,-0.40622222,0.11369235,0.14596774,-20.206161,-5.800098,0.200361,5,"{""geodesic"":false,""type"":""Point"",""coordinates"":[110.45901824411501,-7.291552805589686]}"
2_116_0,0.068,0.2599,0.2053,0.0576,0.0863,0.078,0.1157,0.1768,0.2275,0.2178,0.2353,0.2416,0.10190771,0.2787526,0.10756359,0.43242356,-0.5014443,-0.11736887,0.07352342,0.5816994,-0.029543849,-0.63716537,0.47261664,-0.43242356,0.30614695,0.26350844,-15.184196,-7.1811223,0.30990458,5,"{""geodesic"":false,""type"":""Point"",""coordinates"":[110.4073763801206,-7.295377575280836]}"
2_171_0,0.0764,0.158,0.1319,0.0717,0.0819,0.0824,0.1162,0.1473,0.1579,0.1271,0.1592,0.168,0.094717674,0.103114195,0.03130213,0.21626796,-0.31721553,-0.09003108,0.08551188,0.27867207,0.018532787,0.37570748,0.21336517,-0.21626796,0.04480068,0.09450318,-15.177568,-5.8145986,0.11891816,5,"{""geodesic"":false,""type"":""Point"",""coordinates"":[110.46127426305274,-7.298882321480022]}"
2_138_0,0.0726,0.2307,0.1885,0.0658,0.0728,0.0882,0.1061,0.1568,0.1684,0.145,0.1863,0.1962,0.20407778,0.12026762,0.031546067,0.33149675,-0.52026355,-0.10066794,0.11466001,0.37571153,0.1304348,0.55615515,0.24356772,-0.33149675,0.15491834,0.11620293,-14.733799,-7.5090013,0.16713561,5,"{""geodesic"":false,""type"":""Point"",""coordinates"":[110.43416309309299,-7.317934993939102]}"
2_170_0,0.0661,0.2075,0.165,0.0808,0.099,0.0852,0.1363,0.2076,0.2192,0.2594,0.2261,0.2316,-0.075051375,0.37394816,0.15252595,0.44754466,-0.35399672,-0.11409393,0.054194294,0.5249853,-0.22243167,-0.43947276,0.50551367,-0.44754466,0.31109428,0.30937725,-12.34738,-6.3557653,0.31885266,5,"{""geodesic"":false,""type"":""Point"",""coordinates"":[110.46163674201809,-7.298792299101577]}"
2_57_0,0.0753,0.2328,0.1893,0.102,0.1172,0.1278,0.1535,0.2253,0.2341,0.2202,0.2571,0.2483,0.056239028,0.18903436,0.07379185,0.30527562,-0.33028573,-0.10305616,0.10986622,0.3668529,-0.07545788,0.39068103,0.26551723,-0.30527562,0.17848542,0.1634434,-13.675329,-6.0991974,0.21564098,5,"{""geodesic"":false,""type"":""Point"",""coordinates"":[110.40919508118132,-7.29013363567324]}"
2_15_0,0.0609,0.2432,0.2038,0.0646,0.0776,0.0852,0.1345,0.1926,0.2084,0.2276,0.2292,0.2492,0.058330663,0.28382364,0.11439915,0.49148098,-0.5162095,-0.0881432,0.07629068,0.55783707,-0.05516922,0.5802469,0.45524296,-0.49148098,0.25711128,0.26279527,-21.247149,-8.532813,0.3086342,5,"{""geodesic"":false,""type"":""Point"",""coordinates"":[110.45243131446746,-7.269926245288416]}"
2_83_0,0.0595,0.1914,0.1473,0.06,0.0656,0.1046,0.1242,0.1843,0.1982,0.1566,0.1969,0.2355,0.15489662,0.09743667,0.036617257,0.40954095,-0.48949417,-0.13020372,0.09838813,0.44598338,-0.03060215,0.5226731,0.19908117,-0.40954095,0.11538461,0.10246979,-15.812988,-7.4055014,0.20220485,5,"{""geodesic"":false,""type"":""Point"",""coordinates"":[110.42392840861953,-7.315841582238694]}"
2_142_0,0.0754,0.2572,0.2298,0.0904,0.1218,0.1256,0.1189,0.1326,0.1454,0.172,0.1739,0.1988,0.18660879,0.092978545,0.023077788,0.17086455,-0.35725594,-0.056262836,0.16780743,0.3109756,0.14385265,0.47986192,0.15591401,-0.17086455,0.18253697,0.0872618,-15.011213,-8.035422,0.16054565,5,"{""geodesic"":false,""type"":""Point"",""coordinates"":[110.43606515767313,-7.318299195409962]}"
2_56_0,0.0716,0.2847,0.2739,0.2176,0.237,0.2864,0.2055,0.2143,0.2229,0.295,0.219,0.2152,0.053981736,0.0155639155,0.008901268,0.10902253,-0.09143186,-0.019334055,0.26591513,0.1509949,-0.037089095,0.13358551,0.014791876,-0.10902253,0.17882116,0.0119289765,-12.431211,-4.8712854,0.11465532,5,"{""geodesic"":false,""type"":""Point"",""coordinates"":[110.40647975945248,-7.288321004169974]}"
